Order_ID,Order_Date,Customer_ID,Category,Region,Sales,Discount,Profit,Customer_Age,Customer_Retained,Profit_Margin
ORD00001,2025-09-12,CUST8021,Electronics,West,1571.63,0.34,222.61,53,Yes,14.16427530652889
ORD00002,2025-07-23,CUST4430,Clothing,East,3796.53,0.21,708.57,35,Yes,18.663621780942073
ORD00003,2024-01-23,CUST5132,Office Supplies,West,418.39,0.24,87.67,49,Yes,20.954133703004374
ORD00004,2024-08-29,CUST3954,Electronics,South,2747.73,0.32,194.04,18,No,7.061829219028071
ORD00005,2025-04-26,CUST4331,Home,North,2803.71,0.4,126.96,35,No,4.52828573568593
ORD00006,2025-10-26,CUST5736,Furniture,South,2228.98,0.1,371.77,20,Yes,16.678929375768288
ORD00007,2025-02-26,CUST7436,Furniture,South,1819.74,0.19,332.77,41,Yes,18.286678316682604
ORD00008,2025-09-29,CUST3511,Electronics,South,3487.82,0.14,615.65,48,No,17.651426965841125
ORD00009,2025-06-07,CUST2719,Furniture,North,4270.18,0.34,695.44,38,Yes,16.285964526085554
ORD00010,2025-05-25,CUST8524,Electronics,West,3580.52,0.24,483.6,40,No,13.506418062180913
ORD00011,2025-07-24,CUST8437,Furniture,South,3720.53,0.0,791.02,44,Yes,21.26094938086778
ORD00012,2025-05-29,CUST6269,Home,West,3139.1,0.28,335.63,26,Yes,10.691918065687618
ORD00013,2025-02-23,CUST1283,Office Supplies,South,2699.61,0.22,311.12,52,Yes,11.524627631398609
ORD00014,2024-10-21,CUST1822,Home,South,3805.23,0.33,478.4,20,Yes,12.572170407570631
ORD00015,2024-09-18,CUST5629,Office Supplies,West,4108.45,0.28,291.04,41,Yes,7.083936764473221
ORD00016,2025-03-05,CUST6563,Furniture,West,215.88,0.08,25.17,61,Yes,11.659255141745415
ORD00017,2025-08-23,CUST6184,Clothing,West,4846.49,0.25,861.04,30,Yes,17.766259705477573
ORD00018,2024-03-05,CUST8040,Home,West,4057.19,0.18,440.11,25,No,10.847655643437946
ORD00019,2025-02-06,CUST5886,Home,North,1060.61,0.37,121.96,24,Yes,11.499043003554558
ORD00020,2025-03-17,CUST2437,Home,West,1297.33,0.18,310.17,54,Yes,23.908334810726647
ORD00021,2024-07-05,CUST9697,Electronics,East,4883.09,0.16,1076.59,31,No,22.0473102072663
ORD00022,2025-06-21,CUST9754,Office Supplies,West,4953.78,0.14,1113.72,63,Yes,22.48222569431828
ORD00023,2024-04-17,CUST8617,Furniture,East,526.8,0.1,115.15,49,Yes,21.858390280941535
ORD00024,2025-04-21,CUST3076,Furniture,East,685.81,0.37,107.65,40,Yes,15.696767326227382
ORD00025,2024-11-03,CUST2392,Furniture,South,4955.81,0.17,371.45,33,No,7.49524295725623
ORD00026,2024-09-04,CUST1937,Home,West,2125.57,0.01,215.19,30,Yes,10.123872655334804
ORD00027,2025-05-22,CUST1346,Clothing,West,3962.34,0.2,752.81,52,Yes,18.999126778620713
ORD00028,2024-09-06,CUST8500,Furniture,North,4689.21,0.37,81.44,58,Yes,1.7367530991361018
ORD00029,2025-06-01,CUST9717,Office Supplies,South,1650.88,0.11,205.97,53,Yes,12.476376235704594
ORD00030,2024-11-05,CUST7414,Clothing,South,3535.84,0.38,379.71,55,Yes,10.738890900040724
ORD00031,2024-02-03,CUST4287,Electronics,North,2093.4,0.12,166.65,37,Yes,7.96073373459444
ORD00032,2025-11-29,CUST3129,Clothing,North,2595.81,0.06,269.59,27,No,10.385582920167499
ORD00033,2024-01-21,CUST1824,Office Supplies,East,1707.79,0.09,272.46,27,Yes,15.953952183816511
ORD00034,2024-04-03,CUST5481,Home,West,478.51,0.01,93.21,47,Yes,19.47921673528244
ORD00035,2024-02-19,CUST7498,Clothing,East,924.99,0.23,51.58,65,No,5.57627650028649
ORD00036,2025-03-21,CUST2924,Furniture,West,1176.81,0.22,51.5,45,Yes,4.37623745549409
ORD00037,2025-08-05,CUST3418,Home,East,2822.98,0.25,608.35,39,No,21.549922422404695
ORD00038,2025-04-22,CUST9536,Clothing,North,4923.45,0.31,918.53,28,Yes,18.656226832810326
ORD00039,2025-01-18,CUST9559,Furniture,North,2820.95,0.35,396.26,32,No,14.047040890480158
ORD00040,2025-05-18,CUST8765,Office Supplies,West,623.81,0.22,103.25,57,No,16.55151408281368
ORD00041,2025-09-05,CUST7174,Clothing,West,1135.1,0.4,164.21,55,Yes,14.466566822306406
ORD00042,2025-04-27,CUST3857,Furniture,South,2637.36,0.03,500.13,63,Yes,18.96328146328146
ORD00043,2024-01-18,CUST9808,Furniture,West,1100.89,0.35,3.64,23,Yes,0.3306415718191645
ORD00044,2025-09-18,CUST5776,Electronics,South,3487.84,0.37,163.57,21,Yes,4.689722005596587
ORD00045,2025-04-19,CUST2217,Electronics,North,2252.71,0.06,336.23,56,Yes,14.925578525420494
ORD00046,2025-04-08,CUST1532,Office Supplies,South,765.59,0.06,195.32,34,Yes,25.51234995232435
ORD00047,2024-04-04,CUST6434,Electronics,South,1770.82,0.13,102.54,32,No,5.79053771698987
ORD00048,2025-07-13,CUST9323,Office Supplies,South,686.46,0.17,67.73,27,Yes,9.866561780730123
ORD00049,2025-02-18,CUST6625,Office Supplies,East,1955.23,0.09,495.19,54,Yes,25.326432184448887
ORD00050,2024-03-05,CUST7682,Electronics,West,3032.81,0.13,663.45,23,Yes,21.87575219021304
ORD00051,2025-09-16,CUST1476,Furniture,North,205.94,0.07,17.98,36,Yes,8.7306982616296
ORD00052,2025-05-23,CUST5521,Electronics,North,4941.91,0.04,703.72,58,No,14.239838443031136
ORD00053,2024-12-15,CUST9285,Electronics,West,2071.8,0.29,427.84,37,Yes,20.650641953856546
ORD00054,2024-09-08,CUST1828,Office Supplies,East,693.24,0.38,30.77,54,Yes,4.438578270151751
ORD00055,2024-03-14,CUST5621,Electronics,North,2855.42,0.15,153.2,30,Yes,5.365235236847819
ORD00056,2024-10-10,CUST1733,Clothing,East,1237.97,0.04,267.53,45,Yes,21.610378280572224
ORD00057,2025-07-08,CUST3119,Furniture,West,2595.09,0.08,374.01,44,Yes,14.412216917332346
ORD00058,2024-11-04,CUST7419,Home,East,3778.73,0.03,838.73,58,Yes,22.196081752334777
ORD00059,2025-12-22,CUST6271,Electronics,East,2533.57,0.21,250.02,49,Yes,9.868288620405199
ORD00060,2025-01-18,CUST2202,Clothing,North,2309.39,0.05,524.24,61,No,22.70036676351764
ORD00061,2025-12-08,CUST8148,Office Supplies,East,995.04,0.03,202.51,20,Yes,20.351945650426114
ORD00062,2025-06-06,CUST1347,Home,North,4837.16,0.39,230.17,35,No,4.758370614162029
ORD00063,2024-08-27,CUST8049,Clothing,North,4182.55,0.13,1040.76,22,No,24.883384538140607
ORD00064,2024-10-17,CUST3167,Home,West,1276.59,0.07,293.17,61,No,22.96508667622338
ORD00065,2025-11-20,CUST4987,Office Supplies,South,2651.69,0.01,734.91,39,Yes,27.714778122631227
ORD00066,2025-03-10,CUST1498,Furniture,North,3482.9,0.03,709.89,45,Yes,20.382152803698066
ORD00067,2025-10-08,CUST3395,Electronics,West,4692.76,0.34,504.93,47,Yes,10.759766107791577
ORD00068,2025-05-24,CUST4500,Home,West,730.63,0.21,102.06,32,No,13.968766680809713
ORD00069,2024-06-03,CUST8506,Furniture,North,462.91,0.1,54.73,57,Yes,11.823032554924282
ORD00070,2025-06-03,CUST9420,Clothing,North,4622.07,0.32,911.77,23,No,19.726442914105586
ORD00071,2024-04-26,CUST1214,Office Supplies,South,950.78,0.24,31.46,24,Yes,3.308862197353752
ORD00072,2024-11-11,CUST3558,Furniture,East,3186.63,0.3,482.09,47,Yes,15.128521353279167
ORD00073,2024-01-20,CUST5585,Office Supplies,East,3394.33,0.32,190.66,41,Yes,5.61701425612713
ORD00074,2024-11-11,CUST6928,Clothing,West,4389.97,0.11,286.67,61,Yes,6.530112962047577
ORD00075,2025-02-25,CUST4781,Office Supplies,East,2504.06,0.18,275.52,44,No,11.002931239666779
ORD00076,2024-09-16,CUST2703,Home,South,4522.99,0.34,352.24,51,No,7.787768710521139
ORD00077,2024-07-12,CUST3390,Home,South,3031.37,0.28,241.37,61,Yes,7.962406436693641
ORD00078,2025-03-31,CUST6314,Furniture,East,574.69,0.22,111.67,61,Yes,19.43134559501644
ORD00079,2025-05-06,CUST7179,Office Supplies,South,3460.36,0.11,215.57,47,Yes,6.229698644071715
ORD00080,2025-09-24,CUST3748,Office Supplies,West,754.67,0.39,34.36,32,Yes,4.5529834232180955
ORD00081,2024-08-04,CUST3810,Office Supplies,West,1008.05,0.02,238.54,56,Yes,23.663508754526067
ORD00082,2024-04-03,CUST6705,Electronics,West,1348.09,0.05,125.88,32,No,9.337655497778337
ORD00083,2025-02-05,CUST8681,Furniture,North,1924.99,0.37,150.29,40,No,7.807313284744335
ORD00084,2024-06-20,CUST4345,Office Supplies,West,2157.9,0.12,119.46,34,Yes,5.535937717225079
ORD00085,2024-12-09,CUST1852,Home,West,3579.8,0.18,155.87,46,Yes,4.354153863344321
ORD00086,2025-07-14,CUST4182,Furniture,South,2939.82,0.19,616.82,62,No,20.981556693947248
ORD00087,2024-03-18,CUST3116,Clothing,East,2277.91,0.25,488.62,46,Yes,21.450364588592176
ORD00088,2024-06-14,CUST5596,Clothing,West,1021.34,0.18,84.93,44,Yes,8.315546243170736
ORD00089,2024-04-01,CUST2953,Home,West,3866.38,0.28,819.21,32,Yes,21.188036354419378
ORD00090,2024-05-25,CUST5616,Electronics,South,4194.19,0.35,187.03,59,No,4.459263886471524
ORD00091,2024-07-07,CUST9038,Clothing,South,1637.67,0.02,428.36,34,Yes,26.156673810963138
ORD00092,2024-07-06,CUST7030,Furniture,North,4230.18,0.17,448.73,25,Yes,10.607822834962105
ORD00093,2025-11-09,CUST6310,Office Supplies,West,2275.64,0.25,422.37,40,Yes,18.560492872334816
ORD00094,2025-09-27,CUST6559,Electronics,South,597.24,0.16,143.67,39,Yes,24.055656017681333
ORD00095,2024-06-05,CUST3289,Clothing,West,2631.35,0.08,338.81,23,Yes,12.87590020331769
ORD00096,2025-03-22,CUST3809,Electronics,West,2298.47,0.27,387.14,37,Yes,16.843378421297647
ORD00097,2025-05-06,CUST2357,Furniture,North,2318.49,0.07,237.06,41,Yes,10.224758355653897
ORD00098,2024-07-02,CUST8910,Office Supplies,East,4218.09,0.08,318.74,41,Yes,7.5565006910710775
ORD00099,2025-01-12,CUST3282,Clothing,South,1611.07,0.17,177.6,25,No,11.023729571030433
ORD00100,2025-09-13,CUST6424,Office Supplies,North,3149.99,0.24,452.02,65,No,14.349886825037538
ORD00101,2025-08-09,CUST4136,Home,South,2840.83,0.13,514.51,56,No,18.111256217373093
ORD00102,2025-06-20,CUST4713,Electronics,South,3130.84,0.06,660.68,41,Yes,21.10232397695187
ORD00103,2025-11-09,CUST1610,Furniture,East,833.17,0.16,92.92,35,No,11.152585906837741
ORD00104,2024-06-14,CUST9683,Furniture,North,3924.43,0.22,162.61,40,Yes,4.143531672115442
ORD00105,2024-06-02,CUST6631,Furniture,South,1738.98,0.12,204.44,37,No,11.756316921413703
ORD00106,2025-02-22,CUST8383,Electronics,East,435.18,0.31,34.55,26,Yes,7.939243531412288
ORD00107,2024-08-21,CUST7551,Office Supplies,South,4679.92,0.36,428.75,39,No,9.16148139284432
ORD00108,2024-01-18,CUST5136,Furniture,East,2761.91,0.11,166.01,61,Yes,6.010695496956816
ORD00109,2024-07-24,CUST8482,Office Supplies,South,588.25,0.33,65.78,65,Yes,11.182320441988951
ORD00110,2024-11-25,CUST3476,Office Supplies,South,1109.31,0.11,65.67,42,Yes,5.9198961516618445
ORD00111,2025-12-25,CUST1090,Furniture,South,2204.9,0.23,118.94,62,Yes,5.394348950065762
ORD00112,2025-12-02,CUST9954,Office Supplies,East,1786.43,0.04,272.49,42,Yes,15.253326466752126
ORD00113,2025-04-16,CUST4425,Office Supplies,East,2072.24,0.37,100.02,32,Yes,4.826661004516851
ORD00114,2025-08-04,CUST8867,Home,North,1883.96,0.01,164.27,20,Yes,8.71939956262341
ORD00115,2024-06-11,CUST9780,Electronics,East,649.17,0.35,78.81,58,No,12.1401173806553
ORD00116,2024-02-28,CUST1860,Clothing,West,4768.37,0.27,818.79,44,No,17.17127655781745
ORD00117,2025-01-20,CUST6201,Electronics,North,2692.68,0.06,336.59,34,Yes,12.500185688607631
ORD00118,2025-09-30,CUST9413,Furniture,East,2792.12,0.15,547.41,63,Yes,19.60553271349369
ORD00119,2024-01-20,CUST3370,Office Supplies,South,2458.36,0.16,269.21,23,Yes,10.950796465936639
ORD00120,2024-02-18,CUST5350,Home,East,701.94,0.25,131.86,37,Yes,18.785081345983986
ORD00121,2025-12-26,CUST5135,Furniture,North,2169.36,0.0,416.94,37,Yes,19.219493306781725
ORD00122,2025-03-30,CUST9350,Office Supplies,South,1480.39,0.08,150.13,34,Yes,10.141246563405588
ORD00123,2024-07-17,CUST7841,Office Supplies,South,2307.2,0.36,84.25,56,No,3.6516123439667134
ORD00124,2024-06-03,CUST5713,Clothing,East,3449.23,0.13,270.58,43,Yes,7.844649385515027
ORD00125,2025-10-14,CUST6058,Furniture,West,3444.65,0.1,761.54,24,Yes,22.107906463646522
ORD00126,2025-12-17,CUST2525,Office Supplies,West,3430.41,0.27,231.46,33,Yes,6.747298427884714
ORD00127,2025-06-04,CUST8005,Home,North,4731.75,0.24,792.41,54,Yes,16.746658213134673
ORD00128,2025-09-04,CUST1227,Office Supplies,South,991.87,0.28,93.17,56,Yes,9.393368082510813
ORD00129,2025-04-13,CUST6915,Home,North,2382.42,0.15,262.57,20,Yes,11.021146565257176
ORD00130,2025-11-05,CUST5425,Furniture,South,784.67,0.03,160.7,57,Yes,20.47994698408248
ORD00131,2024-04-01,CUST5364,Office Supplies,North,3478.3,0.05,550.42,55,Yes,15.824396975534022
ORD00132,2024-07-02,CUST8852,Electronics,South,4028.31,0.08,938.7,24,Yes,23.302576018230972
ORD00133,2025-03-17,CUST3494,Office Supplies,North,2301.6,0.09,203.64,58,Yes,8.847758081334725
ORD00134,2025-01-21,CUST2294,Office Supplies,South,3488.05,0.27,379.56,36,No,10.881724745918206
ORD00135,2024-12-02,CUST9453,Office Supplies,East,1371.84,0.19,211.7,46,Yes,15.431828784697924
ORD00136,2025-11-22,CUST3798,Clothing,West,3390.21,0.36,448.72,49,Yes,13.235758256863145
ORD00137,2024-01-08,CUST3726,Office Supplies,West,4666.35,0.17,1064.8,48,Yes,22.818691268336064
ORD00138,2025-03-03,CUST1174,Home,West,2578.62,0.3,212.64,20,Yes,8.246271261372362
ORD00139,2024-07-23,CUST8964,Office Supplies,South,770.52,0.08,51.98,23,Yes,6.746093547214868
ORD00140,2025-06-29,CUST2722,Office Supplies,East,2425.7,0.03,541.34,64,Yes,22.316856989734926
ORD00141,2025-01-05,CUST8966,Home,East,2617.39,0.4,300.07,62,Yes,11.464474151731304
ORD00142,2024-02-22,CUST6423,Office Supplies,West,1924.88,0.05,466.48,59,Yes,24.234237978471384
ORD00143,2024-02-14,CUST3002,Furniture,South,4360.89,0.29,770.26,24,Yes,17.66290825955252
ORD00144,2024-03-17,CUST9761,Office Supplies,East,1215.07,0.36,242.49,18,Yes,19.95687491255648
ORD00145,2025-02-15,CUST9687,Office Supplies,West,1132.52,0.36,208.06,26,No,18.371419489280544
ORD00146,2024-05-03,CUST9839,Office Supplies,West,2737.63,0.37,250.58,19,Yes,9.153172634724196
ORD00147,2024-06-28,CUST5559,Office Supplies,West,3857.31,0.37,509.96,52,Yes,13.220612291985864
ORD00148,2024-04-08,CUST1545,Office Supplies,North,4787.35,0.31,574.31,58,Yes,11.996407198136755
ORD00149,2025-05-01,CUST2008,Home,South,1876.25,0.01,506.04,34,No,26.970819453697537
ORD00150,2025-10-03,CUST4419,Electronics,South,4178.73,0.08,377.16,60,Yes,9.02570876797496
ORD00151,2025-09-25,CUST2358,Home,West,2827.77,0.34,129.92,50,No,4.594433069167577
ORD00152,2025-01-06,CUST9463,Office Supplies,East,2454.12,0.31,40.64,19,Yes,1.655990742099001
ORD00153,2024-12-17,CUST8934,Furniture,West,2311.75,0.27,324.31,51,Yes,14.028766086298258
ORD00154,2024-03-19,CUST8405,Clothing,East,4308.47,0.28,860.2,61,Yes,19.965324117378096
ORD00155,2024-08-04,CUST7847,Electronics,East,4328.82,0.21,475.69,61,Yes,10.98890690765613
ORD00156,2024-04-15,CUST7606,Clothing,West,1022.94,0.07,201.22,35,Yes,19.67075292783545
ORD00157,2024-06-14,CUST3770,Electronics,South,4201.03,0.04,641.47,49,Yes,15.269350611635721
ORD00158,2025-09-10,CUST5337,Office Supplies,South,3834.13,0.4,639.39,42,Yes,16.676273365796153
ORD00159,2024-05-30,CUST1926,Furniture,West,2126.89,0.33,188.84,60,Yes,8.878691422687588
ORD00160,2025-07-17,CUST8375,Furniture,West,3086.87,0.02,425.5,19,Yes,13.784189162484978
ORD00161,2024-10-26,CUST6281,Office Supplies,South,2378.95,0.26,269.62,48,Yes,11.333571533659809
ORD00162,2025-11-12,CUST7559,Electronics,South,2540.92,0.33,259.51,50,No,10.213229853753758
ORD00163,2024-05-31,CUST2827,Home,South,2570.12,0.11,328.66,57,Yes,12.78772975580907
ORD00164,2024-05-25,CUST3311,Clothing,North,1296.44,0.3,199.85,39,No,15.4152911048718
ORD00165,2024-12-02,CUST7632,Home,North,3142.96,0.03,402.4,47,Yes,12.803217349250387
ORD00166,2024-01-18,CUST1030,Electronics,West,792.0,0.11,198.66,49,Yes,25.083333333333336
ORD00167,2024-05-24,CUST2467,Electronics,North,2021.31,0.4,180.64,61,Yes,8.936778623763797
ORD00168,2024-07-10,CUST4205,Office Supplies,East,1743.31,0.27,139.22,50,Yes,7.985957747044416
ORD00169,2024-03-11,CUST1622,Home,South,753.9,0.11,94.68,29,No,12.558694787107044
ORD00170,2024-03-06,CUST7462,Furniture,South,4018.95,0.09,915.51,23,Yes,22.779830552756316
ORD00171,2025-11-23,CUST8786,Furniture,North,1561.74,0.01,236.22,40,Yes,15.125437012562912
ORD00172,2025-03-31,CUST8488,Home,North,4940.99,0.22,1118.57,21,Yes,22.63858052738419
ORD00173,2024-09-26,CUST7834,Electronics,East,2714.93,0.37,268.2,49,Yes,9.878707738321062
ORD00174,2025-11-19,CUST4880,Home,South,4018.54,0.26,847.4,33,Yes,21.08726054736297
ORD00175,2025-03-30,CUST8635,Electronics,East,4599.4,0.25,700.8,34,No,15.236770013480019
ORD00176,2025-09-06,CUST3932,Furniture,North,4986.3,0.15,586.6,59,Yes,11.764234001163187
ORD00177,2024-04-26,CUST8631,Furniture,South,4713.04,0.29,739.37,47,No,15.687751430074856
ORD00178,2025-09-15,CUST3959,Home,North,3859.5,0.3,460.44,29,No,11.930042751651767
ORD00179,2024-03-15,CUST6034,Home,South,4911.93,0.34,975.64,58,Yes,19.862660909255627
ORD00180,2024-02-10,CUST1206,Furniture,East,964.37,0.39,84.16,45,Yes,8.72694090442465
ORD00181,2024-01-26,CUST5995,Furniture,East,4516.35,0.24,347.31,18,No,7.690059450662592
ORD00182,2024-03-13,CUST3859,Home,South,2876.11,0.03,406.37,21,Yes,14.129153613735218
ORD00183,2025-07-17,CUST4316,Furniture,West,167.72,0.08,34.05,32,Yes,20.301693298354397
ORD00184,2025-07-12,CUST8128,Clothing,North,491.67,0.12,115.88,35,No,23.568653771838832
ORD00185,2025-02-10,CUST2886,Home,East,3628.38,0.4,345.66,57,No,9.526565574719296
ORD00186,2024-06-09,CUST4000,Clothing,North,2145.76,0.28,366.18,45,Yes,17.065282231004396
ORD00187,2025-08-04,CUST5223,Clothing,West,2751.61,0.24,99.62,29,Yes,3.6204258597693717
ORD00188,2025-04-19,CUST3462,Furniture,South,3273.54,0.09,285.66,40,Yes,8.726332960648106
ORD00189,2024-12-27,CUST3026,Office Supplies,East,2039.38,0.19,113.55,58,Yes,5.567868665967107
ORD00190,2025-01-08,CUST9158,Electronics,South,1074.24,0.38,206.84,19,Yes,19.25454274649985
ORD00191,2024-01-03,CUST1361,Electronics,West,3925.92,0.14,927.01,27,Yes,23.61255450951624
ORD00192,2024-09-26,CUST5308,Office Supplies,South,1146.6,0.15,235.81,64,Yes,20.566021280306995
ORD00193,2024-03-13,CUST8184,Furniture,North,3077.8,0.13,397.71,46,No,12.921892260705697
ORD00194,2024-08-19,CUST5926,Electronics,South,3981.23,0.14,582.26,65,No,14.625128415087799
ORD00195,2024-08-06,CUST6592,Office Supplies,South,2567.43,0.01,523.01,45,Yes,20.37095461219975
ORD00196,2024-02-15,CUST2795,Home,East,3423.0,0.31,458.25,22,Yes,13.38737949167397
ORD00197,2025-04-15,CUST5519,Furniture,West,4487.18,0.31,727.45,57,Yes,16.211741004372456
ORD00198,2024-12-27,CUST6847,Electronics,South,3547.31,0.38,561.86,64,Yes,15.839044233517793
ORD00199,2024-02-08,CUST5901,Home,West,907.68,0.01,211.82,31,Yes,23.336418120923675
ORD00200,2024-09-20,CUST5023,Electronics,South,4419.12,0.12,299.53,61,Yes,6.778046307862199
ORD00201,2025-10-16,CUST9472,Office Supplies,South,2411.28,0.09,333.5,25,Yes,13.830828439666899
ORD00202,2024-02-03,CUST9652,Office Supplies,South,2260.18,0.37,311.81,30,Yes,13.795803874027735
ORD00203,2025-10-15,CUST8995,Office Supplies,North,4776.41,0.17,666.03,56,Yes,13.944154710336843
ORD00204,2024-09-17,CUST7246,Office Supplies,East,1215.98,0.28,140.0,61,Yes,11.513347259000971
ORD00205,2025-09-08,CUST1074,Electronics,North,3751.2,0.03,511.21,31,No,13.627905736830881
ORD00206,2025-11-16,CUST7911,Home,East,1606.79,0.17,185.11,51,Yes,11.520484942027274
ORD00207,2025-01-04,CUST3901,Electronics,North,3215.65,0.02,434.48,52,Yes,13.51142070809945
ORD00208,2024-01-11,CUST5232,Electronics,South,2493.86,0.38,140.14,64,No,5.6194012494686945
ORD00209,2025-11-10,CUST6770,Home,North,3366.22,0.13,314.35,43,No,9.338367664620852
ORD00210,2024-08-11,CUST3474,Furniture,North,3956.08,0.4,281.3,60,Yes,7.110574103658167
ORD00211,2024-09-02,CUST6064,Office Supplies,North,3345.12,0.07,217.01,26,Yes,6.487360692590999
ORD00212,2024-11-28,CUST7357,Clothing,East,1078.51,0.08,135.55,31,Yes,12.56826547737156
ORD00213,2024-09-14,CUST5087,Office Supplies,East,1855.09,0.3,323.62,62,Yes,17.44497571546394
ORD00214,2025-12-02,CUST4135,Home,West,1304.31,0.07,295.0,35,Yes,22.61732256902117
ORD00215,2024-03-15,CUST6451,Home,East,900.2,0.18,139.63,39,Yes,15.510997556098644
ORD00216,2024-08-13,CUST3414,Furniture,East,4723.36,0.15,629.71,28,Yes,13.331823108973277
ORD00217,2024-10-17,CUST8017,Clothing,West,2316.36,0.36,437.1,29,No,18.870123814951043
ORD00218,2025-09-18,CUST4212,Clothing,East,389.59,0.39,67.03,48,Yes,17.205267075643626
ORD00219,2025-07-01,CUST5126,Furniture,North,430.66,0.3,26.3,59,No,6.106905679654483
ORD00220,2025-01-20,CUST7550,Electronics,South,1192.01,0.28,179.8,48,No,15.083766075787954
ORD00221,2025-12-25,CUST5879,Home,South,1485.76,0.1,205.04,59,Yes,13.800344604781392
ORD00222,2025-03-15,CUST5814,Clothing,South,4244.78,0.02,384.84,53,No,9.066194243282338
ORD00223,2024-09-29,CUST3050,Furniture,South,4086.89,0.2,238.94,21,No,5.8464994164266715
ORD00224,2025-08-04,CUST1087,Furniture,West,1571.47,0.01,329.91,61,Yes,20.99371925649233
ORD00225,2024-12-31,CUST8126,Clothing,East,2625.98,0.23,359.13,50,Yes,13.676037136611855
ORD00226,2024-03-20,CUST3433,Furniture,East,3518.16,0.19,811.95,65,Yes,23.07882529504059
ORD00227,2024-04-25,CUST6883,Office Supplies,East,3181.58,0.09,321.18,55,No,10.094984253106947
ORD00228,2025-11-23,CUST8009,Furniture,West,3364.15,0.24,210.21,61,Yes,6.248532318713494
ORD00229,2024-01-26,CUST9596,Clothing,West,1946.13,0.06,167.48,64,Yes,8.605797146131039
ORD00230,2024-07-03,CUST9251,Furniture,East,1290.8,0.14,133.25,59,Yes,10.323055469476294
ORD00231,2024-06-16,CUST2641,Clothing,East,2474.44,0.01,332.72,31,Yes,13.446274712662259
ORD00232,2024-02-23,CUST3356,Furniture,South,2683.15,0.37,122.97,57,Yes,4.583046046624303
ORD00233,2024-02-18,CUST1474,Clothing,West,4338.61,0.3,135.61,46,No,3.125655451861311
ORD00234,2025-10-20,CUST8350,Clothing,West,2623.18,0.28,149.64,65,Yes,5.704526566991209
ORD00235,2025-07-17,CUST4853,Office Supplies,South,473.02,0.25,61.83,41,Yes,13.07132890786859
ORD00236,2025-04-06,CUST7113,Office Supplies,East,3343.02,0.35,416.02,26,No,12.444436467625081
ORD00237,2025-01-01,CUST7849,Electronics,West,3657.44,0.05,539.68,40,No,14.755676101316768
ORD00238,2025-01-21,CUST4333,Clothing,South,4051.21,0.27,698.03,25,No,17.23016086551919
ORD00239,2025-10-23,CUST6707,Clothing,South,2667.85,0.15,382.3,47,Yes,14.329891110819576
ORD00240,2024-07-11,CUST5118,Furniture,South,2904.15,0.33,500.97,40,Yes,17.250142038117865
ORD00241,2025-10-14,CUST3770,Office Supplies,North,4175.52,0.27,390.02,47,Yes,9.340633022952828
ORD00242,2024-07-09,CUST9270,Home,East,4574.6,0.12,488.31,59,No,10.674375901718182
ORD00243,2024-10-01,CUST6468,Electronics,North,3821.77,0.26,529.63,50,Yes,13.858238460189911
ORD00244,2024-03-21,CUST6490,Office Supplies,West,3240.29,0.17,437.19,45,Yes,13.49231087340948
ORD00245,2024-06-21,CUST1026,Office Supplies,South,2846.39,0.03,668.58,48,Yes,23.488699721401495
ORD00246,2024-02-28,CUST5726,Clothing,East,556.24,0.06,68.94,41,Yes,12.393930677405436
ORD00247,2024-11-01,CUST2752,Office Supplies,East,2687.65,0.15,152.88,37,No,5.68824065633546
ORD00248,2025-05-11,CUST1160,Clothing,West,4120.2,0.35,387.57,55,Yes,9.406582204747343
ORD00249,2025-03-19,CUST8878,Electronics,North,3595.02,0.07,734.82,23,No,20.439941919655524
ORD00250,2024-06-20,CUST7134,Electronics,South,4920.44,0.28,886.94,34,Yes,18.025623724707547
ORD00251,2024-06-28,CUST9205,Office Supplies,West,3455.1,0.24,735.14,25,Yes,21.276952910190733
ORD00252,2025-11-18,CUST8804,Electronics,East,4910.24,0.32,891.46,37,No,18.155120727296428
ORD00253,2025-06-29,CUST1534,Electronics,South,2128.47,0.23,460.06,41,Yes,21.61458700381025
ORD00254,2024-12-06,CUST9592,Office Supplies,East,2940.0,0.29,115.56,35,Yes,3.9306122448979597
ORD00255,2024-02-09,CUST6034,Clothing,East,4379.51,0.0,453.58,27,No,10.356866407429141
ORD00256,2025-02-23,CUST1675,Office Supplies,North,4517.44,0.22,760.78,57,No,16.840954168732736
ORD00257,2024-05-01,CUST5427,Home,South,4230.83,0.14,476.6,30,Yes,11.264929103745601
ORD00258,2025-07-19,CUST8842,Furniture,West,3666.78,0.31,767.37,18,No,20.927625873382095
ORD00259,2024-08-26,CUST1267,Office Supplies,West,3177.97,0.25,573.21,39,Yes,18.036985874630663
ORD00260,2024-11-27,CUST1368,Electronics,North,2507.7,0.18,369.82,31,No,14.747378075527376
ORD00261,2025-08-20,CUST5775,Furniture,South,1934.13,0.16,341.86,48,Yes,17.675130420395732
ORD00262,2024-12-02,CUST5994,Office Supplies,North,3211.59,0.33,70.92,22,Yes,2.208251987333377
ORD00263,2024-01-17,CUST7787,Clothing,South,1152.0,0.33,121.6,62,Yes,10.555555555555555
ORD00264,2025-05-30,CUST9128,Clothing,South,605.07,0.35,15.81,63,Yes,2.6129208190787843
ORD00265,2024-01-03,CUST1767,Furniture,West,2166.43,0.3,338.96,52,Yes,15.646016718749278
ORD00266,2024-12-11,CUST8940,Furniture,East,3404.69,0.16,450.86,60,Yes,13.242321621058013
ORD00267,2024-07-16,CUST7531,Office Supplies,South,2473.01,0.07,447.43,47,No,18.092526920635176
ORD00268,2024-01-12,CUST4295,Furniture,South,1842.85,0.28,311.3,29,Yes,16.89231353609898
ORD00269,2024-03-12,CUST3934,Furniture,South,1818.88,0.1,347.44,45,Yes,19.101864883884588
ORD00270,2024-12-30,CUST2325,Home,East,3089.69,0.35,112.74,27,No,3.6489097611734507
ORD00271,2025-07-15,CUST5946,Furniture,North,3305.72,0.02,779.63,51,Yes,23.58427211016057
ORD00272,2024-12-19,CUST2213,Clothing,East,1661.21,0.18,122.79,52,Yes,7.391600098723219
ORD00273,2024-07-25,CUST4661,Furniture,West,3884.09,0.02,1049.61,43,Yes,27.023318203234215
ORD00274,2024-04-12,CUST8703,Electronics,South,605.4,0.17,139.37,31,No,23.021143045920052
ORD00275,2024-05-10,CUST1038,Electronics,West,1026.65,0.11,151.08,47,Yes,14.715823308819948
ORD00276,2024-01-29,CUST8616,Home,East,4763.09,0.35,458.5,47,Yes,9.626104062698793
ORD00277,2025-04-21,CUST9332,Furniture,South,3336.98,0.1,500.25,46,Yes,14.991099736887845
ORD00278,2024-11-08,CUST1311,Electronics,East,1160.39,0.31,167.66,38,Yes,14.44859056007032
ORD00279,2025-03-25,CUST8983,Furniture,South,1414.72,0.09,292.35,44,Yes,20.66486654603031
ORD00280,2025-09-25,CUST9950,Furniture,South,4544.28,0.25,556.18,61,Yes,12.239122589277068
ORD00281,2025-10-23,CUST9837,Clothing,South,281.34,0.26,43.59,20,Yes,15.493708679889103
ORD00282,2025-02-04,CUST6709,Home,South,898.49,0.02,223.74,64,Yes,24.90177965252813
ORD00283,2024-12-31,CUST2322,Home,North,499.5,0.09,129.47,25,No,25.91991991991992
ORD00284,2024-11-21,CUST8151,Electronics,South,4274.4,0.11,282.67,19,Yes,6.613091895938612
ORD00285,2024-11-05,CUST4190,Electronics,South,3242.92,0.04,734.15,23,Yes,22.638547975281533
ORD00286,2024-11-07,CUST1320,Home,East,1094.95,0.24,161.57,35,No,14.755924928078906
ORD00287,2025-05-30,CUST8287,Electronics,North,4378.73,0.17,595.13,49,No,13.591383803066186
ORD00288,2025-05-23,CUST5726,Electronics,East,3968.39,0.02,784.61,65,No,19.771494233177688
ORD00289,2024-12-06,CUST7982,Home,East,3528.92,0.05,939.4,40,No,26.62004239257336
ORD00290,2024-03-15,CUST7727,Electronics,North,2121.45,0.05,256.71,59,Yes,12.100685851658065
ORD00291,2024-09-13,CUST3355,Home,West,1563.98,0.03,273.4,60,Yes,17.48104195705827
ORD00292,2025-06-07,CUST2800,Clothing,East,2844.28,0.04,569.34,61,Yes,20.017016608772696
ORD00293,2025-10-24,CUST9073,Furniture,South,3725.15,0.36,674.05,44,No,18.094573372884312
ORD00294,2024-01-15,CUST8639,Home,East,4323.93,0.26,290.49,24,Yes,6.718193865303092
ORD00295,2024-04-02,CUST2830,Clothing,West,3197.36,0.1,236.6,33,No,7.399854880276227
ORD00296,2025-06-01,CUST3509,Office Supplies,South,4115.21,0.2,850.75,52,No,20.67330707302908
ORD00297,2025-12-08,CUST5413,Office Supplies,West,800.03,0.01,192.63,64,Yes,24.07784708073447
ORD00298,2024-03-22,CUST4085,Electronics,North,3063.42,0.26,79.35,20,No,2.5902422782380476
ORD00299,2025-09-30,CUST6768,Home,South,1459.56,0.39,130.15,52,Yes,8.917070898078874
ORD00300,2025-11-26,CUST8294,Furniture,South,4174.77,0.16,369.04,25,Yes,8.839768418379935
ORD00301,2025-08-15,CUST1498,Furniture,East,1030.33,0.18,181.0,64,Yes,17.56718721186416
ORD00302,2025-12-21,CUST4450,Electronics,East,3877.11,0.37,279.16,37,Yes,7.200208402650428
ORD00303,2024-04-14,CUST8345,Furniture,East,1810.56,0.18,301.19,63,Yes,16.635184694238248
ORD00304,2024-09-07,CUST5373,Furniture,East,3493.13,0.21,459.11,56,Yes,13.14322684812761
ORD00305,2025-10-26,CUST1383,Electronics,North,919.81,0.29,36.2,25,Yes,3.93559539470108
ORD00306,2024-06-20,CUST8914,Clothing,West,608.21,0.32,30.05,53,No,4.940727709179395
ORD00307,2024-04-05,CUST4648,Electronics,North,4856.37,0.25,951.32,47,Yes,19.589116974200895
ORD00308,2024-10-18,CUST5126,Furniture,North,2918.95,0.06,320.48,49,Yes,10.97929049829562
ORD00309,2025-09-14,CUST7606,Office Supplies,South,3023.62,0.16,197.2,65,Yes,6.521983582593051
ORD00310,2024-10-30,CUST7412,Clothing,North,924.14,0.28,110.29,24,Yes,11.934338952972494
ORD00311,2024-04-25,CUST8845,Electronics,West,4924.44,0.02,1318.33,52,Yes,26.77116585845294
ORD00312,2025-01-22,CUST7679,Home,South,3868.72,0.22,150.73,36,No,3.8961206807419506
ORD00313,2024-10-25,CUST3644,Office Supplies,South,3251.53,0.01,586.66,43,Yes,18.04258303014273
ORD00314,2025-05-22,CUST2545,Office Supplies,North,1202.59,0.36,128.99,42,Yes,10.726016348048796
ORD00315,2025-10-14,CUST1928,Clothing,West,2474.54,0.06,272.77,57,Yes,11.023058831136291
ORD00316,2024-11-08,CUST3026,Furniture,South,750.64,0.38,40.56,63,No,5.403389107961207
ORD00317,2025-01-26,CUST2694,Furniture,North,1863.18,0.35,65.13,31,Yes,3.4956364924483943
ORD00318,2024-07-07,CUST2965,Home,South,1212.97,0.04,98.75,36,No,8.1411741428065
ORD00319,2025-02-20,CUST9748,Clothing,East,4546.63,0.19,295.37,21,Yes,6.496460015440007
ORD00320,2024-07-22,CUST7944,Home,West,1399.0,0.1,137.22,44,Yes,9.808434596140101
ORD00321,2025-05-23,CUST3407,Clothing,West,4132.33,0.39,129.25,61,Yes,3.127775371279641
ORD00322,2024-02-03,CUST7600,Electronics,North,1287.51,0.03,313.44,40,Yes,24.344665284153134
ORD00323,2025-02-22,CUST6976,Clothing,South,1034.11,0.36,127.6,62,Yes,12.339112860334007
ORD00324,2025-08-30,CUST8567,Home,North,815.4,0.08,76.3,30,No,9.35737061564876
ORD00325,2025-06-25,CUST1110,Electronics,East,418.1,0.17,82.79,57,No,19.80148289882803
ORD00326,2024-12-25,CUST3606,Furniture,West,4591.07,0.09,610.2,54,Yes,13.291019304867929
ORD00327,2024-10-15,CUST8847,Clothing,East,1531.13,0.21,89.36,51,No,5.836212470528302
ORD00328,2025-12-18,CUST8937,Electronics,North,2208.95,0.31,234.21,62,No,10.602775074130244
ORD00329,2025-02-08,CUST5430,Home,South,3648.11,0.02,676.85,22,Yes,18.553442741583996
ORD00330,2024-05-25,CUST8964,Electronics,South,3031.71,0.25,237.51,64,Yes,7.834192584383071
ORD00331,2024-04-04,CUST3581,Electronics,South,4320.46,0.33,231.98,30,No,5.369335672590418
ORD00332,2024-03-08,CUST5162,Clothing,North,4561.65,0.37,149.34,62,No,3.273815395744961
ORD00333,2025-02-22,CUST6027,Electronics,East,3491.63,0.34,200.63,63,No,5.746026927251742
ORD00334,2024-05-18,CUST9236,Electronics,East,4517.07,0.25,899.26,25,No,19.908037732423896
ORD00335,2024-05-07,CUST4129,Clothing,South,2606.92,0.08,551.29,63,Yes,21.147177512159942
ORD00336,2024-02-12,CUST2256,Clothing,East,4102.21,0.22,462.81,48,Yes,11.281967524821985
ORD00337,2024-11-06,CUST2224,Home,West,932.42,0.33,67.6,40,No,7.249951738486948
ORD00338,2025-12-03,CUST9596,Furniture,South,4235.71,0.37,782.63,51,No,18.476949555092297
ORD00339,2024-04-02,CUST4529,Home,West,940.88,0.27,68.99,55,No,7.332497236629537
ORD00340,2024-07-07,CUST8400,Office Supplies,South,4699.97,0.11,728.8,22,Yes,15.506481956267804
ORD00341,2024-12-26,CUST2050,Clothing,South,1810.3,0.25,358.57,48,Yes,19.807214273877257
ORD00342,2025-12-05,CUST6948,Electronics,East,1567.08,0.04,420.28,34,Yes,26.81930724659877
ORD00343,2025-09-19,CUST7620,Clothing,South,3870.73,0.13,965.33,29,Yes,24.93922335063412
ORD00344,2025-10-26,CUST6671,Clothing,South,766.2,0.35,98.11,63,Yes,12.804750717828242
ORD00345,2024-11-23,CUST5880,Office Supplies,South,2179.5,0.16,132.1,50,Yes,6.061023170451938
ORD00346,2024-02-11,CUST7492,Office Supplies,East,1290.25,0.23,91.54,53,Yes,7.09474907963573
ORD00347,2024-08-22,CUST3229,Electronics,North,2662.63,0.07,405.34,42,Yes,15.22329426168863
ORD00348,2024-02-03,CUST4839,Furniture,West,1578.74,0.32,68.48,32,No,4.337636342906369
ORD00349,2024-10-25,CUST3488,Clothing,West,511.54,0.17,59.75,60,No,11.680415998748876
ORD00350,2024-12-11,CUST3494,Home,East,561.5,0.16,128.22,59,Yes,22.83526268922529
ORD00351,2024-01-08,CUST4222,Office Supplies,West,4927.51,0.19,726.28,37,No,14.739290229750928
ORD00352,2024-12-10,CUST9184,Office Supplies,North,4577.36,0.1,942.01,21,Yes,20.579766502962407
ORD00353,2024-10-14,CUST8132,Clothing,West,4843.46,0.19,318.28,63,Yes,6.571335367691692
ORD00354,2025-07-07,CUST7913,Clothing,South,4966.16,0.28,991.31,64,No,19.96129806530599
ORD00355,2025-11-15,CUST9202,Home,North,4728.7,0.36,147.67,24,No,3.1228456023854334
ORD00356,2024-06-16,CUST8862,Clothing,South,4796.92,0.08,932.18,59,Yes,19.432886101915393
ORD00357,2025-11-20,CUST2626,Electronics,East,645.48,0.27,18.83,48,Yes,2.9172088988039904
ORD00358,2025-01-24,CUST2872,Clothing,North,2769.01,0.15,247.36,48,Yes,8.933156615541295
ORD00359,2025-05-29,CUST2264,Clothing,North,2824.18,0.19,566.71,64,Yes,20.066355543910095
ORD00360,2025-12-03,CUST1109,Home,North,313.23,0.33,8.32,40,Yes,2.65619512818057
ORD00361,2024-10-13,CUST2152,Clothing,West,2557.76,0.15,460.01,52,No,17.984877392718627
ORD00362,2025-03-21,CUST2656,Office Supplies,West,278.35,0.34,5.85,56,No,2.1016705586491824
ORD00363,2025-11-01,CUST5332,Electronics,North,4617.51,0.07,557.79,60,Yes,12.079887211938901
ORD00364,2025-09-29,CUST6922,Furniture,West,4034.03,0.04,567.14,40,Yes,14.058893959638375
ORD00365,2025-06-09,CUST2386,Clothing,North,932.74,0.03,81.26,28,Yes,8.711966893239275
ORD00366,2025-05-07,CUST2775,Office Supplies,North,1197.64,0.25,152.76,62,No,12.755085000500985
ORD00367,2025-12-12,CUST8700,Clothing,West,2920.16,0.04,569.07,18,No,19.487630814749878
ORD00368,2025-11-26,CUST5836,Furniture,North,2304.09,0.18,260.47,51,No,11.304679938717673
ORD00369,2024-11-30,CUST5308,Clothing,South,1359.62,0.1,227.61,24,No,16.74070696223945
ORD00370,2025-06-02,CUST2818,Electronics,West,2718.15,0.14,354.68,29,Yes,13.048580836230524
ORD00371,2024-03-13,CUST6898,Home,North,3932.07,0.03,1042.53,52,Yes,26.513515781763804
ORD00372,2024-02-24,CUST3411,Clothing,East,192.2,0.31,27.16,54,Yes,14.131113423517169
ORD00373,2025-01-07,CUST3494,Clothing,West,2275.75,0.34,398.42,46,Yes,17.507195430077996
ORD00374,2024-05-16,CUST1838,Furniture,North,4106.96,0.25,687.25,54,Yes,16.733788495626936
ORD00375,2024-10-02,CUST9647,Clothing,South,4179.86,0.34,743.94,59,Yes,17.798203767590305
ORD00376,2025-04-11,CUST9290,Furniture,West,3541.58,0.29,722.32,25,No,20.39541673490363
ORD00377,2024-11-11,CUST5427,Home,South,2523.23,0.29,195.53,50,Yes,7.749194484846804
ORD00378,2025-06-27,CUST1252,Home,East,1709.78,0.35,53.41,23,Yes,3.1237937044532047
ORD00379,2024-04-05,CUST2572,Home,West,727.43,0.06,141.33,53,No,19.428673549344957
ORD00380,2025-06-26,CUST6367,Office Supplies,North,4680.48,0.17,972.8,22,Yes,20.78419307421461
ORD00381,2024-11-25,CUST7079,Home,North,2083.82,0.02,200.98,20,No,9.644786977761994
ORD00382,2024-04-27,CUST3939,Office Supplies,North,1221.16,0.35,160.37,36,No,13.13259523731534
ORD00383,2024-11-08,CUST4892,Home,West,1503.52,0.3,136.21,26,Yes,9.059407257635415
ORD00384,2024-12-09,CUST5690,Home,North,3272.85,0.08,795.41,30,Yes,24.30328307132927
ORD00385,2024-04-22,CUST6962,Furniture,East,1792.71,0.32,196.14,36,Yes,10.940977626052177
ORD00386,2024-08-05,CUST9165,Clothing,North,376.23,0.2,74.63,28,Yes,19.83627036653111
ORD00387,2025-07-20,CUST5284,Home,South,3255.84,0.17,656.73,27,Yes,20.170831490490933
ORD00388,2025-10-25,CUST5447,Home,East,2348.4,0.33,72.32,22,Yes,3.0795435189916534
ORD00389,2025-03-24,CUST4485,Furniture,East,1076.04,0.01,205.18,58,Yes,19.06806438422364
ORD00390,2024-06-24,CUST1065,Office Supplies,West,3573.16,0.17,576.8,51,Yes,16.14257408008597
ORD00391,2025-12-16,CUST7755,Office Supplies,East,1118.32,0.35,107.56,41,No,9.617998426210745
ORD00392,2024-11-14,CUST1795,Furniture,South,1793.33,0.32,160.28,22,No,8.93756308097227
ORD00393,2025-02-06,CUST2720,Furniture,North,4226.46,0.35,75.13,44,No,1.7776105771733317
ORD00394,2024-05-13,CUST5393,Electronics,South,3853.68,0.09,681.02,42,Yes,17.67193954869112
ORD00395,2024-02-07,CUST5417,Clothing,East,2296.89,0.24,89.75,44,Yes,3.907457475107646
ORD00396,2025-07-12,CUST2091,Electronics,West,4135.3,0.06,360.6,46,Yes,8.720044494958044
ORD00397,2024-05-18,CUST2608,Electronics,East,1724.33,0.28,62.9,41,No,3.6477936357889735
ORD00398,2025-09-16,CUST2494,Electronics,North,1644.51,0.2,367.05,30,Yes,22.319718335552842
ORD00399,2025-12-05,CUST8407,Office Supplies,North,4790.13,0.13,1005.07,48,Yes,20.98210278217919
ORD00400,2025-03-30,CUST5349,Furniture,South,4514.47,0.2,994.82,43,Yes,22.036252317547795
ORD00401,2025-06-19,CUST1092,Office Supplies,South,4553.09,0.03,616.23,51,Yes,13.53432504079647
ORD00402,2025-10-26,CUST5197,Clothing,West,4582.74,0.34,157.8,49,No,3.443354848845887
ORD00403,2025-02-11,CUST1116,Furniture,West,3185.75,0.2,476.62,55,Yes,14.9609981950875
ORD00404,2025-08-05,CUST5405,Furniture,South,269.62,0.39,30.48,51,Yes,11.304799347229434
ORD00405,2025-09-28,CUST8524,Electronics,South,721.75,0.28,102.02,23,Yes,14.135088326983029
ORD00406,2025-10-31,CUST6858,Office Supplies,East,1962.05,0.02,152.12,39,Yes,7.753115364032517
ORD00407,2025-01-24,CUST4864,Home,East,906.94,0.1,161.1,54,Yes,17.763027322645378
ORD00408,2025-05-06,CUST6420,Office Supplies,West,2540.62,0.07,363.9,23,Yes,14.323275420960238
ORD00409,2025-01-16,CUST6414,Furniture,West,4557.5,0.35,847.61,48,Yes,18.598134942402634
ORD00410,2025-11-03,CUST9099,Furniture,South,983.2,0.09,126.27,38,Yes,12.842758340113914
ORD00411,2025-08-11,CUST7929,Electronics,South,3278.41,0.35,81.3,55,Yes,2.4798606641634207
ORD00412,2024-02-06,CUST2227,Electronics,West,3653.9,0.36,351.93,22,No,9.63162648129396
ORD00413,2024-04-12,CUST7978,Electronics,West,1361.79,0.1,187.93,49,No,13.800218829628651
ORD00414,2024-10-10,CUST6080,Furniture,West,1009.18,0.11,143.68,22,No,14.23730157157296
ORD00415,2024-04-01,CUST2820,Home,West,589.04,0.06,55.22,26,Yes,9.374575580605732
ORD00416,2024-08-22,CUST1064,Home,North,1455.31,0.1,93.87,31,Yes,6.450172128275076
ORD00417,2024-10-12,CUST7483,Clothing,South,559.12,0.14,36.67,24,Yes,6.558520532264989
ORD00418,2024-10-08,CUST2883,Home,North,2663.3,0.24,266.94,41,Yes,10.022903916194194
ORD00419,2025-07-19,CUST9452,Furniture,North,3567.56,0.37,79.4,31,No,2.225610781598628
ORD00420,2025-03-29,CUST7679,Furniture,North,2799.0,0.35,555.07,25,Yes,19.831011075384065
ORD00421,2025-08-18,CUST2929,Electronics,West,1856.13,0.39,1.2,21,Yes,0.06465064408204167
ORD00422,2025-10-21,CUST5590,Office Supplies,East,3162.65,0.18,398.72,19,Yes,12.607149068028395
ORD00423,2025-05-04,CUST4571,Office Supplies,East,3794.69,0.24,149.51,45,Yes,3.9399792868455656
ORD00424,2025-07-21,CUST7250,Furniture,South,2340.58,0.03,533.62,62,Yes,22.798622563638073
ORD00425,2024-03-20,CUST9795,Clothing,West,2117.49,0.19,325.44,53,Yes,15.369139877874277
ORD00426,2024-10-05,CUST8980,Furniture,East,3134.01,0.23,234.91,41,No,7.495508948599397
ORD00427,2024-10-01,CUST4343,Office Supplies,West,2130.71,0.14,507.65,60,Yes,23.825391536154612
ORD00428,2025-06-05,CUST7244,Clothing,East,2560.86,0.26,362.06,50,Yes,14.13821919199019
ORD00429,2025-08-03,CUST7385,Clothing,North,1375.92,0.14,254.98,28,Yes,18.531600674457817
ORD00430,2024-04-21,CUST7132,Clothing,East,800.26,0.34,84.06,19,Yes,10.504086171994102
ORD00431,2025-08-21,CUST3039,Clothing,West,4790.64,0.01,604.93,55,Yes,12.627331630011854
ORD00432,2025-03-31,CUST8343,Furniture,North,4884.45,0.01,518.35,42,Yes,10.612249076149824
ORD00433,2024-05-19,CUST9655,Furniture,South,1537.6,0.24,245.46,21,No,15.963839750260147
ORD00434,2025-09-03,CUST4212,Electronics,South,1240.4,0.26,77.14,40,Yes,6.218961625282167
ORD00435,2025-08-19,CUST6019,Furniture,South,2267.54,0.21,109.28,35,No,4.819319615089481
ORD00436,2024-09-21,CUST9803,Clothing,South,2240.25,0.28,437.6,58,No,19.5335342037719
ORD00437,2024-02-04,CUST2676,Home,North,3534.57,0.09,611.22,49,No,17.292626825893954
ORD00438,2025-10-23,CUST4150,Office Supplies,South,4042.62,0.11,380.21,48,No,9.405039306192519
ORD00439,2024-03-01,CUST7766,Electronics,North,4605.31,0.16,769.9,49,No,16.71765852895896
ORD00440,2024-06-10,CUST9786,Home,North,1705.03,0.15,151.76,54,Yes,8.9007231544313
ORD00441,2024-11-20,CUST9308,Home,South,2916.24,0.03,304.89,21,Yes,10.45490083120731
ORD00442,2025-11-18,CUST3495,Office Supplies,South,3374.32,0.1,618.53,55,Yes,18.330508072737615
ORD00443,2025-07-06,CUST2924,Clothing,West,1368.0,0.35,257.24,64,Yes,18.804093567251464
ORD00444,2024-07-27,CUST1424,Electronics,East,3062.52,0.25,557.03,21,Yes,18.188615911079765
ORD00445,2025-09-28,CUST1709,Office Supplies,West,205.66,0.12,12.96,48,Yes,6.301662938831081
ORD00446,2024-04-13,CUST5855,Clothing,West,1283.02,0.31,176.69,22,Yes,13.771414319340305
ORD00447,2024-05-08,CUST3036,Clothing,East,1466.6,0.17,265.15,22,Yes,18.07923087413064
ORD00448,2025-07-30,CUST7356,Home,East,3042.59,0.04,711.94,35,No,23.399143492879425
ORD00449,2025-08-22,CUST6675,Office Supplies,North,1082.11,0.05,95.26,49,Yes,8.803171581447359
ORD00450,2025-11-18,CUST7078,Office Supplies,South,4940.96,0.03,1253.28,54,Yes,25.36511123344451
ORD00451,2025-11-17,CUST6430,Office Supplies,North,2262.29,0.06,465.06,44,No,20.55704617887185
ORD00452,2024-05-28,CUST6583,Home,South,2742.66,0.15,549.79,44,Yes,20.045867880087215
ORD00453,2025-11-13,CUST7124,Electronics,East,3096.08,0.06,755.56,49,No,24.40376217668794
ORD00454,2025-06-08,CUST6309,Electronics,East,4213.05,0.16,762.28,49,Yes,18.093305325120753
ORD00455,2024-11-10,CUST9924,Home,West,3794.33,0.35,598.13,64,Yes,15.763784383540704
ORD00456,2024-06-04,CUST6017,Furniture,East,2838.0,0.38,100.83,48,Yes,3.552854122621565
ORD00457,2024-03-21,CUST7137,Clothing,North,2629.65,0.21,607.5,43,Yes,23.101933717414862
ORD00458,2025-09-08,CUST4787,Furniture,North,1919.1,0.31,81.68,52,Yes,4.256161742483457
ORD00459,2024-10-17,CUST2781,Clothing,East,776.61,0.25,74.76,32,Yes,9.626453432224668
ORD00460,2025-04-30,CUST5793,Office Supplies,West,1076.92,0.01,129.05,61,Yes,11.98324852356721
ORD00461,2024-03-09,CUST8324,Electronics,North,792.68,0.2,164.66,47,No,20.772569006408638
ORD00462,2024-11-16,CUST6928,Home,South,4444.92,0.2,408.58,50,No,9.192066448889967
ORD00463,2024-08-04,CUST3346,Electronics,East,837.55,0.37,100.03,53,No,11.94316757208525
ORD00464,2024-08-31,CUST4189,Home,East,836.56,0.36,117.69,59,No,14.068327436167161
ORD00465,2025-04-12,CUST9228,Electronics,West,216.98,0.35,24.21,48,No,11.1577103880542
ORD00466,2024-05-26,CUST3164,Office Supplies,West,4059.15,0.19,765.57,39,No,18.860352536861168
ORD00467,2024-06-10,CUST4111,Home,West,344.92,0.35,52.29,45,Yes,15.160037110054505
ORD00468,2025-04-19,CUST6560,Clothing,East,3319.73,0.21,740.85,61,Yes,22.316573938241966
ORD00469,2025-06-11,CUST1912,Furniture,East,2453.61,0.01,513.86,37,No,20.94301865414634
ORD00470,2025-02-06,CUST9720,Clothing,East,2111.17,0.25,356.42,53,Yes,16.88258169640531
ORD00471,2025-10-16,CUST5769,Furniture,North,4099.38,0.01,914.56,55,Yes,22.309715127653448
ORD00472,2024-06-04,CUST8247,Home,North,525.21,0.3,51.23,63,Yes,9.754193560670968
ORD00473,2025-12-13,CUST5037,Electronics,South,1545.73,0.05,293.65,29,Yes,18.99749632859555
ORD00474,2025-03-08,CUST8298,Electronics,West,1258.86,0.09,280.62,40,Yes,22.29159715933464
ORD00475,2025-07-27,CUST8905,Clothing,West,1458.42,0.39,102.65,25,Yes,7.038438858490695
ORD00476,2025-10-06,CUST3703,Office Supplies,East,1579.94,0.17,338.18,64,Yes,21.404610301657023
ORD00477,2024-04-08,CUST1515,Clothing,East,3369.51,0.05,789.7,61,Yes,23.436642123038663
ORD00478,2025-03-08,CUST7643,Home,West,3143.59,0.37,242.82,19,Yes,7.724289745163968
ORD00479,2024-04-26,CUST3361,Electronics,South,3007.5,0.26,283.82,48,Yes,9.437073981712384
ORD00480,2024-08-14,CUST7260,Clothing,East,4581.52,0.0,1263.72,28,Yes,27.582985559377672
ORD00481,2025-04-24,CUST5826,Furniture,South,3262.22,0.01,765.44,36,Yes,23.46377620148243
ORD00482,2025-06-25,CUST8565,Clothing,West,4437.4,0.02,850.43,52,Yes,19.165051606796773
ORD00483,2024-01-21,CUST5652,Furniture,South,3905.8,0.38,543.67,23,Yes,13.919555532797375
ORD00484,2024-07-12,CUST5193,Home,East,429.65,0.39,13.5,35,Yes,3.142092400791342
ORD00485,2024-07-15,CUST7323,Office Supplies,West,1265.72,0.39,172.41,38,Yes,13.621496065480518
ORD00486,2025-12-31,CUST6474,Electronics,South,1600.55,0.12,252.83,23,Yes,15.796444972040863
ORD00487,2025-05-20,CUST8978,Clothing,North,3046.1,0.13,503.22,32,Yes,16.520140507534226
ORD00488,2025-06-06,CUST3579,Electronics,East,873.36,0.34,96.52,41,Yes,11.051570944398643
ORD00489,2025-11-18,CUST6647,Office Supplies,North,817.92,0.29,151.49,44,Yes,18.52137128325509
ORD00490,2025-04-15,CUST6950,Electronics,North,1086.42,0.14,254.81,55,No,23.454096942250693
ORD00491,2025-06-22,CUST7690,Furniture,East,1730.36,0.06,407.84,23,Yes,23.569661804479995
ORD00492,2025-09-29,CUST5981,Office Supplies,North,4942.2,0.4,617.42,42,No,12.492816964105053
ORD00493,2024-08-25,CUST3333,Office Supplies,South,4549.36,0.13,1033.25,41,Yes,22.71198586174759
ORD00494,2025-02-14,CUST7974,Office Supplies,South,2264.09,0.26,466.76,28,Yes,20.6157882416335
ORD00495,2024-10-05,CUST9727,Furniture,West,3250.55,0.19,631.69,28,Yes,19.43332666779468
ORD00496,2024-12-28,CUST7673,Electronics,East,894.23,0.18,124.37,21,Yes,13.908054974670947
ORD00497,2024-09-16,CUST8093,Furniture,West,754.17,0.02,93.14,35,Yes,12.350000662980495
ORD00498,2025-01-31,CUST3542,Furniture,South,433.24,0.02,52.9,21,Yes,12.210322223248085
ORD00499,2025-07-30,CUST8368,Home,North,4463.79,0.38,590.24,45,No,13.222844264627145
ORD00500,2025-11-24,CUST2645,Furniture,East,1599.52,0.38,143.37,59,No,8.963313994198261
ORD00501,2025-03-04,CUST3892,Office Supplies,South,2023.14,0.18,83.83,25,No,4.143559022114139
ORD00502,2025-06-05,CUST3547,Office Supplies,South,2265.71,0.16,331.44,37,Yes,14.62852704008898
ORD00503,2024-02-18,CUST5715,Home,South,3853.66,0.37,238.39,18,Yes,6.186067271113695
ORD00504,2025-11-05,CUST1733,Clothing,East,681.86,0.0,79.15,25,Yes,11.60795471211099
ORD00505,2025-09-08,CUST1147,Office Supplies,North,4162.34,0.29,362.64,62,Yes,8.712406963390784
ORD00506,2025-02-15,CUST4265,Office Supplies,West,3634.63,0.25,411.64,28,No,11.325499431854135
ORD00507,2025-10-09,CUST8477,Home,North,2325.07,0.2,164.01,45,Yes,7.053981170459384
ORD00508,2024-06-20,CUST2728,Home,West,1018.01,0.36,179.41,30,No,17.623598982328268
ORD00509,2024-10-27,CUST9031,Clothing,West,4787.56,0.15,736.24,33,Yes,15.378188471789386
ORD00510,2024-06-17,CUST7574,Office Supplies,West,938.4,0.26,28.25,55,No,3.010443307757886
ORD00511,2025-10-26,CUST3159,Electronics,West,2710.87,0.27,57.85,61,No,2.1340012615876085
ORD00512,2025-05-10,CUST5309,Furniture,West,2991.06,0.29,148.84,54,Yes,4.976162296978329
ORD00513,2025-05-19,CUST4248,Clothing,East,377.97,0.12,27.25,34,Yes,7.209566896843664
ORD00514,2024-04-29,CUST6169,Home,East,2572.1,0.31,205.21,31,Yes,7.978305664632012
ORD00515,2024-02-14,CUST3500,Clothing,East,2137.16,0.19,92.76,57,No,4.340339515993188
ORD00516,2024-04-12,CUST8760,Electronics,North,3063.83,0.09,668.92,20,Yes,21.832804039388606
ORD00517,2025-01-31,CUST8329,Furniture,South,4278.79,0.26,503.09,47,Yes,11.757763292893552
ORD00518,2025-05-14,CUST7048,Home,East,3811.66,0.0,643.01,55,Yes,16.86955289821233
ORD00519,2025-10-30,CUST3741,Furniture,East,1260.03,0.16,227.27,38,No,18.03687213796497
ORD00520,2025-02-11,CUST2834,Clothing,West,2050.11,0.2,483.25,25,Yes,23.571905897732314
ORD00521,2024-12-10,CUST8369,Electronics,South,4696.79,0.06,349.36,60,Yes,7.438271670651658
ORD00522,2025-05-02,CUST3731,Home,East,1258.54,0.1,159.62,56,Yes,12.68295008501915
ORD00523,2025-01-08,CUST7452,Furniture,North,4123.06,0.27,363.54,54,Yes,8.817237682691982
ORD00524,2025-01-09,CUST2864,Furniture,East,359.15,0.06,76.35,62,Yes,21.258527077822638
ORD00525,2024-03-05,CUST5142,Furniture,East,3681.21,0.11,317.94,26,No,8.63683408444506
ORD00526,2025-09-02,CUST4815,Furniture,North,4930.75,0.12,543.35,42,Yes,11.019621761395326
ORD00527,2025-07-29,CUST2536,Electronics,West,1878.97,0.26,302.2,23,Yes,16.083279669180452
ORD00528,2024-02-04,CUST8123,Office Supplies,East,1964.9,0.32,44.68,42,Yes,2.2739070690620387
ORD00529,2025-12-31,CUST5871,Office Supplies,West,4133.32,0.05,555.86,56,Yes,13.448269187965122
ORD00530,2025-03-12,CUST7278,Electronics,South,4180.13,0.22,515.95,41,No,12.342917564764733
ORD00531,2025-05-09,CUST5745,Office Supplies,South,1953.23,0.35,216.54,40,Yes,11.086252003092314
ORD00532,2025-12-11,CUST7428,Electronics,West,2602.12,0.09,386.46,58,Yes,14.851736276574485
ORD00533,2025-06-23,CUST7284,Office Supplies,South,2086.63,0.13,178.81,21,Yes,8.5693199081773
ORD00534,2024-01-22,CUST6926,Furniture,East,405.39,0.33,48.74,44,Yes,12.022990206961198
ORD00535,2024-08-08,CUST6843,Clothing,North,3678.61,0.35,575.9,18,Yes,15.65536982719016
ORD00536,2025-01-03,CUST1056,Clothing,South,789.13,0.19,136.34,36,Yes,17.277254698211955
ORD00537,2025-11-22,CUST8550,Electronics,North,2200.74,0.13,200.4,32,Yes,9.106027972409283
ORD00538,2025-03-17,CUST9317,Home,West,3294.6,0.06,417.71,40,Yes,12.678625629818491
ORD00539,2025-03-16,CUST4480,Clothing,North,773.0,0.09,62.5,50,Yes,8.085381630012936
ORD00540,2025-08-24,CUST4502,Furniture,East,3582.67,0.01,305.84,56,No,8.536650040333047
ORD00541,2024-11-04,CUST4932,Office Supplies,West,2760.66,0.1,378.77,23,No,13.72026979055733
ORD00542,2025-08-29,CUST9965,Home,North,4743.1,0.27,794.39,59,No,16.74832915182054
ORD00543,2025-08-11,CUST3316,Home,West,2671.13,0.17,598.44,30,No,22.404001302819406
ORD00544,2025-04-14,CUST2151,Electronics,North,4182.94,0.21,283.33,36,Yes,6.773465552936451
ORD00545,2025-05-07,CUST9668,Home,East,3925.43,0.17,540.97,61,Yes,13.781165375513002
ORD00546,2024-08-28,CUST6328,Electronics,North,4589.38,0.29,742.15,21,Yes,16.171029637990316
ORD00547,2025-09-01,CUST8341,Furniture,South,376.53,0.26,58.87,26,Yes,15.63487637107269
ORD00548,2024-02-22,CUST4924,Clothing,North,734.86,0.16,72.33,55,Yes,9.842691124840105
ORD00549,2025-10-17,CUST5462,Home,East,2269.88,0.25,116.13,38,Yes,5.11612948702134
ORD00550,2025-07-21,CUST5824,Electronics,West,3922.87,0.21,494.46,52,Yes,12.604547181017978
ORD00551,2025-03-19,CUST5564,Home,North,4533.88,0.3,472.62,46,No,10.424184142500463
ORD00552,2024-08-20,CUST2440,Home,East,1003.83,0.01,131.39,31,Yes,13.088869629319705
ORD00553,2024-03-21,CUST1402,Furniture,North,4998.98,0.01,640.24,23,Yes,12.807412712193289
ORD00554,2025-07-17,CUST9217,Furniture,West,3315.26,0.03,603.58,48,Yes,18.206113547655388
ORD00555,2025-05-12,CUST2824,Electronics,South,2883.36,0.2,345.01,64,Yes,11.965554075800453
ORD00556,2024-08-12,CUST1644,Electronics,South,1654.01,0.2,76.65,64,No,4.6341920544615816
ORD00557,2025-06-03,CUST7058,Electronics,North,1817.72,0.02,161.63,18,Yes,8.891908544770372
ORD00558,2025-01-17,CUST8655,Clothing,East,4536.01,0.1,693.09,43,Yes,15.27972821929405
ORD00559,2024-12-04,CUST3285,Office Supplies,South,4000.17,0.0,916.1,56,Yes,22.901526685115883
ORD00560,2024-07-02,CUST6345,Office Supplies,West,3126.01,0.36,83.66,38,No,2.67625503437289
ORD00561,2025-01-06,CUST9111,Furniture,North,1373.53,0.4,226.31,45,No,16.476523992923344
ORD00562,2025-05-04,CUST3697,Home,West,4738.39,0.0,897.85,61,Yes,18.948419188796194
ORD00563,2024-02-05,CUST7163,Office Supplies,North,3162.06,0.12,755.26,53,No,23.88506226953315
ORD00564,2025-11-19,CUST3386,Office Supplies,South,3584.88,0.17,857.13,65,Yes,23.90958693178014
ORD00565,2024-11-30,CUST8850,Furniture,West,2167.18,0.38,306.15,62,No,14.126653069888057
ORD00566,2025-08-28,CUST7712,Electronics,North,1175.48,0.16,171.53,26,Yes,14.59233674754143
ORD00567,2024-06-26,CUST8748,Electronics,West,4723.51,0.21,634.05,61,No,13.423280568898974
ORD00568,2024-08-21,CUST9137,Electronics,West,4899.43,0.11,1209.97,43,Yes,24.696138122189723
ORD00569,2024-02-16,CUST4034,Office Supplies,East,2290.37,0.3,203.73,41,No,8.8950693556063
ORD00570,2025-12-21,CUST9941,Electronics,East,962.19,0.34,29.73,46,No,3.0898263336763008
ORD00571,2024-10-08,CUST2410,Home,East,1115.04,0.26,206.1,62,Yes,18.483641842445113
ORD00572,2024-03-09,CUST4626,Electronics,West,1810.54,0.29,378.78,28,No,20.92083024953881
ORD00573,2024-02-07,CUST9383,Office Supplies,West,755.81,0.19,176.3,41,Yes,23.32596816660272
ORD00574,2025-07-11,CUST3035,Furniture,West,3103.3,0.2,407.36,61,Yes,13.126671607643475
ORD00575,2024-03-02,CUST9614,Electronics,North,3321.54,0.28,420.47,24,No,12.658887142710912
ORD00576,2024-11-23,CUST6718,Electronics,North,2663.67,0.15,567.35,28,No,21.299560380978125
ORD00577,2025-10-11,CUST7727,Office Supplies,East,878.24,0.04,171.68,48,Yes,19.548187283658226
ORD00578,2024-01-15,CUST6613,Home,North,4323.81,0.24,801.87,27,Yes,18.545449499399833
ORD00579,2024-07-29,CUST9122,Clothing,East,3630.4,0.08,546.47,43,Yes,15.052611282503307
ORD00580,2025-06-10,CUST8482,Clothing,West,4172.96,0.06,425.05,45,Yes,10.185815344503661
ORD00581,2024-11-07,CUST7285,Clothing,West,4286.61,0.24,718.79,43,No,16.76826209988779
ORD00582,2025-07-03,CUST5523,Office Supplies,East,907.09,0.11,63.41,28,Yes,6.990486059817657
ORD00583,2024-02-15,CUST8389,Clothing,West,3363.51,0.2,231.53,49,No,6.883582923790921
ORD00584,2025-03-15,CUST4970,Home,West,986.0,0.34,15.11,34,Yes,1.5324543610547667
ORD00585,2025-06-20,CUST7881,Office Supplies,North,3115.16,0.26,573.51,35,Yes,18.41029032216644
ORD00586,2025-01-03,CUST3039,Clothing,East,2255.21,0.39,136.96,36,Yes,6.073048629617641
ORD00587,2025-08-25,CUST7940,Electronics,North,438.44,0.08,79.19,24,Yes,18.061764437551318
ORD00588,2025-10-31,CUST7263,Clothing,West,2473.91,0.04,479.72,21,Yes,19.391166210573548
ORD00589,2025-08-16,CUST3946,Electronics,East,2925.92,0.31,431.2,40,Yes,14.737245037458301
ORD00590,2025-12-11,CUST4723,Clothing,South,2107.46,0.28,253.79,36,No,12.042458694352442
ORD00591,2024-01-02,CUST1888,Home,South,4152.34,0.03,769.23,38,Yes,18.525217106498985
ORD00592,2025-02-22,CUST1199,Office Supplies,North,786.43,0.2,105.84,60,Yes,13.458286179316662
ORD00593,2025-04-27,CUST3705,Office Supplies,East,4114.8,0.39,89.65,44,Yes,2.1787207154661226
ORD00594,2024-11-06,CUST2771,Furniture,West,2759.71,0.08,484.86,27,Yes,17.569237347402446
ORD00595,2024-03-19,CUST9616,Clothing,North,1903.26,0.1,393.24,35,Yes,20.66139150720343
ORD00596,2024-06-15,CUST4872,Home,North,3807.99,0.03,710.69,54,Yes,18.66312674140426
ORD00597,2025-05-27,CUST5376,Electronics,South,2953.44,0.02,736.19,18,Yes,24.926526355707246
ORD00598,2025-11-05,CUST8182,Furniture,North,1791.87,0.26,105.04,36,No,5.862032401904157
ORD00599,2025-07-02,CUST2437,Furniture,West,3458.51,0.01,960.16,38,Yes,27.76224443474213
ORD00600,2024-06-09,CUST3339,Office Supplies,East,2451.25,0.35,469.65,47,No,19.15961244263131
ORD00601,2025-01-10,CUST1499,Electronics,South,4390.31,0.31,374.29,58,Yes,8.52536609032164
ORD00602,2024-04-03,CUST1561,Furniture,North,410.7,0.4,59.24,22,Yes,14.424153883613345
ORD00603,2024-07-28,CUST7125,Office Supplies,West,4977.95,0.35,336.37,38,Yes,6.7571992486867085
ORD00604,2025-08-31,CUST1314,Office Supplies,East,2339.23,0.06,422.16,60,Yes,18.04696417197112
ORD00605,2024-03-02,CUST9348,Clothing,South,1930.16,0.24,187.75,59,Yes,9.72717287685995
ORD00606,2024-10-31,CUST3334,Office Supplies,North,2956.57,0.26,281.16,47,Yes,9.509668298061605
ORD00607,2025-08-15,CUST9973,Electronics,West,3525.32,0.11,615.99,20,Yes,17.473307387698135
ORD00608,2025-02-13,CUST3891,Office Supplies,East,4360.7,0.26,482.5,64,Yes,11.06473731281675
ORD00609,2024-10-07,CUST5110,Office Supplies,South,3533.04,0.15,691.83,30,Yes,19.58171999184838
ORD00610,2025-06-21,CUST9543,Furniture,West,4302.06,0.24,676.46,64,Yes,15.724094968456972
ORD00611,2024-01-12,CUST2453,Furniture,South,1758.64,0.29,293.05,34,No,16.66344447982532
ORD00612,2025-08-29,CUST1777,Office Supplies,North,2744.35,0.23,321.78,51,Yes,11.725180826060816
ORD00613,2025-10-15,CUST2927,Office Supplies,South,4088.6,0.1,347.51,37,Yes,8.499486376754879
ORD00614,2025-04-11,CUST9206,Furniture,East,2912.97,0.34,20.05,64,No,0.6883009437103712
ORD00615,2025-10-02,CUST3052,Home,North,4249.05,0.08,425.88,24,Yes,10.02294630564479
ORD00616,2024-10-14,CUST4314,Clothing,West,563.05,0.19,71.66,48,No,12.727111268981442
ORD00617,2025-02-11,CUST7810,Electronics,West,3308.24,0.08,460.94,25,Yes,13.933088288636858
ORD00618,2025-08-15,CUST8870,Electronics,North,2821.01,0.21,170.71,21,Yes,6.0513787615074035
ORD00619,2024-07-30,CUST4720,Furniture,South,855.16,0.15,185.42,54,Yes,21.68249216520885
ORD00620,2024-05-15,CUST8047,Clothing,West,4815.59,0.27,231.14,63,Yes,4.799827227816321
ORD00621,2024-11-30,CUST4168,Furniture,West,4751.22,0.33,133.06,54,Yes,2.800543860313772
ORD00622,2024-09-20,CUST4933,Furniture,South,4149.2,0.11,588.35,42,Yes,14.179841897233203
ORD00623,2025-10-15,CUST2896,Home,West,3378.42,0.1,198.4,34,Yes,5.872567649966552
ORD00624,2025-06-23,CUST5215,Home,East,581.68,0.24,66.37,47,Yes,11.410053637738965
ORD00625,2025-08-06,CUST8469,Clothing,North,344.6,0.24,65.03,33,Yes,18.8711549622751
ORD00626,2024-12-31,CUST8287,Furniture,West,4393.92,0.18,399.98,54,No,9.103033282353797
ORD00627,2024-11-17,CUST9869,Clothing,West,3540.68,0.29,574.33,50,Yes,16.220895421218525
ORD00628,2024-08-04,CUST6213,Furniture,West,573.69,0.33,72.81,63,No,12.691523296553886
ORD00629,2024-06-20,CUST9671,Electronics,West,2560.26,0.37,301.98,51,Yes,11.794895830892175
ORD00630,2024-12-13,CUST8835,Home,South,4891.9,0.2,972.78,54,Yes,19.885525051615936
ORD00631,2025-03-23,CUST6819,Home,East,476.8,0.38,21.66,29,No,4.542785234899329
ORD00632,2024-05-22,CUST2601,Electronics,East,1261.97,0.13,182.86,19,Yes,14.49004334492896
ORD00633,2024-03-17,CUST4178,Office Supplies,North,3377.08,0.01,689.34,48,Yes,20.412308858540516
ORD00634,2024-11-01,CUST3683,Home,West,3660.28,0.34,97.67,46,Yes,2.6683750969871154
ORD00635,2025-05-17,CUST7807,Home,North,1950.82,0.26,261.93,18,Yes,13.426661608964436
ORD00636,2025-11-11,CUST3937,Home,South,1799.31,0.24,384.52,60,No,21.370414214337718
ORD00637,2025-03-10,CUST2340,Clothing,South,4392.23,0.39,768.1,59,Yes,17.4876998699977
ORD00638,2024-04-13,CUST5696,Clothing,North,3020.66,0.06,459.41,20,Yes,15.208927850204923
ORD00639,2025-01-28,CUST3220,Office Supplies,East,3108.2,0.24,226.98,60,Yes,7.30261887909401
ORD00640,2024-01-17,CUST2198,Office Supplies,West,171.29,0.0,16.1,37,Yes,9.399264405394362
ORD00641,2025-02-03,CUST5518,Electronics,South,3257.57,0.37,342.26,30,Yes,10.506604616324438
ORD00642,2024-04-02,CUST7848,Office Supplies,North,3715.35,0.08,234.18,64,No,6.303040090435625
ORD00643,2024-01-19,CUST7130,Electronics,West,1686.2,0.25,56.9,30,No,3.3744514292491994
ORD00644,2024-12-16,CUST1922,Electronics,West,3157.59,0.06,324.26,21,No,10.269224313479583
ORD00645,2025-07-16,CUST7060,Home,North,3591.37,0.1,886.52,52,Yes,24.68473033967539
ORD00646,2024-01-19,CUST8361,Electronics,West,3533.95,0.2,649.97,19,No,18.3921674047454
ORD00647,2025-06-14,CUST7361,Office Supplies,West,1253.04,0.2,62.26,53,Yes,4.968716082487391
ORD00648,2024-12-18,CUST4333,Clothing,North,2563.48,0.11,229.15,62,Yes,8.9390203941517
ORD00649,2025-06-18,CUST8182,Electronics,West,2528.09,0.23,146.45,61,Yes,5.792910853648406
ORD00650,2024-03-10,CUST2198,Home,East,2417.72,0.07,591.54,62,Yes,24.46685306817994
ORD00651,2024-01-24,CUST6986,Office Supplies,South,3481.73,0.17,181.34,30,Yes,5.208330341525621
ORD00652,2024-03-15,CUST9098,Office Supplies,West,2068.66,0.21,372.95,60,Yes,18.028578886815623
ORD00653,2025-02-13,CUST7446,Home,West,3558.26,0.11,747.77,54,Yes,21.01504668011893
ORD00654,2024-09-24,CUST5796,Electronics,South,3736.23,0.4,551.95,52,Yes,14.772912802477364
ORD00655,2024-12-28,CUST3896,Electronics,South,3856.62,0.31,502.7,45,Yes,13.034729893015125
ORD00656,2024-11-19,CUST4423,Home,East,4062.6,0.34,755.23,28,No,18.589819327524246
ORD00657,2025-09-11,CUST5086,Furniture,West,2684.88,0.14,243.46,63,Yes,9.067816811179643
ORD00658,2025-06-15,CUST9555,Home,South,3454.08,0.3,238.74,31,Yes,6.911826014452474
ORD00659,2025-03-28,CUST4124,Home,South,3023.93,0.29,632.42,34,Yes,20.913843905116853
ORD00660,2025-05-04,CUST2424,Furniture,North,2689.47,0.23,302.48,51,No,11.246825582735633
ORD00661,2024-09-26,CUST3143,Electronics,South,1402.88,0.27,55.37,31,Yes,3.946880702554744
ORD00662,2025-11-13,CUST5428,Clothing,North,3108.47,0.27,254.78,36,Yes,8.196315229035507
ORD00663,2024-06-16,CUST4664,Clothing,South,548.58,0.34,50.63,36,No,9.229282875788398
ORD00664,2025-05-25,CUST2589,Electronics,East,888.17,0.09,105.87,58,Yes,11.920015312383892
ORD00665,2024-07-16,CUST4070,Furniture,South,3639.7,0.25,758.14,31,No,20.82973871472924
ORD00666,2024-04-30,CUST9012,Electronics,North,2765.79,0.11,165.99,61,Yes,6.001540247090344
ORD00667,2024-05-11,CUST2823,Clothing,West,2991.38,0.13,350.37,60,Yes,11.71265436019496
ORD00668,2024-01-29,CUST7577,Clothing,West,1217.52,0.29,99.04,48,No,8.13456863131612
ORD00669,2025-02-11,CUST4696,Electronics,North,2097.69,0.16,178.43,58,Yes,8.506023292288184
ORD00670,2025-02-12,CUST9691,Office Supplies,East,3151.17,0.09,387.24,53,Yes,12.288768933443768
ORD00671,2025-11-13,CUST6104,Clothing,West,1240.9,0.08,102.32,58,Yes,8.245628173100169
ORD00672,2024-03-19,CUST2796,Office Supplies,West,763.29,0.37,82.99,62,No,10.87266962753344
ORD00673,2025-09-22,CUST2789,Home,East,3802.28,0.01,787.66,48,Yes,20.715465457567564
ORD00674,2024-03-26,CUST3183,Office Supplies,North,3450.97,0.35,346.28,37,Yes,10.034280216866561
ORD00675,2025-10-31,CUST6056,Home,West,1629.71,0.04,412.79,48,Yes,25.32904627203613
ORD00676,2025-01-20,CUST4892,Home,North,1973.72,0.17,353.26,49,No,17.89818211296435
ORD00677,2025-12-08,CUST9928,Electronics,West,4039.53,0.05,718.52,60,No,17.787217819894888
ORD00678,2024-05-18,CUST6714,Clothing,East,639.89,0.02,143.46,32,Yes,22.419478347841036
ORD00679,2025-05-18,CUST7068,Clothing,West,2036.84,0.32,229.43,55,Yes,11.264016810353294
ORD00680,2024-08-23,CUST2640,Home,West,3466.72,0.16,236.95,24,No,6.83499100013846
ORD00681,2025-10-09,CUST7569,Furniture,West,3536.93,0.29,539.57,25,Yes,15.255320291891557
ORD00682,2025-12-06,CUST6256,Furniture,South,3040.21,0.21,341.85,65,No,11.244289045822493
ORD00683,2025-03-27,CUST4454,Office Supplies,North,4374.23,0.32,230.86,20,Yes,5.277728880282931
ORD00684,2025-10-11,CUST1098,Home,East,2582.43,0.12,468.07,60,Yes,18.125176674682375
ORD00685,2025-07-22,CUST5625,Home,East,3141.21,0.02,295.88,46,Yes,9.419300205971584
ORD00686,2025-01-04,CUST2406,Home,East,422.08,0.1,63.54,38,No,15.054018195602731
ORD00687,2025-05-22,CUST9175,Electronics,West,1862.22,0.01,492.34,30,Yes,26.43833703858835
ORD00688,2025-12-28,CUST2082,Electronics,East,1399.54,0.02,203.51,42,Yes,14.541206396387384
ORD00689,2025-12-29,CUST8905,Clothing,North,3720.26,0.26,680.83,65,Yes,18.30060264605162
ORD00690,2024-12-31,CUST6452,Electronics,West,2542.1,0.02,383.03,29,No,15.067463907792769
ORD00691,2025-08-14,CUST1222,Home,North,841.81,0.05,135.62,21,No,16.110523752390684
ORD00692,2024-04-23,CUST6831,Electronics,North,685.87,0.15,71.17,63,Yes,10.37660197996705
ORD00693,2024-12-02,CUST2410,Home,West,3274.16,0.24,660.95,33,Yes,20.186857087008576
ORD00694,2024-05-31,CUST8472,Furniture,East,175.4,0.17,11.58,25,Yes,6.602052451539339
ORD00695,2024-12-13,CUST5597,Furniture,East,1190.53,0.16,198.09,45,Yes,16.638807925881753
ORD00696,2024-09-04,CUST6816,Furniture,West,3318.28,0.08,251.37,53,Yes,7.575310100413467
ORD00697,2024-09-22,CUST5896,Clothing,West,3245.22,0.35,275.29,47,No,8.482937982632919
ORD00698,2025-02-06,CUST4047,Electronics,West,3010.79,0.38,151.42,28,No,5.0292448161446
ORD00699,2025-09-15,CUST6917,Office Supplies,South,365.95,0.32,20.0,23,No,5.465227490094275
ORD00700,2025-07-04,CUST8021,Office Supplies,West,617.55,0.1,106.53,41,Yes,17.25042506679621
ORD00701,2025-09-10,CUST5331,Office Supplies,West,1941.81,0.31,46.7,18,No,2.4049726801283344
ORD00702,2024-01-20,CUST8181,Furniture,South,1375.39,0.32,72.27,19,Yes,5.254509629995855
ORD00703,2024-07-20,CUST9961,Electronics,South,1317.35,0.39,115.93,50,No,8.80024291190648
ORD00704,2024-11-03,CUST1614,Office Supplies,South,1907.49,0.36,361.62,65,Yes,18.957897551232247
ORD00705,2025-02-25,CUST9022,Furniture,West,197.92,0.12,43.89,39,No,22.175626515763945
ORD00706,2024-06-09,CUST7984,Clothing,East,1103.17,0.39,7.86,55,Yes,0.7124921816220529
ORD00707,2025-10-07,CUST5712,Furniture,South,4145.87,0.21,465.96,40,Yes,11.23913677949381
ORD00708,2024-03-23,CUST7650,Furniture,North,1696.82,0.22,231.27,35,Yes,13.629613040864678
ORD00709,2025-08-17,CUST1712,Furniture,West,2709.44,0.29,195.46,26,Yes,7.214036848942955
ORD00710,2024-01-14,CUST6995,Electronics,North,579.86,0.37,66.42,51,No,11.45448901458973
ORD00711,2025-06-13,CUST5734,Office Supplies,South,815.84,0.05,198.17,45,Yes,24.29030202000392
ORD00712,2024-08-20,CUST5946,Home,South,2426.39,0.32,82.71,44,No,3.4087677578625035
ORD00713,2025-02-20,CUST9973,Office Supplies,South,407.96,0.16,84.91,18,Yes,20.81331503088538
ORD00714,2025-08-13,CUST9896,Office Supplies,East,1865.29,0.26,331.54,64,Yes,17.77417988623753
ORD00715,2025-08-06,CUST6671,Office Supplies,West,3431.39,0.4,66.97,50,Yes,1.9516872171335815
ORD00716,2024-04-04,CUST1282,Furniture,East,4069.54,0.19,194.76,42,Yes,4.78579888636062
ORD00717,2025-08-03,CUST7998,Electronics,West,3565.4,0.34,720.81,38,Yes,20.216805968474784
ORD00718,2024-11-14,CUST3624,Home,South,2378.88,0.35,449.62,38,Yes,18.900490987355393
ORD00719,2025-10-24,CUST1289,Clothing,South,2395.86,0.1,159.26,65,Yes,6.647299925705175
ORD00720,2025-09-02,CUST5784,Clothing,South,372.98,0.02,36.7,28,Yes,9.839669687382703
ORD00721,2025-09-26,CUST8298,Electronics,North,1325.64,0.04,301.57,24,Yes,22.74901179807489
ORD00722,2024-05-09,CUST3277,Office Supplies,South,2311.94,0.35,278.02,61,Yes,12.025398583008208
ORD00723,2025-10-04,CUST9700,Electronics,West,1672.04,0.36,328.02,32,No,19.617951723642975
ORD00724,2024-11-09,CUST8837,Furniture,South,2434.26,0.3,427.24,18,No,17.551124366337202
ORD00725,2025-12-25,CUST6460,Electronics,West,800.04,0.09,95.09,63,No,11.88565571721414
ORD00726,2025-09-18,CUST6548,Electronics,North,2296.76,0.37,397.73,56,Yes,17.317003082603318
ORD00727,2025-07-21,CUST9701,Office Supplies,West,3880.46,0.4,404.48,43,Yes,10.423506491498431
ORD00728,2025-07-10,CUST7508,Furniture,West,3299.71,0.15,437.81,27,No,13.268135684651075
ORD00729,2024-02-11,CUST8623,Home,South,3995.27,0.22,874.66,40,No,21.892387748512615
ORD00730,2025-07-18,CUST9974,Clothing,East,3467.99,0.27,650.11,26,Yes,18.74601714537816
ORD00731,2025-12-15,CUST2494,Furniture,South,1571.66,0.34,281.21,27,Yes,17.89254673402644
ORD00732,2025-02-15,CUST1297,Electronics,East,2180.68,0.38,111.31,39,No,5.104371113597594
ORD00733,2024-09-28,CUST5237,Clothing,South,468.64,0.07,87.65,46,Yes,18.703055650392628
ORD00734,2024-08-27,CUST6027,Furniture,South,3300.57,0.39,459.37,62,Yes,13.917899029561559
ORD00735,2025-11-19,CUST9193,Furniture,South,233.35,0.14,56.98,53,Yes,24.418255838868653
ORD00736,2024-12-29,CUST9204,Office Supplies,East,2011.37,0.38,116.04,27,No,5.769202086140293
ORD00737,2025-02-02,CUST8263,Office Supplies,East,4211.86,0.16,310.89,28,Yes,7.381299473391803
ORD00738,2025-02-28,CUST5739,Clothing,North,190.48,0.17,26.81,44,Yes,14.074968500629986
ORD00739,2025-09-09,CUST7513,Home,North,2896.38,0.25,401.56,45,Yes,13.864202901552972
ORD00740,2025-02-20,CUST9715,Clothing,South,3962.73,0.24,529.03,18,Yes,13.350139928786467
ORD00741,2024-03-15,CUST7744,Home,South,3869.29,0.0,1029.29,25,Yes,26.601521209317468
ORD00742,2025-10-08,CUST4484,Furniture,North,2517.48,0.01,647.34,64,Yes,25.713809047142384
ORD00743,2025-01-25,CUST7846,Furniture,South,735.45,0.26,105.87,60,No,14.395268203140935
ORD00744,2025-10-17,CUST4685,Furniture,North,4024.45,0.29,630.79,34,Yes,15.67394302327026
ORD00745,2025-04-27,CUST7384,Electronics,South,555.7,0.08,81.79,46,Yes,14.71837322296203
ORD00746,2025-03-01,CUST2348,Electronics,North,4903.8,0.33,716.42,27,Yes,14.609486520657446
ORD00747,2024-08-18,CUST4545,Electronics,North,2123.3,0.26,354.59,21,No,16.699948193849195
ORD00748,2024-11-06,CUST6816,Clothing,South,899.74,0.19,192.45,48,Yes,21.389512525840797
ORD00749,2025-04-05,CUST6091,Office Supplies,West,1719.34,0.29,59.78,22,Yes,3.4769155606220994
ORD00750,2024-07-20,CUST5960,Furniture,West,4770.79,0.3,516.35,27,Yes,10.823155074945658
ORD00751,2025-01-08,CUST5398,Clothing,East,784.1,0.29,41.56,27,No,5.300344343833695
ORD00752,2025-06-13,CUST4685,Office Supplies,North,157.54,0.26,18.42,50,Yes,11.69226863018916
ORD00753,2025-06-08,CUST2940,Electronics,North,2885.46,0.39,15.85,52,Yes,0.5493058299196661
ORD00754,2024-03-13,CUST6344,Home,East,4806.27,0.23,672.31,52,Yes,13.988186265024643
ORD00755,2025-07-20,CUST8637,Furniture,East,1438.74,0.02,276.44,21,Yes,19.214034502411835
ORD00756,2024-11-17,CUST9873,Electronics,North,205.04,0.14,18.46,59,Yes,9.003121342177137
ORD00757,2025-02-24,CUST7855,Electronics,North,4900.45,0.03,817.56,58,Yes,16.683365813343674
ORD00758,2025-05-26,CUST5509,Home,East,3330.08,0.25,385.31,35,No,11.570592898669101
ORD00759,2024-05-02,CUST4297,Clothing,East,4642.63,0.13,755.82,46,Yes,16.27999646751949
ORD00760,2024-06-18,CUST7845,Clothing,West,1060.28,0.06,266.76,60,Yes,25.159391858754294
ORD00761,2025-01-04,CUST6216,Furniture,North,4055.76,0.13,312.46,34,Yes,7.704104779375505
ORD00762,2024-02-27,CUST1895,Clothing,East,4776.83,0.38,472.97,65,Yes,9.901336241817273
ORD00763,2024-02-20,CUST4431,Furniture,East,4520.21,0.16,627.82,51,No,13.889177715194648
ORD00764,2025-12-10,CUST6544,Office Supplies,North,3169.01,0.1,563.63,41,Yes,17.785680701544013
ORD00765,2024-04-10,CUST2257,Electronics,North,1416.06,0.0,298.91,48,Yes,21.108568845952856
ORD00766,2024-10-13,CUST1054,Clothing,West,3007.68,0.02,639.68,54,No,21.268220023406744
ORD00767,2025-02-10,CUST8413,Clothing,East,484.29,0.06,38.52,56,No,7.953911912283962
ORD00768,2025-03-24,CUST8192,Home,South,2026.45,0.02,347.44,31,Yes,17.14525401564312
ORD00769,2025-06-13,CUST8173,Clothing,East,2718.2,0.29,375.85,32,Yes,13.827165035685383
ORD00770,2024-12-06,CUST6435,Electronics,South,2098.51,0.14,123.76,55,Yes,5.897517762602989
ORD00771,2024-09-11,CUST9168,Furniture,North,1669.6,0.13,409.91,48,Yes,24.551389554384286
ORD00772,2024-10-20,CUST7757,Electronics,North,1936.91,0.28,413.19,25,No,21.33243155335044
ORD00773,2024-02-15,CUST4232,Furniture,West,4646.47,0.05,965.43,25,Yes,20.777708669161747
ORD00774,2024-06-13,CUST1800,Furniture,East,4284.01,0.36,72.57,45,Yes,1.693973636849587
ORD00775,2025-10-19,CUST3401,Home,East,1673.55,0.01,336.0,59,Yes,20.07708165277404
ORD00776,2025-08-06,CUST1061,Electronics,South,172.4,0.27,35.24,37,Yes,20.44083526682135
ORD00777,2024-08-07,CUST9664,Office Supplies,North,3106.01,0.31,327.22,52,Yes,10.53505944926127
ORD00778,2024-11-14,CUST4008,Home,West,2655.49,0.23,135.6,44,Yes,5.106402208255351
ORD00779,2024-05-31,CUST8528,Furniture,East,1725.41,0.31,172.84,40,Yes,10.017329214505539
ORD00780,2024-01-20,CUST2537,Clothing,North,1900.48,0.06,327.74,65,No,17.245117023067856
ORD00781,2024-05-15,CUST5315,Furniture,West,936.85,0.33,80.39,35,Yes,8.580882745370124
ORD00782,2024-11-25,CUST8828,Electronics,South,3324.75,0.3,197.64,32,No,5.944507105797428
ORD00783,2024-11-09,CUST3825,Office Supplies,North,3910.08,0.1,918.7,31,Yes,23.495682952778463
ORD00784,2024-12-31,CUST3732,Furniture,West,259.97,0.34,1.77,27,Yes,0.6808477901296303
ORD00785,2025-03-08,CUST1623,Electronics,East,1249.4,0.24,236.39,39,No,18.920281735232912
ORD00786,2024-07-10,CUST3341,Office Supplies,South,721.3,0.11,85.19,40,Yes,11.810619714404549
ORD00787,2024-04-26,CUST6894,Furniture,West,2200.87,0.13,294.98,62,Yes,13.40288158773576
ORD00788,2024-10-26,CUST9829,Home,West,4590.11,0.33,913.96,61,Yes,19.91150538875975
ORD00789,2025-09-17,CUST8427,Home,West,1402.02,0.13,148.94,65,Yes,10.623243605654698
ORD00790,2024-04-01,CUST3957,Furniture,West,3265.03,0.23,278.49,61,Yes,8.529477523943118
ORD00791,2024-03-29,CUST3057,Clothing,North,671.8,0.17,121.32,61,No,18.058946114915152
ORD00792,2025-07-04,CUST5603,Office Supplies,East,4528.14,0.35,375.83,34,No,8.299875887229634
ORD00793,2025-01-21,CUST6367,Home,West,4342.74,0.1,1115.77,44,No,25.692765396961363
ORD00794,2024-04-01,CUST2956,Office Supplies,West,2494.56,0.18,277.48,53,Yes,11.12340452825348
ORD00795,2024-12-22,CUST1223,Electronics,South,2551.43,0.15,263.96,30,Yes,10.345570915133866
ORD00796,2025-04-08,CUST6581,Clothing,East,3158.94,0.18,422.0,57,No,13.358911533615705
ORD00797,2025-06-02,CUST4031,Clothing,West,1762.35,0.39,143.22,22,Yes,8.12664907651715
ORD00798,2024-07-08,CUST3341,Home,South,2611.37,0.37,474.28,49,Yes,18.162114139321506
ORD00799,2024-08-06,CUST8422,Clothing,South,1224.66,0.07,221.21,48,Yes,18.06297258014469
ORD00800,2025-10-04,CUST6762,Clothing,North,1798.96,0.36,341.21,23,Yes,18.967069862587273
ORD00801,2024-09-16,CUST8622,Furniture,North,3275.09,0.4,129.41,36,No,3.9513417951873073
ORD00802,2024-05-11,CUST5802,Furniture,North,3291.2,0.29,248.97,18,No,7.564718035974721
ORD00803,2024-12-07,CUST8489,Furniture,North,622.43,0.11,139.35,21,No,22.388059701492537
ORD00804,2025-08-06,CUST6117,Furniture,East,661.41,0.33,24.03,31,No,3.6331473669887067
ORD00805,2024-02-01,CUST3571,Clothing,North,1641.89,0.23,330.17,51,Yes,20.109142512592197
ORD00806,2024-12-19,CUST7689,Furniture,South,986.43,0.36,117.27,34,Yes,11.888324564338069
ORD00807,2024-01-16,CUST1925,Home,East,1520.01,0.28,199.74,40,Yes,13.140703021690648
ORD00808,2024-04-21,CUST3452,Office Supplies,South,3483.44,0.06,591.1,52,No,16.968858369887236
ORD00809,2025-04-20,CUST5120,Furniture,West,3947.02,0.21,465.18,33,Yes,11.785600275650998
ORD00810,2024-01-01,CUST8228,Clothing,West,3941.48,0.31,789.74,61,No,20.03663598445254
ORD00811,2024-05-11,CUST1232,Office Supplies,East,2886.71,0.18,224.86,64,Yes,7.789490457995435
ORD00812,2025-11-14,CUST1935,Home,East,4407.0,0.22,494.76,18,Yes,11.226684819605174
ORD00813,2025-10-14,CUST3973,Home,West,3873.19,0.32,80.91,50,Yes,2.088975753835985
ORD00814,2025-03-13,CUST6320,Home,West,273.02,0.23,47.32,46,No,17.33206358508534
ORD00815,2024-02-23,CUST4287,Home,South,4894.55,0.1,1228.52,36,Yes,25.09975380780664
ORD00816,2025-08-04,CUST3508,Clothing,North,2264.82,0.34,63.54,40,Yes,2.8055209685537923
ORD00817,2025-05-31,CUST2430,Home,North,2340.44,0.22,265.38,20,Yes,11.33889354138538
ORD00818,2025-06-19,CUST8737,Home,North,4357.08,0.03,483.76,57,Yes,11.102848696833659
ORD00819,2025-12-03,CUST4335,Electronics,West,937.25,0.27,60.85,57,No,6.4923979727927446
ORD00820,2025-12-14,CUST6371,Clothing,South,3710.32,0.26,418.13,24,Yes,11.269378382457578
ORD00821,2025-01-04,CUST5473,Office Supplies,East,2758.78,0.27,284.67,64,Yes,10.318691595560356
ORD00822,2025-04-06,CUST4077,Home,East,1633.8,0.2,95.66,65,Yes,5.855061819072102
ORD00823,2025-05-10,CUST3114,Clothing,South,947.27,0.15,165.05,48,Yes,17.423754578947925
ORD00824,2025-04-29,CUST7995,Office Supplies,West,2260.78,0.37,369.56,40,No,16.34657065260662
ORD00825,2025-05-08,CUST6942,Clothing,South,550.27,0.16,56.08,40,No,10.19136060479401
ORD00826,2025-02-19,CUST2628,Electronics,East,3783.5,0.27,398.62,39,No,10.535747323906437
ORD00827,2024-12-14,CUST2670,Furniture,East,2127.19,0.24,422.49,57,Yes,19.861413413940458
ORD00828,2024-10-09,CUST4328,Clothing,East,3625.25,0.15,566.59,61,No,15.62899110406179
ORD00829,2025-01-20,CUST8363,Office Supplies,East,4290.01,0.1,408.37,47,Yes,9.519092030088508
ORD00830,2025-12-31,CUST7058,Home,East,350.38,0.27,33.69,53,Yes,9.615274844454591
ORD00831,2025-02-17,CUST7523,Clothing,West,4841.54,0.24,142.29,47,No,2.93894091549383
ORD00832,2025-06-10,CUST1108,Electronics,South,4530.94,0.03,506.05,28,Yes,11.16876409751619
ORD00833,2025-08-21,CUST4311,Electronics,East,2684.74,0.01,224.54,52,No,8.363565931896572
ORD00834,2025-07-27,CUST9542,Clothing,West,362.73,0.17,69.01,56,Yes,19.02517023681526
ORD00835,2025-01-27,CUST2541,Clothing,West,2500.9,0.07,281.32,26,Yes,11.248750449838058
ORD00836,2025-03-27,CUST3728,Furniture,West,644.53,0.3,118.76,38,Yes,18.425829674336338
ORD00837,2024-06-10,CUST7309,Furniture,North,3284.0,0.2,736.04,19,Yes,22.41291108404385
ORD00838,2024-11-17,CUST7459,Office Supplies,East,3664.87,0.0,578.02,23,Yes,15.771910054108332
ORD00839,2025-08-14,CUST7922,Furniture,West,1768.36,0.37,41.96,40,No,2.372820014024294
ORD00840,2025-06-06,CUST5561,Home,North,1646.04,0.38,138.64,18,No,8.422638575004251
ORD00841,2025-02-22,CUST2613,Office Supplies,West,2273.63,0.18,499.66,34,No,21.976311009267118
ORD00842,2024-06-23,CUST5052,Furniture,East,1017.1,0.36,166.09,52,Yes,16.329761085438992
ORD00843,2024-12-22,CUST3772,Home,North,3342.02,0.21,410.11,45,Yes,12.271320937636519
ORD00844,2024-03-01,CUST3601,Clothing,East,2266.74,0.38,259.12,62,Yes,11.43139486663667
ORD00845,2024-07-12,CUST1105,Electronics,East,3152.65,0.2,579.11,19,No,18.3689911661618
ORD00846,2025-01-03,CUST9661,Office Supplies,East,2035.21,0.21,112.29,63,Yes,5.5173667582215105
ORD00847,2024-10-16,CUST6944,Clothing,East,3510.14,0.28,617.62,65,No,17.59530958879133
ORD00848,2025-08-14,CUST1449,Home,South,1289.58,0.11,128.29,47,No,9.94820018920889
ORD00849,2024-04-13,CUST5766,Office Supplies,West,3025.46,0.09,223.23,48,Yes,7.378382130320678
ORD00850,2025-12-01,CUST9960,Furniture,South,848.11,0.16,145.5,60,Yes,17.15579347018665
ORD00851,2024-10-07,CUST9013,Furniture,East,4858.97,0.24,938.46,28,Yes,19.31396983311278
ORD00852,2024-05-04,CUST6793,Electronics,West,2334.19,0.22,520.01,51,Yes,22.277963661912697
ORD00853,2024-07-14,CUST4759,Electronics,East,1603.35,0.17,377.62,55,Yes,23.551938129541274
ORD00854,2025-05-09,CUST2397,Office Supplies,West,1830.76,0.29,102.49,22,Yes,5.598221503637833
ORD00855,2024-08-01,CUST7432,Clothing,North,1413.3,0.06,351.52,39,Yes,24.872284723696314
ORD00856,2024-04-23,CUST2353,Office Supplies,North,1866.06,0.23,84.0,44,No,4.501462975467027
ORD00857,2025-01-02,CUST9721,Electronics,South,4466.15,0.08,931.5,62,Yes,20.85689016266807
ORD00858,2024-11-03,CUST6446,Home,East,3718.82,0.39,271.5,39,Yes,7.30070291113848
ORD00859,2024-07-03,CUST1331,Home,East,3422.86,0.22,782.25,56,No,22.85369544766657
ORD00860,2025-08-28,CUST2102,Furniture,East,4982.12,0.28,890.75,37,Yes,17.87893507181682
ORD00861,2024-08-31,CUST3214,Furniture,West,2280.89,0.35,38.03,39,No,1.66733161178312
ORD00862,2025-05-12,CUST6377,Furniture,North,2309.22,0.39,55.83,42,Yes,2.417699482942292
ORD00863,2025-12-30,CUST3148,Electronics,East,1941.86,0.3,285.52,65,No,14.703428671479921
ORD00864,2024-10-20,CUST4689,Office Supplies,North,786.77,0.24,93.5,39,Yes,11.884032182213353
ORD00865,2025-09-11,CUST5488,Office Supplies,West,2169.45,0.39,222.61,27,No,10.261126091866604
ORD00866,2024-09-29,CUST4955,Clothing,North,4427.15,0.28,767.14,65,Yes,17.328077883062466
ORD00867,2024-08-23,CUST2556,Electronics,North,4592.71,0.29,941.55,27,Yes,20.50096783816091
ORD00868,2025-04-17,CUST8113,Office Supplies,West,4875.69,0.29,508.41,53,No,10.427447192089737
ORD00869,2025-05-09,CUST2670,Electronics,East,4994.4,0.35,104.85,27,Yes,2.0993512734262376
ORD00870,2024-06-11,CUST7015,Office Supplies,East,1148.04,0.34,116.42,42,Yes,10.140761645935683
ORD00871,2025-07-03,CUST9513,Office Supplies,West,3748.7,0.28,139.39,22,Yes,3.7183556966415026
ORD00872,2025-01-29,CUST4045,Clothing,West,4438.35,0.11,488.3,23,Yes,11.00183626798247
ORD00873,2024-10-21,CUST8747,Office Supplies,North,3789.65,0.2,698.47,49,No,18.43098966923067
ORD00874,2024-07-25,CUST9820,Electronics,East,4821.63,0.14,492.68,26,Yes,10.218121257748935
ORD00875,2025-11-19,CUST4240,Electronics,North,414.18,0.21,15.46,63,No,3.7326766140325462
ORD00876,2025-06-01,CUST2821,Electronics,South,157.44,0.34,32.11,65,Yes,20.39507113821138
ORD00877,2024-11-19,CUST1929,Home,West,638.14,0.17,104.83,47,Yes,16.427429717616825
ORD00878,2025-04-24,CUST4538,Clothing,West,1069.91,0.1,187.8,47,Yes,17.55287827948145
ORD00879,2025-08-15,CUST3200,Electronics,North,941.98,0.09,190.34,24,Yes,20.20637380836111
ORD00880,2025-01-28,CUST8152,Home,West,3068.92,0.17,543.8,46,Yes,17.71958865007885
ORD00881,2025-03-04,CUST8823,Office Supplies,North,238.09,0.29,31.4,20,Yes,13.188290142383133
ORD00882,2025-12-17,CUST6523,Home,South,3159.0,0.4,325.57,44,No,10.30610952833175
ORD00883,2025-07-13,CUST1167,Furniture,North,1213.5,0.03,292.8,30,No,24.128553770086526
ORD00884,2025-05-11,CUST8114,Clothing,South,2566.05,0.0,381.31,60,Yes,14.859803978878041
ORD00885,2025-02-18,CUST5970,Clothing,West,3889.13,0.25,863.68,44,Yes,22.207537418394345
ORD00886,2024-01-17,CUST9294,Home,West,613.21,0.02,140.33,58,Yes,22.88449307741231
ORD00887,2025-07-09,CUST4411,Office Supplies,East,2749.47,0.11,331.78,30,Yes,12.067052922926964
ORD00888,2024-07-03,CUST6008,Home,West,3756.9,0.13,380.51,64,No,10.128297266363225
ORD00889,2025-04-10,CUST4051,Electronics,West,4942.66,0.29,1054.57,46,Yes,21.336082190561356
ORD00890,2024-02-21,CUST5864,Clothing,South,3523.38,0.01,939.66,40,No,26.669277795752937
ORD00891,2024-10-11,CUST2078,Office Supplies,West,4704.84,0.39,-6.7,59,No,-0.14240654304928543
ORD00892,2025-07-21,CUST2964,Clothing,West,3009.15,0.1,333.26,35,No,11.074888257481348
ORD00893,2025-04-07,CUST8121,Clothing,South,702.97,0.29,87.92,47,Yes,12.506934862085153
ORD00894,2024-03-06,CUST5580,Home,West,4083.4,0.22,333.8,46,Yes,8.174560415340158
ORD00895,2025-04-01,CUST4893,Electronics,East,4969.34,0.03,461.57,44,No,9.288356200219747
ORD00896,2025-12-21,CUST2701,Home,West,3612.37,0.15,833.36,62,No,23.069619114321068
ORD00897,2025-03-05,CUST3728,Office Supplies,South,4439.85,0.06,902.66,34,Yes,20.330867033796185
ORD00898,2024-04-02,CUST7913,Furniture,North,3710.15,0.36,507.47,55,Yes,13.677883643518458
ORD00899,2025-05-16,CUST5842,Electronics,East,3152.06,0.11,740.61,61,No,23.496062892203827
ORD00900,2024-08-30,CUST8201,Home,South,328.17,0.27,20.98,53,No,6.39302800377853
ORD00901,2025-08-19,CUST4662,Clothing,West,4562.33,0.15,803.16,30,No,17.604162785243503
ORD00902,2024-07-06,CUST7880,Office Supplies,West,3792.95,0.07,407.98,40,Yes,10.756271503710833
ORD00903,2024-07-17,CUST8524,Electronics,North,196.37,0.22,15.92,32,No,8.107144675866985
ORD00904,2025-08-27,CUST7876,Electronics,North,4612.46,0.16,398.46,43,Yes,8.638774103190054
ORD00905,2024-12-21,CUST9319,Furniture,North,3133.14,0.24,658.96,53,Yes,21.03193601307315
ORD00906,2024-12-23,CUST3063,Electronics,East,3036.24,0.12,436.04,45,Yes,14.36118356915132
ORD00907,2025-02-15,CUST4150,Clothing,East,3283.85,0.37,490.17,43,No,14.926686663519956
ORD00908,2024-02-06,CUST8018,Clothing,East,3124.11,0.31,475.53,26,No,15.221295024823068
ORD00909,2025-12-21,CUST8735,Furniture,South,4232.65,0.08,375.35,54,No,8.867966876543065
ORD00910,2025-12-24,CUST8992,Furniture,East,1876.92,0.16,262.89,60,No,14.00645738763506
ORD00911,2024-05-16,CUST6310,Electronics,South,391.82,0.1,99.32,59,Yes,25.34837425348374
ORD00912,2025-03-06,CUST7156,Home,East,1504.98,0.34,251.15,22,No,16.68792940769977
ORD00913,2024-11-12,CUST5283,Electronics,West,3756.63,0.23,788.06,42,Yes,20.977844504249816
ORD00914,2025-01-07,CUST1482,Clothing,East,1267.34,0.23,226.3,60,Yes,17.856297441886156
ORD00915,2024-07-14,CUST8120,Clothing,East,4049.61,0.35,281.41,60,No,6.949064230876554
ORD00916,2024-12-17,CUST9673,Home,South,1310.68,0.32,202.14,47,Yes,15.422528763695178
ORD00917,2024-08-02,CUST4851,Office Supplies,West,1640.14,0.12,388.38,54,Yes,23.679685880473617
ORD00918,2024-09-10,CUST4821,Clothing,North,610.38,0.01,133.52,58,Yes,21.8748976047708
ORD00919,2025-01-06,CUST4593,Furniture,West,4142.91,0.35,736.92,33,No,17.78749719400132
ORD00920,2024-04-28,CUST7298,Electronics,West,2745.82,0.33,499.79,42,No,18.201848628096524
ORD00921,2025-01-08,CUST5270,Home,North,3623.54,0.01,858.06,55,Yes,23.680158077460163
ORD00922,2025-01-01,CUST9786,Home,North,1236.09,0.07,155.54,60,Yes,12.583226140491387
ORD00923,2024-06-10,CUST5056,Home,East,172.93,0.15,31.0,44,Yes,17.92632857225467
ORD00924,2025-05-14,CUST3879,Clothing,South,3791.47,0.36,115.31,35,No,3.041300603723622
ORD00925,2025-07-05,CUST2041,Electronics,West,902.37,0.16,76.1,62,Yes,8.433347739840642
ORD00926,2025-12-29,CUST6084,Furniture,West,1950.24,0.19,260.88,21,Yes,13.376815161210928
ORD00927,2024-10-07,CUST3165,Office Supplies,East,4296.09,0.04,1159.73,20,Yes,26.99501174323629
ORD00928,2024-10-11,CUST1342,Office Supplies,South,841.05,0.15,73.18,51,Yes,8.701028476309377
ORD00929,2025-03-25,CUST8814,Electronics,East,814.26,0.16,99.47,40,No,12.215999803502568
ORD00930,2024-02-24,CUST7150,Electronics,East,3301.82,0.37,259.88,18,No,7.870810643826738
ORD00931,2024-12-23,CUST1034,Clothing,East,2173.49,0.25,71.97,45,Yes,3.311264372046801
ORD00932,2025-08-25,CUST6245,Furniture,East,2285.47,0.03,395.23,57,Yes,17.293160706550516
ORD00933,2024-06-05,CUST4595,Home,North,3697.13,0.21,359.44,29,Yes,9.722135818864903
ORD00934,2024-07-11,CUST2522,Clothing,West,317.98,0.04,69.88,44,Yes,21.976224919806274
ORD00935,2025-02-25,CUST6947,Office Supplies,East,3136.12,0.33,456.67,51,No,14.56162391745214
ORD00936,2024-08-24,CUST5505,Office Supplies,North,4541.3,0.32,827.7,33,No,18.226058617576467
ORD00937,2025-08-21,CUST2207,Electronics,South,808.6,0.32,51.37,50,No,6.352955725946079
ORD00938,2025-11-21,CUST3335,Clothing,East,926.17,0.11,187.9,44,Yes,20.287852122180595
ORD00939,2025-06-04,CUST5382,Home,East,2239.41,0.06,516.92,29,Yes,23.082865576200874
ORD00940,2024-05-08,CUST6591,Home,East,2219.57,0.02,346.5,59,Yes,15.611131885905827
ORD00941,2024-12-04,CUST9397,Furniture,West,3763.93,0.27,114.19,39,Yes,3.0337971216255353
ORD00942,2024-03-10,CUST5254,Clothing,North,3589.91,0.36,158.42,64,Yes,4.412924000880245
ORD00943,2024-04-17,CUST8463,Furniture,East,593.46,0.08,39.23,54,No,6.610386546692277
ORD00944,2025-03-07,CUST1411,Electronics,South,4670.47,0.12,1043.74,52,Yes,22.347643813149425
ORD00945,2025-06-04,CUST7482,Electronics,South,2490.51,0.08,359.82,26,Yes,14.447643253791389
ORD00946,2024-06-18,CUST5479,Office Supplies,East,4999.56,0.21,210.08,37,Yes,4.201969773340053
ORD00947,2024-01-17,CUST7802,Electronics,North,1519.05,0.29,154.4,28,Yes,10.16424739146177
ORD00948,2024-02-23,CUST1366,Furniture,South,1231.54,0.12,152.15,32,Yes,12.354450525358496
ORD00949,2024-09-19,CUST6875,Office Supplies,East,555.19,0.32,24.32,25,Yes,4.3804823573911635
ORD00950,2025-09-23,CUST5174,Office Supplies,East,2479.2,0.03,484.87,65,Yes,19.55751855437238
ORD00951,2025-06-25,CUST5430,Home,North,2228.7,0.32,82.65,60,No,3.7084398976982103
ORD00952,2024-12-30,CUST7490,Home,West,3404.47,0.06,851.49,57,No,25.010941497501815
ORD00953,2025-02-10,CUST1136,Furniture,East,730.44,0.18,102.8,40,Yes,14.073708997316684
ORD00954,2025-02-13,CUST5206,Furniture,East,2134.77,0.3,210.87,20,Yes,9.877879115782966
ORD00955,2025-03-21,CUST7573,Home,North,733.62,0.21,75.92,42,Yes,10.348681878901884
ORD00956,2025-03-01,CUST1645,Clothing,North,2338.8,0.37,381.17,59,Yes,16.2976740208654
ORD00957,2025-02-27,CUST9955,Electronics,South,3803.4,0.05,972.04,46,Yes,25.557133091444495
ORD00958,2025-10-11,CUST4264,Office Supplies,South,4123.25,0.33,421.48,55,No,10.222033590007882
ORD00959,2024-10-04,CUST2572,Office Supplies,East,557.46,0.12,100.27,53,Yes,17.986940767050548
ORD00960,2025-11-05,CUST9501,Home,South,2446.99,0.26,398.32,51,Yes,16.27795781756362
ORD00961,2025-10-20,CUST4664,Office Supplies,South,554.2,0.07,84.73,62,No,15.288704438830747
ORD00962,2024-03-21,CUST2513,Furniture,South,1959.56,0.08,285.96,54,Yes,14.593071914103165
ORD00963,2024-11-18,CUST9955,Home,North,610.09,0.06,108.38,31,No,17.764592109360912
ORD00964,2025-06-11,CUST2307,Office Supplies,West,971.83,0.35,140.03,53,Yes,14.40889867569431
ORD00965,2025-11-14,CUST6806,Office Supplies,South,2053.65,0.15,180.34,58,No,8.781437927592336
ORD00966,2024-09-23,CUST6703,Clothing,East,2312.73,0.05,358.93,61,No,15.51975371098226
ORD00967,2025-04-02,CUST5431,Home,West,4178.18,0.31,268.47,64,Yes,6.425524989349429
ORD00968,2025-09-28,CUST7276,Furniture,South,3614.48,0.23,816.07,29,No,22.57779818950444
ORD00969,2025-05-29,CUST4205,Home,East,3595.06,0.35,484.31,48,Yes,13.471541504175175
ORD00970,2024-10-10,CUST7251,Office Supplies,West,2001.32,0.07,509.05,34,No,25.435712429796336
ORD00971,2025-09-21,CUST2487,Home,East,530.19,0.05,90.22,54,Yes,17.016541239932852
ORD00972,2025-07-30,CUST9173,Furniture,South,2381.7,0.09,569.12,38,Yes,23.895536801444347
ORD00973,2024-09-01,CUST3790,Home,South,934.31,0.36,145.04,49,Yes,15.52375549871028
ORD00974,2024-06-23,CUST6688,Home,East,3139.16,0.06,299.32,43,Yes,9.535034850087284
ORD00975,2025-07-08,CUST1244,Office Supplies,East,1605.83,0.05,316.28,27,No,19.69573367043834
ORD00976,2024-04-27,CUST7826,Clothing,North,1957.1,0.4,103.03,64,Yes,5.264421848653621
ORD00977,2025-12-29,CUST4707,Home,East,1200.04,0.07,178.48,41,Yes,14.872837572080929
ORD00978,2025-02-08,CUST3297,Clothing,South,2067.41,0.32,328.42,53,Yes,15.885576639370036
ORD00979,2024-04-30,CUST9596,Home,North,4026.42,0.36,56.39,62,Yes,1.4004996994849022
ORD00980,2024-12-22,CUST4470,Home,West,2785.38,0.27,495.49,57,Yes,17.788955187443005
ORD00981,2024-06-24,CUST4514,Electronics,West,1833.02,0.13,282.85,22,Yes,15.430819085443694
ORD00982,2024-09-07,CUST1759,Office Supplies,East,2215.63,0.11,382.95,40,No,17.284023054390847
ORD00983,2025-10-20,CUST3938,Home,South,4622.57,0.3,707.08,42,Yes,15.296252950198703
ORD00984,2024-11-25,CUST5875,Home,West,1342.47,0.22,277.21,29,Yes,20.6492510074713
ORD00985,2025-02-17,CUST8897,Home,South,273.82,0.16,46.05,51,Yes,16.817617412898983
ORD00986,2025-02-10,CUST1829,Electronics,East,1355.73,0.11,79.36,25,Yes,5.853672928975533
ORD00987,2024-02-05,CUST2175,Home,North,4184.75,0.33,207.15,52,No,4.950116494414242
ORD00988,2024-02-11,CUST1942,Home,West,3079.38,0.31,465.71,46,Yes,15.123498886139416
ORD00989,2025-12-16,CUST7101,Electronics,West,353.4,0.17,35.98,50,No,10.181097906055461
ORD00990,2025-09-23,CUST2972,Clothing,West,582.24,0.21,55.33,19,Yes,9.502954108271503
ORD00991,2025-07-04,CUST3026,Office Supplies,West,3686.84,0.04,536.46,32,Yes,14.550672120298142
ORD00992,2025-01-26,CUST5576,Office Supplies,North,3506.9,0.15,578.56,65,Yes,16.49776155579001
ORD00993,2024-02-25,CUST6940,Home,North,3329.13,0.03,846.64,24,Yes,25.431268829994625
ORD00994,2025-11-28,CUST1562,Furniture,South,4763.42,0.34,742.24,23,Yes,15.582081781577104
ORD00995,2025-03-26,CUST5628,Furniture,North,2294.0,0.34,395.68,18,Yes,17.248474280732346
ORD00996,2025-12-13,CUST4660,Furniture,West,3892.81,0.05,462.14,18,Yes,11.871630005060611
ORD00997,2025-01-21,CUST2351,Electronics,East,2542.73,0.11,358.09,37,Yes,14.082895155993755
ORD00998,2024-07-26,CUST7261,Home,East,2074.23,0.08,342.37,22,Yes,16.505884111212353
ORD00999,2024-01-21,CUST4549,Furniture,East,1948.37,0.16,347.46,22,Yes,17.833368405385013
ORD01000,2024-09-23,CUST6253,Furniture,West,1850.2,0.26,85.74,26,Yes,4.634093611501458
ORD01001,2024-09-02,CUST8150,Office Supplies,South,351.0,0.28,65.3,33,Yes,18.603988603988604
ORD01002,2025-05-11,CUST2125,Home,West,2131.04,0.11,132.06,38,No,6.196974247315865
ORD01003,2024-12-20,CUST3985,Home,South,248.09,0.11,48.42,41,Yes,19.517110725946228
ORD01004,2024-05-25,CUST8200,Electronics,West,3609.77,0.27,784.87,59,No,21.742936530582284
ORD01005,2025-12-01,CUST5624,Electronics,North,844.3,0.22,192.19,63,Yes,22.76323581665285
ORD01006,2024-12-26,CUST2410,Home,South,4980.12,0.39,692.57,26,Yes,13.906693011413381
ORD01007,2025-01-21,CUST4241,Clothing,North,4970.97,0.29,900.59,26,Yes,18.116987227844866
ORD01008,2024-05-21,CUST1498,Home,South,1186.77,0.09,120.79,61,Yes,10.178046293721616
ORD01009,2025-06-07,CUST6737,Electronics,East,2535.86,0.11,360.4,33,Yes,14.212141048796067
ORD01010,2025-05-24,CUST5929,Furniture,East,2768.88,0.26,394.11,45,Yes,14.233552916702783
ORD01011,2024-11-21,CUST9452,Home,South,4178.73,0.28,381.3,25,No,9.124781931352349
ORD01012,2024-10-10,CUST5063,Home,West,3489.99,0.24,319.33,44,No,9.149882950954016
ORD01013,2025-12-26,CUST4876,Clothing,South,2515.26,0.05,548.26,44,Yes,21.797348981815
ORD01014,2025-03-31,CUST2149,Furniture,East,3625.97,0.2,690.16,25,No,19.033803368477955
ORD01015,2024-03-11,CUST9306,Clothing,North,3264.38,0.35,578.68,24,Yes,17.7271028495457
ORD01016,2025-10-06,CUST9711,Electronics,East,2675.19,0.37,51.13,62,Yes,1.911266115677765
ORD01017,2024-03-08,CUST5170,Clothing,South,1811.04,0.25,145.44,58,Yes,8.030744765438643
ORD01018,2025-09-17,CUST6337,Office Supplies,East,1406.72,0.15,214.82,56,Yes,15.270984986351227
ORD01019,2024-03-21,CUST5496,Home,South,4539.59,0.27,159.55,28,No,3.5146345815370994
ORD01020,2024-06-29,CUST4181,Home,South,765.78,0.32,89.56,62,No,11.6952649586043
ORD01021,2024-07-17,CUST7774,Office Supplies,South,1201.97,0.34,212.75,45,Yes,17.700108987745118
ORD01022,2024-10-28,CUST8869,Electronics,East,3404.09,0.21,228.32,63,No,6.70722571964901
ORD01023,2025-06-02,CUST7185,Home,South,3294.79,0.05,382.84,26,Yes,11.619556936860922
ORD01024,2025-12-14,CUST4145,Clothing,East,3190.22,0.35,175.59,41,Yes,5.504009127897136
ORD01025,2025-08-19,CUST1849,Furniture,East,4074.46,0.33,819.26,50,No,20.10720439027503
ORD01026,2025-05-10,CUST1702,Electronics,East,827.77,0.31,55.69,22,Yes,6.7277142201336115
ORD01027,2024-11-25,CUST4856,Furniture,West,4615.32,0.33,90.51,55,No,1.9610774550843715
ORD01028,2024-09-28,CUST5525,Clothing,North,1780.97,0.04,140.96,22,Yes,7.9147880087817315
ORD01029,2025-09-06,CUST3446,Furniture,South,2041.3,0.39,94.4,52,No,4.624503992553765
ORD01030,2024-06-08,CUST2268,Electronics,East,1077.41,0.25,198.65,59,No,18.43773493841713
ORD01031,2024-09-07,CUST2144,Furniture,North,1065.5,0.38,175.48,47,No,16.469263256687
ORD01032,2025-09-14,CUST1370,Home,West,1365.61,0.35,4.28,37,Yes,0.3134130535072239
ORD01033,2025-04-05,CUST8223,Furniture,West,3972.32,0.09,971.31,23,Yes,24.451957546219838
ORD01034,2024-03-11,CUST7497,Home,East,4599.23,0.08,722.91,58,Yes,15.71806585015318
ORD01035,2025-04-15,CUST1055,Office Supplies,West,3565.07,0.05,845.57,61,Yes,23.718187861668916
ORD01036,2024-08-31,CUST8533,Home,West,2110.63,0.33,289.38,33,No,13.710598257392343
ORD01037,2025-09-07,CUST4406,Home,West,3099.0,0.04,802.96,54,No,25.910293643110684
ORD01038,2024-08-04,CUST9792,Home,East,537.9,0.37,0.18,45,No,0.03346346904629113
ORD01039,2025-07-27,CUST4531,Electronics,West,4851.92,0.15,869.52,43,No,17.921152863196426
ORD01040,2025-11-08,CUST3993,Furniture,East,2956.22,0.08,351.93,51,Yes,11.904729688588807
ORD01041,2025-09-15,CUST6386,Home,West,2936.82,0.37,191.7,31,Yes,6.52746848632194
ORD01042,2024-10-10,CUST4644,Office Supplies,North,453.67,0.27,27.36,52,Yes,6.0308153503648025
ORD01043,2025-05-08,CUST4561,Clothing,North,753.43,0.26,50.35,28,Yes,6.682770794898
ORD01044,2025-04-05,CUST3945,Furniture,West,2214.16,0.29,468.26,56,Yes,21.148426491310477
ORD01045,2025-06-15,CUST1504,Clothing,East,2476.04,0.19,203.42,44,Yes,8.215537713445663
ORD01046,2025-05-30,CUST7316,Office Supplies,East,2231.91,0.16,220.0,44,Yes,9.857028285190712
ORD01047,2024-07-30,CUST4376,Home,North,1112.04,0.17,63.68,44,Yes,5.726412718966944
ORD01048,2024-05-19,CUST9591,Furniture,South,1138.17,0.2,149.36,54,No,13.122819965383028
ORD01049,2025-11-15,CUST5810,Electronics,South,2953.33,0.25,308.9,51,No,10.459379750992946
ORD01050,2024-04-21,CUST4562,Home,North,1453.07,0.16,245.42,62,No,16.88975754781256
ORD01051,2024-04-29,CUST7000,Office Supplies,West,2522.05,0.1,342.07,37,No,13.56317281576495
ORD01052,2024-04-08,CUST4202,Office Supplies,East,4839.33,0.34,927.67,20,No,19.169389150977512
ORD01053,2025-10-09,CUST1611,Electronics,West,1454.36,0.16,265.09,23,Yes,18.22726147583817
ORD01054,2024-12-28,CUST1648,Furniture,North,2384.94,0.32,355.73,28,Yes,14.915679220441605
ORD01055,2024-05-21,CUST5268,Clothing,West,2778.2,0.36,410.65,58,No,14.781153264703764
ORD01056,2024-01-24,CUST9135,Home,North,3349.75,0.22,675.53,32,Yes,20.166579595492202
ORD01057,2025-06-21,CUST2944,Electronics,North,1316.89,0.24,121.14,24,Yes,9.198946001564291
ORD01058,2025-01-08,CUST9312,Furniture,North,1452.46,0.18,139.7,38,Yes,9.618165044132024
ORD01059,2025-12-09,CUST2070,Electronics,North,1100.16,0.28,64.05,63,Yes,5.821880453752181
ORD01060,2025-02-14,CUST1451,Office Supplies,South,2756.46,0.02,224.27,62,Yes,8.13616014743548
ORD01061,2024-09-19,CUST7940,Electronics,North,929.01,0.07,197.8,62,Yes,21.29148233065306
ORD01062,2024-09-29,CUST1737,Clothing,East,761.25,0.13,92.29,20,Yes,12.123481116584566
ORD01063,2024-07-09,CUST4156,Office Supplies,West,3271.1,0.39,563.03,21,No,17.21225275901073
ORD01064,2024-12-05,CUST6957,Clothing,East,2899.97,0.17,662.71,55,Yes,22.85230536867623
ORD01065,2024-06-05,CUST8298,Electronics,East,430.99,0.26,25.54,65,Yes,5.925891552008167
ORD01066,2024-05-29,CUST1385,Office Supplies,West,4107.74,0.38,85.55,61,No,2.082653721997984
ORD01067,2024-07-28,CUST7091,Clothing,East,2682.4,0.36,7.27,65,No,0.271025946913212
ORD01068,2024-06-06,CUST5213,Furniture,West,2351.99,0.24,390.88,63,No,16.61911827856411
ORD01069,2024-12-21,CUST4789,Furniture,West,3650.45,0.05,338.37,18,Yes,9.2692681724171
ORD01070,2025-09-17,CUST8218,Clothing,East,2276.77,0.28,177.85,43,Yes,7.811504895092609
ORD01071,2024-03-21,CUST4030,Clothing,West,2786.25,0.29,155.89,29,No,5.594975325257963
ORD01072,2025-07-16,CUST3902,Electronics,South,4378.51,0.04,791.2,38,Yes,18.07007406629196
ORD01073,2025-08-12,CUST4522,Furniture,North,4833.65,0.22,649.16,21,Yes,13.430016654081284
ORD01074,2025-03-23,CUST9112,Clothing,East,4595.62,0.23,338.12,40,Yes,7.357440345372333
ORD01075,2024-05-02,CUST7411,Home,North,4586.33,0.36,357.1,25,No,7.786181979927306
ORD01076,2025-12-21,CUST7080,Clothing,North,523.62,0.1,46.11,25,Yes,8.806004354302738
ORD01077,2025-01-14,CUST3215,Office Supplies,East,610.79,0.34,105.78,49,Yes,17.318554658720675
ORD01078,2024-02-29,CUST6524,Clothing,West,4641.92,0.21,1039.04,50,Yes,22.383841169171376
ORD01079,2024-10-05,CUST1382,Electronics,South,4007.36,0.38,516.8,30,Yes,12.896270861614628
ORD01080,2024-05-22,CUST5586,Furniture,East,1580.28,0.3,94.66,26,Yes,5.990077707747994
ORD01081,2025-03-21,CUST4254,Office Supplies,East,2597.33,0.24,465.23,65,Yes,17.911855636365036
ORD01082,2024-06-26,CUST5359,Furniture,North,4627.22,0.05,577.25,64,No,12.475093036423598
ORD01083,2024-04-20,CUST3696,Electronics,North,2935.25,0.09,455.84,59,Yes,15.529852653095988
ORD01084,2025-04-20,CUST2232,Furniture,West,4067.18,0.18,867.33,38,No,21.325095028988144
ORD01085,2025-10-10,CUST3150,Electronics,West,414.09,0.29,63.03,18,Yes,15.221328696660146
ORD01086,2025-08-10,CUST4328,Clothing,North,2300.9,0.25,297.64,28,No,12.935807727411012
ORD01087,2025-10-20,CUST9348,Office Supplies,South,4034.46,0.21,659.09,60,Yes,16.336510958096003
ORD01088,2024-02-05,CUST8215,Clothing,West,2282.03,0.12,255.61,35,Yes,11.2009920991398
ORD01089,2024-04-03,CUST5870,Office Supplies,South,1218.61,0.06,119.64,53,No,9.8177431663945
ORD01090,2025-07-16,CUST8335,Clothing,West,3430.93,0.24,663.58,34,Yes,19.341111593649536
ORD01091,2025-04-10,CUST5242,Office Supplies,South,2131.76,0.16,441.06,26,Yes,20.68994633542237
ORD01092,2024-11-12,CUST3253,Home,West,1822.68,0.29,61.94,27,No,3.398292624048105
ORD01093,2024-07-01,CUST5400,Furniture,South,4777.82,0.39,658.34,59,No,13.779087533645054
ORD01094,2025-05-23,CUST7347,Home,South,1537.03,0.37,115.17,51,Yes,7.493022257210334
ORD01095,2024-09-08,CUST4435,Electronics,South,4257.13,0.14,870.36,54,Yes,20.444759732495836
ORD01096,2025-03-31,CUST2716,Office Supplies,South,241.72,0.24,23.96,45,No,9.912295217607149
ORD01097,2024-01-17,CUST6742,Home,West,594.84,0.22,121.91,51,Yes,20.494586779638222
ORD01098,2024-12-13,CUST6795,Clothing,East,4079.47,0.16,507.91,23,Yes,12.450391840116486
ORD01099,2025-05-04,CUST3609,Office Supplies,East,4007.14,0.37,286.95,48,No,7.160967672704223
ORD01100,2025-08-24,CUST3590,Clothing,West,3307.51,0.11,364.99,44,Yes,11.035189613939187
ORD01101,2024-12-01,CUST9318,Clothing,East,947.76,0.15,55.2,65,Yes,5.824259306153457
ORD01102,2024-08-19,CUST5976,Office Supplies,East,3123.12,0.07,526.6,44,Yes,16.86134378442071
ORD01103,2025-12-15,CUST4049,Home,West,2297.18,0.33,51.8,55,No,2.254938663927076
ORD01104,2025-04-14,CUST9844,Electronics,North,1366.65,0.16,275.65,35,Yes,20.169758167782533
ORD01105,2025-04-29,CUST7260,Clothing,West,2232.09,0.12,378.07,37,Yes,16.937937090350296
ORD01106,2024-12-01,CUST6076,Office Supplies,East,970.65,0.32,32.0,62,Yes,3.2967599031576778
ORD01107,2024-10-03,CUST7530,Clothing,North,4841.07,0.28,169.1,57,Yes,3.4930294335756353
ORD01108,2024-06-07,CUST7631,Furniture,North,2153.99,0.03,513.38,55,Yes,23.83390823541428
ORD01109,2025-11-02,CUST9901,Electronics,East,1869.34,0.06,292.98,47,No,15.672911294895526
ORD01110,2025-03-24,CUST1562,Home,East,3409.17,0.16,188.2,20,Yes,5.5204052599313025
ORD01111,2024-12-22,CUST5162,Electronics,West,1456.06,0.17,88.32,59,Yes,6.065684106424186
ORD01112,2024-04-20,CUST3317,Clothing,South,2413.33,0.33,246.31,36,Yes,10.206229566615423
ORD01113,2024-06-05,CUST3051,Furniture,West,3050.97,0.35,491.58,61,Yes,16.11225282451155
ORD01114,2025-06-05,CUST5251,Electronics,South,584.71,0.23,19.02,33,Yes,3.252894597321749
ORD01115,2024-04-17,CUST1977,Office Supplies,North,4524.27,0.14,951.49,20,No,21.030796128436187
ORD01116,2025-10-18,CUST6770,Electronics,East,4332.94,0.2,1019.86,24,Yes,23.537367237949294
ORD01117,2024-07-17,CUST7289,Clothing,South,3050.45,0.2,416.17,19,Yes,13.642905145142523
ORD01118,2024-06-28,CUST9951,Electronics,North,3568.53,0.1,616.14,49,No,17.26593303124816
ORD01119,2025-11-18,CUST5662,Clothing,West,1257.71,0.01,305.94,32,Yes,24.32516239832712
ORD01120,2024-11-02,CUST9319,Clothing,West,685.65,0.11,82.88,39,No,12.087799897907095
ORD01121,2024-02-29,CUST4887,Office Supplies,East,3860.38,0.37,57.63,48,Yes,1.4928582160305464
ORD01122,2025-12-11,CUST1548,Home,South,2883.6,0.01,280.79,62,Yes,9.737480926619504
ORD01123,2024-05-01,CUST9806,Home,East,546.62,0.23,63.14,51,Yes,11.550986059785592
ORD01124,2025-02-19,CUST2267,Furniture,West,317.66,0.19,69.4,39,Yes,21.847258074671032
ORD01125,2025-06-14,CUST5687,Home,West,1267.42,0.19,229.58,25,Yes,18.113963800476558
ORD01126,2025-11-24,CUST5382,Electronics,North,2077.62,0.08,446.23,51,Yes,21.47794110568824
ORD01127,2024-12-28,CUST6016,Home,West,1940.9,0.19,252.13,41,Yes,12.990365294451028
ORD01128,2024-08-01,CUST2938,Clothing,East,4955.47,0.01,753.81,35,Yes,15.211675179145468
ORD01129,2025-04-30,CUST6986,Furniture,West,1926.35,0.04,427.17,51,Yes,22.17509798323254
ORD01130,2024-08-25,CUST6223,Office Supplies,West,1789.54,0.03,445.83,31,Yes,24.913106161359902
ORD01131,2025-04-28,CUST4701,Furniture,North,2681.61,0.35,355.83,37,No,13.269267343125957
ORD01132,2024-09-11,CUST5864,Clothing,North,2756.52,0.4,488.33,51,Yes,17.71545281732039
ORD01133,2025-03-23,CUST9072,Electronics,West,3904.25,0.11,900.85,63,No,23.073573669718897
ORD01134,2024-01-09,CUST6228,Office Supplies,East,4592.99,0.05,785.83,49,Yes,17.109334006823442
ORD01135,2025-07-29,CUST1379,Clothing,North,1321.74,0.1,186.6,41,Yes,14.117753869898769
ORD01136,2025-10-08,CUST1207,Home,West,167.69,0.19,17.37,56,No,10.358399427515058
ORD01137,2024-03-29,CUST9269,Electronics,West,2968.22,0.12,334.84,22,Yes,11.280834978539326
ORD01138,2025-12-30,CUST9591,Office Supplies,East,2674.02,0.16,361.17,47,Yes,13.506630466488659
ORD01139,2024-02-22,CUST1159,Home,North,3170.79,0.13,370.25,50,Yes,11.67690070928696
ORD01140,2024-05-02,CUST9191,Home,North,406.65,0.1,91.71,45,Yes,22.55256362965695
ORD01141,2025-11-21,CUST9947,Home,East,3816.16,0.23,383.46,54,No,10.048320825122637
ORD01142,2024-04-03,CUST7254,Clothing,South,3795.84,0.34,481.47,46,Yes,12.684148963075367
ORD01143,2024-03-11,CUST8344,Furniture,West,595.07,0.24,125.64,21,Yes,21.113482447443157
ORD01144,2024-04-10,CUST7861,Clothing,North,3415.59,0.18,196.51,64,Yes,5.753325194183142
ORD01145,2025-12-24,CUST2832,Furniture,East,3121.05,0.18,294.12,41,Yes,9.42375162205027
ORD01146,2025-11-27,CUST6697,Clothing,North,3298.49,0.05,864.12,29,Yes,26.197441859760072
ORD01147,2024-05-22,CUST7628,Furniture,South,168.94,0.33,30.21,55,Yes,17.88208831537824
ORD01148,2025-11-14,CUST7221,Office Supplies,South,2213.48,0.05,405.53,30,Yes,18.320924517050074
ORD01149,2025-07-28,CUST6672,Office Supplies,East,1223.32,0.16,241.8,54,Yes,19.76588300689926
ORD01150,2024-05-06,CUST3369,Furniture,North,669.34,0.36,115.14,56,No,17.202019900200195
ORD01151,2025-10-29,CUST1894,Home,East,1701.82,0.08,145.87,35,No,8.57141178267972
ORD01152,2025-05-04,CUST6415,Furniture,East,1670.56,0.08,109.41,59,Yes,6.54930083325352
ORD01153,2025-05-04,CUST7274,Clothing,North,2550.99,0.33,303.45,39,No,11.895381792950973
ORD01154,2024-11-11,CUST6063,Electronics,East,4068.77,0.31,455.51,46,Yes,11.195275230597945
ORD01155,2024-03-31,CUST4043,Clothing,South,3821.3,0.33,482.41,65,Yes,12.624237824824014
ORD01156,2025-04-19,CUST7001,Electronics,North,848.79,0.34,11.31,31,No,1.3324850669776978
ORD01157,2024-08-09,CUST3029,Office Supplies,East,1396.99,0.15,117.48,34,No,8.409509015812569
ORD01158,2024-11-19,CUST8736,Office Supplies,East,412.8,0.33,58.96,34,No,14.282945736434108
ORD01159,2024-10-30,CUST3430,Home,West,380.96,0.18,30.64,27,Yes,8.042839143217135
ORD01160,2025-03-05,CUST7609,Home,North,520.83,0.3,38.83,32,No,7.455407714609373
ORD01161,2024-09-23,CUST3663,Office Supplies,North,4774.85,0.06,498.71,43,Yes,10.444516581672723
ORD01162,2025-07-12,CUST4950,Clothing,North,1251.22,0.15,302.34,41,No,24.16361631048097
ORD01163,2024-09-18,CUST5648,Electronics,South,1690.81,0.21,356.83,44,Yes,21.104086207202467
ORD01164,2024-09-26,CUST6860,Furniture,East,1290.9,0.38,95.6,32,No,7.4056859555348975
ORD01165,2025-11-21,CUST4719,Office Supplies,West,773.5,0.06,182.49,34,Yes,23.592760180995477
ORD01166,2024-02-22,CUST8451,Office Supplies,North,694.43,0.3,91.37,43,No,13.157553677116486
ORD01167,2025-09-06,CUST8889,Furniture,North,3464.13,0.24,398.16,38,No,11.493794978825852
ORD01168,2024-10-05,CUST3766,Home,West,2496.31,0.34,465.65,58,No,18.65353261413847
ORD01169,2025-08-18,CUST3191,Electronics,East,2285.27,0.27,362.63,57,No,15.868146871048062
ORD01170,2024-06-27,CUST8299,Clothing,South,816.35,0.17,97.1,25,No,11.89440803576897
ORD01171,2024-04-25,CUST9395,Furniture,East,2002.22,0.0,276.73,27,No,13.821158514049406
ORD01172,2024-05-03,CUST6126,Clothing,South,3012.54,0.39,390.82,60,Yes,12.973105751292929
ORD01173,2025-11-09,CUST1826,Office Supplies,South,2025.7,0.4,366.56,39,No,18.095473169768475
ORD01174,2024-08-22,CUST2685,Home,North,1716.33,0.26,50.4,47,Yes,2.9364982258656553
ORD01175,2025-12-04,CUST1745,Office Supplies,North,1333.5,0.15,199.69,57,Yes,14.97487814023247
ORD01176,2025-05-20,CUST2183,Home,West,1098.61,0.11,145.67,55,Yes,13.259482436897535
ORD01177,2024-09-15,CUST5217,Electronics,East,304.6,0.16,52.78,34,Yes,17.327642810242942
ORD01178,2025-05-05,CUST7883,Clothing,East,4169.83,0.23,243.84,63,Yes,5.847720410664224
ORD01179,2024-02-11,CUST1486,Electronics,West,4974.5,0.29,178.72,43,No,3.5927228867222833
ORD01180,2024-09-22,CUST8828,Home,East,4503.0,0.16,882.7,61,Yes,19.602487230735065
ORD01181,2024-06-21,CUST8013,Clothing,East,155.97,0.03,30.72,23,Yes,19.696095402962108
ORD01182,2025-03-06,CUST4118,Electronics,South,3043.71,0.28,361.36,33,No,11.872353147967447
ORD01183,2024-08-07,CUST2738,Home,South,2028.62,0.38,81.7,36,No,4.027368358785776
ORD01184,2024-08-21,CUST1514,Clothing,South,525.18,0.11,31.65,56,Yes,6.026505198217754
ORD01185,2025-12-31,CUST6169,Furniture,North,4918.18,0.03,937.58,33,Yes,19.063556030889476
ORD01186,2024-11-29,CUST1885,Electronics,South,1410.56,0.1,302.11,52,No,21.41773480036298
ORD01187,2025-04-21,CUST6978,Electronics,West,4699.58,0.04,1115.78,25,No,23.74212163640155
ORD01188,2024-08-11,CUST3259,Furniture,East,4594.61,0.1,415.46,19,Yes,9.042334387467053
ORD01189,2024-04-20,CUST3624,Electronics,South,384.8,0.01,72.39,24,Yes,18.81237006237006
ORD01190,2024-07-26,CUST6941,Furniture,North,1663.53,0.26,367.19,51,Yes,22.072941275480453
ORD01191,2024-02-13,CUST9025,Clothing,South,1689.84,0.26,372.68,62,Yes,22.054158973630642
ORD01192,2024-03-21,CUST4630,Electronics,West,1899.12,0.08,376.52,18,No,19.826024685117318
ORD01193,2025-06-11,CUST3203,Office Supplies,North,3320.8,0.07,845.54,55,Yes,25.46193688267887
ORD01194,2025-03-05,CUST7625,Clothing,North,2322.62,0.22,270.7,26,Yes,11.654941402381793
ORD01195,2025-06-15,CUST6021,Electronics,North,4953.86,0.03,1020.68,28,Yes,20.603731231807114
ORD01196,2025-01-22,CUST3523,Furniture,South,4140.52,0.14,1006.9,31,Yes,24.318201578545686
ORD01197,2024-06-21,CUST2825,Home,South,3253.63,0.15,696.3,36,Yes,21.400712435034098
ORD01198,2024-06-07,CUST6528,Electronics,West,3729.04,0.07,388.76,32,Yes,10.425203269474181
ORD01199,2025-09-14,CUST2970,Electronics,East,4731.93,0.01,628.31,63,Yes,13.278091603214753
ORD01200,2025-04-24,CUST6408,Furniture,North,4112.47,0.06,1069.43,49,Yes,26.004566598662116
ORD01201,2025-03-11,CUST4294,Office Supplies,West,2618.88,0.24,455.35,53,Yes,17.387203690127077
ORD01202,2024-12-06,CUST7850,Electronics,North,4870.19,0.11,764.57,32,Yes,15.698976836632658
ORD01203,2024-04-11,CUST6071,Clothing,East,1837.07,0.02,343.78,28,Yes,18.713494858660802
ORD01204,2024-01-03,CUST3970,Home,North,951.5,0.28,93.42,42,Yes,9.818181818181818
ORD01205,2025-07-08,CUST4666,Office Supplies,East,817.33,0.32,113.03,27,No,13.829175486033792
ORD01206,2024-03-06,CUST1427,Home,East,2800.88,0.3,126.46,31,No,4.515009568421353
ORD01207,2025-08-31,CUST6765,Furniture,North,1734.17,0.24,326.91,39,Yes,18.85109303009509
ORD01208,2024-01-30,CUST9111,Furniture,North,3647.45,0.22,484.51,25,Yes,13.283526847523614
ORD01209,2025-11-21,CUST4113,Clothing,South,287.56,0.15,69.32,36,Yes,24.106273473362076
ORD01210,2024-06-29,CUST7118,Clothing,West,4999.81,0.25,586.5,38,Yes,11.730445756938762
ORD01211,2025-01-15,CUST4339,Electronics,East,3134.22,0.15,708.6,30,Yes,22.608495893715187
ORD01212,2024-07-30,CUST7018,Electronics,West,4299.99,0.04,784.75,37,Yes,18.25004244195917
ORD01213,2025-10-25,CUST8334,Electronics,North,2767.09,0.23,514.78,52,No,18.60365944006158
ORD01214,2024-06-20,CUST9313,Furniture,West,4011.12,0.3,148.95,29,Yes,3.7134266738467057
ORD01215,2024-08-04,CUST1458,Office Supplies,South,3315.04,0.04,883.43,57,Yes,26.649150538153382
ORD01216,2024-06-09,CUST3531,Clothing,South,2827.48,0.12,591.44,56,No,20.91756617199768
ORD01217,2024-10-12,CUST8291,Electronics,South,3906.8,0.19,304.94,40,No,7.805365004607351
ORD01218,2025-02-25,CUST3260,Furniture,South,1632.34,0.09,332.22,59,No,20.352377568398744
ORD01219,2025-10-06,CUST8590,Home,East,3324.39,0.0,327.94,52,Yes,9.864666901296177
ORD01220,2024-08-14,CUST2779,Furniture,South,2474.85,0.37,101.72,63,Yes,4.11014808978322
ORD01221,2024-06-13,CUST5753,Electronics,West,1609.04,0.04,326.82,53,Yes,20.311490081042113
ORD01222,2024-06-03,CUST2719,Electronics,North,1745.87,0.38,37.19,34,Yes,2.130170058480872
ORD01223,2025-09-12,CUST6877,Home,West,1929.14,0.09,166.1,57,Yes,8.610054221051868
ORD01224,2024-09-07,CUST5336,Electronics,West,2563.88,0.11,597.98,33,No,23.323244457618923
ORD01225,2024-03-31,CUST2615,Clothing,North,1599.57,0.07,221.18,62,Yes,13.827466131522847
ORD01226,2024-02-12,CUST2594,Electronics,West,279.45,0.07,68.58,48,Yes,24.541062801932366
ORD01227,2024-06-01,CUST3287,Clothing,North,4976.76,0.01,1247.53,28,Yes,25.06711193627983
ORD01228,2025-01-27,CUST8330,Furniture,East,2972.7,0.29,236.38,51,Yes,7.951693746425809
ORD01229,2025-04-17,CUST9747,Office Supplies,North,2458.82,0.18,533.21,34,Yes,21.685605290342522
ORD01230,2025-01-19,CUST2280,Office Supplies,West,3301.84,0.23,309.96,21,No,9.387493034186997
ORD01231,2024-12-15,CUST1844,Home,East,4749.42,0.1,645.54,42,Yes,13.591975441211767
ORD01232,2024-02-03,CUST2325,Office Supplies,East,4838.38,0.36,105.96,64,No,2.189989211264927
ORD01233,2024-05-25,CUST7706,Home,North,1612.27,0.11,93.8,38,Yes,5.817884101298169
ORD01234,2025-08-03,CUST6444,Furniture,East,3742.21,0.23,758.12,39,No,20.258617234201182
ORD01235,2025-01-13,CUST6816,Clothing,East,735.48,0.1,124.96,26,Yes,16.990264861043126
ORD01236,2024-08-26,CUST6419,Office Supplies,West,357.55,0.05,45.54,38,Yes,12.736680184589567
ORD01237,2025-10-04,CUST1016,Office Supplies,East,4793.7,0.05,911.03,43,Yes,19.004735381855355
ORD01238,2025-09-21,CUST6782,Electronics,North,2774.56,0.32,258.49,59,Yes,9.316432155008362
ORD01239,2025-03-16,CUST1286,Electronics,South,3262.09,0.02,430.7,21,Yes,13.203191818741972
ORD01240,2024-11-24,CUST6909,Office Supplies,North,4153.4,0.09,334.18,58,Yes,8.04593826744354
ORD01241,2025-01-31,CUST2747,Furniture,West,1356.49,0.02,316.31,23,No,23.318269946700674
ORD01242,2024-12-11,CUST3499,Clothing,West,1387.37,0.18,273.1,41,No,19.684727217685264
ORD01243,2025-08-03,CUST6633,Electronics,North,4418.18,0.22,199.87,42,Yes,4.523808446011706
ORD01244,2024-04-23,CUST7450,Clothing,North,1220.84,0.05,315.19,60,Yes,25.817469938730714
ORD01245,2025-08-30,CUST9509,Electronics,South,2777.62,0.38,506.88,56,Yes,18.24871652709874
ORD01246,2024-10-17,CUST1068,Home,North,3903.06,0.33,608.97,22,Yes,15.602373522313261
ORD01247,2025-02-18,CUST2992,Furniture,East,293.49,0.35,47.82,52,Yes,16.293570479403048
ORD01248,2025-09-12,CUST3677,Office Supplies,West,282.86,0.25,61.59,52,No,21.774022484621366
ORD01249,2025-08-06,CUST6888,Furniture,North,2987.81,0.01,713.96,44,Yes,23.89576311746731
ORD01250,2024-07-11,CUST3754,Home,North,2977.72,0.36,77.41,60,Yes,2.5996399930147898
ORD01251,2025-05-29,CUST2102,Home,South,2355.61,0.1,181.78,38,Yes,7.716897109453602
ORD01252,2025-04-11,CUST9382,Home,West,4274.14,0.31,96.51,47,Yes,2.257998100202614
ORD01253,2025-08-20,CUST9617,Clothing,North,2604.4,0.17,437.41,34,Yes,16.795039164490863
ORD01254,2024-07-27,CUST2152,Electronics,South,1498.08,0.31,194.48,41,Yes,12.981950229627257
ORD01255,2025-04-16,CUST3966,Furniture,North,1167.53,0.01,273.61,55,No,23.434943855832397
ORD01256,2025-09-24,CUST9370,Office Supplies,East,979.33,0.24,79.49,54,Yes,8.116773712640274
ORD01257,2024-03-03,CUST8650,Office Supplies,West,1678.24,0.07,177.21,52,Yes,10.55927638478406
ORD01258,2025-10-28,CUST7963,Furniture,West,3448.03,0.35,504.84,55,No,14.641403932100358
ORD01259,2025-09-23,CUST6493,Clothing,South,4873.96,0.39,89.17,59,No,1.8295185024087188
ORD01260,2024-01-25,CUST3899,Clothing,South,541.75,0.18,93.11,23,Yes,17.18689432395016
ORD01261,2025-01-26,CUST1531,Clothing,West,2883.3,0.34,283.47,41,Yes,9.831443138070961
ORD01262,2025-09-30,CUST5532,Clothing,East,4602.67,0.24,183.03,52,Yes,3.9766048836870773
ORD01263,2025-05-10,CUST5482,Home,East,2774.97,0.13,553.74,46,No,19.954810322273755
ORD01264,2025-02-09,CUST6612,Home,East,4028.62,0.14,695.43,55,Yes,17.262238682228652
ORD01265,2025-04-26,CUST5777,Office Supplies,North,1482.59,0.1,277.51,40,Yes,18.71791931687115
ORD01266,2025-03-11,CUST2250,Electronics,East,2088.62,0.05,423.05,53,No,20.255000909691567
ORD01267,2024-04-27,CUST4963,Home,South,669.36,0.08,71.21,33,Yes,10.638520377674194
ORD01268,2025-10-19,CUST6765,Office Supplies,North,3468.92,0.11,289.83,38,Yes,8.355049986739388
ORD01269,2025-02-07,CUST4914,Office Supplies,North,182.62,0.22,34.82,63,Yes,19.06691490526777
ORD01270,2025-09-10,CUST1535,Furniture,West,2674.57,0.24,291.98,56,Yes,10.91689505228878
ORD01271,2024-12-13,CUST6156,Clothing,North,1112.56,0.07,177.48,41,Yes,15.95239807291292
ORD01272,2024-05-05,CUST8432,Clothing,North,375.96,0.17,55.29,48,Yes,14.706351739546761
ORD01273,2024-10-05,CUST5462,Electronics,West,4055.76,0.28,188.08,42,Yes,4.637355267570073
ORD01274,2025-01-20,CUST3950,Office Supplies,West,3231.25,0.38,33.93,33,Yes,1.0500580270793036
ORD01275,2024-08-18,CUST4734,Clothing,South,625.95,0.14,46.47,41,Yes,7.423915648214713
ORD01276,2024-04-28,CUST7958,Office Supplies,South,1712.26,0.21,295.86,60,Yes,17.278917921343723
ORD01277,2025-05-14,CUST3416,Office Supplies,North,243.28,0.33,46.26,53,Yes,19.015126603091087
ORD01278,2025-02-18,CUST6452,Electronics,North,1986.21,0.21,177.85,24,Yes,8.954239481223032
ORD01279,2024-05-01,CUST4467,Furniture,South,328.13,0.19,48.59,53,Yes,14.808155304300127
ORD01280,2025-07-31,CUST6618,Home,South,1377.0,0.09,351.39,45,Yes,25.51851851851852
ORD01281,2025-10-10,CUST2527,Clothing,East,938.24,0.35,87.25,25,Yes,9.299326398362892
ORD01282,2024-10-26,CUST2654,Furniture,West,2026.14,0.26,113.2,29,Yes,5.586978194991461
ORD01283,2024-02-04,CUST4161,Furniture,South,2804.56,0.08,433.39,65,Yes,15.4530478934307
ORD01284,2025-10-28,CUST4612,Furniture,East,803.46,0.23,103.81,42,Yes,12.920369402334902
ORD01285,2025-12-07,CUST7043,Furniture,North,2579.47,0.07,608.92,63,Yes,23.606399764292664
ORD01286,2025-03-11,CUST1621,Furniture,East,539.75,0.2,106.14,44,No,19.664659564613245
ORD01287,2024-04-30,CUST6634,Electronics,South,2859.18,0.0,708.1,36,Yes,24.76584195468631
ORD01288,2025-08-04,CUST6468,Furniture,North,1579.77,0.4,82.39,60,Yes,5.215316153617299
ORD01289,2024-01-25,CUST4253,Furniture,East,183.93,0.37,21.93,63,No,11.923014190181046
ORD01290,2025-02-20,CUST5651,Furniture,East,4530.33,0.04,398.87,37,Yes,8.804435879946935
ORD01291,2025-06-27,CUST2213,Office Supplies,South,1592.88,0.18,325.88,30,Yes,20.458540505248354
ORD01292,2024-06-19,CUST5165,Furniture,North,3651.25,0.2,571.6,51,Yes,15.65491270112975
ORD01293,2025-06-11,CUST2889,Home,South,1888.55,0.01,447.03,44,Yes,23.670540891159884
ORD01294,2024-11-23,CUST4703,Office Supplies,East,2725.34,0.28,145.08,23,No,5.32337249664262
ORD01295,2025-09-04,CUST5457,Clothing,East,2187.8,0.23,474.36,38,No,21.68205503245269
ORD01296,2024-07-30,CUST4608,Home,West,477.03,0.36,66.86,46,Yes,14.015889985954763
ORD01297,2024-05-18,CUST4606,Furniture,West,717.72,0.01,154.29,58,No,21.49724126400267
ORD01298,2025-08-27,CUST1494,Home,South,1779.02,0.24,268.7,50,Yes,15.103821204933052
ORD01299,2024-01-09,CUST9212,Home,West,205.78,0.07,44.62,20,Yes,21.68335115171542
ORD01300,2024-07-09,CUST3703,Clothing,East,3460.32,0.26,556.33,38,No,16.077414805567116
ORD01301,2025-03-07,CUST7260,Clothing,East,1454.93,0.22,159.73,38,Yes,10.978535049796209
ORD01302,2025-09-10,CUST2386,Office Supplies,North,1067.38,0.07,84.1,58,No,7.879105847964173
ORD01303,2025-03-13,CUST8834,Furniture,South,2420.8,0.33,183.43,20,Yes,7.577247191011235
ORD01304,2024-10-01,CUST5669,Clothing,East,4683.04,0.13,928.31,34,Yes,19.822807407154325
ORD01305,2025-08-15,CUST6498,Office Supplies,East,733.02,0.35,130.52,33,No,17.805789746528063
ORD01306,2024-04-22,CUST5265,Office Supplies,West,2289.49,0.34,232.2,21,No,10.141996689218997
ORD01307,2025-06-22,CUST6598,Electronics,South,2272.29,0.22,375.43,35,Yes,16.522098851819088
ORD01308,2024-08-23,CUST1135,Electronics,North,3363.52,0.16,452.74,65,No,13.46030349158025
ORD01309,2024-07-06,CUST7601,Office Supplies,South,1230.93,0.38,72.12,34,No,5.858984670127464
ORD01310,2024-10-24,CUST5409,Electronics,East,1921.21,0.28,188.88,18,No,9.831304230146626
ORD01311,2025-02-19,CUST6494,Home,South,3899.03,0.34,237.96,23,Yes,6.103056401207479
ORD01312,2024-04-23,CUST3101,Office Supplies,North,4659.57,0.27,796.68,41,No,17.09771502520619
ORD01313,2025-04-05,CUST9187,Home,East,1559.78,0.39,214.78,18,No,13.769890625601047
ORD01314,2024-07-02,CUST2254,Electronics,East,4225.22,0.35,837.75,42,Yes,19.827369935766654
ORD01315,2024-10-05,CUST9226,Electronics,West,2121.31,0.02,266.32,21,Yes,12.554506413489777
ORD01316,2024-11-08,CUST7588,Electronics,South,3637.67,0.24,629.78,33,No,17.312730401603226
ORD01317,2025-02-26,CUST3865,Furniture,North,4035.15,0.12,1005.85,53,Yes,24.927202210574574
ORD01318,2024-01-25,CUST4025,Clothing,South,3692.23,0.22,122.59,28,Yes,3.3202156962052745
ORD01319,2024-12-09,CUST8524,Furniture,South,437.82,0.31,36.39,31,No,8.31163491845964
ORD01320,2024-01-17,CUST5844,Home,East,1753.2,0.25,68.2,39,Yes,3.8900296600501942
ORD01321,2024-11-22,CUST1855,Home,West,809.01,0.4,97.29,25,Yes,12.025809322505285
ORD01322,2024-01-20,CUST4861,Electronics,South,606.61,0.22,137.48,30,No,22.663655396383177
ORD01323,2024-08-02,CUST9062,Clothing,North,4250.56,0.02,679.3,27,No,15.981423624181282
ORD01324,2025-07-28,CUST3603,Clothing,West,2698.49,0.39,387.03,18,No,14.342465601132485
ORD01325,2025-11-17,CUST5832,Home,East,2340.46,0.36,289.65,42,No,12.375772284080906
ORD01326,2025-05-31,CUST6175,Office Supplies,North,3378.85,0.39,651.13,54,Yes,19.27075780221081
ORD01327,2025-11-11,CUST3535,Electronics,South,2948.5,0.06,518.09,37,Yes,17.571307444463287
ORD01328,2025-09-07,CUST6530,Electronics,North,2823.06,0.03,757.28,36,Yes,26.82479295516213
ORD01329,2025-04-11,CUST4285,Electronics,South,1357.26,0.24,303.75,60,Yes,22.37964723044958
ORD01330,2024-06-21,CUST7738,Clothing,South,1589.79,0.3,53.68,46,Yes,3.376546587914127
ORD01331,2024-12-09,CUST6334,Electronics,East,2597.46,0.35,112.22,61,Yes,4.3203745197231145
ORD01332,2025-05-23,CUST9327,Clothing,South,993.84,0.12,179.94,37,Yes,18.10553006520164
ORD01333,2024-09-20,CUST8542,Electronics,North,3077.21,0.37,425.99,58,Yes,13.843384104432262
ORD01334,2024-03-06,CUST2547,Home,East,2856.33,0.35,310.55,45,Yes,10.872343181635175
ORD01335,2025-05-25,CUST2198,Electronics,East,1665.7,0.39,47.15,61,No,2.8306417722278923
ORD01336,2025-11-21,CUST1021,Clothing,East,1013.33,0.34,96.31,30,Yes,9.504307579959145
ORD01337,2024-02-21,CUST2826,Electronics,East,4967.33,0.31,894.97,24,No,18.0171238874808
ORD01338,2025-07-24,CUST4003,Clothing,South,4080.84,0.35,524.75,29,No,12.858872192979875
ORD01339,2024-03-27,CUST5470,Electronics,East,1978.27,0.29,425.77,58,Yes,21.52234022656159
ORD01340,2025-09-17,CUST3781,Furniture,West,2479.7,0.28,488.66,21,Yes,19.706416098721622
ORD01341,2024-04-10,CUST1416,Home,West,492.81,0.11,85.29,49,Yes,17.3068728313143
ORD01342,2024-06-27,CUST7296,Office Supplies,South,281.97,0.32,6.2,62,No,2.1988154768237753
ORD01343,2024-05-18,CUST7886,Furniture,North,1955.68,0.24,121.89,30,No,6.232614742698192
ORD01344,2025-03-14,CUST2613,Clothing,South,1063.04,0.07,111.22,37,No,10.46244732089103
ORD01345,2025-01-02,CUST4477,Clothing,North,1231.62,0.15,199.57,26,Yes,16.203861580682354
ORD01346,2024-10-05,CUST5242,Electronics,North,4065.46,0.35,127.97,42,Yes,3.1477372794222545
ORD01347,2024-08-02,CUST6458,Office Supplies,South,1794.97,0.17,161.57,43,Yes,9.001264645091561
ORD01348,2025-09-21,CUST5313,Electronics,North,2124.1,0.08,532.02,56,Yes,25.04684336895626
ORD01349,2025-02-20,CUST2094,Office Supplies,West,2547.39,0.39,375.15,49,Yes,14.726838057776783
ORD01350,2025-10-08,CUST5043,Furniture,West,247.14,0.01,34.89,44,No,14.117504248604032
ORD01351,2025-08-07,CUST9516,Furniture,West,3737.37,0.25,638.99,57,No,17.097317097317095
ORD01352,2025-10-18,CUST7891,Clothing,South,4370.05,0.11,446.28,22,Yes,10.212240134552236
ORD01353,2025-07-17,CUST4220,Office Supplies,South,4221.66,0.33,210.38,40,No,4.983347782625792
ORD01354,2024-02-28,CUST1294,Office Supplies,North,3227.37,0.4,160.82,54,Yes,4.983004737603683
ORD01355,2024-01-28,CUST2433,Electronics,West,4412.77,0.08,1078.45,64,Yes,24.439297765349203
ORD01356,2025-10-13,CUST2295,Furniture,East,1320.36,0.01,252.51,48,Yes,19.124329728255933
ORD01357,2024-06-10,CUST9423,Furniture,East,850.83,0.37,70.74,60,No,8.314234335883782
ORD01358,2025-10-18,CUST6990,Clothing,North,2239.59,0.13,262.87,41,Yes,11.737416223505194
ORD01359,2025-01-01,CUST6407,Furniture,West,4782.5,0.27,108.75,52,No,2.2739153162571877
ORD01360,2025-03-30,CUST1032,Clothing,East,521.97,0.36,59.07,62,No,11.31674234151388
ORD01361,2025-08-15,CUST7432,Home,East,4435.89,0.32,516.54,63,Yes,11.644562872388628
ORD01362,2024-02-20,CUST4711,Electronics,East,3144.19,0.01,834.41,31,Yes,26.538154500841234
ORD01363,2025-11-23,CUST9216,Electronics,West,2699.88,0.03,311.41,19,Yes,11.53421633554084
ORD01364,2025-07-01,CUST8731,Clothing,East,4606.02,0.21,431.64,56,Yes,9.37121419359881
ORD01365,2025-05-12,CUST9085,Furniture,South,1649.58,0.08,287.57,23,Yes,17.432922319620754
ORD01366,2025-09-23,CUST4902,Furniture,East,4776.65,0.02,756.06,43,Yes,15.82824783059257
ORD01367,2025-08-09,CUST3654,Home,North,3152.33,0.06,236.3,43,Yes,7.496042609752152
ORD01368,2025-06-08,CUST2292,Office Supplies,West,1775.96,0.38,8.08,43,Yes,0.45496520191896217
ORD01369,2025-11-27,CUST8575,Clothing,North,4163.05,0.03,901.27,39,Yes,21.649271567720778
ORD01370,2025-12-14,CUST5664,Electronics,North,4497.16,0.37,426.56,19,Yes,9.48509726138274
ORD01371,2025-10-24,CUST2159,Furniture,West,1575.12,0.3,175.82,19,Yes,11.162324140382955
ORD01372,2024-02-08,CUST7550,Office Supplies,North,2409.32,0.13,399.82,54,No,16.594723822489332
ORD01373,2025-02-07,CUST1797,Electronics,East,4182.88,0.33,362.42,42,Yes,8.664365222047968
ORD01374,2024-10-29,CUST2159,Furniture,West,2384.61,0.05,288.92,19,No,12.116027358771456
ORD01375,2024-05-21,CUST4701,Home,West,4310.56,0.12,483.51,30,Yes,11.216872053747077
ORD01376,2025-07-11,CUST5284,Clothing,North,4067.66,0.17,959.24,32,Yes,23.582108632481575
ORD01377,2024-12-29,CUST2842,Office Supplies,West,4646.03,0.35,323.96,35,No,6.9728348719229105
ORD01378,2024-01-20,CUST2501,Office Supplies,North,2558.64,0.23,550.57,31,Yes,21.518072100803554
ORD01379,2025-12-21,CUST7199,Furniture,South,4021.65,0.21,190.82,56,Yes,4.744818668954285
ORD01380,2024-08-22,CUST3124,Home,South,4318.12,0.07,654.01,50,No,15.14571155966022
ORD01381,2024-04-15,CUST6584,Office Supplies,North,3004.08,0.38,477.56,40,No,15.897046683177546
ORD01382,2024-07-03,CUST6907,Electronics,South,4909.92,0.25,264.33,52,Yes,5.383590771336396
ORD01383,2024-01-24,CUST9346,Electronics,West,3821.88,0.05,769.22,58,No,20.126743906140433
ORD01384,2024-05-31,CUST4779,Office Supplies,North,3965.19,0.26,683.35,43,No,17.23372650490897
ORD01385,2025-07-03,CUST7127,Electronics,East,580.62,0.07,121.42,20,Yes,20.912128414453516
ORD01386,2025-04-14,CUST5351,Office Supplies,East,4838.86,0.18,599.64,23,Yes,12.39217501642949
ORD01387,2025-05-23,CUST4762,Home,East,2121.94,0.28,79.52,53,Yes,3.747514067315758
ORD01388,2024-03-17,CUST2731,Office Supplies,East,4541.71,0.02,1043.64,44,No,22.979010108527405
ORD01389,2025-06-20,CUST8522,Clothing,South,1030.91,0.28,23.29,59,Yes,2.2591690836251463
ORD01390,2025-07-25,CUST3968,Clothing,South,367.38,0.32,27.26,18,Yes,7.420109967880668
ORD01391,2025-09-21,CUST4541,Office Supplies,South,3369.03,0.29,352.77,65,No,10.470966420601775
ORD01392,2025-06-11,CUST2394,Office Supplies,West,1262.8,0.38,108.03,39,Yes,8.55479885967691
ORD01393,2025-05-11,CUST6038,Electronics,East,3667.63,0.39,681.98,47,Yes,18.59456924498927
ORD01394,2024-03-27,CUST1654,Clothing,East,4267.37,0.24,954.99,54,Yes,22.378889104999097
ORD01395,2024-10-04,CUST4968,Electronics,North,2881.95,0.04,492.42,22,Yes,17.086347785353666
ORD01396,2025-12-13,CUST1745,Furniture,East,4581.01,0.31,171.15,29,No,3.7360756689027093
ORD01397,2025-12-27,CUST2839,Furniture,South,4716.51,0.1,647.03,64,Yes,13.718406194410695
ORD01398,2024-08-01,CUST4795,Electronics,North,3656.24,0.12,647.43,48,Yes,17.707535610353805
ORD01399,2024-10-24,CUST7696,Clothing,East,4917.51,0.27,506.1,53,No,10.291794017704083
ORD01400,2025-05-15,CUST3408,Clothing,South,4694.4,0.28,951.73,65,Yes,20.273730402181325
ORD01401,2024-08-20,CUST6597,Electronics,South,1961.32,0.35,49.93,61,Yes,2.545734505333143
ORD01402,2025-10-29,CUST3098,Office Supplies,South,610.12,0.35,73.27,41,No,12.009112961384645
ORD01403,2025-07-06,CUST6211,Furniture,South,3595.61,0.18,164.5,18,No,4.575023431351009
ORD01404,2024-11-04,CUST4492,Furniture,North,4399.44,0.1,383.94,25,Yes,8.727019802520323
ORD01405,2025-04-15,CUST9871,Electronics,North,1824.81,0.07,480.74,19,Yes,26.344660540001424
ORD01406,2025-01-07,CUST7499,Office Supplies,North,2614.51,0.33,337.04,30,Yes,12.89113447644109
ORD01407,2025-07-03,CUST8728,Home,South,3172.22,0.09,778.55,45,No,24.54274924185586
ORD01408,2024-02-26,CUST1858,Clothing,North,3446.16,0.22,616.62,52,Yes,17.892959119715858
ORD01409,2025-04-18,CUST4486,Electronics,East,2816.84,0.03,580.42,62,Yes,20.605359196830488
ORD01410,2025-09-29,CUST3469,Furniture,North,2039.34,0.03,492.11,64,Yes,24.130846254180273
ORD01411,2025-03-12,CUST9373,Furniture,South,3890.91,0.03,485.24,43,Yes,12.47111858151435
ORD01412,2024-07-13,CUST3549,Electronics,South,2103.43,0.28,438.45,24,No,20.844525370466336
ORD01413,2025-11-11,CUST9304,Electronics,South,2965.99,0.39,73.98,34,Yes,2.494276784480056
ORD01414,2024-02-05,CUST2896,Home,East,1001.08,0.09,90.01,19,No,8.991289407439965
ORD01415,2025-07-20,CUST6981,Clothing,West,4607.35,0.09,471.85,19,Yes,10.241244967280542
ORD01416,2024-05-13,CUST8402,Electronics,West,3161.79,0.38,573.97,39,Yes,18.153324540845535
ORD01417,2025-07-24,CUST6183,Office Supplies,South,885.17,0.18,65.54,56,Yes,7.4042274365376155
ORD01418,2024-05-10,CUST2639,Furniture,North,1525.85,0.21,353.23,44,No,23.14971982829243
ORD01419,2025-05-03,CUST3461,Furniture,South,2441.08,0.23,527.04,43,Yes,21.590443574155703
ORD01420,2025-03-04,CUST5677,Furniture,North,316.77,0.36,28.37,60,Yes,8.956024876093064
ORD01421,2024-07-09,CUST5882,Home,South,3346.39,0.1,510.95,39,No,15.268692531354683
ORD01422,2025-06-17,CUST3929,Home,South,2110.07,0.25,391.73,58,Yes,18.564786950195963
ORD01423,2025-01-06,CUST1491,Office Supplies,South,1620.81,0.08,352.2,48,No,21.72987580283932
ORD01424,2024-07-26,CUST9227,Furniture,East,309.2,0.05,43.53,63,Yes,14.078266494178527
ORD01425,2025-09-19,CUST6325,Home,West,3310.68,0.01,787.27,26,No,23.779706888010924
ORD01426,2024-06-08,CUST1889,Furniture,West,1254.09,0.32,261.46,57,Yes,20.848583435000677
ORD01427,2025-02-05,CUST9011,Electronics,West,2568.15,0.28,477.59,25,Yes,18.596655179798685
ORD01428,2025-03-04,CUST9631,Electronics,West,1228.65,0.35,126.99,27,No,10.335734342571113
ORD01429,2024-07-20,CUST4233,Office Supplies,East,3521.14,0.31,578.59,48,Yes,16.43189421607775
ORD01430,2025-11-03,CUST6205,Clothing,North,597.48,0.33,36.07,35,No,6.037022159737564
ORD01431,2024-05-14,CUST4040,Furniture,West,1951.89,0.04,408.79,27,Yes,20.943290861677653
ORD01432,2024-03-01,CUST8693,Office Supplies,East,1460.46,0.06,289.01,25,Yes,19.78897059830464
ORD01433,2025-12-08,CUST5584,Furniture,North,1335.71,0.16,140.3,46,Yes,10.503777017466366
ORD01434,2024-09-17,CUST8862,Electronics,South,3729.57,0.24,337.04,22,No,9.036966728067847
ORD01435,2024-04-01,CUST1577,Clothing,West,223.52,0.26,35.85,29,Yes,16.038833214030067
ORD01436,2025-08-14,CUST9878,Office Supplies,North,1393.87,0.32,43.52,44,No,3.1222423898928886
ORD01437,2024-06-04,CUST9140,Furniture,West,673.32,0.32,70.41,22,No,10.457137765104259
ORD01438,2025-03-13,CUST4889,Home,West,716.99,0.26,128.35,50,Yes,17.90122595852104
ORD01439,2025-11-04,CUST7972,Home,West,1525.98,0.08,264.81,36,Yes,17.353438446113316
ORD01440,2024-12-18,CUST7080,Home,East,2383.95,0.15,506.47,37,Yes,21.244992554374047
ORD01441,2024-11-23,CUST5763,Furniture,West,1283.79,0.17,183.55,39,No,14.297509717321368
ORD01442,2025-05-25,CUST8142,Office Supplies,West,1196.95,0.14,163.26,18,Yes,13.639667488199173
ORD01443,2024-03-13,CUST8453,Furniture,East,2239.41,0.21,299.57,27,Yes,13.377184169044526
ORD01444,2024-03-02,CUST9044,Furniture,South,283.57,0.19,51.86,39,No,18.28825334132666
ORD01445,2024-01-01,CUST2785,Office Supplies,East,3195.55,0.08,438.05,65,Yes,13.708125361831296
ORD01446,2025-01-06,CUST4437,Office Supplies,North,1869.28,0.02,347.56,21,Yes,18.593255157065823
ORD01447,2025-06-11,CUST9859,Home,South,3766.62,0.08,550.76,24,Yes,14.622128061763599
ORD01448,2024-03-08,CUST9996,Office Supplies,North,172.68,0.13,11.72,53,Yes,6.787120685661339
ORD01449,2025-09-21,CUST1204,Office Supplies,West,1013.54,0.0,190.86,51,Yes,18.83102788247134
ORD01450,2024-08-03,CUST6709,Home,West,584.82,0.31,113.22,49,No,19.35980301631271
ORD01451,2025-02-17,CUST6478,Electronics,South,273.72,0.26,43.6,58,No,15.928686248721318
ORD01452,2025-04-22,CUST1697,Electronics,East,635.97,0.38,41.89,56,Yes,6.586788685000864
ORD01453,2024-11-05,CUST6273,Electronics,North,2530.01,0.11,475.8,57,Yes,18.806249777668864
ORD01454,2025-05-07,CUST4663,Furniture,South,4949.49,0.14,821.2,23,Yes,16.591608428343125
ORD01455,2024-08-18,CUST4525,Furniture,West,836.86,0.26,24.77,41,Yes,2.9598738140190712
ORD01456,2024-06-03,CUST5097,Office Supplies,North,2285.09,0.37,186.99,36,Yes,8.183047494847031
ORD01457,2024-10-14,CUST6170,Clothing,East,3184.08,0.04,594.48,24,Yes,18.670385166201857
ORD01458,2025-08-13,CUST4787,Clothing,North,2982.38,0.03,634.86,37,No,21.287025798188026
ORD01459,2024-09-18,CUST7192,Clothing,South,3625.03,0.27,710.94,62,No,19.61197562502931
ORD01460,2025-07-05,CUST6905,Clothing,North,2071.15,0.37,36.69,50,Yes,1.771479612775511
ORD01461,2025-01-21,CUST5041,Office Supplies,West,3692.4,0.32,140.65,46,Yes,3.809175603943235
ORD01462,2024-03-08,CUST3333,Clothing,North,2901.5,0.1,635.06,19,Yes,21.887299672583143
ORD01463,2024-06-24,CUST8708,Home,South,4868.14,0.18,727.39,62,Yes,14.941846372536533
ORD01464,2024-05-03,CUST2101,Office Supplies,North,3065.65,0.19,202.74,58,No,6.6132794024105825
ORD01465,2025-07-31,CUST4001,Clothing,East,1022.4,0.15,224.08,51,Yes,21.917057902973397
ORD01466,2024-10-20,CUST5849,Office Supplies,East,1228.73,0.38,195.23,26,Yes,15.888763194517916
ORD01467,2025-09-09,CUST1279,Furniture,East,3361.02,0.11,534.8,30,Yes,15.911836287793585
ORD01468,2024-05-08,CUST4071,Furniture,West,1023.82,0.24,73.63,32,Yes,7.191693852434998
ORD01469,2025-03-28,CUST3414,Home,East,4080.54,0.36,204.3,29,No,5.006690290990899
ORD01470,2024-09-23,CUST8256,Home,North,2555.07,0.02,674.98,27,No,26.41728015279425
ORD01471,2024-07-18,CUST1137,Electronics,North,2705.07,0.02,734.69,63,Yes,27.159740783048132
ORD01472,2024-04-20,CUST1567,Office Supplies,East,4555.64,0.15,414.89,40,No,9.107172647531412
ORD01473,2025-12-06,CUST7342,Clothing,East,4796.3,0.24,774.91,47,Yes,16.156412234430707
ORD01474,2025-02-09,CUST8764,Furniture,East,3638.72,0.08,790.41,37,No,21.722199015038253
ORD01475,2025-05-13,CUST2013,Office Supplies,West,3583.09,0.2,334.25,30,No,9.328540449723562
ORD01476,2025-10-03,CUST3223,Clothing,South,1401.45,0.22,254.58,43,Yes,18.165471475971316
ORD01477,2025-06-02,CUST5816,Furniture,East,3798.94,0.19,319.11,28,Yes,8.399974729793048
ORD01478,2025-09-07,CUST6615,Clothing,North,1103.88,0.19,201.67,40,Yes,18.26919592709352
ORD01479,2024-06-23,CUST2800,Office Supplies,West,3350.3,0.27,246.63,31,Yes,7.361430319672864
ORD01480,2024-02-06,CUST7623,Furniture,South,3910.73,0.04,957.09,57,No,24.473435905828325
ORD01481,2025-11-28,CUST6773,Electronics,North,4190.57,0.03,523.04,40,Yes,12.481356951440974
ORD01482,2024-05-29,CUST1504,Electronics,North,151.47,0.17,10.26,30,Yes,6.7736185383244205
ORD01483,2025-09-17,CUST2659,Electronics,North,3458.69,0.2,435.43,24,Yes,12.589448606264222
ORD01484,2024-12-08,CUST2572,Electronics,South,698.8,0.3,96.42,37,No,13.797939324556383
ORD01485,2024-04-29,CUST1200,Office Supplies,South,2429.6,0.01,635.0,43,No,26.13598946328614
ORD01486,2024-06-19,CUST2462,Home,West,489.97,0.09,82.26,35,Yes,16.78878298671347
ORD01487,2024-08-28,CUST2831,Electronics,South,1318.45,0.29,68.22,51,Yes,5.174257651029618
ORD01488,2025-12-25,CUST3812,Electronics,North,3544.72,0.3,663.55,36,Yes,18.719391094360063
ORD01489,2024-12-04,CUST5844,Home,East,3817.69,0.01,819.94,31,Yes,21.477385539423054
ORD01490,2025-06-08,CUST5534,Clothing,East,2781.59,0.26,92.3,26,Yes,3.3182460391358894
ORD01491,2024-08-03,CUST4308,Clothing,West,1152.27,0.37,19.91,48,No,1.727893636040164
ORD01492,2025-05-13,CUST3954,Office Supplies,South,295.24,0.36,36.55,47,Yes,12.379758840265545
ORD01493,2025-04-14,CUST8879,Home,North,2897.24,0.14,599.36,19,Yes,20.687274785658076
ORD01494,2024-02-03,CUST2535,Furniture,East,1351.84,0.25,64.26,64,No,4.753521126760564
ORD01495,2025-01-02,CUST8219,Home,West,1872.45,0.38,275.28,43,Yes,14.70159416806857
ORD01496,2025-08-06,CUST6774,Office Supplies,North,2347.81,0.24,452.68,32,No,19.28094692500671
ORD01497,2025-01-26,CUST6575,Electronics,East,2124.7,0.25,197.82,33,Yes,9.310490892831929
ORD01498,2024-08-02,CUST9065,Office Supplies,South,898.23,0.06,185.37,36,Yes,20.637253264754015
ORD01499,2025-08-17,CUST1255,Office Supplies,West,1784.82,0.39,78.6,25,No,4.403805425757219
ORD01500,2025-05-20,CUST7975,Office Supplies,North,3872.94,0.26,345.17,20,Yes,8.912350823921878
ORD01501,2025-12-06,CUST5257,Electronics,West,408.55,0.26,40.2,39,No,9.83967690613144
ORD01502,2025-01-17,CUST2501,Home,South,801.13,0.03,186.9,28,Yes,23.329547014841538
ORD01503,2025-06-06,CUST2134,Furniture,South,2057.71,0.15,243.3,63,No,11.823823570862755
ORD01504,2025-11-10,CUST4581,Home,North,262.23,0.15,32.24,33,No,12.294550585363993
ORD01505,2024-09-20,CUST8185,Home,North,4933.89,0.23,641.74,46,Yes,13.006775586808786
ORD01506,2025-01-27,CUST1736,Electronics,North,3722.95,0.19,468.82,56,Yes,12.592702023932635
ORD01507,2025-07-06,CUST3149,Clothing,North,402.21,0.02,54.55,44,Yes,13.562566818328733
ORD01508,2025-09-01,CUST7239,Office Supplies,South,1428.96,0.27,295.43,20,Yes,20.674476542380475
ORD01509,2024-08-09,CUST2344,Office Supplies,South,592.0,0.39,93.61,22,No,15.812499999999998
ORD01510,2024-04-16,CUST3886,Furniture,North,3781.41,0.09,634.55,32,Yes,16.780777540652824
ORD01511,2024-12-09,CUST8544,Office Supplies,North,4686.95,0.09,715.12,54,No,15.257683568205337
ORD01512,2025-08-06,CUST2174,Clothing,North,998.76,0.05,93.99,32,No,9.410669229845007
ORD01513,2025-10-08,CUST5103,Office Supplies,North,1503.56,0.08,284.36,55,Yes,18.912447790577033
ORD01514,2025-10-29,CUST9690,Furniture,West,4372.66,0.22,315.92,23,Yes,7.224892856979505
ORD01515,2025-12-29,CUST2478,Clothing,North,4259.66,0.08,430.3,58,Yes,10.101745209711574
ORD01516,2025-01-21,CUST2989,Office Supplies,West,2009.01,0.21,341.35,19,Yes,16.990955744371607
ORD01517,2025-03-10,CUST2040,Clothing,South,549.33,0.39,7.71,41,No,1.4035279340287259
ORD01518,2025-01-22,CUST3919,Clothing,West,1337.85,0.19,288.28,60,Yes,21.54800612923721
ORD01519,2024-11-24,CUST1118,Home,South,3372.8,0.22,425.76,28,No,12.62333965844402
ORD01520,2025-12-22,CUST4193,Clothing,North,4129.07,0.16,343.08,28,No,8.308892801526737
ORD01521,2024-05-06,CUST1343,Clothing,East,1028.95,0.23,217.55,45,Yes,21.142912677972692
ORD01522,2024-06-05,CUST7303,Clothing,West,4694.54,0.27,119.55,27,Yes,2.5465753833176414
ORD01523,2024-02-10,CUST5878,Home,South,1246.3,0.3,76.87,59,Yes,6.167856856294632
ORD01524,2025-05-07,CUST3495,Office Supplies,West,400.72,0.26,74.56,19,Yes,18.606508285086843
ORD01525,2025-08-10,CUST7982,Furniture,South,3816.7,0.32,49.31,43,Yes,1.291953782063039
ORD01526,2024-08-12,CUST6985,Office Supplies,North,4909.73,0.13,815.98,59,Yes,16.619651182447917
ORD01527,2024-12-04,CUST5172,Office Supplies,North,573.29,0.22,98.16,24,Yes,17.122224354166306
ORD01528,2025-07-22,CUST9982,Furniture,South,2580.0,0.3,316.76,61,Yes,12.27751937984496
ORD01529,2024-07-26,CUST6541,Furniture,East,1687.32,0.05,342.25,27,Yes,20.28364507028898
ORD01530,2025-07-14,CUST6318,Clothing,East,2182.45,0.25,404.29,46,No,18.52459391967743
ORD01531,2024-10-29,CUST4619,Office Supplies,West,2642.19,0.26,389.39,21,No,14.737395872363454
ORD01532,2024-10-24,CUST3072,Home,South,272.86,0.02,42.8,60,Yes,15.685699626181924
ORD01533,2024-06-13,CUST7252,Office Supplies,East,2644.76,0.25,443.3,25,No,16.761445272917012
ORD01534,2024-05-01,CUST1744,Furniture,North,2719.44,0.4,309.86,22,No,11.394257641279088
ORD01535,2025-12-23,CUST4070,Home,South,4021.03,0.26,404.26,52,Yes,10.053642972074318
ORD01536,2024-02-10,CUST2144,Office Supplies,East,3327.27,0.29,287.13,36,Yes,8.629597237374785
ORD01537,2024-05-08,CUST4233,Electronics,North,3758.61,0.03,914.9,61,Yes,24.341445374752897
ORD01538,2024-04-11,CUST4468,Electronics,North,1019.67,0.39,191.66,32,Yes,18.796277226945975
ORD01539,2025-04-19,CUST6331,Office Supplies,West,738.62,0.23,161.89,56,Yes,21.917900950421053
ORD01540,2024-08-29,CUST1686,Electronics,South,4240.81,0.06,892.11,61,Yes,21.03631145936743
ORD01541,2024-11-24,CUST2912,Home,South,1580.65,0.38,180.04,34,No,11.390250846170877
ORD01542,2025-01-22,CUST1270,Electronics,West,1202.43,0.32,89.3,49,Yes,7.426627745482064
ORD01543,2024-04-04,CUST8626,Office Supplies,West,2747.92,0.39,402.39,25,Yes,14.643439401438178
ORD01544,2025-10-11,CUST9866,Clothing,West,2207.79,0.26,405.0,19,Yes,18.344135991194815
ORD01545,2025-04-19,CUST7357,Electronics,East,4647.79,0.2,1006.31,26,No,21.651365487683393
ORD01546,2025-07-24,CUST1548,Clothing,North,547.93,0.15,59.67,35,Yes,10.890077199642292
ORD01547,2024-04-18,CUST6126,Electronics,West,4278.47,0.23,361.12,22,No,8.440400423515882
ORD01548,2024-04-11,CUST4881,Electronics,East,1195.75,0.24,183.8,22,No,15.37110600041815
ORD01549,2024-06-25,CUST9169,Electronics,South,968.08,0.19,67.48,27,Yes,6.97049830592513
ORD01550,2025-10-17,CUST8952,Home,South,2531.97,0.22,104.36,21,No,4.121691805195164
ORD01551,2024-03-15,CUST4981,Office Supplies,West,1802.56,0.38,270.52,20,Yes,15.00754482513758
ORD01552,2024-09-25,CUST4631,Furniture,North,1135.27,0.25,190.36,26,Yes,16.767817347415154
ORD01553,2024-07-02,CUST3778,Furniture,South,3609.57,0.4,557.81,64,Yes,15.453641292453115
ORD01554,2025-10-08,CUST8564,Home,East,1197.12,0.35,11.97,54,No,0.9998997594226144
ORD01555,2025-11-05,CUST3453,Clothing,North,924.69,0.11,233.25,49,No,25.22466988936833
ORD01556,2024-02-27,CUST6433,Home,East,622.34,0.36,50.21,65,Yes,8.06793714046984
ORD01557,2025-08-31,CUST8317,Home,North,1286.62,0.14,221.02,22,Yes,17.178343255973015
ORD01558,2025-06-25,CUST2736,Home,North,276.57,0.08,38.86,60,Yes,14.050692410601295
ORD01559,2025-01-23,CUST9387,Clothing,North,2997.58,0.03,388.63,35,Yes,12.964791598556168
ORD01560,2024-09-13,CUST7972,Furniture,East,2755.79,0.22,90.79,37,Yes,3.2945180873724054
ORD01561,2025-09-23,CUST5531,Furniture,South,4724.62,0.22,395.31,28,Yes,8.367022109714643
ORD01562,2025-03-10,CUST1519,Electronics,South,3159.83,0.27,659.8,29,Yes,20.8808701733954
ORD01563,2025-05-20,CUST3668,Clothing,North,3416.54,0.3,145.47,47,Yes,4.257816387339238
ORD01564,2024-02-06,CUST2052,Office Supplies,West,2774.46,0.19,498.96,25,Yes,17.984040137540276
ORD01565,2025-10-09,CUST4971,Home,South,2254.16,0.31,467.04,32,Yes,20.71902615608475
ORD01566,2024-03-26,CUST4175,Office Supplies,North,2483.01,0.21,117.91,31,Yes,4.7486719747403345
ORD01567,2024-07-18,CUST8260,Electronics,North,4245.84,0.14,973.67,36,Yes,22.932329056205603
ORD01568,2025-05-18,CUST4512,Electronics,East,2146.99,0.06,375.75,41,Yes,17.501245930349
ORD01569,2024-03-31,CUST7924,Home,East,2003.74,0.05,264.78,36,Yes,13.214289279048177
ORD01570,2025-03-29,CUST4175,Home,West,2667.65,0.17,632.44,61,Yes,23.707757764324406
ORD01571,2024-07-25,CUST4756,Furniture,South,4373.8,0.0,399.45,41,Yes,9.132790708308564
ORD01572,2025-10-10,CUST6709,Electronics,South,2690.8,0.06,417.87,61,Yes,15.529582280362716
ORD01573,2024-09-02,CUST7353,Electronics,West,3602.15,0.07,545.08,64,No,15.132073900309539
ORD01574,2025-10-22,CUST4423,Clothing,North,4155.23,0.23,835.46,19,Yes,20.10622757344359
ORD01575,2025-11-03,CUST1306,Home,South,4979.28,0.31,403.04,26,Yes,8.094342957214698
ORD01576,2025-06-09,CUST7724,Furniture,East,2223.81,0.38,143.24,27,No,6.441197764197481
ORD01577,2025-07-30,CUST1329,Electronics,North,1434.79,0.04,131.92,53,Yes,9.19437687745245
ORD01578,2025-05-09,CUST7987,Office Supplies,West,899.66,0.19,204.41,59,Yes,22.72080563768535
ORD01579,2025-09-15,CUST2292,Clothing,West,4755.26,0.23,654.68,37,Yes,13.7674911571607
ORD01580,2025-09-06,CUST4109,Office Supplies,East,4312.95,0.15,234.02,21,Yes,5.425984534947078
ORD01581,2024-02-12,CUST1369,Office Supplies,West,3997.73,0.12,692.84,27,Yes,17.33083524900381
ORD01582,2024-02-23,CUST7804,Office Supplies,West,4925.5,0.22,380.3,64,Yes,7.721043548878287
ORD01583,2024-03-14,CUST4829,Office Supplies,West,2424.98,0.15,518.11,20,Yes,21.365537035356994
ORD01584,2024-04-25,CUST5570,Office Supplies,East,3027.9,0.19,653.64,24,No,21.587238680273455
ORD01585,2025-05-18,CUST2170,Electronics,South,3487.69,0.22,434.96,57,No,12.471291886606894
ORD01586,2024-07-13,CUST8470,Furniture,East,4990.28,0.15,803.91,23,Yes,16.109516900855265
ORD01587,2024-11-20,CUST8113,Office Supplies,South,3274.94,0.27,525.45,45,Yes,16.044568755458116
ORD01588,2025-04-25,CUST2497,Electronics,South,2247.24,0.07,216.9,63,Yes,9.651839589896943
ORD01589,2024-06-16,CUST4822,Home,North,3873.3,0.2,871.32,61,Yes,22.49554643327395
ORD01590,2024-05-20,CUST8097,Electronics,West,1973.61,0.15,168.79,20,Yes,8.5523482349603
ORD01591,2024-04-11,CUST7458,Electronics,West,239.2,0.36,33.16,46,No,13.8628762541806
ORD01592,2024-07-04,CUST5811,Clothing,North,4523.05,0.22,735.31,24,Yes,16.256950509059152
ORD01593,2024-11-06,CUST9876,Clothing,North,179.56,0.37,2.99,29,Yes,1.6651815549120073
ORD01594,2024-09-08,CUST9600,Clothing,North,3063.79,0.35,426.26,19,Yes,13.912833451378848
ORD01595,2024-12-28,CUST9947,Office Supplies,West,1474.54,0.33,121.37,65,Yes,8.231041545159847
ORD01596,2024-07-09,CUST2854,Clothing,South,1215.55,0.08,278.14,63,No,22.881823043066923
ORD01597,2025-08-31,CUST5829,Furniture,East,2488.75,0.35,389.51,44,Yes,15.650828729281768
ORD01598,2024-08-15,CUST8732,Electronics,South,608.87,0.18,125.14,57,No,20.552827368732242
ORD01599,2025-10-09,CUST3877,Clothing,East,4674.71,0.12,724.3,49,Yes,15.494009254049985
ORD01600,2025-07-01,CUST4679,Furniture,West,1133.57,0.26,129.3,64,No,11.406441596019656
ORD01601,2024-07-12,CUST4201,Electronics,West,4015.16,0.06,799.53,63,Yes,19.912780561671266
ORD01602,2024-06-11,CUST4613,Furniture,South,892.24,0.24,68.51,20,Yes,7.678427328969785
ORD01603,2025-11-14,CUST7906,Home,West,1572.06,0.23,77.78,60,Yes,4.9476483085887315
ORD01604,2024-04-15,CUST7936,Home,East,4378.49,0.16,844.0,60,Yes,19.276051789543885
ORD01605,2025-10-07,CUST9140,Electronics,West,603.95,0.39,86.64,19,Yes,14.34555840715291
ORD01606,2024-02-02,CUST1399,Clothing,West,1170.98,0.35,126.92,18,Yes,10.838784607764437
ORD01607,2024-05-28,CUST2903,Office Supplies,East,4343.4,0.18,346.89,43,No,7.986600359165632
ORD01608,2024-07-07,CUST1761,Clothing,North,1682.73,0.07,437.61,61,Yes,26.005954609473893
ORD01609,2025-02-27,CUST2989,Clothing,South,1422.45,0.26,313.57,41,Yes,22.044360082955464
ORD01610,2025-10-08,CUST8824,Home,South,192.63,0.14,39.54,19,Yes,20.526397757358666
ORD01611,2024-09-08,CUST8596,Clothing,North,1813.1,0.09,207.48,19,Yes,11.443384259003917
ORD01612,2024-04-23,CUST5237,Home,East,3347.56,0.24,570.88,49,No,17.05361517045251
ORD01613,2025-01-06,CUST2383,Clothing,South,2567.47,0.23,423.86,47,Yes,16.508858915586163
ORD01614,2025-04-15,CUST6824,Clothing,North,1492.03,0.14,115.0,61,Yes,7.70761981997681
ORD01615,2024-11-21,CUST9016,Furniture,South,2033.89,0.27,427.09,24,Yes,20.998677411266094
ORD01616,2024-02-02,CUST7810,Office Supplies,East,3710.65,0.29,222.09,61,Yes,5.985204748494199
ORD01617,2025-11-10,CUST2583,Home,West,1520.32,0.21,255.3,52,Yes,16.792517364765313
ORD01618,2024-02-02,CUST8664,Home,West,3370.08,0.08,760.79,46,Yes,22.574835018753266
ORD01619,2024-06-23,CUST7651,Office Supplies,East,403.65,0.24,82.57,64,No,20.455840455840455
ORD01620,2025-06-10,CUST2889,Office Supplies,East,485.91,0.0,65.6,59,Yes,13.500442468769936
ORD01621,2025-12-29,CUST7927,Clothing,North,3012.16,0.34,136.42,25,Yes,4.52897588441517
ORD01622,2024-02-27,CUST3814,Clothing,East,2755.08,0.01,291.71,45,No,10.588077297210969
ORD01623,2024-06-19,CUST9511,Furniture,East,4752.75,0.02,681.3,36,Yes,14.33485876597759
ORD01624,2024-12-03,CUST2935,Electronics,South,4119.45,0.34,402.65,54,No,9.774363082450327
ORD01625,2024-10-08,CUST5382,Clothing,North,1111.61,0.2,185.17,24,Yes,16.6578206385333
ORD01626,2025-07-03,CUST9862,Office Supplies,North,4942.01,0.35,139.33,34,No,2.8192982207644257
ORD01627,2025-04-30,CUST3604,Office Supplies,East,775.28,0.04,197.77,59,No,25.50949334434011
ORD01628,2024-09-22,CUST5248,Office Supplies,North,4948.98,0.16,385.4,46,Yes,7.7874632752607615
ORD01629,2024-01-28,CUST8958,Clothing,North,3553.59,0.3,325.27,39,No,9.15327879693493
ORD01630,2024-02-03,CUST2782,Office Supplies,North,196.06,0.14,37.09,25,Yes,18.917678261756606
ORD01631,2025-05-02,CUST4284,Clothing,North,4036.3,0.2,337.66,27,Yes,8.365582340262122
ORD01632,2024-03-13,CUST2420,Office Supplies,West,1025.99,0.04,266.54,32,Yes,25.97881070965604
ORD01633,2025-03-12,CUST4963,Electronics,East,4923.1,0.33,274.5,41,No,5.575755113647904
ORD01634,2024-10-01,CUST3754,Clothing,South,1846.37,0.3,232.22,50,Yes,12.577110763281466
ORD01635,2025-08-23,CUST9299,Electronics,West,987.78,0.25,206.6,37,No,20.915588491364474
ORD01636,2024-02-28,CUST6265,Clothing,North,4579.2,0.15,360.0,39,No,7.861635220125786
ORD01637,2024-03-02,CUST6050,Electronics,North,2208.04,0.14,489.44,52,Yes,22.166265103893046
ORD01638,2024-06-06,CUST6562,Home,North,2467.62,0.34,239.36,25,Yes,9.700034851395273
ORD01639,2025-03-10,CUST2025,Furniture,West,4242.87,0.22,293.2,32,Yes,6.910416769780832
ORD01640,2024-01-05,CUST6262,Furniture,North,777.19,0.1,168.41,58,Yes,21.66908992653019
ORD01641,2024-06-16,CUST5097,Electronics,South,4503.1,0.02,559.24,32,Yes,12.419000244276164
ORD01642,2025-02-22,CUST5548,Electronics,East,429.74,0.4,26.04,62,No,6.059477823800437
ORD01643,2024-02-02,CUST8189,Electronics,North,959.6,0.29,21.74,24,No,2.2655273030429344
ORD01644,2024-09-08,CUST7538,Clothing,North,417.64,0.07,65.0,38,Yes,15.56364332918303
ORD01645,2025-05-09,CUST2002,Electronics,East,440.01,0.21,60.8,40,No,13.81786777573237
ORD01646,2025-08-10,CUST2908,Furniture,South,394.78,0.15,75.9,26,No,19.22589796848878
ORD01647,2024-12-20,CUST9841,Home,South,1309.4,0.21,232.88,61,Yes,17.78524515045059
ORD01648,2024-11-02,CUST1514,Furniture,East,1863.46,0.21,300.1,47,Yes,16.104450860227747
ORD01649,2024-02-01,CUST8690,Clothing,North,4396.37,0.01,533.68,41,Yes,12.139105671269705
ORD01650,2025-03-18,CUST8631,Electronics,North,2698.96,0.23,146.02,37,Yes,5.410232089397398
ORD01651,2024-12-06,CUST1895,Furniture,West,2817.15,0.02,218.35,36,No,7.7507409971070045
ORD01652,2025-07-06,CUST9106,Office Supplies,East,1852.96,0.26,127.1,22,Yes,6.859295397634055
ORD01653,2025-06-16,CUST1112,Home,South,950.87,0.36,121.94,30,Yes,12.824045347944512
ORD01654,2025-10-01,CUST9795,Office Supplies,West,2003.19,0.03,270.83,63,Yes,13.519935702554426
ORD01655,2024-09-22,CUST7987,Furniture,East,4088.06,0.04,833.18,38,Yes,20.38081632852747
ORD01656,2024-05-23,CUST9929,Home,South,470.81,0.04,94.57,53,Yes,20.086659161869967
ORD01657,2024-01-03,CUST6514,Furniture,North,4332.05,0.15,503.94,21,Yes,11.63282972264863
ORD01658,2025-08-21,CUST6990,Clothing,South,2546.24,0.15,446.43,39,No,17.53291127309288
ORD01659,2024-04-26,CUST4165,Home,East,4076.12,0.17,241.87,33,Yes,5.933829229757711
ORD01660,2024-05-27,CUST3798,Office Supplies,South,820.56,0.17,134.25,59,Yes,16.3607780052647
ORD01661,2025-05-24,CUST2479,Clothing,East,4707.6,0.05,1135.76,52,Yes,24.12609397569887
ORD01662,2025-08-08,CUST9230,Office Supplies,East,2033.74,0.14,170.0,48,Yes,8.358983940916735
ORD01663,2025-08-28,CUST4714,Clothing,North,1386.39,0.29,134.38,49,No,9.692799284472622
ORD01664,2025-03-03,CUST7032,Furniture,East,3115.88,0.16,719.45,53,No,23.089785229212936
ORD01665,2025-08-31,CUST7506,Office Supplies,East,3973.41,0.32,95.12,64,Yes,2.393913540258871
ORD01666,2025-03-30,CUST5439,Home,South,349.78,0.1,79.79,61,Yes,22.81148150265882
ORD01667,2025-10-19,CUST2416,Electronics,East,1046.33,0.2,146.5,48,Yes,14.001318895568321
ORD01668,2025-08-18,CUST7575,Electronics,East,3477.87,0.27,417.21,51,Yes,11.9961355657342
ORD01669,2024-12-04,CUST7683,Furniture,East,4682.23,0.27,601.93,33,Yes,12.85562648567029
ORD01670,2025-10-05,CUST5614,Clothing,North,4159.67,0.33,388.45,55,No,9.338481177593415
ORD01671,2025-12-08,CUST9010,Home,North,4473.21,0.07,770.24,23,Yes,17.218954620954527
ORD01672,2024-10-16,CUST4703,Electronics,South,3856.72,0.1,977.82,22,Yes,25.353668402165574
ORD01673,2024-08-10,CUST8706,Clothing,West,2033.32,0.18,482.42,45,Yes,23.725729349044915
ORD01674,2024-07-26,CUST2024,Office Supplies,East,3994.63,0.23,519.13,61,Yes,12.995696722850425
ORD01675,2025-04-25,CUST3809,Office Supplies,West,2821.98,0.28,223.68,22,No,7.926349584334404
ORD01676,2024-10-04,CUST6945,Furniture,East,2328.5,0.11,190.39,58,Yes,8.176508481855272
ORD01677,2024-01-30,CUST8162,Electronics,North,785.69,0.24,80.58,25,No,10.255953365831306
ORD01678,2025-09-04,CUST6308,Office Supplies,North,4167.37,0.36,227.9,19,Yes,5.468676887341417
ORD01679,2024-05-19,CUST6899,Office Supplies,West,4101.2,0.07,649.69,32,Yes,15.841461035794405
ORD01680,2025-01-12,CUST9316,Electronics,South,3703.37,0.12,477.3,65,Yes,12.888261232337033
ORD01681,2025-05-06,CUST9396,Furniture,South,1629.13,0.04,123.05,51,Yes,7.553111169765457
ORD01682,2025-02-22,CUST1696,Office Supplies,West,1402.5,0.15,309.43,53,No,22.062745098039215
ORD01683,2025-05-26,CUST4723,Clothing,West,2064.26,0.22,434.27,33,No,21.037563097671804
ORD01684,2024-01-22,CUST3145,Electronics,South,2962.82,0.24,532.59,42,Yes,17.975779831376865
ORD01685,2024-08-01,CUST4265,Clothing,East,1777.82,0.16,304.35,26,Yes,17.11928091707822
ORD01686,2025-09-07,CUST3667,Furniture,South,1449.75,0.17,100.87,58,Yes,6.957751336437316
ORD01687,2025-01-24,CUST6262,Clothing,South,4760.65,0.13,1008.85,22,No,21.19143394284394
ORD01688,2024-07-18,CUST9991,Clothing,South,1560.05,0.37,54.94,48,Yes,3.521681997371879
ORD01689,2025-12-24,CUST3260,Home,West,3407.59,0.19,658.43,58,Yes,19.32245369894852
ORD01690,2025-06-11,CUST1448,Office Supplies,South,1149.83,0.12,287.43,53,Yes,24.997608342102748
ORD01691,2025-05-08,CUST9397,Clothing,North,3152.68,0.26,316.3,37,Yes,10.032734054835887
ORD01692,2025-10-25,CUST2711,Office Supplies,North,2236.88,0.18,371.33,64,Yes,16.600354064589965
ORD01693,2024-10-06,CUST8077,Furniture,South,3661.74,0.3,530.32,46,Yes,14.482732252972633
ORD01694,2025-04-02,CUST7927,Clothing,South,3588.18,0.03,864.61,21,Yes,24.09605984092214
ORD01695,2025-10-12,CUST1938,Clothing,North,4782.79,0.17,1031.67,39,No,21.570464101497244
ORD01696,2024-11-10,CUST2745,Office Supplies,North,1822.14,0.37,346.74,39,Yes,19.029273272086666
ORD01697,2024-03-11,CUST2034,Furniture,South,4553.24,0.19,991.34,30,Yes,21.772188595373844
ORD01698,2025-12-11,CUST7704,Furniture,East,2480.73,0.39,154.05,59,No,6.209865644386935
ORD01699,2025-02-22,CUST2309,Home,North,1566.38,0.39,181.92,30,Yes,11.614040015832682
ORD01700,2024-03-03,CUST5360,Home,South,548.55,0.07,62.82,60,No,11.452009844134539
ORD01701,2025-08-09,CUST5202,Clothing,East,252.99,0.29,41.35,53,Yes,16.344519546227122
ORD01702,2025-10-03,CUST3303,Furniture,West,3623.03,0.24,106.69,24,Yes,2.9447727454644315
ORD01703,2025-07-18,CUST3906,Office Supplies,North,3130.27,0.09,416.59,25,Yes,13.308436652429343
ORD01704,2025-01-09,CUST6835,Electronics,South,2550.29,0.32,359.1,28,No,14.080751600798342
ORD01705,2025-12-24,CUST3143,Office Supplies,South,3575.68,0.01,337.6,31,No,9.441560766064079
ORD01706,2025-07-28,CUST4289,Electronics,South,1891.74,0.04,397.22,25,Yes,20.99760009303604
ORD01707,2025-04-07,CUST6978,Home,South,299.44,0.12,45.76,50,Yes,15.281859471012558
ORD01708,2024-05-12,CUST6584,Office Supplies,West,3704.49,0.35,109.97,62,Yes,2.9685597747598185
ORD01709,2025-06-19,CUST3569,Electronics,South,1647.09,0.3,156.13,29,No,9.479142001954962
ORD01710,2024-09-11,CUST8410,Electronics,North,1773.42,0.22,353.43,46,Yes,19.929289170078153
ORD01711,2025-04-13,CUST8116,Clothing,South,4461.79,0.0,731.22,62,Yes,16.38848982134973
ORD01712,2024-03-27,CUST4405,Office Supplies,West,2246.78,0.15,456.41,27,Yes,20.313960423361433
ORD01713,2024-01-04,CUST9227,Clothing,South,4512.44,0.28,586.91,48,Yes,13.006488728936008
ORD01714,2025-08-01,CUST3645,Home,North,179.75,0.05,24.35,40,No,13.546592489568846
ORD01715,2025-06-09,CUST9250,Furniture,South,1802.93,0.24,248.28,61,No,13.770917340107491
ORD01716,2024-09-08,CUST5244,Office Supplies,South,1877.41,0.3,50.65,21,Yes,2.6978656766502787
ORD01717,2025-08-22,CUST5100,Electronics,West,940.62,0.37,155.13,41,Yes,16.492313580404414
ORD01718,2024-04-06,CUST8949,Furniture,East,3398.28,0.05,578.39,19,Yes,17.0200807467307
ORD01719,2024-05-25,CUST2279,Furniture,North,2724.79,0.22,427.87,40,Yes,15.702861504923316
ORD01720,2024-06-09,CUST2469,Electronics,North,2329.64,0.18,275.43,44,No,11.822856750399206
ORD01721,2025-03-24,CUST2892,Electronics,West,2223.9,0.11,552.52,46,Yes,24.844642295067224
ORD01722,2024-08-29,CUST7200,Office Supplies,South,2917.17,0.34,569.09,54,Yes,19.508290569284615
ORD01723,2025-05-22,CUST3858,Office Supplies,South,3818.41,0.39,292.95,41,Yes,7.672041504186297
ORD01724,2024-06-03,CUST4971,Clothing,West,4086.96,0.07,939.02,32,Yes,22.976001722551725
ORD01725,2025-03-19,CUST5751,Clothing,North,222.09,0.11,24.18,64,Yes,10.887478049439416
ORD01726,2025-01-14,CUST3457,Clothing,East,4385.91,0.11,350.41,45,No,7.989448027889311
ORD01727,2025-07-12,CUST6550,Furniture,West,2600.37,0.2,595.39,63,Yes,22.89635705688037
ORD01728,2024-05-06,CUST2837,Office Supplies,South,155.47,0.35,19.94,27,No,12.825625522608863
ORD01729,2025-08-02,CUST3179,Furniture,North,2284.26,0.16,268.66,47,No,11.761358164131929
ORD01730,2024-03-19,CUST4640,Furniture,East,3443.03,0.18,725.05,31,Yes,21.058486275170416
ORD01731,2024-02-11,CUST4483,Office Supplies,South,3609.11,0.16,276.43,51,No,7.659229006597195
ORD01732,2024-10-07,CUST3340,Furniture,South,1660.23,0.16,223.04,37,No,13.434283201725062
ORD01733,2024-11-13,CUST6163,Electronics,North,4558.03,0.38,3.0,50,No,0.06581790817524238
ORD01734,2025-01-07,CUST2383,Home,South,3048.17,0.23,345.36,61,No,11.33007673456533
ORD01735,2025-11-21,CUST8624,Furniture,North,168.37,0.09,16.96,33,Yes,10.07305339431015
ORD01736,2025-05-11,CUST5576,Electronics,South,4102.19,0.37,128.28,35,Yes,3.1271101533571093
ORD01737,2025-05-31,CUST9380,Clothing,North,2240.1,0.03,316.61,55,Yes,14.13374402928441
ORD01738,2025-12-31,CUST8223,Furniture,North,4503.94,0.04,1132.92,45,No,25.153976296309455
ORD01739,2025-06-17,CUST3951,Clothing,South,2308.66,0.31,189.51,26,Yes,8.208657836147376
ORD01740,2025-08-09,CUST8595,Furniture,North,1496.19,0.31,104.66,31,No,6.9951008895929
ORD01741,2025-09-05,CUST5451,Home,West,3628.96,0.09,663.16,24,Yes,18.274106079978836
ORD01742,2025-05-18,CUST1809,Home,West,1730.52,0.05,445.4,47,Yes,25.737928483923906
ORD01743,2025-07-18,CUST1396,Office Supplies,North,3809.73,0.33,114.77,39,Yes,3.0125494457612483
ORD01744,2024-11-19,CUST2801,Office Supplies,North,3579.88,0.11,208.27,51,Yes,5.817792775176821
ORD01745,2024-03-21,CUST4953,Electronics,East,4263.39,0.31,162.44,26,No,3.810113548138922
ORD01746,2024-12-14,CUST7395,Electronics,North,1540.48,0.34,178.74,29,No,11.60287702534275
ORD01747,2024-11-30,CUST5735,Furniture,West,1860.51,0.18,168.87,44,No,9.076543528387377
ORD01748,2024-05-29,CUST5471,Home,East,1150.2,0.16,116.4,41,Yes,10.119979134063641
ORD01749,2025-02-21,CUST8005,Home,West,2262.98,0.1,457.72,40,Yes,20.226427100548836
ORD01750,2024-12-02,CUST2241,Furniture,South,1473.16,0.36,168.12,29,Yes,11.412202340546852
ORD01751,2024-12-30,CUST7137,Home,East,2577.59,0.12,499.66,55,No,19.384774149496234
ORD01752,2024-01-07,CUST6856,Furniture,West,2054.02,0.21,466.03,47,Yes,22.688678785990398
ORD01753,2025-12-02,CUST2456,Electronics,North,921.2,0.28,164.53,61,Yes,17.86039947894051
ORD01754,2024-03-12,CUST2124,Furniture,North,4454.63,0.25,219.14,34,No,4.91937602000615
ORD01755,2024-08-12,CUST1997,Office Supplies,North,4060.83,0.27,340.87,64,Yes,8.39409677331974
ORD01756,2024-04-03,CUST5830,Electronics,South,1705.7,0.19,194.22,46,No,11.38652752535616
ORD01757,2024-06-08,CUST6571,Clothing,West,4316.26,0.02,373.98,20,No,8.664445608003225
ORD01758,2024-05-11,CUST2344,Office Supplies,North,4116.96,0.28,484.95,35,Yes,11.779322606972134
ORD01759,2025-07-07,CUST2798,Clothing,West,3055.77,0.39,55.08,42,Yes,1.8024916796748447
ORD01760,2025-06-30,CUST2133,Office Supplies,East,3755.36,0.04,621.8,45,Yes,16.557666908099357
ORD01761,2024-05-05,CUST2738,Clothing,East,913.87,0.26,105.94,59,Yes,11.592458445949642
ORD01762,2024-07-12,CUST8213,Office Supplies,North,4792.51,0.11,444.77,42,No,9.28052314966479
ORD01763,2025-02-26,CUST8267,Office Supplies,West,2536.05,0.23,572.66,42,No,22.58078507915853
ORD01764,2024-07-04,CUST3414,Furniture,East,4937.68,0.05,651.86,52,No,13.201746569238995
ORD01765,2024-01-05,CUST9701,Furniture,West,3065.38,0.11,536.53,59,Yes,17.502887080883934
ORD01766,2025-12-05,CUST8308,Furniture,East,4508.88,0.22,1035.86,51,No,22.9737761927574
ORD01767,2025-08-16,CUST1775,Home,North,778.74,0.07,161.36,55,No,20.720651308524026
ORD01768,2024-07-07,CUST4784,Home,South,868.57,0.26,40.42,31,Yes,4.653626075042887
ORD01769,2024-12-31,CUST6489,Home,North,720.95,0.02,138.57,63,Yes,19.220472987031
ORD01770,2025-04-27,CUST2601,Home,South,2168.08,0.23,220.28,42,Yes,10.16014169218848
ORD01771,2024-12-21,CUST1188,Furniture,West,2095.64,0.12,313.46,31,Yes,14.957721746101429
ORD01772,2025-08-02,CUST9507,Office Supplies,West,3700.47,0.31,212.63,37,Yes,5.746026856048016
ORD01773,2025-01-22,CUST9277,Home,West,2160.59,0.2,445.4,37,Yes,20.61473949245345
ORD01774,2024-01-31,CUST3154,Clothing,North,2993.07,0.26,182.47,31,No,6.096416054419041
ORD01775,2024-05-21,CUST1108,Electronics,East,157.92,0.15,12.21,21,No,7.731762917933131
ORD01776,2024-01-11,CUST3387,Home,West,3124.37,0.04,365.74,49,No,11.70603993765143
ORD01777,2025-08-25,CUST8056,Office Supplies,South,163.95,0.25,36.35,32,No,22.17139371759683
ORD01778,2024-03-18,CUST3524,Electronics,East,1235.32,0.27,176.07,48,Yes,14.2529870802707
ORD01779,2024-09-05,CUST4080,Electronics,West,4025.64,0.08,590.1,54,Yes,14.658538766506693
ORD01780,2024-06-11,CUST9614,Electronics,West,2609.69,0.25,552.25,34,Yes,21.161517268334553
ORD01781,2025-11-08,CUST9456,Furniture,West,3665.22,0.2,652.34,43,Yes,17.79811307370363
ORD01782,2025-09-22,CUST6369,Electronics,West,1161.93,0.26,118.72,62,Yes,10.217482980902464
ORD01783,2024-03-15,CUST5585,Home,North,3995.37,0.32,731.25,59,No,18.302435068591898
ORD01784,2024-04-07,CUST4049,Office Supplies,East,718.79,0.24,65.94,64,Yes,9.173750330416395
ORD01785,2025-09-26,CUST9625,Clothing,West,4181.99,0.12,659.77,58,Yes,15.776460488906
ORD01786,2024-08-08,CUST1114,Electronics,South,743.55,0.3,87.77,53,Yes,11.804182637347859
ORD01787,2025-01-03,CUST7847,Clothing,South,3957.25,0.22,200.57,48,Yes,5.068418725124771
ORD01788,2024-06-22,CUST7637,Clothing,North,3644.45,0.35,169.86,59,Yes,4.660785578070765
ORD01789,2025-01-04,CUST5606,Electronics,South,1636.15,0.34,153.56,25,No,9.385447544540536
ORD01790,2024-07-08,CUST6950,Electronics,North,1893.02,0.35,128.77,55,No,6.802358136733896
ORD01791,2024-05-05,CUST5724,Office Supplies,West,4351.68,0.32,509.0,30,No,11.69663210530186
ORD01792,2025-11-06,CUST5758,Electronics,West,1534.9,0.14,379.14,59,No,24.701283471235907
ORD01793,2024-12-23,CUST3061,Furniture,East,4592.97,0.02,809.11,56,Yes,17.61627008232146
ORD01794,2025-09-11,CUST6500,Home,North,988.92,0.25,25.65,27,No,2.5937386239534037
ORD01795,2024-03-15,CUST4884,Home,North,4048.64,0.09,824.83,21,No,20.3730141479608
ORD01796,2025-01-06,CUST7258,Furniture,South,3226.98,0.29,405.53,62,Yes,12.566858176995208
ORD01797,2025-03-12,CUST4522,Home,West,764.37,0.07,54.47,50,Yes,7.126130015568376
ORD01798,2025-04-15,CUST1680,Office Supplies,East,4923.98,0.05,819.07,57,Yes,16.634308019122745
ORD01799,2024-10-11,CUST3288,Office Supplies,North,2129.27,0.13,340.43,65,No,15.988108600600206
ORD01800,2025-10-18,CUST7202,Office Supplies,South,742.76,0.17,44.21,25,No,5.952124508589584
ORD01801,2024-05-27,CUST7930,Clothing,South,3431.4,0.07,551.71,26,Yes,16.078277088069008
ORD01802,2025-11-15,CUST1526,Clothing,North,2765.31,0.06,692.35,32,Yes,25.036975962911935
ORD01803,2025-01-08,CUST5505,Office Supplies,East,1127.46,0.05,192.05,49,Yes,17.033863729090168
ORD01804,2024-08-10,CUST8468,Home,East,2391.37,0.26,134.08,64,Yes,5.6068278852707865
ORD01805,2025-06-08,CUST6248,Furniture,North,1145.82,0.19,164.69,43,No,14.373112705311481
ORD01806,2024-08-17,CUST1064,Office Supplies,North,2534.65,0.33,357.61,20,No,14.108851320695164
ORD01807,2024-04-16,CUST2237,Electronics,East,1451.43,0.02,382.83,62,Yes,26.376056716479606
ORD01808,2024-11-22,CUST2823,Furniture,South,2599.99,0.1,222.4,43,Yes,8.553879053380975
ORD01809,2025-06-10,CUST3952,Clothing,East,1482.82,0.05,196.18,64,Yes,13.230196517446489
ORD01810,2025-08-23,CUST8984,Electronics,North,4183.94,0.28,903.62,61,Yes,21.597346042247263
ORD01811,2025-05-03,CUST9309,Office Supplies,South,3821.5,0.09,893.89,33,No,23.39107680230276
ORD01812,2024-01-26,CUST8068,Clothing,South,3287.57,0.07,403.13,28,No,12.262248408398909
ORD01813,2025-06-05,CUST4946,Electronics,East,497.92,0.25,84.87,45,No,17.044906812339335
ORD01814,2024-03-31,CUST3459,Office Supplies,West,481.01,0.35,9.19,51,Yes,1.9105631899544708
ORD01815,2025-07-17,CUST2180,Electronics,North,2457.34,0.39,90.0,41,Yes,3.662496846183271
ORD01816,2025-08-07,CUST3008,Home,North,4734.59,0.09,416.24,31,Yes,8.791468743861666
ORD01817,2025-08-04,CUST9319,Home,West,1250.65,0.21,218.5,59,Yes,17.47091512413545
ORD01818,2025-10-04,CUST7199,Office Supplies,North,4075.23,0.21,421.41,32,Yes,10.340766042652808
ORD01819,2025-09-10,CUST5111,Electronics,South,1008.34,0.02,148.39,32,No,14.716266338734949
ORD01820,2025-07-16,CUST3680,Clothing,North,3522.77,0.07,626.87,20,No,17.794803521092778
ORD01821,2024-04-23,CUST8279,Clothing,South,665.22,0.37,56.55,53,Yes,8.500947055109586
ORD01822,2024-12-23,CUST2360,Clothing,West,3646.78,0.1,439.13,47,No,12.041581888679875
ORD01823,2024-01-29,CUST6201,Clothing,East,2870.06,0.25,142.58,59,Yes,4.967840393580623
ORD01824,2024-02-04,CUST1994,Office Supplies,East,875.41,0.01,185.59,44,No,21.200351835140108
ORD01825,2024-12-15,CUST1774,Home,West,1892.55,0.12,308.38,50,Yes,16.294417584740163
ORD01826,2024-07-03,CUST5325,Furniture,East,1371.42,0.21,269.79,36,Yes,19.672310451940326
ORD01827,2024-07-20,CUST7956,Home,North,2367.44,0.16,132.55,32,No,5.5988747338897715
ORD01828,2024-04-19,CUST5205,Office Supplies,North,1609.52,0.25,176.19,55,Yes,10.94674188577961
ORD01829,2024-11-27,CUST7600,Home,West,841.03,0.2,36.68,23,No,4.361318859018109
ORD01830,2024-01-05,CUST6772,Clothing,North,3680.81,0.11,233.84,46,Yes,6.352949486661903
ORD01831,2025-07-07,CUST1927,Furniture,East,4156.69,0.39,-7.48,33,Yes,-0.1799508743736002
ORD01832,2025-11-10,CUST6666,Furniture,South,4375.68,0.04,696.29,28,No,15.912726707620301
ORD01833,2024-09-16,CUST7640,Home,West,4190.18,0.2,766.86,49,Yes,18.301361755342253
ORD01834,2025-06-21,CUST9406,Electronics,West,3152.86,0.33,549.85,27,Yes,17.439721395812054
ORD01835,2025-03-09,CUST1666,Home,South,2836.55,0.1,437.39,59,Yes,15.419788122895769
ORD01836,2025-12-23,CUST4566,Home,West,3661.5,0.1,436.76,21,No,11.928444626519186
ORD01837,2025-02-16,CUST1615,Clothing,West,2059.59,0.31,333.83,36,No,16.20856578251011
ORD01838,2025-05-05,CUST4059,Clothing,North,1233.54,0.4,139.56,23,Yes,11.313779853105697
ORD01839,2024-07-17,CUST9912,Office Supplies,North,675.08,0.33,27.97,53,Yes,4.1432126562777745
ORD01840,2024-07-25,CUST7909,Home,North,2491.74,0.21,405.2,33,No,16.261728751795935
ORD01841,2024-08-30,CUST5271,Electronics,South,1973.08,0.28,76.95,55,Yes,3.899993918138139
ORD01842,2025-07-12,CUST6381,Furniture,South,2064.6,0.03,461.31,33,No,22.34379540831154
ORD01843,2024-11-17,CUST8514,Furniture,North,1880.02,0.34,271.96,43,Yes,14.465803555281326
ORD01844,2024-11-18,CUST8160,Office Supplies,East,1183.05,0.27,152.82,28,Yes,12.917459109927728
ORD01845,2025-05-25,CUST5229,Office Supplies,North,4764.28,0.17,674.74,23,Yes,14.162475757092363
ORD01846,2025-07-25,CUST5786,Clothing,West,2235.56,0.39,276.5,24,Yes,12.36826566945195
ORD01847,2025-01-26,CUST8220,Furniture,West,1991.93,0.19,142.17,29,Yes,7.137299001470934
ORD01848,2024-07-14,CUST3086,Home,South,352.5,0.02,95.73,27,Yes,27.157446808510638
ORD01849,2024-10-15,CUST2814,Furniture,North,3765.22,0.21,412.36,30,Yes,10.951816892505619
ORD01850,2024-01-18,CUST1840,Home,South,3538.23,0.04,881.03,58,No,24.90030325897412
ORD01851,2025-04-09,CUST5528,Electronics,East,767.56,0.35,146.25,56,No,19.053885038303196
ORD01852,2025-08-30,CUST4154,Furniture,South,4503.92,0.18,333.09,27,Yes,7.395557647560347
ORD01853,2025-07-11,CUST6667,Clothing,East,4451.33,0.28,952.44,60,Yes,21.396751083384068
ORD01854,2024-12-04,CUST6034,Home,South,1086.45,0.13,252.78,27,Yes,23.266602236642274
ORD01855,2024-06-23,CUST6229,Furniture,East,737.69,0.14,152.09,18,Yes,20.61706136724098
ORD01856,2025-07-11,CUST5829,Furniture,North,2809.61,0.0,715.19,38,Yes,25.455134342488815
ORD01857,2025-04-14,CUST8102,Home,North,1815.11,0.34,263.26,35,No,14.503804177157306
ORD01858,2025-09-28,CUST6012,Clothing,North,3528.8,0.38,425.63,42,No,12.06160734527318
ORD01859,2024-06-04,CUST8066,Clothing,East,785.72,0.2,155.89,19,Yes,19.84040116071883
ORD01860,2025-07-09,CUST1330,Home,South,4304.14,0.2,661.73,44,No,15.374267565646099
ORD01861,2025-05-30,CUST2139,Home,North,753.87,0.28,16.61,61,No,2.2032976507885977
ORD01862,2024-05-24,CUST4125,Office Supplies,West,4015.47,0.19,181.62,25,Yes,4.523007269385651
ORD01863,2025-03-09,CUST5004,Office Supplies,West,4609.83,0.32,280.2,53,Yes,6.078315252406271
ORD01864,2024-04-26,CUST8735,Clothing,South,4633.17,0.24,340.91,64,No,7.358029167934697
ORD01865,2024-03-25,CUST3612,Home,South,3841.62,0.22,807.42,59,Yes,21.017695659643586
ORD01866,2025-03-11,CUST3844,Home,North,933.71,0.37,174.74,19,No,18.714590183247477
ORD01867,2024-03-11,CUST9741,Electronics,West,1525.31,0.04,110.65,30,Yes,7.254263067835391
ORD01868,2024-04-18,CUST3207,Clothing,North,3338.05,0.29,240.95,63,No,7.218286125132936
ORD01869,2024-07-17,CUST2939,Furniture,South,1232.29,0.33,171.33,43,No,13.903383132217256
ORD01870,2025-05-12,CUST4942,Clothing,West,4710.17,0.31,926.78,46,Yes,19.67614757004524
ORD01871,2025-02-11,CUST3497,Furniture,East,1539.39,0.34,9.51,59,No,0.6177771714770136
ORD01872,2025-11-10,CUST2640,Clothing,North,2822.46,0.18,467.97,30,Yes,16.580217257286197
ORD01873,2024-06-23,CUST7658,Home,East,850.7,0.18,48.23,35,Yes,5.669448689314682
ORD01874,2024-02-19,CUST5351,Clothing,East,1906.2,0.38,107.12,27,Yes,5.619557234288113
ORD01875,2025-09-16,CUST4816,Clothing,South,1881.05,0.36,25.44,31,No,1.3524361393902344
ORD01876,2025-07-25,CUST1833,Home,West,606.63,0.28,46.51,27,No,7.66694690338427
ORD01877,2025-07-25,CUST7813,Electronics,West,3347.84,0.29,651.26,62,Yes,19.453139935002866
ORD01878,2024-04-13,CUST9590,Clothing,West,927.9,0.13,62.84,62,Yes,6.772281495850846
ORD01879,2025-08-01,CUST8365,Office Supplies,West,2241.83,0.3,326.53,27,No,14.565332786161306
ORD01880,2024-08-15,CUST3821,Furniture,South,3903.47,0.01,710.75,28,No,18.208158382157414
ORD01881,2024-11-07,CUST2978,Clothing,South,168.6,0.04,40.87,25,Yes,24.240806642941873
ORD01882,2025-11-18,CUST8152,Electronics,North,2521.72,0.17,342.98,47,Yes,13.601034214742322
ORD01883,2025-02-03,CUST2621,Furniture,South,4889.4,0.29,586.96,39,Yes,12.004744958481615
ORD01884,2024-10-11,CUST6346,Electronics,North,3857.34,0.0,562.48,58,Yes,14.582069509039908
ORD01885,2025-10-16,CUST9949,Furniture,North,2264.28,0.33,358.96,62,Yes,15.85316303637359
ORD01886,2024-12-06,CUST4240,Home,East,4605.01,0.17,199.54,21,Yes,4.333106768497788
ORD01887,2025-07-19,CUST6632,Clothing,North,2819.97,0.38,1.96,29,Yes,0.06950428550658341
ORD01888,2024-05-24,CUST9823,Home,South,1393.22,0.32,27.09,33,Yes,1.9444165314882071
ORD01889,2024-06-13,CUST1918,Home,West,2218.84,0.01,563.32,59,Yes,25.388040597789836
ORD01890,2024-10-26,CUST1586,Office Supplies,North,1894.54,0.39,311.34,35,No,16.43354059560632
ORD01891,2025-04-12,CUST5982,Home,West,3815.58,0.33,194.71,61,Yes,5.103024966060206
ORD01892,2025-03-22,CUST9935,Home,East,1562.66,0.19,250.18,39,Yes,16.009880588227766
ORD01893,2025-05-26,CUST4363,Office Supplies,South,1841.22,0.18,401.06,45,Yes,21.78229652078513
ORD01894,2024-10-11,CUST1648,Home,North,2858.11,0.18,159.2,51,No,5.570114516236253
ORD01895,2025-02-23,CUST6569,Furniture,West,2292.51,0.2,482.25,18,Yes,21.03589515421961
ORD01896,2024-02-20,CUST7326,Furniture,East,4543.23,0.36,805.81,36,No,17.73650024321903
ORD01897,2025-05-10,CUST3614,Home,North,1675.18,0.13,391.65,52,Yes,23.379577120070678
ORD01898,2024-06-19,CUST7995,Home,East,4859.8,0.24,853.75,57,Yes,17.567595374295237
ORD01899,2025-04-20,CUST3666,Clothing,South,4139.24,0.31,800.17,26,Yes,19.331326523709667
ORD01900,2024-07-14,CUST7569,Electronics,South,2427.65,0.31,243.26,19,No,10.020390089180895
ORD01901,2025-07-10,CUST2714,Electronics,South,353.33,0.05,24.9,32,Yes,7.047236294682026
ORD01902,2025-09-17,CUST3223,Home,West,3333.61,0.28,154.7,63,Yes,4.640614828969195
ORD01903,2025-01-23,CUST8866,Clothing,East,1211.14,0.17,119.02,29,Yes,9.82710504153112
ORD01904,2025-04-01,CUST9618,Furniture,North,4086.38,0.38,23.5,62,Yes,0.5750811231456693
ORD01905,2024-03-29,CUST3480,Electronics,South,3737.23,0.28,415.68,51,Yes,11.122676420771533
ORD01906,2025-11-05,CUST9409,Furniture,East,1184.09,0.07,284.0,56,Yes,23.98466332795649
ORD01907,2024-09-30,CUST7420,Electronics,South,2127.19,0.05,482.89,33,No,22.700840075404642
ORD01908,2024-11-29,CUST2296,Electronics,North,501.11,0.07,93.17,60,Yes,18.592724152381713
ORD01909,2024-08-23,CUST3756,Furniture,North,1243.18,0.2,241.9,46,Yes,19.458163741372932
ORD01910,2024-04-01,CUST9229,Office Supplies,North,2729.21,0.06,466.26,21,Yes,17.084064619431995
ORD01911,2025-01-24,CUST2386,Home,South,750.43,0.04,174.69,49,No,23.27865357195208
ORD01912,2024-05-22,CUST5181,Home,West,3043.8,0.07,690.36,43,No,22.68085945200079
ORD01913,2025-11-03,CUST2445,Furniture,North,3876.82,0.16,579.33,43,No,14.943433019846164
ORD01914,2024-01-16,CUST3413,Office Supplies,South,1040.47,0.37,193.85,37,Yes,18.631003296587117
ORD01915,2024-07-26,CUST7808,Clothing,East,343.35,0.3,56.37,29,Yes,16.4176496286588
ORD01916,2024-07-13,CUST7786,Electronics,North,3777.49,0.09,244.57,28,Yes,6.474404962025049
ORD01917,2024-12-11,CUST7610,Office Supplies,South,3931.02,0.33,325.75,23,No,8.286653336792996
ORD01918,2024-03-24,CUST1778,Electronics,South,4707.98,0.36,831.15,40,Yes,17.654068199100255
ORD01919,2024-11-10,CUST8131,Furniture,North,1542.26,0.26,328.66,31,No,21.31028490656569
ORD01920,2025-08-19,CUST5912,Office Supplies,South,2727.43,0.29,124.03,60,Yes,4.547504427244696
ORD01921,2025-05-28,CUST2477,Electronics,West,2765.37,0.1,228.68,40,No,8.269417835588005
ORD01922,2025-08-26,CUST5026,Home,North,2355.34,0.09,514.27,56,Yes,21.83421501778936
ORD01923,2024-11-05,CUST6976,Home,East,3093.78,0.16,236.12,18,Yes,7.632087608039356
ORD01924,2025-08-02,CUST5408,Office Supplies,East,700.51,0.03,159.45,20,Yes,22.76198769467959
ORD01925,2025-10-07,CUST5315,Furniture,South,2147.1,0.25,94.04,63,No,4.3798612081412145
ORD01926,2024-09-21,CUST5930,Clothing,North,2677.53,0.17,632.84,64,Yes,23.6352160386625
ORD01927,2025-06-06,CUST5528,Clothing,South,1534.2,0.1,104.08,55,Yes,6.783991656889583
ORD01928,2025-09-24,CUST9201,Home,West,793.92,0.3,150.47,54,No,18.952791213220475
ORD01929,2025-02-19,CUST5627,Home,South,300.96,0.17,67.49,35,Yes,22.424906964380646
ORD01930,2025-02-18,CUST1460,Electronics,South,979.21,0.28,50.89,36,No,5.19704659878882
ORD01931,2024-10-07,CUST9791,Electronics,West,4131.98,0.38,712.85,46,No,17.252019612873248
ORD01932,2024-02-26,CUST6829,Office Supplies,East,3369.16,0.18,627.72,21,No,18.631350247539448
ORD01933,2024-01-16,CUST5631,Electronics,West,4262.47,0.33,333.02,21,No,7.812840911490285
ORD01934,2025-03-26,CUST8093,Electronics,North,3340.64,0.06,827.63,34,Yes,24.774594089755258
ORD01935,2024-01-14,CUST3785,Furniture,East,2906.92,0.15,432.64,23,No,14.883106518239236
ORD01936,2025-11-27,CUST5151,Office Supplies,North,3696.97,0.32,321.81,29,No,8.704696007811803
ORD01937,2025-05-23,CUST6899,Clothing,South,2973.1,0.09,760.67,26,Yes,25.585079546601193
ORD01938,2024-08-22,CUST3017,Home,South,3882.12,0.29,274.46,21,Yes,7.069848433330242
ORD01939,2024-11-11,CUST9700,Home,West,2916.79,0.13,562.17,18,Yes,19.273585002691313
ORD01940,2024-01-11,CUST7538,Clothing,East,2754.1,0.3,180.85,33,No,6.566573472277695
ORD01941,2025-11-29,CUST2014,Home,North,273.57,0.32,22.0,51,No,8.041817450743869
ORD01942,2025-06-05,CUST2391,Furniture,North,1483.63,0.02,248.28,62,Yes,16.734630601969492
ORD01943,2024-03-08,CUST5303,Home,South,1523.69,0.31,224.22,42,No,14.715591754228221
ORD01944,2025-11-13,CUST8711,Clothing,South,3973.9,0.33,109.72,19,Yes,2.761015626965953
ORD01945,2025-11-28,CUST5559,Home,East,609.35,0.34,102.7,27,No,16.854024780503813
ORD01946,2024-07-19,CUST3881,Clothing,South,4836.62,0.01,1274.8,29,Yes,26.357249484143885
ORD01947,2024-07-30,CUST9467,Electronics,South,3673.58,0.16,440.55,38,Yes,11.992388895845469
ORD01948,2025-04-20,CUST1967,Office Supplies,East,3015.06,0.29,416.8,63,Yes,13.823937168746228
ORD01949,2025-08-27,CUST8618,Electronics,North,3283.77,0.18,442.26,59,Yes,13.468056532582976
ORD01950,2025-09-28,CUST8395,Electronics,South,3400.13,0.04,382.01,65,Yes,11.235158655698458
ORD01951,2024-03-12,CUST4732,Home,North,308.88,0.19,33.98,27,Yes,11.001036001036
ORD01952,2025-01-21,CUST3629,Home,South,292.78,0.08,61.62,44,No,21.04651957100895
ORD01953,2024-05-17,CUST9480,Furniture,North,4970.95,0.06,823.77,61,Yes,16.571681469336845
ORD01954,2024-06-17,CUST7726,Office Supplies,South,3569.66,0.39,386.48,28,Yes,10.826801432069162
ORD01955,2025-09-09,CUST9740,Clothing,South,3081.7,0.09,216.77,39,Yes,7.034104552681962
ORD01956,2025-12-26,CUST7545,Electronics,East,3106.78,0.28,320.0,50,Yes,10.300053431527175
ORD01957,2025-03-07,CUST4853,Electronics,South,4203.68,0.19,875.09,20,No,20.81723632626651
ORD01958,2025-12-07,CUST6184,Clothing,East,2928.22,0.18,636.64,24,Yes,21.74153581356592
ORD01959,2025-01-21,CUST6540,Furniture,East,4776.65,0.05,1136.92,28,No,23.801618288968214
ORD01960,2025-01-14,CUST1159,Clothing,North,319.04,0.24,40.03,43,No,12.547016048144432
ORD01961,2024-06-06,CUST2437,Home,West,3452.38,0.21,272.77,61,No,7.900926317496914
ORD01962,2024-06-08,CUST8673,Electronics,West,4487.01,0.02,992.33,36,Yes,22.115618195635847
ORD01963,2024-08-10,CUST9259,Clothing,South,709.72,0.25,124.05,39,Yes,17.478724003832497
ORD01964,2024-12-25,CUST3496,Office Supplies,South,1409.09,0.09,278.67,47,Yes,19.776593404253813
ORD01965,2025-05-13,CUST2038,Clothing,South,2721.29,0.33,427.29,64,Yes,15.701744393284066
ORD01966,2024-01-29,CUST8773,Home,West,190.78,0.19,26.39,32,Yes,13.832686864451201
ORD01967,2024-12-21,CUST5051,Clothing,West,3109.6,0.32,278.95,34,Yes,8.970607152045279
ORD01968,2024-08-07,CUST2315,Office Supplies,East,3501.23,0.1,838.59,54,No,23.951297115585096
ORD01969,2025-01-13,CUST5561,Home,North,4929.03,0.28,716.89,47,Yes,14.544240956131329
ORD01970,2024-12-22,CUST3942,Clothing,South,2386.69,0.21,131.24,57,Yes,5.498828922063612
ORD01971,2024-11-22,CUST8604,Home,North,2301.48,0.17,137.57,50,Yes,5.977457983558406
ORD01972,2024-10-23,CUST1353,Electronics,South,2189.87,0.28,172.94,38,No,7.897272440829821
ORD01973,2024-09-29,CUST4601,Home,South,1746.98,0.39,117.55,62,No,6.728754765366518
ORD01974,2024-08-23,CUST9259,Furniture,East,4800.4,0.03,651.25,21,No,13.566577785184569
ORD01975,2025-01-14,CUST9648,Clothing,East,362.89,0.35,17.08,39,Yes,4.706660420513103
ORD01976,2025-08-08,CUST6120,Home,West,2609.05,0.14,302.71,34,No,11.602307353251181
ORD01977,2025-01-26,CUST8465,Home,South,3474.07,0.04,342.35,24,Yes,9.854435863410927
ORD01978,2024-08-24,CUST9678,Electronics,West,1326.04,0.21,71.4,59,Yes,5.384452957678501
ORD01979,2024-11-17,CUST6367,Office Supplies,South,4063.92,0.36,141.67,18,Yes,3.4860430323431557
ORD01980,2024-09-02,CUST3003,Home,West,4006.38,0.26,655.26,62,Yes,16.355413116079852
ORD01981,2025-06-03,CUST4845,Office Supplies,East,4771.98,0.37,701.18,51,Yes,14.693691088395175
ORD01982,2025-10-29,CUST4574,Electronics,East,2481.94,0.21,372.68,49,Yes,15.015673223365594
ORD01983,2025-10-21,CUST4484,Office Supplies,North,2410.17,0.14,510.62,40,No,21.186057415037112
ORD01984,2024-06-15,CUST4556,Office Supplies,East,471.53,0.04,76.43,24,Yes,16.208936865098725
ORD01985,2025-10-21,CUST8950,Clothing,South,2242.19,0.14,228.25,60,Yes,10.179779590489654
ORD01986,2024-12-25,CUST1297,Electronics,South,2944.92,0.16,483.58,46,No,16.42081958083751
ORD01987,2025-09-22,CUST3607,Furniture,South,2245.4,0.34,257.76,59,No,11.47946913690211
ORD01988,2025-05-09,CUST3147,Home,North,3987.53,0.05,716.31,58,Yes,17.963751996850178
ORD01989,2025-10-15,CUST6259,Office Supplies,East,454.99,0.1,80.06,31,Yes,17.59599112068397
ORD01990,2024-01-20,CUST8384,Office Supplies,South,3868.72,0.4,519.16,35,Yes,13.419425546433963
ORD01991,2024-02-05,CUST1110,Electronics,West,4255.87,0.32,129.99,46,Yes,3.054369611853746
ORD01992,2025-07-26,CUST1143,Office Supplies,North,3905.97,0.33,74.33,24,Yes,1.9029844059222165
ORD01993,2025-09-30,CUST1653,Furniture,North,4626.37,0.24,883.27,23,Yes,19.092074347706735
ORD01994,2024-11-08,CUST1777,Furniture,West,4869.25,0.36,544.01,25,Yes,11.172357139189813
ORD01995,2024-11-23,CUST6069,Office Supplies,South,1360.65,0.34,39.27,52,No,2.8861206041230294
ORD01996,2025-03-11,CUST8132,Clothing,North,2916.29,0.18,360.25,62,Yes,12.353023876226302
ORD01997,2025-09-05,CUST1611,Electronics,East,920.89,0.31,63.86,33,Yes,6.934595880072539
ORD01998,2024-11-03,CUST5949,Clothing,North,1926.61,0.16,271.34,20,No,14.083805233025885
ORD01999,2025-01-01,CUST9800,Home,South,1261.66,0.3,244.85,28,Yes,19.40697176735412
ORD02000,2024-05-01,CUST1743,Clothing,South,466.85,0.32,97.59,53,Yes,20.90393059869337
ORD02001,2025-07-26,CUST7747,Electronics,West,4391.47,0.38,106.41,61,No,2.4231066135029957
ORD02002,2024-07-17,CUST5764,Office Supplies,East,1458.62,0.26,254.75,38,Yes,17.465138281389258
ORD02003,2025-09-13,CUST7238,Clothing,West,1376.17,0.39,76.17,42,No,5.534926644237267
ORD02004,2025-11-14,CUST6996,Electronics,East,4805.57,0.22,547.57,33,Yes,11.39448598189185
ORD02005,2025-05-08,CUST6711,Home,North,446.26,0.04,91.9,37,Yes,20.5933760587998
ORD02006,2025-08-02,CUST6490,Office Supplies,West,4663.13,0.08,955.45,39,No,20.489456652505936
ORD02007,2024-05-20,CUST8385,Furniture,West,4198.16,0.02,421.28,43,Yes,10.034872420298417
ORD02008,2024-12-13,CUST1489,Home,West,3863.03,0.39,704.22,43,Yes,18.22973158375679
ORD02009,2025-10-13,CUST4529,Electronics,South,2212.73,0.26,392.3,31,No,17.729230407686433
ORD02010,2024-04-20,CUST3107,Furniture,West,4747.11,0.36,302.43,61,No,6.370823511568091
ORD02011,2025-08-30,CUST9540,Clothing,East,4635.22,0.07,335.42,53,Yes,7.236333981990067
ORD02012,2025-03-04,CUST6283,Office Supplies,West,1300.79,0.09,202.02,36,No,15.530562196818856
ORD02013,2024-12-31,CUST4861,Office Supplies,East,642.66,0.1,56.64,19,Yes,8.813369433292877
ORD02014,2025-11-01,CUST6799,Electronics,West,2605.49,0.37,376.47,45,No,14.449105542527512
ORD02015,2024-04-06,CUST5729,Electronics,South,3035.79,0.01,562.44,36,Yes,18.526973209609363
ORD02016,2024-03-26,CUST8593,Electronics,South,2121.35,0.28,408.76,64,Yes,19.268861809696656
ORD02017,2025-07-21,CUST7484,Electronics,East,1904.55,0.27,376.23,21,Yes,19.754272662833742
ORD02018,2024-09-08,CUST6716,Electronics,South,527.35,0.03,138.4,18,Yes,26.24442969564805
ORD02019,2024-08-27,CUST4438,Clothing,East,2811.88,0.4,199.52,45,Yes,7.095608631947309
ORD02020,2024-03-22,CUST5567,Clothing,South,1604.42,0.38,106.86,41,No,6.660350780967576
ORD02021,2025-10-25,CUST6676,Electronics,East,961.93,0.39,42.16,35,No,4.382855301321302
ORD02022,2025-09-08,CUST9372,Furniture,West,181.42,0.09,23.25,32,Yes,12.815566089736524
ORD02023,2024-09-12,CUST3290,Home,East,1400.19,0.27,242.99,23,No,17.354073375756148
ORD02024,2025-07-28,CUST2027,Home,South,2509.4,0.31,403.44,23,Yes,16.077149916314657
ORD02025,2024-07-27,CUST6474,Clothing,West,915.5,0.03,229.75,64,Yes,25.09557618787548
ORD02026,2024-12-07,CUST3916,Office Supplies,North,725.59,0.03,71.02,33,Yes,9.78789674609628
ORD02027,2024-03-19,CUST1943,Clothing,East,4567.5,0.06,424.56,24,Yes,9.295238095238096
ORD02028,2024-04-03,CUST1764,Clothing,South,3866.01,0.2,286.41,30,Yes,7.408413325366463
ORD02029,2025-05-06,CUST3704,Office Supplies,South,1199.79,0.28,243.23,57,Yes,20.272714391685213
ORD02030,2024-12-27,CUST4334,Office Supplies,East,522.68,0.09,114.63,19,No,21.931200734675137
ORD02031,2024-10-08,CUST7488,Office Supplies,North,2122.05,0.11,382.79,26,Yes,18.038689003557877
ORD02032,2025-04-01,CUST4421,Office Supplies,North,4334.92,0.22,524.53,39,Yes,12.100107960469858
ORD02033,2025-01-08,CUST4016,Electronics,West,1140.29,0.24,172.04,52,Yes,15.087390049899588
ORD02034,2025-09-02,CUST9619,Furniture,West,1196.3,0.33,10.41,20,No,0.870183064448717
ORD02035,2025-10-27,CUST8077,Office Supplies,South,2961.38,0.21,105.6,53,No,3.565905084791549
ORD02036,2024-11-10,CUST4684,Office Supplies,East,1487.59,0.13,256.58,59,Yes,17.24803205184224
ORD02037,2024-10-23,CUST1161,Furniture,West,2193.61,0.23,172.13,21,Yes,7.846882536093471
ORD02038,2025-12-14,CUST6201,Home,South,4228.84,0.05,581.92,53,Yes,13.760747628191181
ORD02039,2025-06-21,CUST8257,Furniture,South,449.32,0.11,68.58,59,Yes,15.263064185880888
ORD02040,2025-02-08,CUST8823,Electronics,South,3591.46,0.32,591.14,31,Yes,16.459601387736463
ORD02041,2024-03-28,CUST3255,Office Supplies,East,2540.45,0.15,182.25,31,Yes,7.173925879273357
ORD02042,2024-12-31,CUST5257,Home,North,4287.73,0.04,763.34,40,Yes,17.802893372483812
ORD02043,2025-11-26,CUST5886,Clothing,West,1007.01,0.25,213.46,65,Yes,21.197406182659556
ORD02044,2024-07-24,CUST9647,Furniture,North,978.29,0.34,124.11,65,Yes,12.686422226538143
ORD02045,2025-05-28,CUST1679,Home,East,2483.76,0.12,293.65,51,No,11.822800914742162
ORD02046,2025-11-09,CUST5240,Clothing,North,2060.29,0.31,99.45,18,Yes,4.826990375141364
ORD02047,2024-06-09,CUST4176,Home,West,922.66,0.28,75.9,18,No,8.22621550733748
ORD02048,2025-10-31,CUST5906,Furniture,East,3547.42,0.18,788.94,61,Yes,22.23982499957716
ORD02049,2025-04-10,CUST9891,Office Supplies,South,479.37,0.28,41.34,55,Yes,8.62381876212529
ORD02050,2024-03-13,CUST9238,Furniture,West,4495.58,0.14,1001.94,20,Yes,22.28722434035208
ORD02051,2025-09-22,CUST7741,Home,South,1733.37,0.19,262.57,61,Yes,15.147948793390908
ORD02052,2025-11-18,CUST4476,Clothing,North,3987.52,0.21,711.03,26,Yes,17.831383917823608
ORD02053,2025-10-19,CUST2611,Furniture,West,926.28,0.28,170.68,36,Yes,18.426393747031135
ORD02054,2025-06-13,CUST6811,Home,East,3947.12,0.05,487.77,45,Yes,12.357617706074302
ORD02055,2024-11-12,CUST7923,Furniture,South,4482.93,0.34,114.12,53,Yes,2.545656523746746
ORD02056,2024-12-18,CUST4747,Office Supplies,North,1223.78,0.1,219.43,37,Yes,17.93051038585367
ORD02057,2025-03-09,CUST8459,Furniture,East,3239.19,0.32,529.6,65,No,16.34976645395917
ORD02058,2025-03-16,CUST9684,Clothing,West,552.02,0.18,64.39,44,Yes,11.664432448099706
ORD02059,2024-02-09,CUST5366,Electronics,North,1469.69,0.09,176.33,20,Yes,11.997768236839061
ORD02060,2025-11-16,CUST4635,Furniture,West,1184.7,0.06,155.49,50,No,13.124841732084072
ORD02061,2024-03-20,CUST4109,Home,West,4270.06,0.36,127.39,37,Yes,2.9833304450054565
ORD02062,2024-03-22,CUST7223,Furniture,South,1110.42,0.27,167.44,30,Yes,15.07897912501576
ORD02063,2025-04-24,CUST1204,Furniture,North,3395.8,0.17,162.89,54,Yes,4.7968078214264676
ORD02064,2024-12-11,CUST3486,Home,North,679.33,0.31,75.29,32,Yes,11.082978817364168
ORD02065,2025-08-22,CUST8373,Office Supplies,North,3240.92,0.13,769.99,32,Yes,23.758377250904065
ORD02066,2024-09-04,CUST6513,Home,West,2348.85,0.07,363.65,61,No,15.482044404708686
ORD02067,2024-08-13,CUST4058,Clothing,North,2137.24,0.04,310.77,51,No,14.540716063708334
ORD02068,2024-03-26,CUST5095,Home,East,656.32,0.17,34.31,28,Yes,5.2276328620185275
ORD02069,2024-05-15,CUST9385,Home,East,1601.54,0.27,46.03,24,Yes,2.8741086704047354
ORD02070,2024-06-25,CUST6687,Home,West,1871.56,0.33,272.31,23,Yes,14.549894205903097
ORD02071,2024-09-16,CUST6219,Clothing,North,2306.0,0.39,313.61,26,No,13.599739809193409
ORD02072,2024-11-16,CUST1859,Home,East,794.15,0.33,73.68,37,No,9.277844235975573
ORD02073,2024-09-07,CUST3271,Clothing,West,809.25,0.07,182.21,29,Yes,22.515909793018228
ORD02074,2025-03-27,CUST3935,Office Supplies,North,4282.4,0.36,750.09,32,Yes,17.515645432467778
ORD02075,2024-11-22,CUST7408,Electronics,West,1860.55,0.3,151.7,36,Yes,8.153502996425788
ORD02076,2025-08-23,CUST2255,Furniture,East,1567.07,0.17,224.62,46,No,14.333756628612635
ORD02077,2025-09-09,CUST2657,Office Supplies,South,2538.79,0.31,181.01,21,Yes,7.129774420097763
ORD02078,2025-04-03,CUST4585,Furniture,South,3950.27,0.14,504.99,45,Yes,12.783683140646081
ORD02079,2025-12-20,CUST7829,Clothing,North,3413.82,0.39,394.56,21,No,11.557727120937834
ORD02080,2025-03-23,CUST9200,Furniture,East,4853.87,0.03,1213.24,24,No,24.995313018272018
ORD02081,2025-07-06,CUST7903,Home,West,853.21,0.22,30.14,36,No,3.532541812683864
ORD02082,2024-11-06,CUST2545,Furniture,East,1257.07,0.34,205.84,56,No,16.374585345287056
ORD02083,2024-08-15,CUST9439,Office Supplies,North,759.07,0.23,129.4,34,Yes,17.04717614976221
ORD02084,2025-11-24,CUST5847,Clothing,North,3386.65,0.17,321.32,31,Yes,9.487841967726219
ORD02085,2025-09-26,CUST8127,Furniture,North,476.97,0.34,87.24,28,No,18.290458519403735
ORD02086,2024-09-03,CUST2927,Home,West,2761.85,0.3,507.38,53,Yes,18.37101942538516
ORD02087,2025-03-27,CUST4226,Office Supplies,South,1969.11,0.06,143.98,47,Yes,7.31193280212888
ORD02088,2024-03-20,CUST1584,Office Supplies,East,923.08,0.08,58.33,61,No,6.3190622697924335
ORD02089,2024-02-02,CUST6862,Furniture,East,2089.39,0.26,92.5,64,Yes,4.427129449265096
ORD02090,2025-05-26,CUST5513,Clothing,West,536.04,0.12,50.21,48,Yes,9.366838295649579
ORD02091,2024-09-20,CUST3518,Furniture,East,884.71,0.34,135.37,42,Yes,15.301059104113213
ORD02092,2025-05-07,CUST2461,Furniture,West,886.2,0.23,88.26,34,Yes,9.95937711577522
ORD02093,2025-10-26,CUST8939,Electronics,West,745.75,0.19,164.71,25,Yes,22.086490110626887
ORD02094,2024-05-18,CUST3451,Home,West,2634.91,0.01,646.64,56,No,24.541255678562077
ORD02095,2024-05-31,CUST5721,Furniture,East,2525.13,0.06,236.47,45,Yes,9.364666373612447
ORD02096,2025-05-04,CUST1516,Office Supplies,West,3779.31,0.09,541.67,43,No,14.332510431798395
ORD02097,2025-12-23,CUST6524,Clothing,West,2145.74,0.4,63.08,45,Yes,2.939778351524416
ORD02098,2024-12-07,CUST5231,Clothing,South,1871.52,0.1,455.75,34,Yes,24.351863725741644
ORD02099,2025-11-10,CUST4873,Office Supplies,West,2085.15,0.05,357.59,29,No,17.14936575306333
ORD02100,2025-12-05,CUST3568,Home,West,4569.27,0.26,405.65,35,Yes,8.877785729449123
ORD02101,2024-09-14,CUST1378,Furniture,South,2384.2,0.33,148.09,35,Yes,6.211307776193273
ORD02102,2024-04-10,CUST8846,Furniture,South,2823.33,0.15,454.62,50,Yes,16.10226222226945
ORD02103,2024-12-31,CUST9665,Office Supplies,South,2617.69,0.07,534.27,65,No,20.409979791342746
ORD02104,2025-09-07,CUST5969,Electronics,East,4181.19,0.37,656.29,36,Yes,15.696249153948996
ORD02105,2024-02-22,CUST7729,Home,North,4581.79,0.0,1101.56,33,Yes,24.042132005177013
ORD02106,2024-11-08,CUST6448,Office Supplies,West,1344.1,0.06,164.14,31,Yes,12.211888996354437
ORD02107,2024-05-04,CUST3578,Home,East,4583.6,0.1,1087.51,59,Yes,23.72611048084475
ORD02108,2024-05-11,CUST3586,Home,East,2445.49,0.08,585.47,26,Yes,23.94080531917939
ORD02109,2024-05-11,CUST5574,Clothing,West,615.55,0.36,119.46,37,No,19.407034359515883
ORD02110,2024-08-04,CUST9672,Home,North,3420.15,0.13,579.06,27,No,16.930836366826014
ORD02111,2024-03-28,CUST4131,Furniture,South,772.03,0.4,46.37,56,No,6.006243280701527
ORD02112,2024-02-29,CUST9770,Electronics,West,4731.58,0.13,886.39,38,No,18.733488602115994
ORD02113,2025-03-18,CUST9063,Furniture,East,2972.46,0.07,268.6,31,No,9.036286442878962
ORD02114,2025-08-02,CUST6696,Clothing,South,3942.4,0.01,610.17,32,Yes,15.477120535714285
ORD02115,2025-05-21,CUST5309,Home,West,2639.88,0.29,269.52,47,Yes,10.209554979771806
ORD02116,2025-07-16,CUST6636,Furniture,East,3094.21,0.36,154.63,22,No,4.997398366626699
ORD02117,2025-07-17,CUST1777,Clothing,South,770.71,0.04,172.7,35,Yes,22.407909589858697
ORD02118,2025-05-10,CUST2142,Electronics,North,1392.6,0.09,332.12,46,Yes,23.84891569725693
ORD02119,2024-08-26,CUST9139,Clothing,North,3122.74,0.02,475.69,42,Yes,15.233096575443362
ORD02120,2025-05-03,CUST5011,Furniture,West,504.75,0.18,77.63,63,Yes,15.379891035165924
ORD02121,2025-05-26,CUST9203,Office Supplies,South,3548.92,0.28,345.6,64,Yes,9.73817386697925
ORD02122,2025-04-22,CUST5201,Electronics,North,4751.02,0.37,613.74,55,No,12.918068120108945
ORD02123,2025-11-27,CUST3797,Furniture,West,878.25,0.06,152.13,21,No,17.321947053800173
ORD02124,2024-09-10,CUST8417,Furniture,West,4959.28,0.06,887.9,57,Yes,17.903808617379944
ORD02125,2025-01-01,CUST1632,Furniture,West,537.56,0.18,101.71,50,No,18.920678621921276
ORD02126,2025-02-18,CUST1655,Office Supplies,West,1756.52,0.09,227.34,42,Yes,12.942636576867898
ORD02127,2025-06-07,CUST5280,Home,North,2722.23,0.35,383.67,39,Yes,14.093959731543626
ORD02128,2024-06-24,CUST7451,Home,South,3408.31,0.11,509.3,64,Yes,14.942889584574173
ORD02129,2025-02-26,CUST5915,Home,East,3496.08,0.12,320.27,19,Yes,9.160831559918536
ORD02130,2024-12-14,CUST8573,Home,West,3912.55,0.28,123.93,53,No,3.1674994568759502
ORD02131,2025-04-14,CUST5200,Clothing,South,4021.95,0.39,385.29,26,Yes,9.579681497780928
ORD02132,2025-08-14,CUST2456,Clothing,North,3552.54,0.26,309.22,34,Yes,8.704194745168246
ORD02133,2025-10-02,CUST6131,Electronics,South,4161.13,0.22,200.43,45,Yes,4.816720458144783
ORD02134,2024-10-25,CUST1074,Electronics,West,636.31,0.05,133.34,35,Yes,20.955194794989865
ORD02135,2025-03-28,CUST7798,Office Supplies,North,3365.8,0.12,275.66,50,Yes,8.190029116406205
ORD02136,2024-01-25,CUST5201,Office Supplies,North,1422.28,0.19,84.52,50,Yes,5.942571083049751
ORD02137,2024-02-08,CUST2957,Furniture,West,4880.46,0.21,740.2,43,Yes,15.166603148063912
ORD02138,2025-01-14,CUST3300,Furniture,South,962.9,0.07,170.31,28,No,17.68719493197632
ORD02139,2024-03-16,CUST7248,Furniture,North,3821.46,0.22,814.66,37,Yes,21.31803028162011
ORD02140,2024-08-10,CUST5377,Home,North,1801.89,0.27,143.41,54,Yes,7.958865413538006
ORD02141,2025-01-20,CUST4528,Furniture,West,3522.23,0.29,58.4,25,No,1.6580405027496785
ORD02142,2025-02-13,CUST8963,Home,West,4281.51,0.27,414.15,38,Yes,9.672989202407562
ORD02143,2025-03-07,CUST1270,Electronics,East,3103.55,0.21,450.23,55,No,14.50693560599958
ORD02144,2024-05-17,CUST4220,Home,North,580.75,0.38,32.87,37,No,5.659922513990529
ORD02145,2024-11-07,CUST3990,Clothing,North,1900.66,0.18,454.68,26,Yes,23.922216493218144
ORD02146,2025-04-19,CUST9754,Home,South,2965.68,0.23,192.85,29,No,6.502724501632004
ORD02147,2025-10-03,CUST1139,Furniture,West,1628.1,0.2,128.77,34,Yes,7.909219335421658
ORD02148,2025-08-06,CUST5532,Clothing,South,4657.94,0.19,653.41,24,No,14.027874983361743
ORD02149,2025-01-28,CUST1077,Clothing,South,3901.57,0.33,221.76,60,No,5.6838657258488245
ORD02150,2024-03-24,CUST2416,Clothing,North,1026.54,0.11,252.21,54,Yes,24.568940323806185
ORD02151,2025-07-25,CUST5334,Clothing,West,586.9,0.38,107.18,40,No,18.262054864542513
ORD02152,2025-08-15,CUST7727,Office Supplies,North,3915.45,0.06,897.42,26,Yes,22.919970884572656
ORD02153,2025-07-06,CUST9919,Home,South,4041.55,0.21,791.5,49,Yes,19.584070468013508
ORD02154,2024-08-21,CUST9487,Office Supplies,North,4548.77,0.02,882.19,35,No,19.39403399160652
ORD02155,2024-09-13,CUST7034,Clothing,East,2525.22,0.08,570.17,59,No,22.579022817813893
ORD02156,2024-01-20,CUST9995,Office Supplies,South,3609.48,0.3,714.21,23,Yes,19.7870607400512
ORD02157,2025-06-04,CUST9487,Electronics,West,4534.44,0.23,775.06,58,Yes,17.092739125448787
ORD02158,2024-08-07,CUST2957,Office Supplies,West,916.97,0.07,162.83,32,Yes,17.757396643292584
ORD02159,2025-07-26,CUST1593,Home,West,1754.82,0.0,382.32,63,Yes,21.786849933326497
ORD02160,2025-05-27,CUST3876,Electronics,East,1031.01,0.32,125.17,41,Yes,12.140522400364691
ORD02161,2025-07-03,CUST7023,Home,South,1452.15,0.31,233.71,64,Yes,16.09406741727783
ORD02162,2025-11-24,CUST2981,Furniture,North,2950.17,0.11,308.58,60,Yes,10.459736218590793
ORD02163,2025-03-24,CUST3441,Electronics,East,4557.38,0.25,647.07,52,Yes,14.19828936801408
ORD02164,2024-07-20,CUST7578,Furniture,East,171.77,0.25,34.78,21,Yes,20.248006054607906
ORD02165,2025-08-27,CUST1381,Home,South,1546.98,0.13,86.62,30,Yes,5.599296694204192
ORD02166,2024-05-12,CUST4904,Furniture,East,1150.34,0.32,94.91,62,Yes,8.25060416920215
ORD02167,2024-12-28,CUST5788,Home,West,2539.93,0.04,360.28,26,Yes,14.184642883859002
ORD02168,2025-06-30,CUST6423,Office Supplies,North,1046.17,0.05,94.99,59,Yes,9.079786268006155
ORD02169,2025-03-24,CUST7463,Office Supplies,North,381.58,0.28,53.4,35,No,13.99444415325751
ORD02170,2025-09-09,CUST4547,Office Supplies,West,1653.24,0.37,310.49,54,Yes,18.78069729742808
ORD02171,2025-02-22,CUST9512,Furniture,South,617.7,0.33,115.06,59,No,18.62716529059414
ORD02172,2025-08-01,CUST6556,Home,South,550.3,0.11,102.95,51,Yes,18.707977466836272
ORD02173,2024-10-05,CUST9678,Clothing,South,2129.92,0.29,433.2,52,Yes,20.33879206730769
ORD02174,2025-03-08,CUST6677,Electronics,East,3611.33,0.14,435.03,23,Yes,12.046254427039345
ORD02175,2025-08-25,CUST5287,Home,North,168.05,0.15,29.97,42,Yes,17.833977982743228
ORD02176,2025-08-09,CUST4375,Office Supplies,South,2260.94,0.39,267.59,25,Yes,11.835342822012082
ORD02177,2025-12-30,CUST7943,Electronics,West,3353.73,0.36,161.51,61,Yes,4.8158319244542644
ORD02178,2025-11-29,CUST2011,Furniture,West,1575.13,0.03,162.4,37,Yes,10.3102601055151
ORD02179,2025-08-02,CUST3369,Home,West,3494.21,0.13,325.54,45,Yes,9.316555101153051
ORD02180,2024-01-27,CUST7503,Home,North,1311.9,0.39,241.56,21,Yes,18.41298879487766
ORD02181,2024-07-29,CUST5492,Furniture,West,711.97,0.08,52.48,20,No,7.371097096787785
ORD02182,2025-03-26,CUST9682,Office Supplies,East,4170.73,0.0,779.79,62,Yes,18.69672695187653
ORD02183,2024-05-28,CUST7263,Office Supplies,South,4987.37,0.04,733.56,43,Yes,14.708353300436903
ORD02184,2024-07-06,CUST6513,Office Supplies,South,4179.3,0.3,330.94,49,Yes,7.9185509535089595
ORD02185,2024-02-14,CUST1818,Clothing,East,979.19,0.36,46.73,44,Yes,4.772311808739876
ORD02186,2024-01-26,CUST6298,Home,South,1439.15,0.21,257.83,43,Yes,17.915436194976202
ORD02187,2024-11-05,CUST1367,Furniture,North,3988.23,0.25,840.89,49,Yes,21.084290524869427
ORD02188,2025-01-09,CUST7493,Clothing,West,3717.74,0.36,588.57,33,No,15.831392189878798
ORD02189,2025-07-31,CUST5001,Furniture,South,1432.73,0.09,312.77,21,Yes,21.830351845776942
ORD02190,2024-06-06,CUST8214,Office Supplies,South,2739.73,0.07,428.61,62,No,15.644242315848642
ORD02191,2024-05-08,CUST2054,Office Supplies,North,889.69,0.17,179.59,34,No,20.185682653508525
ORD02192,2025-12-27,CUST9148,Furniture,North,4231.01,0.1,786.36,57,Yes,18.585633217600524
ORD02193,2024-10-24,CUST1119,Office Supplies,West,4821.2,0.0,1317.52,25,Yes,27.32763627312702
ORD02194,2024-09-02,CUST2217,Clothing,South,253.52,0.06,43.46,25,Yes,17.142631745029977
ORD02195,2024-02-25,CUST4507,Clothing,North,3396.02,0.04,672.79,21,Yes,19.811131854347146
ORD02196,2025-08-06,CUST2718,Office Supplies,West,1827.44,0.37,10.6,19,No,0.580046403712297
ORD02197,2024-03-26,CUST5765,Furniture,East,3377.54,0.39,201.18,35,Yes,5.956406141748136
ORD02198,2024-10-31,CUST8320,Clothing,East,4318.57,0.33,396.73,64,No,9.18660575144087
ORD02199,2025-01-18,CUST4124,Furniture,East,506.63,0.09,106.52,31,Yes,21.025205771470304
ORD02200,2024-12-07,CUST5451,Furniture,North,2630.02,0.06,320.13,34,Yes,12.17215078212333
ORD02201,2024-07-30,CUST2233,Electronics,North,2622.89,0.11,336.22,24,No,12.818684733252253
ORD02202,2024-02-28,CUST6408,Electronics,South,2607.67,0.17,558.46,51,Yes,21.416053411666354
ORD02203,2024-01-28,CUST3302,Office Supplies,North,3090.65,0.26,287.58,38,Yes,9.304838787957225
ORD02204,2024-05-12,CUST5772,Furniture,South,933.53,0.19,88.79,59,No,9.511210137863808
ORD02205,2024-04-14,CUST7766,Home,East,1066.46,0.08,177.2,43,Yes,16.615719295613523
ORD02206,2024-05-26,CUST9785,Clothing,North,3433.49,0.12,198.06,24,Yes,5.76847464241923
ORD02207,2024-06-26,CUST2056,Clothing,West,2634.32,0.03,429.74,64,Yes,16.313128245619364
ORD02208,2024-10-23,CUST9088,Home,North,2131.47,0.35,279.58,24,Yes,13.116769178078979
ORD02209,2025-11-04,CUST2317,Electronics,West,1157.95,0.2,227.07,64,Yes,19.609654993738936
ORD02210,2024-12-08,CUST3554,Furniture,North,2412.17,0.34,374.94,65,Yes,15.543680586359997
ORD02211,2024-02-19,CUST8167,Office Supplies,East,2376.34,0.06,417.33,51,Yes,17.561880875632273
ORD02212,2024-04-16,CUST7765,Home,South,4826.18,0.3,978.97,27,Yes,20.28457289201812
ORD02213,2025-09-23,CUST4157,Furniture,South,4852.37,0.18,455.02,61,Yes,9.377273373629794
ORD02214,2024-11-07,CUST2963,Clothing,East,4238.07,0.17,273.09,29,No,6.443735002017427
ORD02215,2024-12-09,CUST1886,Office Supplies,East,1491.6,0.27,210.27,23,No,14.09694288012872
ORD02216,2025-05-02,CUST2376,Office Supplies,North,3798.56,0.32,648.66,26,Yes,17.076471083779115
ORD02217,2024-12-10,CUST8762,Home,North,3139.43,0.26,253.31,63,No,8.068662145676127
ORD02218,2025-06-29,CUST3780,Home,West,2570.05,0.23,446.42,39,No,17.37009007606856
ORD02219,2025-07-05,CUST7762,Clothing,North,3808.27,0.2,486.93,53,Yes,12.786120731985914
ORD02220,2025-05-18,CUST6585,Office Supplies,East,4166.35,0.01,793.66,20,Yes,19.049287745868686
ORD02221,2024-09-05,CUST3513,Office Supplies,North,4838.27,0.29,944.85,33,No,19.528674505556737
ORD02222,2025-11-22,CUST6272,Office Supplies,West,4528.35,0.4,280.52,21,No,6.194750847438912
ORD02223,2024-02-09,CUST2082,Furniture,South,2205.33,0.27,269.92,22,Yes,12.239438088630727
ORD02224,2024-02-04,CUST6961,Electronics,South,1769.16,0.3,334.58,40,No,18.911799950258878
ORD02225,2025-08-16,CUST5327,Furniture,North,729.1,0.17,163.52,27,Yes,22.42765052804828
ORD02226,2024-02-25,CUST6890,Clothing,West,219.81,0.31,19.14,51,No,8.707520131022246
ORD02227,2024-04-10,CUST1104,Office Supplies,East,2418.44,0.37,145.19,35,Yes,6.003456773788061
ORD02228,2024-04-14,CUST5036,Clothing,West,4242.88,0.03,978.62,47,Yes,23.064993589260123
ORD02229,2025-03-11,CUST3621,Office Supplies,South,3518.26,0.24,382.2,61,Yes,10.863324484262106
ORD02230,2025-03-02,CUST8924,Office Supplies,North,2923.07,0.17,598.24,63,Yes,20.46615373562727
ORD02231,2024-05-16,CUST8338,Office Supplies,North,4636.49,0.1,916.85,62,Yes,19.774657122090204
ORD02232,2024-09-24,CUST6746,Home,South,4539.38,0.39,720.32,54,Yes,15.868246324387913
ORD02233,2025-11-08,CUST6432,Clothing,East,787.79,0.19,87.15,34,Yes,11.062592822960434
ORD02234,2024-10-13,CUST1878,Office Supplies,East,3314.03,0.31,281.43,23,Yes,8.49207762150614
ORD02235,2024-11-29,CUST3731,Clothing,West,3585.22,0.12,506.15,27,No,14.117683154729695
ORD02236,2024-09-22,CUST3269,Clothing,West,679.33,0.28,70.63,36,Yes,10.39700881751137
ORD02237,2024-12-27,CUST9044,Electronics,East,3495.07,0.27,459.67,21,Yes,13.151954038116548
ORD02238,2025-02-28,CUST4816,Furniture,South,2016.94,0.33,48.41,29,Yes,2.4001705553957975
ORD02239,2024-12-07,CUST6629,Home,West,2848.48,0.32,285.12,34,Yes,10.009548952423748
ORD02240,2025-05-20,CUST1472,Electronics,East,2726.39,0.08,699.41,38,Yes,25.653336463235267
ORD02241,2024-11-10,CUST1325,Furniture,East,513.53,0.19,89.07,33,Yes,17.344653671645275
ORD02242,2025-09-09,CUST5629,Office Supplies,South,4671.37,0.29,631.87,32,Yes,13.526438710699432
ORD02243,2024-03-11,CUST5329,Home,South,4622.2,0.24,176.25,27,No,3.8131192938427585
ORD02244,2025-06-07,CUST7730,Clothing,East,4288.6,0.09,1022.49,34,Yes,23.84204635545399
ORD02245,2024-04-19,CUST9914,Furniture,South,3451.19,0.34,281.96,45,Yes,8.169935587435058
ORD02246,2024-04-01,CUST6360,Office Supplies,East,2431.0,0.09,559.42,33,No,23.011929247223364
ORD02247,2024-08-08,CUST8116,Clothing,North,3206.69,0.29,460.28,21,Yes,14.353741708740165
ORD02248,2024-01-07,CUST8099,Electronics,West,2129.15,0.15,409.62,38,Yes,19.238663316346898
ORD02249,2024-05-16,CUST3810,Clothing,North,2045.62,0.17,383.33,51,Yes,18.739061995874113
ORD02250,2024-05-14,CUST9944,Home,East,1067.5,0.07,154.89,31,No,14.5096018735363
ORD02251,2024-06-20,CUST5170,Furniture,North,3205.79,0.4,140.87,36,Yes,4.394236678010724
ORD02252,2025-09-22,CUST9499,Electronics,North,593.02,0.07,155.92,53,Yes,26.292536508043575
ORD02253,2025-05-28,CUST9178,Furniture,North,1958.97,0.25,289.01,21,No,14.753161099965798
ORD02254,2025-04-13,CUST2594,Office Supplies,East,1701.57,0.22,246.64,63,Yes,14.494848874862626
ORD02255,2024-03-12,CUST1118,Electronics,West,1270.2,0.32,184.75,46,Yes,14.544953550621948
ORD02256,2024-01-10,CUST6421,Home,West,4898.31,0.05,778.17,45,Yes,15.886499629464037
ORD02257,2024-01-21,CUST9254,Office Supplies,South,3616.73,0.09,682.31,29,No,18.86538392415248
ORD02258,2024-02-25,CUST6365,Furniture,East,2112.43,0.2,425.79,32,Yes,20.15640754959928
ORD02259,2025-06-05,CUST4010,Home,South,637.45,0.21,68.5,44,No,10.745940858106518
ORD02260,2024-08-01,CUST4242,Furniture,South,1800.39,0.19,256.97,31,Yes,14.273018623742633
ORD02261,2024-08-17,CUST9868,Home,South,3088.49,0.35,154.72,23,No,5.009567782314335
ORD02262,2025-08-12,CUST6726,Home,West,3936.01,0.35,618.95,62,Yes,15.725315738527087
ORD02263,2025-09-05,CUST5103,Home,West,4922.58,0.1,343.67,47,Yes,6.981501570314753
ORD02264,2024-09-18,CUST6438,Office Supplies,East,2557.11,0.11,499.51,56,No,19.534161612132444
ORD02265,2024-12-09,CUST4557,Home,North,1717.41,0.31,160.14,56,Yes,9.324506087655248
ORD02266,2024-09-04,CUST8132,Furniture,South,1209.29,0.34,7.33,37,No,0.6061407933580861
ORD02267,2024-10-17,CUST8855,Clothing,North,4232.46,0.37,816.65,59,Yes,19.294925409808954
ORD02268,2025-06-10,CUST7514,Electronics,North,800.32,0.01,135.09,25,Yes,16.879498200719713
ORD02269,2025-05-31,CUST6190,Home,East,1504.14,0.03,409.6,36,Yes,27.231507705399764
ORD02270,2024-11-25,CUST1682,Office Supplies,North,4513.26,0.25,367.04,48,No,8.132480734546647
ORD02271,2024-02-09,CUST4453,Office Supplies,North,2714.23,0.28,101.28,51,Yes,3.7314450138713373
ORD02272,2024-08-01,CUST7499,Home,West,228.69,0.35,32.56,52,Yes,14.237614237614238
ORD02273,2024-01-09,CUST8186,Electronics,South,2110.68,0.12,359.0,37,No,17.008736520931645
ORD02274,2025-12-24,CUST6835,Furniture,East,1434.26,0.08,128.93,45,Yes,8.9893045891261
ORD02275,2025-04-17,CUST6346,Home,North,1761.57,0.33,275.9,49,Yes,15.662165000539291
ORD02276,2025-01-07,CUST6510,Clothing,North,2308.42,0.3,81.09,18,Yes,3.5127922994948926
ORD02277,2024-09-08,CUST3924,Electronics,North,1902.28,0.33,249.73,52,No,13.127930693693882
ORD02278,2024-03-15,CUST6422,Electronics,South,4766.42,0.03,671.34,37,Yes,14.084784807045962
ORD02279,2024-03-14,CUST6401,Electronics,East,3508.09,0.27,539.14,24,No,15.368476863478417
ORD02280,2024-03-10,CUST2156,Electronics,South,2342.11,0.33,152.82,63,No,6.52488568000649
ORD02281,2025-03-09,CUST1430,Electronics,West,4079.18,0.18,918.18,48,Yes,22.508935619413705
ORD02282,2025-07-19,CUST9324,Office Supplies,East,4610.85,0.22,932.49,49,No,20.22381990305475
ORD02283,2025-01-16,CUST9564,Home,West,3909.8,0.1,685.39,29,Yes,17.53005268811704
ORD02284,2025-08-21,CUST6072,Electronics,South,984.15,0.25,164.16,53,Yes,16.680384087791495
ORD02285,2025-12-07,CUST6689,Electronics,South,2731.39,0.39,439.68,63,No,16.097298445114028
ORD02286,2025-11-24,CUST7047,Home,West,2624.33,0.33,227.82,20,Yes,8.681072883364516
ORD02287,2024-07-29,CUST5684,Electronics,South,3184.65,0.33,517.11,23,No,16.237577127784846
ORD02288,2024-02-12,CUST3431,Clothing,West,3310.37,0.39,356.51,30,No,10.769491023662008
ORD02289,2024-06-30,CUST9399,Clothing,East,1944.42,0.09,377.29,23,Yes,19.403729646886987
ORD02290,2024-07-01,CUST6509,Office Supplies,East,3344.94,0.39,327.41,46,No,9.788217426919466
ORD02291,2025-07-26,CUST8852,Home,North,1141.27,0.25,154.26,48,Yes,13.516521068634066
ORD02292,2025-08-22,CUST8835,Office Supplies,North,1247.1,0.09,252.09,34,Yes,20.214096704354105
ORD02293,2024-12-18,CUST1856,Office Supplies,East,4521.82,0.1,1075.42,44,Yes,23.782901575029527
ORD02294,2024-01-01,CUST5781,Electronics,West,4393.51,0.11,819.22,26,Yes,18.646139419279802
ORD02295,2025-03-22,CUST3572,Furniture,East,4038.78,0.22,601.8,46,Yes,14.900539271760282
ORD02296,2025-05-07,CUST8571,Clothing,East,1680.69,0.34,298.92,59,Yes,17.785552362422578
ORD02297,2025-05-05,CUST8635,Office Supplies,North,2866.87,0.23,335.69,33,No,11.709285736709374
ORD02298,2024-11-15,CUST8939,Home,North,4128.19,0.16,513.75,24,Yes,12.444921382010035
ORD02299,2025-12-02,CUST6916,Home,West,3674.27,0.25,130.85,65,No,3.561251622771326
ORD02300,2024-06-20,CUST9560,Office Supplies,South,1100.93,0.15,199.71,35,No,18.140117900320636
ORD02301,2025-12-25,CUST6019,Clothing,East,3873.15,0.04,877.33,59,Yes,22.65158850031628
ORD02302,2024-11-24,CUST3227,Office Supplies,South,1708.48,0.04,185.72,44,No,10.870481363551226
ORD02303,2025-08-03,CUST2992,Clothing,North,2224.46,0.07,173.82,45,Yes,7.814031270510595
ORD02304,2024-12-26,CUST8290,Furniture,East,806.72,0.26,167.53,64,Yes,20.766808806029353
ORD02305,2025-03-29,CUST4941,Clothing,West,2295.8,0.07,460.35,38,Yes,20.051833783430613
ORD02306,2025-01-29,CUST3201,Furniture,East,2971.51,0.1,497.21,49,Yes,16.73257030937133
ORD02307,2025-11-13,CUST5697,Office Supplies,South,2540.88,0.2,139.8,53,Yes,5.502030792481345
ORD02308,2025-03-12,CUST1585,Electronics,West,2028.3,0.03,184.6,42,Yes,9.101217768574669
ORD02309,2025-11-15,CUST6411,Electronics,East,2745.24,0.29,516.66,33,Yes,18.820212440442365
ORD02310,2024-05-12,CUST8182,Clothing,South,4147.87,0.19,776.07,40,No,18.710084935159493
ORD02311,2025-04-28,CUST1034,Office Supplies,West,3568.02,0.11,233.48,56,Yes,6.543685293243871
ORD02312,2025-05-13,CUST9426,Clothing,North,3106.56,0.32,170.92,32,Yes,5.501905644829007
ORD02313,2025-01-18,CUST6153,Clothing,West,3147.16,0.33,468.77,29,Yes,14.895016459283925
ORD02314,2024-03-13,CUST5085,Clothing,North,3296.61,0.05,487.34,64,Yes,14.783065027406941
ORD02315,2024-04-11,CUST6240,Electronics,North,2309.03,0.37,305.83,21,Yes,13.24495567402762
ORD02316,2025-03-26,CUST4873,Electronics,South,1301.74,0.16,302.0,62,No,23.199717301458048
ORD02317,2025-05-27,CUST2506,Electronics,East,3944.59,0.31,495.38,39,Yes,12.558466152375786
ORD02318,2025-04-01,CUST6305,Electronics,East,4721.96,0.33,777.1,47,Yes,16.45714914992927
ORD02319,2024-11-24,CUST8516,Furniture,North,3053.44,0.15,349.41,53,Yes,11.443159190945295
ORD02320,2024-04-02,CUST4100,Furniture,South,3683.74,0.4,649.39,50,Yes,17.62855141785251
ORD02321,2024-08-16,CUST9310,Clothing,East,4096.21,0.13,447.75,30,Yes,10.93083606553375
ORD02322,2024-10-27,CUST2100,Clothing,East,4517.82,0.17,544.92,65,Yes,12.061569518041887
ORD02323,2024-05-09,CUST6326,Office Supplies,North,4632.47,0.11,403.28,35,Yes,8.705506997346987
ORD02324,2024-01-08,CUST8049,Home,North,2849.64,0.07,501.71,38,Yes,17.60608357546918
ORD02325,2025-03-04,CUST4751,Clothing,West,319.14,0.21,56.89,37,Yes,17.826032462242278
ORD02326,2024-06-22,CUST8586,Clothing,South,1272.47,0.03,287.17,22,Yes,22.567919086501057
ORD02327,2025-09-13,CUST6206,Electronics,East,2800.89,0.22,288.29,55,No,10.292799788638613
ORD02328,2025-10-26,CUST3820,Electronics,East,4041.24,0.27,857.9,30,No,21.228632795874532
ORD02329,2024-03-30,CUST3818,Office Supplies,South,1557.06,0.11,104.85,29,Yes,6.733844553196408
ORD02330,2025-11-17,CUST8628,Office Supplies,North,1898.59,0.24,88.56,60,No,4.664514192110988
ORD02331,2025-03-27,CUST4767,Electronics,West,4497.86,0.34,828.22,21,No,18.41364560035217
ORD02332,2025-02-24,CUST9671,Electronics,West,4091.16,0.34,373.2,21,Yes,9.122107177426452
ORD02333,2024-05-12,CUST6721,Furniture,West,3440.58,0.27,282.48,40,Yes,8.210243621714945
ORD02334,2025-02-19,CUST1139,Furniture,East,4605.1,0.03,900.82,58,Yes,19.561355888037177
ORD02335,2024-12-16,CUST2565,Electronics,East,1590.69,0.16,209.86,62,No,13.193016866894242
ORD02336,2025-11-13,CUST5969,Home,North,2944.47,0.38,308.58,35,Yes,10.47998451334196
ORD02337,2024-09-22,CUST1705,Clothing,South,4958.38,0.25,898.13,50,Yes,18.113375739656902
ORD02338,2025-05-22,CUST2525,Home,North,1029.72,0.31,147.61,21,Yes,14.334964844812184
ORD02339,2024-11-19,CUST4131,Home,East,1168.28,0.35,61.71,47,No,5.282124148320609
ORD02340,2025-11-24,CUST5611,Clothing,South,4712.92,0.29,452.0,57,Yes,9.590657172198977
ORD02341,2025-07-07,CUST5880,Furniture,North,2494.66,0.3,232.21,60,Yes,9.308282491401634
ORD02342,2024-02-16,CUST1331,Furniture,East,3141.28,0.25,323.64,55,Yes,10.302806499261447
ORD02343,2025-12-08,CUST9739,Electronics,South,1521.72,0.26,76.92,55,Yes,5.054806403280498
ORD02344,2024-10-07,CUST3078,Electronics,West,3129.95,0.34,355.05,32,Yes,11.343631687407148
ORD02345,2024-07-29,CUST3737,Electronics,West,1574.33,0.21,99.77,45,Yes,6.337299041497017
ORD02346,2025-07-09,CUST7301,Home,West,1147.2,0.2,103.42,22,No,9.014993026499303
ORD02347,2025-07-03,CUST8343,Office Supplies,East,1196.97,0.21,203.51,49,Yes,17.002096961494438
ORD02348,2024-05-20,CUST7946,Office Supplies,North,4743.48,0.34,850.56,43,Yes,17.931139163652002
ORD02349,2025-04-16,CUST9944,Home,North,3027.03,0.08,641.82,18,No,21.202961318520135
ORD02350,2025-11-12,CUST6473,Electronics,West,3579.41,0.04,866.78,27,Yes,24.215722702903552
ORD02351,2025-05-14,CUST6562,Electronics,West,302.66,0.09,68.86,55,Yes,22.751602458203923
ORD02352,2025-02-28,CUST8759,Home,East,1990.07,0.16,280.62,53,Yes,14.101011522207763
ORD02353,2024-11-25,CUST1617,Furniture,East,2742.28,0.28,563.4,55,Yes,20.54494799947489
ORD02354,2025-06-27,CUST5071,Office Supplies,West,2214.0,0.08,365.85,32,Yes,16.524390243902438
ORD02355,2025-10-01,CUST3676,Clothing,West,1705.4,0.24,284.06,51,No,16.656502873226223
ORD02356,2025-01-14,CUST5293,Home,North,1896.55,0.29,368.54,30,No,19.43212675647887
ORD02357,2025-08-24,CUST4320,Electronics,North,911.72,0.33,84.84,45,Yes,9.305488527179397
ORD02358,2025-12-03,CUST5852,Electronics,South,3073.28,0.31,163.74,45,Yes,5.327858184089963
ORD02359,2025-02-27,CUST5489,Electronics,South,3382.27,0.08,634.36,43,Yes,18.755451220629933
ORD02360,2024-11-30,CUST2772,Furniture,North,4037.18,0.33,210.34,21,Yes,5.21007237725343
ORD02361,2025-08-31,CUST6112,Clothing,East,370.5,0.19,84.6,59,Yes,22.834008097165988
ORD02362,2024-08-30,CUST1925,Furniture,East,3312.71,0.14,742.86,21,Yes,22.424540632895727
ORD02363,2024-07-07,CUST9512,Home,North,4791.56,0.05,736.67,38,Yes,15.374324854535889
ORD02364,2024-12-23,CUST9206,Electronics,North,3115.87,0.2,349.17,58,No,11.206179975416177
ORD02365,2025-03-24,CUST8926,Electronics,West,2859.74,0.38,300.27,27,Yes,10.499905585822487
ORD02366,2024-02-29,CUST6017,Electronics,West,667.6,0.06,47.19,62,Yes,7.068603954463751
ORD02367,2024-03-29,CUST6681,Clothing,North,1888.67,0.05,329.42,58,Yes,17.441903561765688
ORD02368,2025-06-24,CUST6779,Office Supplies,North,519.86,0.37,69.45,26,No,13.35936598314931
ORD02369,2024-04-02,CUST8663,Electronics,North,788.98,0.3,125.86,23,Yes,15.952242135415345
ORD02370,2025-04-11,CUST7187,Furniture,North,1660.0,0.11,134.68,33,No,8.113253012048194
ORD02371,2025-12-03,CUST8666,Clothing,North,1447.75,0.28,224.2,42,No,15.486099119323088
ORD02372,2025-04-04,CUST3894,Office Supplies,South,4437.53,0.05,750.34,45,No,16.90895610846575
ORD02373,2024-08-16,CUST2013,Office Supplies,North,3193.12,0.17,261.21,62,Yes,8.180400360775668
ORD02374,2024-05-13,CUST7503,Electronics,East,2864.23,0.22,352.44,19,Yes,12.30487775073929
ORD02375,2024-01-18,CUST4659,Clothing,North,3998.53,0.24,765.44,20,Yes,19.14303506538653
ORD02376,2024-05-10,CUST8170,Home,South,678.62,0.3,50.23,42,Yes,7.4017859774247725
ORD02377,2025-03-20,CUST4426,Electronics,North,1094.96,0.37,125.5,61,Yes,11.461605903411996
ORD02378,2025-08-31,CUST5922,Office Supplies,South,4481.89,0.12,1025.92,30,Yes,22.890343136489292
ORD02379,2025-03-20,CUST5763,Furniture,East,3857.62,0.05,949.29,63,No,24.60817809944992
ORD02380,2025-02-18,CUST7805,Furniture,North,2160.77,0.11,427.2,27,Yes,19.77072987870065
ORD02381,2025-01-10,CUST3061,Electronics,East,2248.68,0.36,183.24,63,Yes,8.14878061796254
ORD02382,2025-07-21,CUST2631,Office Supplies,North,3793.89,0.17,834.31,33,No,21.990885344593543
ORD02383,2025-09-05,CUST2742,Furniture,West,1823.63,0.31,24.27,23,No,1.3308620718018458
ORD02384,2025-08-17,CUST7972,Clothing,North,3035.92,0.04,490.57,29,Yes,16.158857940920708
ORD02385,2025-03-22,CUST5409,Furniture,West,4992.93,0.17,827.55,53,No,16.574436252861542
ORD02386,2024-11-17,CUST4512,Office Supplies,North,3106.61,0.08,372.24,46,No,11.982192808237919
ORD02387,2024-07-23,CUST5954,Electronics,West,2065.87,0.13,151.33,36,Yes,7.325243117911582
ORD02388,2024-09-29,CUST3349,Office Supplies,East,4246.72,0.05,810.04,64,Yes,19.074485720744477
ORD02389,2025-06-25,CUST7872,Home,West,459.92,0.38,84.21,59,No,18.309706035832317
ORD02390,2025-11-25,CUST1783,Office Supplies,East,1251.35,0.03,182.51,58,No,14.58504814800016
ORD02391,2025-11-05,CUST4352,Furniture,South,1350.65,0.37,68.78,47,No,5.092362936363973
ORD02392,2024-05-12,CUST3867,Clothing,West,1330.18,0.05,326.3,48,No,24.5305146671879
ORD02393,2024-02-28,CUST9878,Office Supplies,West,4694.95,0.35,486.42,30,No,10.360493721977871
ORD02394,2024-12-28,CUST1831,Furniture,North,700.77,0.02,149.91,62,Yes,21.392182884541292
ORD02395,2024-02-03,CUST5604,Office Supplies,West,1198.08,0.15,150.68,37,Yes,12.576789529914532
ORD02396,2024-11-09,CUST7438,Clothing,South,4392.36,0.33,883.11,64,No,20.105592437778324
ORD02397,2025-12-28,CUST3283,Electronics,North,468.34,0.0,126.73,48,Yes,27.059401289661363
ORD02398,2024-06-18,CUST3228,Office Supplies,North,4211.69,0.02,965.11,24,Yes,22.915029358760975
ORD02399,2024-03-30,CUST9824,Home,West,1174.67,0.07,197.3,44,Yes,16.796206594192412
ORD02400,2024-07-21,CUST3699,Home,South,1964.49,0.08,412.19,20,Yes,20.982036050068974
ORD02401,2024-07-01,CUST6951,Home,North,2133.12,0.15,295.12,26,Yes,13.835133513351336
ORD02402,2024-01-25,CUST1140,Furniture,North,172.07,0.21,17.86,53,No,10.379496716452605
ORD02403,2025-08-25,CUST3002,Home,West,2165.66,0.12,463.92,43,Yes,21.421645133585145
ORD02404,2024-08-09,CUST6673,Electronics,North,1347.76,0.08,177.24,52,No,13.150709325102392
ORD02405,2024-07-11,CUST9856,Home,West,2241.91,0.23,411.74,61,No,18.36559005490854
ORD02406,2024-12-16,CUST6554,Furniture,North,2344.49,0.25,111.01,48,No,4.734931690900793
ORD02407,2025-10-04,CUST3572,Electronics,East,1384.91,0.12,196.66,31,Yes,14.200200735065815
ORD02408,2024-10-16,CUST4042,Electronics,North,775.34,0.25,145.86,63,Yes,18.812391982872033
ORD02409,2025-03-18,CUST2512,Clothing,North,1839.95,0.1,125.1,55,No,6.799097801570694
ORD02410,2024-02-21,CUST6693,Clothing,East,4806.68,0.17,426.76,54,Yes,8.878477452212337
ORD02411,2024-09-18,CUST8653,Clothing,West,2929.4,0.29,351.81,65,Yes,12.009626544684918
ORD02412,2024-05-30,CUST4873,Furniture,East,2590.87,0.38,361.52,46,Yes,13.953614036983716
ORD02413,2025-10-18,CUST3987,Clothing,East,978.75,0.26,107.12,33,No,10.944572158365261
ORD02414,2024-08-14,CUST7972,Furniture,West,1719.13,0.12,258.69,31,Yes,15.047727629673147
ORD02415,2024-08-10,CUST8724,Office Supplies,West,2847.09,0.2,381.3,57,Yes,13.392621940296934
ORD02416,2024-02-22,CUST9270,Furniture,South,1377.58,0.28,167.67,21,Yes,12.171343950986513
ORD02417,2024-05-15,CUST1819,Home,North,2524.38,0.31,63.91,36,Yes,2.531710756700655
ORD02418,2025-08-05,CUST2147,Furniture,West,950.25,0.35,32.19,40,No,3.387529597474349
ORD02419,2024-10-13,CUST7856,Home,South,1709.15,0.37,226.86,63,No,13.273264488195888
ORD02420,2024-10-08,CUST3288,Home,East,3975.37,0.04,900.9,64,Yes,22.662041520663486
ORD02421,2025-05-22,CUST8366,Home,East,1654.87,0.14,160.88,31,Yes,9.721609552411973
ORD02422,2024-02-10,CUST8519,Home,East,2638.48,0.06,480.75,59,No,18.220717989145268
ORD02423,2025-01-17,CUST7281,Home,South,3703.9,0.32,680.17,25,Yes,18.3636167283134
ORD02424,2024-06-11,CUST1687,Clothing,South,4353.81,0.21,837.25,37,Yes,19.23028336101024
ORD02425,2025-01-12,CUST8332,Clothing,North,2456.47,0.0,416.16,26,Yes,16.941383367189506
ORD02426,2025-03-10,CUST7179,Home,North,2760.56,0.39,226.56,18,No,8.207030457588315
ORD02427,2024-04-12,CUST8298,Furniture,East,1654.4,0.36,62.45,56,No,3.7747823984526114
ORD02428,2024-11-15,CUST6863,Furniture,West,2699.49,0.12,291.33,33,Yes,10.792038496160385
ORD02429,2025-11-23,CUST3104,Office Supplies,East,263.51,0.21,58.29,18,Yes,22.120602633676143
ORD02430,2025-12-20,CUST3809,Electronics,West,425.3,0.38,47.99,46,Yes,11.283799670820597
ORD02431,2024-08-17,CUST6040,Clothing,South,1349.34,0.34,269.89,20,Yes,20.00163042672714
ORD02432,2024-09-01,CUST6924,Furniture,East,4896.0,0.33,964.69,35,Yes,19.703635620915033
ORD02433,2024-11-17,CUST4664,Clothing,North,1834.08,0.31,277.99,20,Yes,15.156917909796737
ORD02434,2025-02-05,CUST7299,Electronics,South,1807.56,0.09,162.2,28,Yes,8.9734227356215
ORD02435,2025-06-20,CUST6545,Home,West,920.7,0.27,45.51,51,No,4.94297816878462
ORD02436,2024-10-18,CUST8881,Electronics,East,4379.23,0.24,954.5,59,No,21.796069171977724
ORD02437,2025-06-14,CUST6818,Furniture,South,205.5,0.22,18.57,57,Yes,9.036496350364963
ORD02438,2025-07-03,CUST2519,Home,West,364.28,0.09,28.03,50,No,7.6946305040079075
ORD02439,2024-07-13,CUST8660,Electronics,East,4127.26,0.34,26.5,20,Yes,0.6420724645406395
ORD02440,2025-10-20,CUST3068,Electronics,North,1136.28,0.39,186.83,49,Yes,16.442250149611013
ORD02441,2025-01-19,CUST1289,Furniture,North,790.64,0.37,119.86,62,Yes,15.159870484670645
ORD02442,2025-11-30,CUST4233,Furniture,East,3712.08,0.39,587.14,35,Yes,15.817008254132453
ORD02443,2025-04-04,CUST8618,Furniture,North,1494.24,0.18,76.43,37,Yes,5.114974836706286
ORD02444,2025-04-27,CUST9450,Electronics,South,2398.65,0.07,308.86,45,Yes,12.876409647093157
ORD02445,2025-09-04,CUST1975,Clothing,North,3869.77,0.25,196.73,22,Yes,5.083764668184414
ORD02446,2024-03-19,CUST1472,Clothing,East,1227.37,0.23,53.43,45,No,4.353210523314079
ORD02447,2024-01-30,CUST9634,Home,South,2716.42,0.37,153.31,45,Yes,5.643825328925571
ORD02448,2025-07-19,CUST6924,Office Supplies,East,603.97,0.37,98.42,25,Yes,16.295511366458598
ORD02449,2024-11-14,CUST7917,Electronics,East,2808.76,0.3,285.67,51,Yes,10.170680300203648
ORD02450,2024-04-30,CUST2098,Electronics,South,2459.9,0.39,429.8,39,Yes,17.472254969714214
ORD02451,2024-06-13,CUST3033,Office Supplies,West,918.36,0.03,226.04,22,Yes,24.61344135197526
ORD02452,2025-04-10,CUST6580,Furniture,North,2954.03,0.35,474.78,62,Yes,16.07228091793245
ORD02453,2024-01-25,CUST5960,Furniture,North,3741.16,0.27,587.12,19,Yes,15.693528210501556
ORD02454,2024-04-10,CUST6526,Electronics,East,2325.5,0.15,406.22,22,Yes,17.468071382498387
ORD02455,2024-01-11,CUST8623,Furniture,East,1729.41,0.33,95.92,50,No,5.546400217415188
ORD02456,2024-05-19,CUST6193,Home,South,1337.11,0.35,41.49,27,Yes,3.1029608633545487
ORD02457,2024-03-11,CUST5554,Home,South,1780.14,0.18,279.2,21,No,15.684159672834719
ORD02458,2025-12-19,CUST4926,Furniture,South,1083.19,0.35,217.72,26,Yes,20.099890139310737
ORD02459,2024-01-07,CUST4784,Office Supplies,East,687.06,0.25,121.6,41,Yes,17.698599831164675
ORD02460,2024-05-07,CUST6800,Electronics,South,4435.71,0.3,533.99,54,Yes,12.038433531497777
ORD02461,2024-10-17,CUST9994,Clothing,East,1064.58,0.26,104.52,58,Yes,9.817956377162824
ORD02462,2024-05-13,CUST8613,Home,East,452.58,0.33,63.87,40,Yes,14.112422113217551
ORD02463,2024-07-05,CUST3376,Office Supplies,South,671.56,0.2,123.51,40,Yes,18.39150634343916
ORD02464,2025-07-29,CUST2970,Office Supplies,South,2545.41,0.06,409.76,52,Yes,16.097996000644297
ORD02465,2024-08-30,CUST4903,Office Supplies,West,1863.58,0.06,261.05,52,No,14.007984631730327
ORD02466,2024-08-13,CUST9045,Office Supplies,South,4248.09,0.29,344.17,48,Yes,8.101758672721154
ORD02467,2024-10-30,CUST9058,Electronics,South,1657.36,0.04,324.5,24,Yes,19.57933098421586
ORD02468,2025-01-15,CUST2109,Furniture,North,2276.19,0.29,433.53,34,Yes,19.046301055711517
ORD02469,2024-10-22,CUST5963,Furniture,North,4092.94,0.0,530.14,42,Yes,12.952547557501454
ORD02470,2024-11-03,CUST7254,Clothing,East,2297.39,0.08,562.8,29,Yes,24.497364400471838
ORD02471,2025-04-24,CUST3237,Clothing,South,3289.26,0.31,186.44,49,Yes,5.668144202647404
ORD02472,2024-10-10,CUST1774,Furniture,East,1168.89,0.39,-6.6,55,Yes,-0.5646382465415907
ORD02473,2025-03-04,CUST9680,Furniture,South,203.84,0.37,20.0,21,No,9.811616954474097
ORD02474,2025-09-12,CUST1085,Office Supplies,West,3285.48,0.25,470.27,21,Yes,14.313585838294557
ORD02475,2025-04-27,CUST7571,Clothing,North,2509.72,0.13,617.13,18,Yes,24.589595652104617
ORD02476,2025-08-05,CUST3117,Furniture,East,4647.95,0.04,976.31,55,Yes,21.005174324164415
ORD02477,2024-05-20,CUST4160,Home,East,751.13,0.3,55.76,52,Yes,7.423481953856189
ORD02478,2025-01-28,CUST4809,Office Supplies,East,653.31,0.38,66.74,45,Yes,10.215670967840689
ORD02479,2025-11-05,CUST5476,Home,North,1251.49,0.33,223.26,61,Yes,17.839535273953448
ORD02480,2024-05-22,CUST7362,Furniture,East,354.0,0.2,29.11,25,Yes,8.22316384180791
ORD02481,2025-08-17,CUST2023,Office Supplies,East,4905.95,0.34,427.34,59,No,8.710647275247403
ORD02482,2024-05-02,CUST1791,Home,North,3073.28,0.11,746.07,52,Yes,24.276017805081214
ORD02483,2025-08-30,CUST7371,Furniture,South,1184.8,0.09,188.96,57,Yes,15.948683322079676
ORD02484,2025-01-06,CUST8041,Office Supplies,South,2121.92,0.12,388.04,53,Yes,18.287211581963504
ORD02485,2025-03-23,CUST3620,Clothing,West,2836.19,0.27,166.01,30,Yes,5.853274992154968
ORD02486,2024-01-27,CUST6715,Office Supplies,North,2139.03,0.06,431.67,33,Yes,20.180642627733132
ORD02487,2025-03-28,CUST8833,Clothing,East,1643.74,0.35,224.02,43,Yes,13.628676067991288
ORD02488,2024-10-12,CUST3042,Clothing,South,3891.08,0.09,596.57,55,Yes,15.331733092097824
ORD02489,2024-04-26,CUST3922,Home,South,238.12,0.23,27.6,59,No,11.590794557366033
ORD02490,2024-08-02,CUST7940,Home,East,2532.75,0.02,595.43,60,Yes,23.509229098805644
ORD02491,2024-07-26,CUST5295,Office Supplies,South,2642.27,0.17,216.68,55,Yes,8.200524548967365
ORD02492,2025-07-02,CUST4090,Office Supplies,North,1087.15,0.15,250.36,29,Yes,23.029020834291494
ORD02493,2025-11-21,CUST6061,Home,East,280.8,0.1,19.36,38,Yes,6.894586894586895
ORD02494,2024-02-17,CUST2509,Home,North,3211.87,0.37,134.24,58,Yes,4.179496679504464
ORD02495,2025-12-17,CUST2587,Office Supplies,North,1138.42,0.2,226.16,44,Yes,19.866130250698337
ORD02496,2024-02-25,CUST1662,Home,South,2576.48,0.31,164.51,25,No,6.385067999751598
ORD02497,2024-04-21,CUST4067,Clothing,East,4454.26,0.31,74.28,27,No,1.6676170677059714
ORD02498,2024-04-21,CUST9956,Home,West,4392.37,0.27,575.17,28,Yes,13.09475294658692
ORD02499,2025-07-04,CUST7347,Clothing,West,4503.97,0.38,426.34,30,Yes,9.465871220278997
ORD02500,2024-11-18,CUST1857,Office Supplies,East,1107.41,0.22,59.49,41,Yes,5.371994112388365
ORD02501,2025-05-10,CUST7328,Office Supplies,North,254.93,0.3,12.22,39,No,4.79347271800102
ORD02502,2024-04-02,CUST8401,Furniture,East,4282.46,0.12,434.56,46,No,10.147438621726765
ORD02503,2025-02-06,CUST8901,Electronics,East,4170.34,0.19,940.53,40,Yes,22.55283741853182
ORD02504,2024-07-14,CUST9576,Electronics,West,2674.21,0.07,678.39,29,No,25.367865650042443
ORD02505,2024-07-13,CUST8486,Home,East,3636.7,0.01,847.41,52,Yes,23.30161960018698
ORD02506,2024-06-19,CUST9646,Clothing,West,1438.55,0.32,167.21,35,Yes,11.62350978415766
ORD02507,2024-03-25,CUST9546,Office Supplies,South,3078.63,0.2,421.12,47,No,13.678811679220951
ORD02508,2025-01-11,CUST5464,Electronics,North,4381.2,0.19,873.58,58,Yes,19.939286040354244
ORD02509,2024-07-08,CUST4841,Clothing,North,3462.91,0.25,763.86,49,No,22.058326667455987
ORD02510,2024-08-01,CUST1034,Office Supplies,North,4562.02,0.4,501.95,37,No,11.002801390612053
ORD02511,2025-03-13,CUST7677,Office Supplies,West,3835.61,0.2,176.06,34,Yes,4.59014341916931
ORD02512,2025-04-18,CUST1515,Office Supplies,North,359.05,0.04,77.26,59,No,21.517894443670798
ORD02513,2024-06-03,CUST1032,Clothing,West,3344.46,0.31,576.3,32,Yes,17.231481315369297
ORD02514,2025-08-14,CUST6256,Electronics,West,3805.87,0.13,254.68,35,Yes,6.691768242215315
ORD02515,2025-07-22,CUST7238,Clothing,North,1178.94,0.33,144.17,32,Yes,12.228781787029025
ORD02516,2025-05-17,CUST4607,Home,East,3499.21,0.38,470.36,40,Yes,13.441891169721165
ORD02517,2025-10-03,CUST8303,Office Supplies,West,4667.37,0.1,323.82,36,Yes,6.937954351165645
ORD02518,2024-12-15,CUST4042,Furniture,West,906.69,0.03,215.2,19,Yes,23.734683298591577
ORD02519,2025-02-17,CUST5289,Electronics,West,2022.62,0.09,235.55,46,Yes,11.645786158546837
ORD02520,2025-06-03,CUST9279,Electronics,North,527.22,0.08,107.91,51,Yes,20.467736428815293
ORD02521,2024-10-30,CUST9934,Clothing,South,3154.71,0.24,164.72,35,No,5.221399114340145
ORD02522,2025-08-09,CUST7482,Furniture,East,3854.93,0.12,255.08,35,Yes,6.616981371905586
ORD02523,2024-05-20,CUST1932,Clothing,South,2293.91,0.3,151.55,54,No,6.606623625164023
ORD02524,2024-08-02,CUST1715,Office Supplies,East,3497.73,0.05,753.12,59,Yes,21.53167911759913
ORD02525,2025-03-04,CUST7237,Furniture,West,2211.1,0.31,142.22,34,No,6.432092623581023
ORD02526,2025-09-06,CUST4618,Office Supplies,North,2472.66,0.26,71.57,64,Yes,2.8944537461680944
ORD02527,2025-10-07,CUST2683,Clothing,South,1172.81,0.24,126.78,43,Yes,10.809935113104425
ORD02528,2024-01-04,CUST6266,Home,South,4355.09,0.39,362.47,50,No,8.32290492274557
ORD02529,2024-10-09,CUST5029,Clothing,South,2592.74,0.37,147.07,54,No,5.672377484823006
ORD02530,2025-12-28,CUST9152,Furniture,North,3278.94,0.38,371.47,38,No,11.328966068302563
ORD02531,2025-03-16,CUST5993,Furniture,North,3182.19,0.14,374.43,65,Yes,11.766425009191783
ORD02532,2024-08-13,CUST5165,Home,North,1598.03,0.28,276.16,48,No,17.28127757301177
ORD02533,2024-05-18,CUST8387,Electronics,North,1037.72,0.19,157.35,28,Yes,15.163049762941833
ORD02534,2025-10-17,CUST4018,Clothing,West,4603.76,0.07,619.57,50,Yes,13.457912662693102
ORD02535,2025-03-06,CUST5501,Home,North,4877.89,0.05,1175.56,60,Yes,24.09976444733276
ORD02536,2025-04-19,CUST6868,Furniture,East,1219.92,0.23,233.17,38,Yes,19.113548429405206
ORD02537,2025-10-22,CUST9852,Clothing,West,1691.01,0.11,94.66,63,Yes,5.59783797848623
ORD02538,2024-04-04,CUST1846,Clothing,North,4173.2,0.09,451.57,56,No,10.82071312182498
ORD02539,2025-11-08,CUST8578,Clothing,East,902.7,0.15,94.07,49,No,10.420959344189653
ORD02540,2025-08-29,CUST7114,Clothing,West,1337.23,0.29,118.07,30,No,8.829445944227993
ORD02541,2024-02-20,CUST5156,Office Supplies,East,1117.87,0.13,110.16,50,Yes,9.854455348117403
ORD02542,2024-10-12,CUST4582,Electronics,North,1133.78,0.2,145.25,62,Yes,12.811127379209369
ORD02543,2024-06-10,CUST5889,Clothing,North,3732.0,0.24,357.51,61,Yes,9.579581993569132
ORD02544,2025-10-26,CUST4754,Home,South,2809.2,0.05,200.54,48,Yes,7.138687170724761
ORD02545,2024-03-22,CUST9539,Home,East,4395.75,0.3,494.19,53,Yes,11.242450093840642
ORD02546,2025-05-13,CUST5442,Electronics,West,1596.07,0.4,-0.49,62,Yes,-0.030700407876847507
ORD02547,2025-06-18,CUST6243,Furniture,East,1848.66,0.16,129.89,32,No,7.026170307141388
ORD02548,2025-04-04,CUST2496,Electronics,South,1654.47,0.38,228.41,25,No,13.805629597393725
ORD02549,2025-11-26,CUST9742,Home,South,2859.35,0.15,629.95,18,Yes,22.03123087414972
ORD02550,2025-07-10,CUST2077,Office Supplies,North,3180.72,0.14,173.71,59,No,5.461342086068564
ORD02551,2025-08-23,CUST5608,Home,North,4021.15,0.3,536.2,39,No,13.334493863695709
ORD02552,2024-11-21,CUST6256,Furniture,West,166.05,0.17,24.03,24,Yes,14.471544715447154
ORD02553,2024-09-24,CUST7914,Home,West,974.97,0.38,159.2,23,Yes,16.328707549975896
ORD02554,2025-10-09,CUST6012,Office Supplies,South,451.24,0.02,55.18,51,Yes,12.22852583990781
ORD02555,2025-11-20,CUST6267,Clothing,West,2537.3,0.32,259.91,39,Yes,10.243565995349387
ORD02556,2024-11-09,CUST8559,Furniture,North,4091.07,0.24,596.42,39,No,14.578582131325055
ORD02557,2025-02-22,CUST1405,Clothing,South,317.06,0.04,81.89,64,Yes,25.827919005866395
ORD02558,2024-08-13,CUST6877,Home,South,4102.68,0.04,632.89,61,Yes,15.42625795821268
ORD02559,2024-07-15,CUST9298,Clothing,West,4860.67,0.21,401.66,44,Yes,8.263469850864182
ORD02560,2024-11-01,CUST7554,Office Supplies,East,653.92,0.15,35.65,64,Yes,5.451737215561537
ORD02561,2025-09-06,CUST6034,Office Supplies,East,3648.67,0.33,672.48,39,Yes,18.43082547887312
ORD02562,2025-06-18,CUST3184,Electronics,East,3138.69,0.28,398.04,61,Yes,12.681723903921698
ORD02563,2025-12-22,CUST1705,Clothing,North,2422.36,0.02,531.48,48,Yes,21.940586865701217
ORD02564,2024-12-29,CUST3879,Furniture,East,3769.75,0.16,533.05,55,Yes,14.140194973141455
ORD02565,2025-01-28,CUST8150,Home,West,1314.98,0.32,60.65,58,Yes,4.612237448478304
ORD02566,2024-04-28,CUST3620,Electronics,North,403.59,0.39,56.59,25,Yes,14.021655640625388
ORD02567,2024-03-25,CUST2092,Home,South,1749.56,0.35,32.01,39,No,1.8296028715791397
ORD02568,2025-09-21,CUST6293,Home,North,2957.04,0.4,90.66,28,No,3.0659037415794175
ORD02569,2025-01-15,CUST5095,Home,North,3287.73,0.13,519.3,21,Yes,15.795092662718652
ORD02570,2024-11-22,CUST3687,Clothing,East,3241.24,0.0,830.71,60,Yes,25.62938875245277
ORD02571,2025-03-11,CUST4184,Home,East,4451.17,0.33,515.2,36,Yes,11.574484910708872
ORD02572,2024-07-17,CUST2179,Furniture,North,3123.22,0.29,534.7,51,No,17.120151638373223
ORD02573,2025-09-03,CUST1819,Furniture,North,841.51,0.32,36.18,23,No,4.299414148376133
ORD02574,2025-02-28,CUST7583,Furniture,East,3773.32,0.19,361.36,60,Yes,9.57671228520242
ORD02575,2025-09-03,CUST1417,Clothing,South,4394.08,0.34,50.36,57,Yes,1.1460874631322144
ORD02576,2024-07-24,CUST4321,Clothing,South,3193.54,0.35,290.01,46,No,9.08114506159309
ORD02577,2025-11-12,CUST2224,Office Supplies,West,1896.78,0.03,410.34,54,Yes,21.633505203555497
ORD02578,2024-02-27,CUST4685,Clothing,West,3192.65,0.22,733.4,61,Yes,22.97151269321723
ORD02579,2025-03-06,CUST9611,Home,East,1899.31,0.32,137.09,32,Yes,7.217884389594116
ORD02580,2024-01-30,CUST8443,Office Supplies,North,680.82,0.2,73.88,20,Yes,10.851620105167296
ORD02581,2024-05-29,CUST7200,Home,North,1333.37,0.18,182.96,60,Yes,13.721622655376978
ORD02582,2024-01-16,CUST8761,Home,West,753.43,0.13,128.21,43,No,17.016842971477114
ORD02583,2025-10-05,CUST8898,Furniture,North,3567.56,0.22,802.31,55,No,22.48904012826694
ORD02584,2024-01-18,CUST1566,Office Supplies,North,1780.73,0.06,132.64,44,No,7.448630617780348
ORD02585,2024-01-19,CUST3616,Electronics,South,2916.6,0.08,205.62,20,Yes,7.049989714050607
ORD02586,2024-01-27,CUST2113,Office Supplies,South,2337.22,0.35,87.86,53,Yes,3.759166873465057
ORD02587,2025-03-03,CUST5873,Furniture,East,1800.16,0.36,173.0,57,Yes,9.61025686605635
ORD02588,2024-01-08,CUST1575,Electronics,North,414.55,0.13,82.27,38,Yes,19.84561572789772
ORD02589,2024-09-13,CUST5830,Office Supplies,South,1901.28,0.21,275.18,38,Yes,14.473407388706555
ORD02590,2025-05-05,CUST6220,Office Supplies,West,4067.32,0.34,636.52,64,Yes,15.649616946785597
ORD02591,2024-02-05,CUST1185,Home,West,3750.36,0.04,696.58,23,Yes,18.573683593041736
ORD02592,2025-05-23,CUST2615,Furniture,West,3510.18,0.16,804.15,58,Yes,22.909081585559715
ORD02593,2024-05-31,CUST9904,Clothing,South,3024.96,0.24,151.86,42,No,5.020231672484926
ORD02594,2024-05-02,CUST8906,Electronics,East,4018.07,0.09,335.64,27,No,8.353264129295905
ORD02595,2024-12-22,CUST1422,Clothing,West,2149.96,0.25,99.59,40,Yes,4.632179203334016
ORD02596,2024-02-17,CUST8798,Furniture,West,4966.72,0.2,343.5,47,Yes,6.916033116422911
ORD02597,2024-12-19,CUST5514,Clothing,West,3080.34,0.31,531.45,33,Yes,17.2529655817215
ORD02598,2025-08-21,CUST3158,Office Supplies,East,1897.58,0.32,146.63,46,No,7.7272104469903775
ORD02599,2024-01-13,CUST1642,Furniture,North,3485.55,0.22,576.79,38,Yes,16.548034026193857
ORD02600,2025-11-13,CUST2202,Home,South,4476.8,0.18,554.72,24,No,12.390993566833453
ORD02601,2024-01-22,CUST6539,Clothing,West,4306.06,0.28,240.54,30,No,5.586081011411824
ORD02602,2024-07-12,CUST2377,Furniture,West,2497.45,0.22,327.25,59,Yes,13.103365432741398
ORD02603,2024-09-17,CUST3891,Home,East,4874.67,0.21,636.08,53,Yes,13.048678166932326
ORD02604,2025-09-14,CUST6340,Office Supplies,East,3868.09,0.31,502.26,44,No,12.984703044655113
ORD02605,2024-12-04,CUST5600,Clothing,South,2429.75,0.36,47.03,65,Yes,1.9355900812840827
ORD02606,2024-12-31,CUST3317,Clothing,South,1175.95,0.16,222.98,57,No,18.96169054806752
ORD02607,2024-07-23,CUST5090,Electronics,East,1009.89,0.17,111.31,39,Yes,11.021992494232045
ORD02608,2024-02-26,CUST6574,Electronics,West,1316.58,0.17,272.15,33,Yes,20.670980874690486
ORD02609,2025-01-03,CUST5951,Office Supplies,West,3688.04,0.38,309.98,51,Yes,8.405006453292264
ORD02610,2025-09-25,CUST2506,Office Supplies,East,1528.39,0.31,179.94,18,Yes,11.773173077552194
ORD02611,2024-03-10,CUST5727,Office Supplies,South,1218.96,0.02,262.68,48,Yes,21.54951762157905
ORD02612,2024-11-09,CUST5243,Clothing,West,163.15,0.28,19.74,51,Yes,12.099295127183572
ORD02613,2024-08-03,CUST5548,Clothing,South,3540.74,0.27,699.66,59,No,19.76027610047617
ORD02614,2025-03-06,CUST9638,Electronics,West,1540.7,0.32,125.16,65,Yes,8.123580190822354
ORD02615,2025-06-24,CUST7077,Home,East,2804.39,0.14,471.86,22,Yes,16.825762465277656
ORD02616,2024-07-20,CUST1120,Office Supplies,North,4641.95,0.09,935.61,55,Yes,20.155538082056033
ORD02617,2024-08-01,CUST5402,Clothing,North,1921.13,0.26,406.76,29,No,21.172955500148348
ORD02618,2024-05-11,CUST1072,Office Supplies,East,295.83,0.22,67.59,48,Yes,22.847581381198665
ORD02619,2025-12-27,CUST3067,Clothing,East,3391.35,0.4,152.38,62,No,4.493195924926652
ORD02620,2025-07-11,CUST2492,Clothing,East,2919.23,0.15,663.82,45,No,22.73955803413914
ORD02621,2025-10-10,CUST2973,Electronics,East,2413.64,0.07,333.87,31,Yes,13.832634527104293
ORD02622,2024-11-22,CUST1162,Furniture,South,2764.37,0.14,164.01,53,Yes,5.932997391810792
ORD02623,2024-03-24,CUST4416,Home,East,4625.33,0.29,542.75,33,Yes,11.734297877124442
ORD02624,2024-03-05,CUST1653,Furniture,West,3265.19,0.39,26.51,65,No,0.8118976231092219
ORD02625,2025-02-25,CUST5538,Furniture,South,1234.6,0.34,64.65,20,No,5.236513850639884
ORD02626,2025-02-12,CUST1297,Electronics,West,3661.05,0.05,532.07,25,Yes,14.53326231545595
ORD02627,2025-12-11,CUST5486,Electronics,North,391.16,0.16,22.91,55,Yes,5.856938337253297
ORD02628,2025-06-25,CUST5732,Furniture,East,2322.54,0.11,559.09,36,No,24.072351821712438
ORD02629,2024-12-07,CUST1491,Electronics,South,3804.99,0.14,199.75,42,Yes,5.249685281695879
ORD02630,2024-11-11,CUST7953,Clothing,South,348.27,0.38,19.27,62,Yes,5.53306342780027
ORD02631,2025-02-05,CUST2510,Clothing,East,350.94,0.12,23.91,37,Yes,6.813130449649512
ORD02632,2024-03-02,CUST9268,Furniture,East,2509.87,0.08,603.49,30,Yes,24.044671636379576
ORD02633,2024-02-21,CUST8866,Clothing,East,1580.83,0.27,47.51,46,Yes,3.0053832480405864
ORD02634,2024-01-06,CUST2170,Office Supplies,North,982.59,0.22,182.14,38,No,18.53672437130441
ORD02635,2024-01-25,CUST6696,Home,South,2861.93,0.05,443.06,29,Yes,15.481161314218028
ORD02636,2025-08-06,CUST5655,Furniture,South,3868.64,0.18,539.8,34,Yes,13.953223871955
ORD02637,2024-10-28,CUST4348,Home,North,566.53,0.03,64.34,32,Yes,11.356856653663531
ORD02638,2024-06-17,CUST3963,Office Supplies,East,4095.41,0.18,192.2,52,Yes,4.693058814624177
ORD02639,2025-12-10,CUST6753,Home,North,4027.53,0.21,524.21,27,No,13.015669653609036
ORD02640,2024-12-11,CUST1879,Clothing,North,1108.28,0.19,226.81,41,Yes,20.46504493449309
ORD02641,2025-04-14,CUST9984,Home,West,3875.14,0.32,500.0,21,Yes,12.902759642232281
ORD02642,2024-08-24,CUST2928,Office Supplies,East,2283.93,0.37,130.56,55,No,5.7164624134715165
ORD02643,2024-02-05,CUST4902,Office Supplies,South,4936.64,0.27,300.1,53,Yes,6.079033512672587
ORD02644,2025-08-30,CUST7263,Home,West,4019.75,0.22,389.4,61,Yes,9.687169600099509
ORD02645,2025-01-04,CUST7983,Electronics,South,3274.92,0.12,659.82,52,Yes,20.147667729288045
ORD02646,2025-01-29,CUST4317,Electronics,South,4445.24,0.2,503.88,59,Yes,11.335270986493418
ORD02647,2025-11-07,CUST6048,Home,West,3718.64,0.09,237.82,57,Yes,6.395348837209303
ORD02648,2024-09-23,CUST3079,Electronics,South,521.3,0.22,28.19,36,Yes,5.407634759255708
ORD02649,2024-11-25,CUST9829,Office Supplies,East,1420.89,0.32,248.47,58,Yes,17.486927207595237
ORD02650,2024-05-24,CUST5529,Office Supplies,East,684.5,0.34,47.6,55,Yes,6.953981008035062
ORD02651,2024-11-20,CUST2261,Home,North,3372.08,0.36,310.39,27,Yes,9.204704514720884
ORD02652,2025-01-18,CUST3861,Electronics,West,753.06,0.3,131.64,35,No,17.48067883037208
ORD02653,2025-11-27,CUST2654,Electronics,South,545.38,0.21,53.35,62,Yes,9.782170229931424
ORD02654,2025-09-28,CUST7388,Furniture,West,2425.43,0.01,343.31,42,Yes,14.154603513603774
ORD02655,2025-02-28,CUST6366,Electronics,South,2083.39,0.37,395.79,30,Yes,18.99740327063104
ORD02656,2024-03-28,CUST7345,Furniture,East,493.66,0.08,48.6,33,Yes,9.844832475793055
ORD02657,2025-05-09,CUST1470,Electronics,South,4027.06,0.15,295.03,27,Yes,7.3261883359075854
ORD02658,2025-10-18,CUST8724,Home,South,3113.98,0.01,417.36,35,Yes,13.402783576002417
ORD02659,2024-02-08,CUST6217,Clothing,North,182.75,0.18,31.35,56,Yes,17.154582763337896
ORD02660,2025-05-05,CUST8608,Furniture,West,840.26,0.15,67.24,46,Yes,8.002285007021635
ORD02661,2025-02-03,CUST5908,Clothing,South,4730.62,0.27,491.36,42,No,10.386799193340408
ORD02662,2025-07-18,CUST7592,Office Supplies,West,4761.5,0.37,532.77,36,Yes,11.1891210752914
ORD02663,2024-07-21,CUST1190,Office Supplies,North,2129.65,0.38,222.02,62,No,10.425187237339468
ORD02664,2025-07-11,CUST5336,Home,South,2660.81,0.38,311.53,43,Yes,11.708088890225156
ORD02665,2024-08-14,CUST9367,Electronics,East,2174.41,0.12,222.88,20,Yes,10.25013681872324
ORD02666,2025-02-17,CUST8965,Office Supplies,West,1242.71,0.06,305.74,64,No,24.602682846359972
ORD02667,2024-12-13,CUST1091,Furniture,South,4819.68,0.32,154.12,46,Yes,3.1977226703847554
ORD02668,2024-07-28,CUST5555,Home,East,2178.39,0.37,185.14,56,Yes,8.498937288547964
ORD02669,2024-12-28,CUST7271,Electronics,South,2351.36,0.04,631.49,63,No,26.85637248230811
ORD02670,2025-06-19,CUST2432,Clothing,South,2271.43,0.37,92.28,28,Yes,4.062638954315123
ORD02671,2024-07-19,CUST1085,Office Supplies,South,4018.78,0.24,519.73,45,Yes,12.932531763370973
ORD02672,2025-04-20,CUST2639,Home,North,1738.3,0.07,284.13,38,Yes,16.34527987113847
ORD02673,2024-03-08,CUST8530,Office Supplies,South,2100.57,0.13,388.38,49,No,18.489267198903153
ORD02674,2024-05-19,CUST1557,Furniture,South,3655.9,0.36,395.15,19,Yes,10.808556032714241
ORD02675,2025-10-07,CUST6871,Furniture,West,4254.13,0.19,902.32,31,Yes,21.210447259486664
ORD02676,2024-02-26,CUST3679,Office Supplies,East,1971.34,0.07,332.98,33,Yes,16.8910487282762
ORD02677,2024-05-27,CUST8867,Office Supplies,North,2608.39,0.27,261.82,31,Yes,10.037609406568803
ORD02678,2024-01-24,CUST6799,Electronics,South,3859.14,0.34,646.34,50,Yes,16.748291070031147
ORD02679,2024-06-09,CUST3984,Clothing,East,791.85,0.24,88.03,26,Yes,11.117004483172318
ORD02680,2024-09-29,CUST7897,Clothing,West,4235.35,0.13,336.95,42,No,7.95565891838927
ORD02681,2025-11-10,CUST6490,Office Supplies,North,1621.83,0.27,164.81,48,No,10.161977519222114
ORD02682,2025-04-08,CUST1013,Electronics,South,4154.64,0.24,736.41,23,Yes,17.725001444168445
ORD02683,2025-10-05,CUST5165,Clothing,North,2488.59,0.17,291.65,27,No,11.719487742054737
ORD02684,2025-08-29,CUST2390,Clothing,East,588.37,0.32,20.34,59,Yes,3.4570083450889744
ORD02685,2024-03-19,CUST4428,Electronics,South,963.72,0.13,73.1,55,No,7.58519071929606
ORD02686,2024-06-22,CUST4354,Home,East,775.53,0.15,94.52,19,Yes,12.18779415367555
ORD02687,2024-03-24,CUST5667,Furniture,North,1048.98,0.17,162.21,49,No,15.463593204827546
ORD02688,2024-04-22,CUST9158,Home,South,4565.8,0.08,957.09,40,Yes,20.962153401375446
ORD02689,2024-09-21,CUST1066,Home,South,680.06,0.29,29.35,60,Yes,4.315795665088375
ORD02690,2025-11-16,CUST7516,Clothing,North,3274.94,0.3,353.57,53,Yes,10.796228327847228
ORD02691,2024-12-28,CUST2580,Home,East,2668.97,0.2,478.77,56,Yes,17.93838072364995
ORD02692,2025-06-02,CUST3954,Clothing,East,3666.81,0.24,504.26,37,Yes,13.752007876055755
ORD02693,2024-11-30,CUST9814,Furniture,South,2672.64,0.31,551.95,57,Yes,20.651864822796938
ORD02694,2024-08-04,CUST3211,Furniture,South,4400.05,0.21,878.0,42,No,19.95431870092385
ORD02695,2024-01-01,CUST2637,Furniture,North,613.26,0.32,57.32,46,No,9.346769722466817
ORD02696,2024-02-08,CUST8680,Office Supplies,South,3738.1,0.28,651.09,23,Yes,17.417672079398628
ORD02697,2025-09-11,CUST2052,Electronics,East,721.25,0.03,120.97,52,Yes,16.77227036395147
ORD02698,2024-08-25,CUST7305,Clothing,North,1653.55,0.36,46.87,65,Yes,2.8345075746121977
ORD02699,2025-06-26,CUST4757,Electronics,East,2696.28,0.25,320.54,34,Yes,11.88823119260611
ORD02700,2025-08-23,CUST3747,Electronics,East,2398.84,0.25,452.29,60,No,18.854529689349853
ORD02701,2025-04-04,CUST3578,Furniture,East,471.5,0.17,111.97,34,No,23.747613997879107
ORD02702,2024-02-13,CUST2705,Furniture,South,3585.74,0.04,297.01,59,Yes,8.283088009727422
ORD02703,2024-09-28,CUST5371,Home,East,1779.3,0.39,19.74,21,No,1.10942505479683
ORD02704,2024-07-09,CUST7535,Electronics,South,1961.21,0.16,165.46,59,Yes,8.436628407972629
ORD02705,2025-07-19,CUST7681,Furniture,North,1035.85,0.24,33.84,24,Yes,3.2668822705990253
ORD02706,2024-07-17,CUST2390,Furniture,West,3845.13,0.27,426.38,35,No,11.08883184703768
ORD02707,2024-03-29,CUST2281,Office Supplies,West,783.22,0.02,63.93,61,Yes,8.162457547049359
ORD02708,2024-07-08,CUST2079,Electronics,West,1427.34,0.13,111.29,29,No,7.797021032129697
ORD02709,2025-08-11,CUST9680,Furniture,East,1262.38,0.22,70.02,24,Yes,5.546665821701864
ORD02710,2024-01-03,CUST9460,Furniture,East,4542.71,0.12,253.92,44,Yes,5.5896150095427615
ORD02711,2025-05-09,CUST7490,Furniture,West,4455.03,0.35,478.92,31,Yes,10.750095958949773
ORD02712,2025-08-15,CUST3998,Clothing,North,4276.49,0.1,565.27,31,Yes,13.218083054093427
ORD02713,2025-07-21,CUST6965,Electronics,South,2956.59,0.32,363.79,26,Yes,12.304377678338897
ORD02714,2025-05-26,CUST3747,Home,East,1305.59,0.19,86.63,33,Yes,6.635314302346066
ORD02715,2024-01-04,CUST5512,Electronics,East,1395.83,0.16,246.42,39,No,17.654012308089094
ORD02716,2025-08-02,CUST5299,Office Supplies,East,1016.23,0.09,116.01,52,Yes,11.415722818653258
ORD02717,2024-08-31,CUST5607,Office Supplies,South,1428.25,0.19,94.96,46,Yes,6.648695956590232
ORD02718,2025-06-06,CUST9229,Home,East,3049.44,0.02,831.46,22,No,27.265989821081902
ORD02719,2025-01-01,CUST7399,Electronics,East,3534.68,0.0,712.03,56,Yes,20.144114884515712
ORD02720,2025-07-04,CUST6986,Furniture,North,2051.35,0.23,362.67,28,Yes,17.67957686401638
ORD02721,2024-04-05,CUST8679,Office Supplies,South,4474.62,0.23,694.95,65,Yes,15.530927765933198
ORD02722,2025-05-09,CUST2225,Clothing,South,290.76,0.25,9.55,59,No,3.2844958040996013
ORD02723,2024-07-14,CUST6252,Electronics,South,260.29,0.13,18.89,21,Yes,7.257289945829651
ORD02724,2025-12-16,CUST4017,Furniture,West,2709.25,0.13,642.5,46,Yes,23.71505029067085
ORD02725,2025-03-17,CUST2448,Furniture,North,656.09,0.37,92.72,18,Yes,14.132207471535915
ORD02726,2025-01-07,CUST1381,Office Supplies,North,4944.43,0.31,832.42,53,No,16.835509856545645
ORD02727,2024-01-02,CUST9108,Furniture,East,2907.32,0.16,513.01,25,Yes,17.64546042403313
ORD02728,2025-06-03,CUST6320,Electronics,West,1468.98,0.27,220.02,41,Yes,14.977739656087898
ORD02729,2025-02-16,CUST8135,Electronics,South,3355.18,0.11,378.1,25,No,11.269142043049852
ORD02730,2025-07-02,CUST9268,Clothing,North,559.67,0.01,45.31,20,Yes,8.095842192720712
ORD02731,2024-06-30,CUST3853,Home,South,4563.38,0.09,1024.2,45,No,22.443890274314214
ORD02732,2025-05-30,CUST7974,Furniture,North,349.22,0.31,44.08,39,Yes,12.622415669205655
ORD02733,2025-03-12,CUST6999,Home,East,1887.62,0.23,192.46,29,Yes,10.19590807471843
ORD02734,2024-07-15,CUST3407,Office Supplies,West,3880.16,0.17,169.37,28,Yes,4.365026184487237
ORD02735,2025-09-13,CUST5827,Furniture,South,1527.6,0.03,389.75,54,No,25.51387797852841
ORD02736,2025-04-02,CUST8195,Home,East,1463.84,0.01,262.75,51,Yes,17.94936605093453
ORD02737,2025-12-01,CUST1214,Clothing,South,2698.01,0.09,226.06,41,Yes,8.37876805497385
ORD02738,2025-11-11,CUST8521,Office Supplies,West,2924.36,0.01,304.28,56,Yes,10.405011694866568
ORD02739,2025-03-01,CUST4835,Clothing,South,4085.6,0.27,561.24,42,Yes,13.737027609163894
ORD02740,2025-06-17,CUST8622,Home,South,823.42,0.12,142.2,57,No,17.26943722523135
ORD02741,2025-11-05,CUST5553,Clothing,North,1176.73,0.2,211.71,58,Yes,17.991382900070533
ORD02742,2024-12-20,CUST9928,Home,North,1977.31,0.05,300.21,62,Yes,15.18274827922784
ORD02743,2024-02-16,CUST1677,Home,West,4706.37,0.32,611.48,41,Yes,12.992603641447657
ORD02744,2024-08-21,CUST8614,Office Supplies,West,639.22,0.06,78.98,54,Yes,12.355683489252527
ORD02745,2025-10-10,CUST8229,Office Supplies,West,2198.17,0.23,102.33,26,Yes,4.655235946264392
ORD02746,2025-02-04,CUST6720,Electronics,East,677.22,0.12,62.66,63,Yes,9.252532411919317
ORD02747,2025-04-03,CUST2634,Electronics,West,1551.05,0.17,208.2,40,Yes,13.423164952773927
ORD02748,2024-12-08,CUST4146,Electronics,South,4794.25,0.08,731.94,34,Yes,15.267038640037548
ORD02749,2025-05-27,CUST5267,Office Supplies,North,2448.79,0.01,567.9,62,Yes,23.191045373429326
ORD02750,2024-04-17,CUST3662,Office Supplies,North,4749.33,0.22,985.17,60,Yes,20.74334695630752
ORD02751,2025-12-24,CUST2230,Home,South,2612.7,0.26,332.68,41,Yes,12.733187889922304
ORD02752,2024-10-11,CUST5591,Office Supplies,South,1311.45,0.27,238.65,63,Yes,18.197415074917075
ORD02753,2025-07-20,CUST6603,Home,North,4090.65,0.04,757.69,56,Yes,18.522484201777225
ORD02754,2025-03-24,CUST8120,Clothing,West,3869.11,0.27,263.34,30,Yes,6.806216416695311
ORD02755,2024-04-22,CUST9690,Home,South,376.39,0.05,69.54,60,No,18.475517415446745
ORD02756,2024-01-26,CUST1060,Clothing,South,4490.46,0.17,740.67,35,Yes,16.494301251987544
ORD02757,2025-03-21,CUST8431,Clothing,West,4546.31,0.08,956.07,18,No,21.02958223262382
ORD02758,2025-02-08,CUST3533,Electronics,East,1580.34,0.24,157.16,48,Yes,9.944695445283926
ORD02759,2024-12-29,CUST7935,Furniture,North,3282.17,0.14,793.2,51,Yes,24.16693833652736
ORD02760,2024-10-18,CUST1218,Furniture,North,2330.89,0.16,472.63,21,Yes,20.27680413919147
ORD02761,2024-04-15,CUST1838,Office Supplies,West,2785.92,0.33,274.34,49,Yes,9.847375373305765
ORD02762,2024-07-28,CUST6234,Electronics,East,2377.69,0.12,392.03,36,Yes,16.487851654336772
ORD02763,2025-05-18,CUST5972,Electronics,East,4835.54,0.21,985.64,61,No,20.383245718161778
ORD02764,2025-02-28,CUST4457,Furniture,North,344.38,0.13,47.7,42,Yes,13.8509785701841
ORD02765,2024-01-02,CUST9554,Home,South,1474.03,0.21,187.5,50,Yes,12.720229574703366
ORD02766,2024-11-20,CUST5136,Home,East,269.86,0.21,40.99,56,Yes,15.189357444600905
ORD02767,2024-07-08,CUST1437,Home,South,1048.62,0.32,140.59,52,Yes,13.407144628177988
ORD02768,2024-06-15,CUST4488,Furniture,East,1460.02,0.34,285.26,35,Yes,19.53808851933535
ORD02769,2024-10-25,CUST1172,Office Supplies,West,4747.63,0.03,621.0,40,Yes,13.080210547157211
ORD02770,2024-01-14,CUST9253,Electronics,South,4379.03,0.3,718.71,49,Yes,16.412538849927955
ORD02771,2025-12-26,CUST6245,Furniture,South,774.92,0.3,111.66,60,Yes,14.409229339802817
ORD02772,2025-12-07,CUST8933,Clothing,North,3792.5,0.2,282.94,47,No,7.460514172709294
ORD02773,2025-11-26,CUST5685,Office Supplies,North,4532.22,0.13,1138.98,37,Yes,25.13073063531779
ORD02774,2024-04-15,CUST6548,Electronics,South,1166.24,0.05,151.36,27,Yes,12.978460694196736
ORD02775,2024-06-11,CUST3052,Electronics,West,1575.2,0.14,248.86,50,No,15.79862874555612
ORD02776,2024-01-21,CUST4448,Home,West,2968.98,0.23,588.98,61,No,19.837789409157356
ORD02777,2024-07-17,CUST3729,Furniture,South,3967.09,0.16,427.99,47,Yes,10.788512486482535
ORD02778,2024-01-05,CUST4385,Clothing,East,2598.01,0.12,142.18,57,Yes,5.472650220745878
ORD02779,2025-04-05,CUST4286,Clothing,North,2186.28,0.02,464.35,37,Yes,21.239274017966594
ORD02780,2025-01-30,CUST4333,Clothing,West,736.92,0.35,64.47,30,Yes,8.748575150626934
ORD02781,2025-03-21,CUST5707,Office Supplies,North,2015.17,0.24,387.14,61,Yes,19.211282422822887
ORD02782,2024-01-21,CUST8192,Office Supplies,North,3979.82,0.03,569.07,25,No,14.298887889402035
ORD02783,2025-03-23,CUST4419,Furniture,West,3455.85,0.03,617.47,20,Yes,17.867384290406125
ORD02784,2025-03-30,CUST9073,Furniture,North,2174.05,0.19,299.08,20,Yes,13.756813320760791
ORD02785,2025-05-28,CUST5466,Home,South,891.43,0.1,102.0,26,Yes,11.44228935530552
ORD02786,2024-11-26,CUST9785,Electronics,East,1458.41,0.12,115.06,20,Yes,7.889413813673796
ORD02787,2024-05-03,CUST5975,Electronics,East,2903.78,0.2,347.27,43,No,11.959239336313356
ORD02788,2025-01-05,CUST3667,Furniture,West,388.82,0.35,7.7,40,Yes,1.9803508049997427
ORD02789,2025-06-21,CUST2636,Clothing,South,419.94,0.23,25.28,39,No,6.019907605848455
ORD02790,2024-09-27,CUST2002,Electronics,South,1623.37,0.15,376.47,57,Yes,23.190646617838205
ORD02791,2024-03-24,CUST8290,Office Supplies,South,1030.98,0.03,143.43,26,Yes,13.912006052493744
ORD02792,2025-06-19,CUST5232,Clothing,South,2565.64,0.03,674.25,29,Yes,26.279992516487116
ORD02793,2024-07-04,CUST2296,Electronics,East,1382.51,0.14,194.32,19,Yes,14.055594534578411
ORD02794,2024-06-13,CUST9403,Office Supplies,East,4421.96,0.17,504.93,32,No,11.418692163655935
ORD02795,2024-03-02,CUST1545,Office Supplies,West,2766.32,0.24,340.45,59,Yes,12.3069637641343
ORD02796,2024-01-21,CUST5790,Clothing,East,3683.23,0.34,343.22,41,No,9.318451467869235
ORD02797,2025-10-06,CUST9422,Furniture,West,2581.51,0.3,220.78,47,No,8.552358890726744
ORD02798,2025-02-09,CUST6096,Home,West,287.94,0.3,23.42,58,Yes,8.133638952559561
ORD02799,2025-10-06,CUST2957,Home,West,479.32,0.21,108.42,65,No,22.619544354502214
ORD02800,2024-01-26,CUST6825,Furniture,West,4297.19,0.23,423.52,23,Yes,9.855742938990364
ORD02801,2024-01-18,CUST8149,Office Supplies,West,3074.79,0.31,625.88,50,Yes,20.3552112501992
ORD02802,2025-11-22,CUST7393,Home,East,1210.82,0.14,281.2,53,Yes,23.223930889810212
ORD02803,2024-11-22,CUST8791,Office Supplies,South,2914.56,0.14,162.15,33,Yes,5.563446969696971
ORD02804,2024-10-06,CUST3924,Electronics,East,982.89,0.09,89.79,20,Yes,9.135305069743309
ORD02805,2025-11-06,CUST4419,Office Supplies,North,525.14,0.12,103.39,63,Yes,19.688083177819248
ORD02806,2025-04-02,CUST3809,Office Supplies,North,253.14,0.1,56.69,36,Yes,22.394722288061942
ORD02807,2024-11-23,CUST8014,Home,North,2080.15,0.02,547.45,46,Yes,26.317813619210156
ORD02808,2024-02-22,CUST9446,Clothing,South,331.82,0.39,38.95,24,Yes,11.738291844976192
ORD02809,2024-08-12,CUST1342,Electronics,South,4035.79,0.24,258.33,36,Yes,6.400977256001922
ORD02810,2024-04-25,CUST5255,Clothing,West,3245.86,0.07,587.48,19,Yes,18.099363496885264
ORD02811,2024-10-06,CUST6881,Clothing,East,1676.59,0.22,202.63,40,Yes,12.085840903261978
ORD02812,2025-07-03,CUST1680,Clothing,South,3315.68,0.3,603.59,23,Yes,18.204108961057763
ORD02813,2025-09-04,CUST4175,Office Supplies,East,3019.0,0.03,221.64,46,Yes,7.341503809208347
ORD02814,2025-08-06,CUST5002,Office Supplies,North,3757.22,0.16,629.21,31,Yes,16.746690372136847
ORD02815,2024-06-11,CUST8869,Office Supplies,East,735.93,0.33,36.09,54,Yes,4.903999021646081
ORD02816,2024-07-04,CUST6528,Furniture,North,3544.6,0.1,817.45,35,No,23.06184054618293
ORD02817,2025-11-10,CUST5182,Clothing,North,2138.1,0.03,338.37,22,Yes,15.825733127543145
ORD02818,2024-04-14,CUST6212,Furniture,East,2385.91,0.22,482.83,31,Yes,20.236723095171236
ORD02819,2025-09-11,CUST8985,Office Supplies,South,3194.99,0.36,475.03,40,Yes,14.867965157950417
ORD02820,2025-11-14,CUST2569,Electronics,South,1812.27,0.31,74.92,59,Yes,4.134041837033113
ORD02821,2024-04-30,CUST4058,Furniture,North,4403.66,0.24,168.47,25,Yes,3.825681365046348
ORD02822,2024-11-04,CUST1932,Office Supplies,North,1495.72,0.13,124.89,35,Yes,8.349824833524991
ORD02823,2025-01-13,CUST3291,Clothing,South,2226.03,0.0,280.63,28,Yes,12.60674833672502
ORD02824,2024-10-01,CUST1617,Furniture,East,2894.68,0.24,655.0,43,Yes,22.62771705335305
ORD02825,2024-09-20,CUST3451,Clothing,West,3629.84,0.07,883.83,34,Yes,24.349007118771077
ORD02826,2025-01-10,CUST3176,Furniture,East,2753.35,0.32,360.38,54,Yes,13.088782755552328
ORD02827,2025-09-10,CUST1545,Clothing,North,2433.77,0.24,479.94,36,Yes,19.72002284521545
ORD02828,2025-09-01,CUST5541,Clothing,North,614.62,0.03,133.42,36,Yes,21.707721844391653
ORD02829,2025-05-06,CUST1675,Home,South,1624.26,0.1,100.43,27,Yes,6.183123391575241
ORD02830,2025-04-05,CUST2991,Electronics,West,3803.35,0.06,278.33,43,Yes,7.318022269841061
ORD02831,2024-08-05,CUST1714,Office Supplies,East,4282.74,0.21,811.19,44,No,18.940911659358264
ORD02832,2024-08-30,CUST4701,Furniture,West,689.36,0.32,64.67,39,Yes,9.381165138679355
ORD02833,2024-11-30,CUST5175,Home,South,2174.93,0.25,66.46,53,Yes,3.0557305292584127
ORD02834,2025-12-12,CUST8231,Clothing,North,805.43,0.36,5.85,44,No,0.7263201023056007
ORD02835,2024-07-11,CUST1587,Home,North,3442.06,0.18,322.29,44,Yes,9.363288263423648
ORD02836,2024-09-07,CUST1696,Furniture,West,698.76,0.21,111.41,53,No,15.943957868223709
ORD02837,2024-02-05,CUST3569,Electronics,North,4277.84,0.13,386.25,48,Yes,9.02908944701064
ORD02838,2024-05-02,CUST6604,Clothing,East,1291.79,0.14,151.52,24,Yes,11.729460670852076
ORD02839,2025-02-25,CUST3267,Clothing,South,569.76,0.1,43.31,50,Yes,7.6014462229710755
ORD02840,2025-02-24,CUST6761,Electronics,East,2597.73,0.02,481.94,24,Yes,18.552351476096437
ORD02841,2024-07-10,CUST3453,Electronics,East,3017.43,0.38,127.7,25,No,4.2320782917913595
ORD02842,2025-10-09,CUST7649,Furniture,East,909.36,0.07,97.24,40,Yes,10.69323480249846
ORD02843,2025-03-18,CUST2700,Clothing,East,1328.2,0.28,133.99,33,No,10.088089143201326
ORD02844,2024-04-24,CUST9451,Clothing,West,1812.23,0.27,380.78,43,Yes,21.011681740176467
ORD02845,2024-10-29,CUST3406,Office Supplies,North,2096.39,0.24,108.63,41,Yes,5.1817648433736085
ORD02846,2025-12-22,CUST6573,Office Supplies,North,2778.0,0.31,484.54,45,Yes,17.442044636429085
ORD02847,2025-03-13,CUST4138,Furniture,East,2133.53,0.03,196.27,36,Yes,9.199308188776346
ORD02848,2024-12-04,CUST8565,Furniture,East,2480.31,0.36,455.58,63,Yes,18.367865307159185
ORD02849,2024-02-18,CUST4488,Home,North,1645.25,0.02,352.35,57,Yes,21.416198146178395
ORD02850,2025-07-23,CUST1840,Home,West,3260.88,0.1,210.92,56,Yes,6.4681926351169
ORD02851,2024-03-10,CUST3871,Home,South,3681.23,0.0,404.09,37,Yes,10.977037566248237
ORD02852,2024-07-12,CUST2906,Furniture,North,338.54,0.17,24.5,51,No,7.23695870502747
ORD02853,2024-07-12,CUST8267,Home,East,268.63,0.07,53.65,21,Yes,19.971708297658488
ORD02854,2024-02-07,CUST3250,Clothing,South,3698.51,0.27,667.22,32,Yes,18.040237825502704
ORD02855,2024-01-19,CUST8424,Electronics,North,1303.69,0.09,231.63,37,Yes,17.76726062177358
ORD02856,2024-08-20,CUST6003,Electronics,North,512.39,0.06,48.09,20,Yes,9.385429067702338
ORD02857,2025-08-07,CUST3495,Furniture,West,1513.03,0.39,99.95,61,Yes,6.605949650700911
ORD02858,2025-11-02,CUST1148,Electronics,North,4261.71,0.1,641.81,53,Yes,15.059917263258175
ORD02859,2025-05-30,CUST8688,Furniture,West,3586.18,0.03,414.04,58,Yes,11.54543274459174
ORD02860,2025-02-06,CUST2944,Electronics,East,1216.84,0.3,102.07,19,Yes,8.388120048650602
ORD02861,2024-10-14,CUST5601,Electronics,North,4165.73,0.3,175.46,52,No,4.211986854644924
ORD02862,2024-06-25,CUST7033,Furniture,North,4955.78,0.2,388.02,22,Yes,7.829645383774098
ORD02863,2025-05-05,CUST6747,Furniture,East,3543.33,0.34,228.74,58,Yes,6.4555093654838815
ORD02864,2024-06-07,CUST7521,Electronics,South,3282.55,0.03,389.68,43,No,11.871258625154224
ORD02865,2025-11-09,CUST8767,Clothing,East,3862.64,0.25,363.05,26,No,9.399012074643249
ORD02866,2024-12-02,CUST5431,Clothing,North,3951.82,0.04,721.29,21,No,18.252096502371057
ORD02867,2024-02-15,CUST3995,Clothing,South,2411.91,0.03,237.75,60,Yes,9.857332985061634
ORD02868,2024-06-02,CUST4448,Electronics,East,3705.24,0.11,670.26,29,Yes,18.08951646856884
ORD02869,2024-05-11,CUST4099,Clothing,West,1592.14,0.01,393.75,40,Yes,24.730865376160384
ORD02870,2025-06-24,CUST1292,Furniture,West,1480.6,0.34,180.03,22,Yes,12.159259759556937
ORD02871,2024-12-05,CUST5589,Office Supplies,East,1390.44,0.17,102.07,30,No,7.3408417479359045
ORD02872,2025-03-31,CUST4744,Home,East,167.68,0.01,24.67,60,Yes,14.712547709923665
ORD02873,2025-03-12,CUST8616,Furniture,West,2237.77,0.31,81.36,54,Yes,3.635762388449215
ORD02874,2025-04-19,CUST9856,Furniture,East,2073.25,0.27,70.13,45,No,3.3826118413119497
ORD02875,2025-12-29,CUST6014,Office Supplies,East,3483.62,0.14,577.89,49,Yes,16.588778339772993
ORD02876,2025-12-17,CUST7558,Electronics,South,1435.12,0.13,169.45,29,Yes,11.80737499303194
ORD02877,2024-05-23,CUST2990,Office Supplies,East,2080.27,0.11,336.11,31,Yes,16.15703730765718
ORD02878,2025-05-03,CUST3089,Home,South,1200.41,0.37,102.87,45,No,8.569572062878517
ORD02879,2025-02-14,CUST6956,Office Supplies,West,3587.04,0.35,248.89,20,Yes,6.938590035237969
ORD02880,2025-04-21,CUST1383,Electronics,North,553.79,0.07,104.72,19,Yes,18.909695010744144
ORD02881,2024-03-22,CUST1645,Electronics,East,1469.18,0.3,179.35,42,Yes,12.207489892320886
ORD02882,2024-04-04,CUST9629,Home,East,2251.37,0.14,526.59,63,Yes,23.38975823609625
ORD02883,2024-10-01,CUST4384,Office Supplies,South,2862.01,0.13,287.26,34,No,10.03700196714896
ORD02884,2025-12-27,CUST4313,Home,East,1837.17,0.13,195.21,64,Yes,10.6255817371283
ORD02885,2025-09-17,CUST4618,Furniture,West,1490.98,0.17,333.4,51,Yes,22.36113160471636
ORD02886,2025-05-20,CUST9109,Furniture,South,4937.1,0.32,453.98,43,Yes,9.195276579368455
ORD02887,2025-03-15,CUST5904,Clothing,East,3809.33,0.22,347.16,41,No,9.113413644919186
ORD02888,2024-09-23,CUST7008,Furniture,East,1153.89,0.3,103.3,24,Yes,8.952326478260492
ORD02889,2025-02-14,CUST3243,Office Supplies,East,3987.87,0.17,617.73,61,No,15.490224104597191
ORD02890,2025-01-09,CUST1941,Clothing,East,3483.0,0.06,452.28,34,Yes,12.985357450473728
ORD02891,2025-08-21,CUST7259,Furniture,West,1588.12,0.16,168.32,24,No,10.598695312696774
ORD02892,2025-01-29,CUST8406,Furniture,West,1270.51,0.37,186.08,26,Yes,14.646087004431294
ORD02893,2025-04-13,CUST1042,Electronics,East,3032.03,0.23,131.06,44,No,4.322516597790918
ORD02894,2024-05-16,CUST5517,Electronics,North,3094.45,0.26,476.45,51,No,15.39692029278224
ORD02895,2024-06-19,CUST2150,Home,South,1208.77,0.1,180.12,19,Yes,14.901097810170668
ORD02896,2024-09-17,CUST8401,Office Supplies,West,1395.02,0.07,275.23,22,No,19.729466244211554
ORD02897,2024-01-24,CUST2070,Electronics,North,1312.47,0.09,271.64,28,Yes,20.696854023330054
ORD02898,2025-09-21,CUST7827,Electronics,West,4753.37,0.33,658.33,60,Yes,13.849752912144437
ORD02899,2025-05-25,CUST6551,Office Supplies,East,3880.02,0.05,577.55,54,Yes,14.885232550347677
ORD02900,2025-07-10,CUST4311,Furniture,West,2747.5,0.06,370.93,23,Yes,13.50063694267516
ORD02901,2024-03-25,CUST3977,Home,West,2700.8,0.15,290.94,43,Yes,10.772363744075829
ORD02902,2025-01-16,CUST3726,Clothing,North,365.6,0.06,84.18,29,Yes,23.02516411378556
ORD02903,2024-03-06,CUST5291,Office Supplies,East,701.93,0.23,63.64,26,No,9.066431125610816
ORD02904,2024-03-30,CUST4871,Home,South,753.85,0.3,125.67,38,Yes,16.670425150892086
ORD02905,2025-05-30,CUST9927,Electronics,East,2986.33,0.2,683.57,39,Yes,22.889968623695307
ORD02906,2025-07-07,CUST5400,Electronics,East,1942.09,0.31,331.68,65,No,17.078508205078037
ORD02907,2025-05-08,CUST2787,Furniture,South,240.55,0.09,55.01,46,Yes,22.868426522552483
ORD02908,2024-06-09,CUST8393,Electronics,North,2295.2,0.38,162.31,46,No,7.071714883234577
ORD02909,2025-11-01,CUST4181,Office Supplies,North,151.62,0.27,16.72,28,Yes,11.027568922305765
ORD02910,2025-10-27,CUST3722,Office Supplies,West,2878.65,0.15,188.84,49,Yes,6.560019453563302
ORD02911,2024-08-17,CUST6583,Office Supplies,East,3425.81,0.3,358.6,61,Yes,10.46759744410811
ORD02912,2024-03-19,CUST8902,Home,South,3076.53,0.02,588.72,55,Yes,19.13584460414818
ORD02913,2024-05-08,CUST9330,Office Supplies,North,3338.4,0.26,84.49,63,No,2.5308531032830093
ORD02914,2024-03-15,CUST1401,Electronics,South,229.22,0.09,30.52,24,Yes,13.314719483465668
ORD02915,2024-12-18,CUST1009,Electronics,East,588.88,0.01,126.44,20,Yes,21.47126749083005
ORD02916,2024-04-27,CUST2308,Office Supplies,South,1727.03,0.04,183.23,62,No,10.609543551646468
ORD02917,2024-03-21,CUST4830,Electronics,North,2390.3,0.17,535.29,23,No,22.39426013471112
ORD02918,2024-02-12,CUST5392,Furniture,South,3204.91,0.39,572.48,56,Yes,17.862592085269167
ORD02919,2025-10-12,CUST3348,Office Supplies,North,1838.22,0.28,117.74,35,Yes,6.405109290509296
ORD02920,2024-02-05,CUST4903,Office Supplies,North,196.46,0.04,48.78,33,No,24.829481828362006
ORD02921,2025-12-14,CUST2653,Home,West,1813.37,0.25,161.02,48,Yes,8.879599861032222
ORD02922,2024-08-27,CUST2895,Electronics,North,3954.27,0.2,182.86,18,Yes,4.624368088167981
ORD02923,2025-09-06,CUST5026,Clothing,West,1501.88,0.18,300.96,20,No,20.03888459797054
ORD02924,2025-04-23,CUST5085,Home,East,2016.54,0.04,280.6,47,No,13.914923581977051
ORD02925,2024-09-22,CUST8233,Office Supplies,East,1628.12,0.09,245.6,41,Yes,15.084883178144118
ORD02926,2024-11-24,CUST4300,Office Supplies,South,1248.46,0.29,258.11,28,Yes,20.674270701504255
ORD02927,2025-05-20,CUST8590,Furniture,East,3928.47,0.07,765.37,28,Yes,19.482648461105725
ORD02928,2024-11-11,CUST8860,Electronics,North,3620.61,0.24,368.44,63,Yes,10.176185780849083
ORD02929,2024-12-02,CUST3948,Office Supplies,West,2502.23,0.15,370.58,37,Yes,14.809989489375477
ORD02930,2024-10-08,CUST2612,Clothing,East,645.04,0.17,141.75,65,Yes,21.975381371697882
ORD02931,2025-11-28,CUST1934,Furniture,East,3271.2,0.34,630.74,62,Yes,19.2816091954023
ORD02932,2025-06-19,CUST7314,Furniture,North,1595.69,0.04,361.13,54,Yes,22.631588842444334
ORD02933,2025-05-08,CUST8668,Furniture,East,2983.38,0.11,349.01,26,Yes,11.698476224952906
ORD02934,2025-12-12,CUST5198,Clothing,North,3086.51,0.14,454.76,28,No,14.7337931838873
ORD02935,2025-10-04,CUST8960,Home,North,2047.29,0.34,415.86,26,No,20.31270606509093
ORD02936,2024-11-07,CUST3449,Electronics,West,2061.99,0.16,206.98,24,Yes,10.037876032376492
ORD02937,2025-08-10,CUST6422,Electronics,South,2205.16,0.2,409.41,54,Yes,18.565999746050178
ORD02938,2025-02-19,CUST1360,Office Supplies,East,4719.47,0.25,957.73,26,Yes,20.29316851256603
ORD02939,2025-10-19,CUST7288,Furniture,East,2021.79,0.07,132.75,46,Yes,6.5659638241360385
ORD02940,2025-07-09,CUST1200,Clothing,East,3859.07,0.05,728.12,64,Yes,18.867758294096763
ORD02941,2024-10-15,CUST9708,Furniture,South,2643.56,0.22,325.53,54,No,12.314076472635385
ORD02942,2024-03-31,CUST6440,Furniture,South,649.57,0.03,48.54,19,Yes,7.472635743645796
ORD02943,2024-07-15,CUST5863,Office Supplies,North,1998.3,0.08,391.74,25,Yes,19.6036631136466
ORD02944,2025-11-30,CUST9003,Furniture,East,4212.31,0.06,312.78,46,Yes,7.425379423641658
ORD02945,2025-07-20,CUST3179,Clothing,South,4870.54,0.24,1054.15,19,No,21.643390671260274
ORD02946,2025-09-01,CUST5670,Furniture,West,1017.32,0.24,79.89,57,Yes,7.852986277670743
ORD02947,2024-03-01,CUST7959,Electronics,East,4899.68,0.1,1042.61,36,No,21.27914476047415
ORD02948,2024-07-29,CUST1892,Clothing,East,1422.24,0.04,301.95,42,Yes,21.23059399257509
ORD02949,2024-06-22,CUST2541,Furniture,South,175.67,0.01,28.61,49,Yes,16.286218477827745
ORD02950,2024-12-03,CUST4071,Home,East,1554.4,0.15,92.91,47,Yes,5.977225939269171
ORD02951,2024-09-17,CUST3419,Furniture,North,1218.75,0.25,126.5,22,No,10.379487179487178
ORD02952,2025-04-05,CUST2880,Home,East,3588.07,0.25,524.93,53,Yes,14.629870654697369
ORD02953,2025-09-13,CUST5232,Electronics,East,3359.23,0.29,631.27,57,Yes,18.7921041429137
ORD02954,2024-11-06,CUST7541,Furniture,South,2063.43,0.17,209.16,32,Yes,10.136520259955512
ORD02955,2024-04-19,CUST2386,Home,East,913.7,0.21,64.03,20,No,7.007770603042573
ORD02956,2025-10-14,CUST4960,Office Supplies,East,373.75,0.03,53.79,40,Yes,14.391973244147158
ORD02957,2025-09-24,CUST7458,Clothing,South,4913.0,0.06,404.99,37,No,8.243232240993285
ORD02958,2025-06-22,CUST2092,Office Supplies,South,219.81,0.2,25.35,48,Yes,11.532687320868023
ORD02959,2025-06-23,CUST4337,Furniture,South,1783.57,0.18,268.34,53,Yes,15.045106163481107
ORD02960,2025-09-08,CUST9719,Furniture,West,4891.96,0.08,736.88,59,Yes,15.063083099616515
ORD02961,2025-10-28,CUST9934,Furniture,East,3761.14,0.09,429.22,26,Yes,11.41196552109201
ORD02962,2025-11-27,CUST9800,Clothing,East,565.56,0.26,81.4,26,Yes,14.392814201853032
ORD02963,2024-01-28,CUST1946,Office Supplies,North,1299.63,0.16,190.55,22,No,14.66186530012388
ORD02964,2024-04-15,CUST9537,Home,North,1548.19,0.39,249.07,59,No,16.08781867858596
ORD02965,2025-11-27,CUST2973,Office Supplies,South,816.02,0.08,159.02,34,Yes,19.487267468934586
ORD02966,2024-03-04,CUST3907,Clothing,West,577.93,0.39,55.75,38,Yes,9.646496980603187
ORD02967,2025-07-30,CUST9865,Home,North,1108.4,0.22,145.28,61,Yes,13.107181522915914
ORD02968,2024-04-09,CUST7834,Furniture,South,3085.25,0.31,64.7,47,Yes,2.09707479134592
ORD02969,2025-01-12,CUST8313,Furniture,South,4259.25,0.13,720.01,46,Yes,16.90461935786817
ORD02970,2024-03-15,CUST2610,Home,North,421.78,0.16,26.9,45,Yes,6.377732467162976
ORD02971,2024-04-09,CUST2855,Furniture,South,1313.49,0.39,78.95,27,Yes,6.0107043068466455
ORD02972,2024-05-28,CUST4583,Clothing,North,2842.03,0.14,600.59,65,Yes,21.132429988423766
ORD02973,2024-02-16,CUST4809,Home,North,3028.34,0.26,575.48,41,No,19.00315024072594
ORD02974,2024-10-06,CUST3980,Furniture,North,4937.83,0.11,473.61,36,Yes,9.591460216329846
ORD02975,2024-02-22,CUST9736,Office Supplies,East,3113.18,0.11,347.1,64,No,11.149371382316476
ORD02976,2025-12-15,CUST8391,Clothing,North,1371.7,0.25,110.54,24,Yes,8.058613399431362
ORD02977,2025-12-13,CUST4600,Clothing,West,3040.16,0.02,286.19,27,Yes,9.413649281616758
ORD02978,2025-03-10,CUST7230,Clothing,South,1350.81,0.21,115.0,34,Yes,8.513410472235178
ORD02979,2024-11-17,CUST4524,Electronics,East,3035.71,0.3,378.65,42,No,12.473194079803406
ORD02980,2024-02-03,CUST4878,Clothing,North,2187.71,0.17,368.52,27,No,16.845011450329338
ORD02981,2025-01-28,CUST8323,Clothing,East,1984.81,0.17,197.25,23,No,9.937978950126208
ORD02982,2024-01-25,CUST1388,Furniture,East,3282.55,0.12,712.33,47,Yes,21.70050722761268
ORD02983,2025-10-05,CUST4462,Electronics,North,3128.85,0.32,151.04,54,Yes,4.827332726081467
ORD02984,2024-11-30,CUST6845,Electronics,East,1858.39,0.35,352.89,54,Yes,18.989017375254925
ORD02985,2025-07-14,CUST4041,Office Supplies,South,716.57,0.26,54.71,38,Yes,7.634983323331984
ORD02986,2025-07-02,CUST4212,Clothing,East,2792.71,0.1,433.31,25,Yes,15.515753515402603
ORD02987,2025-04-28,CUST6036,Electronics,West,4996.04,0.1,698.83,54,Yes,13.987678241167007
ORD02988,2025-04-22,CUST9221,Office Supplies,West,4958.1,0.3,321.79,28,Yes,6.490187773542284
ORD02989,2024-01-06,CUST5737,Clothing,West,1983.49,0.23,355.0,46,Yes,17.897745892341277
ORD02990,2024-02-05,CUST2993,Office Supplies,South,2947.1,0.23,539.71,61,No,18.313257100200197
ORD02991,2024-02-29,CUST3574,Home,North,3417.13,0.32,388.21,60,No,11.360703280238093
ORD02992,2025-12-08,CUST6713,Home,North,1302.56,0.36,112.86,25,Yes,8.66447610858617
ORD02993,2024-10-06,CUST5666,Clothing,North,1607.86,0.15,302.46,46,Yes,18.811339295709825
ORD02994,2025-07-28,CUST9867,Home,North,1737.53,0.25,360.76,42,Yes,20.76280697311701
ORD02995,2025-10-17,CUST1471,Clothing,South,4190.11,0.09,626.51,55,Yes,14.952113429003058
ORD02996,2025-07-15,CUST8918,Clothing,South,258.94,0.21,45.15,46,No,17.436471769521898
ORD02997,2025-11-18,CUST1623,Clothing,South,1350.26,0.1,121.58,21,Yes,9.004191785285796
ORD02998,2025-03-28,CUST1718,Clothing,West,381.0,0.38,0.64,54,Yes,0.1679790026246719
ORD02999,2025-11-03,CUST7274,Office Supplies,North,275.06,0.39,6.8,23,No,2.4721878862793574
ORD03000,2024-05-12,CUST3785,Clothing,South,1623.4,0.29,262.21,65,Yes,16.15190341259086
ORD03001,2025-04-06,CUST3694,Furniture,South,1509.97,0.2,279.72,65,Yes,18.524871355060036
ORD03002,2025-01-28,CUST8669,Office Supplies,East,2094.52,0.34,275.64,43,Yes,13.160055764566584
ORD03003,2024-06-25,CUST4621,Home,South,4567.85,0.16,919.8,18,Yes,20.136388016243963
ORD03004,2025-04-17,CUST8175,Office Supplies,South,2252.02,0.04,200.08,32,Yes,8.884468166357316
ORD03005,2025-10-13,CUST2471,Home,East,1555.59,0.22,247.1,47,Yes,15.884648268502627
ORD03006,2025-07-21,CUST9967,Office Supplies,South,4117.01,0.15,863.73,25,Yes,20.97954583544854
ORD03007,2025-09-01,CUST5351,Clothing,East,1191.18,0.29,39.04,58,Yes,3.2774223878842825
ORD03008,2024-12-14,CUST1204,Office Supplies,East,3339.25,0.29,541.53,33,No,16.217114621546756
ORD03009,2024-07-15,CUST4753,Office Supplies,West,2307.99,0.09,169.48,51,No,7.343186062331293
ORD03010,2024-08-17,CUST2543,Furniture,East,4922.03,0.19,641.97,27,Yes,13.042789255652648
ORD03011,2025-08-22,CUST3786,Office Supplies,North,4483.72,0.39,851.56,46,No,18.992265351092392
ORD03012,2024-10-01,CUST9085,Clothing,South,1642.37,0.13,398.0,24,Yes,24.233272648672347
ORD03013,2024-09-20,CUST4835,Furniture,South,3832.65,0.13,958.15,28,Yes,24.999673854904568
ORD03014,2024-09-21,CUST2474,Electronics,South,914.15,0.18,131.72,29,Yes,14.409013837991576
ORD03015,2024-05-07,CUST9703,Clothing,West,4434.93,0.01,631.59,42,Yes,14.241261981587083
ORD03016,2025-01-09,CUST5389,Office Supplies,South,503.27,0.32,32.2,20,Yes,6.3981560593717095
ORD03017,2025-10-29,CUST6895,Home,North,4123.27,0.02,689.12,26,Yes,16.712948703334973
ORD03018,2025-01-11,CUST1028,Office Supplies,East,4955.61,0.35,347.14,62,Yes,7.004990303918186
ORD03019,2025-12-06,CUST5221,Furniture,East,3576.21,0.19,534.37,43,Yes,14.942355174891855
ORD03020,2025-08-30,CUST9965,Home,West,1828.24,0.18,381.08,58,Yes,20.844090491401566
ORD03021,2024-06-03,CUST1716,Clothing,West,2888.36,0.2,485.65,47,Yes,16.81403980113282
ORD03022,2024-07-09,CUST3174,Office Supplies,South,1716.25,0.28,223.91,18,Yes,13.046467589220685
ORD03023,2024-02-10,CUST3891,Furniture,West,4164.93,0.34,445.84,57,Yes,10.704621686318855
ORD03024,2025-10-09,CUST3761,Office Supplies,North,4696.09,0.03,380.33,25,Yes,8.098865226177523
ORD03025,2024-12-15,CUST7105,Office Supplies,North,3429.85,0.21,358.4,38,Yes,10.449436564281237
ORD03026,2024-10-15,CUST1767,Office Supplies,South,1022.33,0.31,108.78,61,No,10.64039987088318
ORD03027,2025-07-18,CUST2170,Electronics,East,1919.82,0.38,69.28,56,Yes,3.608671646300174
ORD03028,2024-10-15,CUST8040,Home,North,1053.93,0.2,111.0,50,Yes,10.532008767185676
ORD03029,2025-09-20,CUST9312,Clothing,North,3034.39,0.29,83.84,23,No,2.762993550598308
ORD03030,2025-10-31,CUST4825,Clothing,North,4803.77,0.2,584.14,18,No,12.160032641029856
ORD03031,2024-04-07,CUST8451,Furniture,North,3207.3,0.12,464.94,53,No,14.49630530352633
ORD03032,2025-06-12,CUST4770,Office Supplies,West,3406.23,0.3,180.29,42,No,5.292948509055466
ORD03033,2025-11-19,CUST3956,Home,East,3028.82,0.38,399.55,23,Yes,13.191605971962678
ORD03034,2024-01-20,CUST5286,Furniture,South,3152.57,0.02,301.31,32,Yes,9.557599038244987
ORD03035,2025-02-04,CUST7661,Home,East,1094.43,0.02,269.52,57,Yes,24.626517913434387
ORD03036,2024-07-07,CUST4070,Home,South,636.5,0.22,128.21,28,Yes,20.142969363707778
ORD03037,2024-04-04,CUST2710,Furniture,South,263.45,0.31,46.98,50,Yes,17.832605807553612
ORD03038,2025-11-21,CUST3492,Furniture,East,286.96,0.24,24.85,22,Yes,8.659743518260386
ORD03039,2025-01-09,CUST3197,Home,West,1058.63,0.12,258.37,31,Yes,24.40607199871532
ORD03040,2024-06-16,CUST1704,Furniture,South,1386.97,0.3,229.21,30,Yes,16.525952255636387
ORD03041,2024-09-21,CUST4581,Furniture,West,4893.45,0.26,130.6,64,No,2.6688736985153625
ORD03042,2024-02-05,CUST3498,Furniture,North,3997.46,0.28,88.6,21,Yes,2.2164074187108813
ORD03043,2025-02-24,CUST6538,Furniture,West,4062.58,0.15,688.87,65,No,16.956466088052423
ORD03044,2024-07-23,CUST6202,Electronics,West,3704.27,0.3,308.47,57,Yes,8.327416737980764
ORD03045,2025-11-14,CUST7742,Home,South,2496.05,0.15,223.02,30,Yes,8.934917169127221
ORD03046,2024-12-25,CUST1170,Office Supplies,South,1964.63,0.02,169.38,20,Yes,8.621470709497462
ORD03047,2024-02-22,CUST3568,Home,South,4125.19,0.24,648.57,39,Yes,15.722184917543194
ORD03048,2024-08-22,CUST2264,Electronics,East,4286.03,0.28,227.01,38,Yes,5.296509823776315
ORD03049,2025-12-26,CUST6514,Home,West,3383.94,0.4,31.45,41,No,0.9293900010047459
ORD03050,2024-02-07,CUST4062,Furniture,North,2237.13,0.35,52.99,65,No,2.368659845426953
ORD03051,2025-12-27,CUST6777,Clothing,South,892.21,0.24,70.04,60,Yes,7.850169803073268
ORD03052,2025-02-23,CUST6385,Clothing,North,3049.17,0.07,302.63,22,Yes,9.924995982513273
ORD03053,2025-01-27,CUST9155,Furniture,South,2016.97,0.2,371.93,38,No,18.440036292061855
ORD03054,2025-06-16,CUST7959,Electronics,South,2189.47,0.03,367.39,43,No,16.77985996611052
ORD03055,2024-08-08,CUST9056,Electronics,West,4246.17,0.34,468.45,65,No,11.032294985834293
ORD03056,2025-10-25,CUST7955,Electronics,North,2723.04,0.14,572.98,40,Yes,21.041923732299196
ORD03057,2024-11-30,CUST7634,Clothing,West,4180.63,0.06,463.03,54,Yes,11.07560343775938
ORD03058,2024-11-29,CUST3259,Home,South,4031.95,0.4,356.99,57,Yes,8.854028447773409
ORD03059,2024-10-20,CUST9497,Clothing,South,3321.56,0.2,774.46,38,Yes,23.31615265116391
ORD03060,2025-02-21,CUST6512,Electronics,North,2442.92,0.01,320.15,23,Yes,13.105218345258951
ORD03061,2024-06-04,CUST2453,Furniture,East,2935.34,0.23,477.15,28,No,16.25535713069014
ORD03062,2024-09-07,CUST2980,Electronics,North,1892.84,0.36,185.99,20,Yes,9.825975782422182
ORD03063,2024-08-14,CUST4563,Clothing,East,3231.36,0.37,35.44,31,No,1.0967518320459497
ORD03064,2025-07-18,CUST3922,Office Supplies,West,1027.66,0.04,238.21,55,Yes,23.17984547418407
ORD03065,2025-05-24,CUST5577,Home,East,4931.28,0.25,832.81,50,Yes,16.888312973507894
ORD03066,2024-11-17,CUST6002,Office Supplies,South,3852.36,0.04,470.27,48,Yes,12.207322264793529
ORD03067,2024-03-15,CUST7643,Office Supplies,South,1539.67,0.12,316.54,36,Yes,20.558950944033462
ORD03068,2025-02-24,CUST2751,Furniture,West,4417.44,0.1,389.4,48,No,8.81506030642182
ORD03069,2024-09-22,CUST8765,Electronics,East,3402.93,0.37,634.82,22,Yes,18.655100163682476
ORD03070,2025-03-30,CUST2774,Electronics,South,3394.87,0.16,696.79,26,Yes,20.524791818243408
ORD03071,2024-06-28,CUST4312,Office Supplies,South,3123.09,0.25,547.68,31,Yes,17.536478295534227
ORD03072,2024-11-14,CUST4251,Home,North,931.44,0.32,180.84,42,Yes,19.415099201236792
ORD03073,2025-03-22,CUST1471,Furniture,East,3377.5,0.11,835.98,27,Yes,24.751443375277574
ORD03074,2025-05-03,CUST6169,Clothing,North,2811.05,0.1,465.21,18,Yes,16.54933210010494
ORD03075,2024-06-23,CUST7305,Office Supplies,East,3618.53,0.03,594.72,38,No,16.43540332676529
ORD03076,2025-11-01,CUST8837,Electronics,West,4337.75,0.0,846.59,62,Yes,19.51680018442741
ORD03077,2025-04-20,CUST1586,Office Supplies,East,1975.63,0.36,47.69,47,Yes,2.41391353644154
ORD03078,2024-10-10,CUST7642,Furniture,South,3929.39,0.31,215.59,22,No,5.4866022461501665
ORD03079,2024-07-20,CUST8426,Office Supplies,West,3767.81,0.25,614.4,49,Yes,16.306554736040297
ORD03080,2024-02-06,CUST8447,Home,South,4567.67,0.3,556.38,49,Yes,12.18082742404771
ORD03081,2025-08-18,CUST5821,Home,North,4808.32,0.12,753.46,40,No,15.669922134966061
ORD03082,2025-12-02,CUST4995,Home,South,4591.84,0.11,1062.58,43,Yes,23.14061465556291
ORD03083,2024-08-20,CUST7331,Clothing,South,1637.97,0.24,252.36,25,Yes,15.406875583801902
ORD03084,2024-05-12,CUST7976,Office Supplies,North,4587.79,0.1,1146.76,40,Yes,24.99591306489617
ORD03085,2024-07-15,CUST9576,Furniture,North,3671.18,0.15,215.11,36,Yes,5.859423945434439
ORD03086,2024-11-21,CUST7737,Electronics,West,4240.96,0.16,473.4,52,No,11.162566965969969
ORD03087,2025-10-03,CUST2962,Clothing,West,1626.14,0.39,270.29,21,Yes,16.621570098515505
ORD03088,2024-07-19,CUST2953,Electronics,East,1609.26,0.3,177.64,22,Yes,11.038614021351428
ORD03089,2024-07-24,CUST3560,Furniture,West,2548.86,0.34,405.01,60,Yes,15.889848795147635
ORD03090,2025-07-06,CUST6418,Electronics,South,332.1,0.02,33.01,60,No,9.939777175549532
ORD03091,2025-12-05,CUST3985,Electronics,South,3149.35,0.09,532.4,29,Yes,16.905075650531064
ORD03092,2024-11-20,CUST3841,Home,South,3567.78,0.2,214.27,58,Yes,6.005695418439478
ORD03093,2024-01-20,CUST1857,Electronics,North,4528.94,0.21,428.99,24,Yes,9.472194376609098
ORD03094,2025-08-01,CUST9305,Clothing,North,4115.69,0.2,541.23,30,No,13.150407343604599
ORD03095,2025-06-10,CUST9628,Electronics,South,3549.24,0.26,195.91,57,Yes,5.519773247230393
ORD03096,2025-01-16,CUST6395,Furniture,East,3700.94,0.18,451.24,47,Yes,12.192578101779548
ORD03097,2024-03-16,CUST5574,Home,West,3153.34,0.23,242.33,34,Yes,7.684867473853122
ORD03098,2025-07-06,CUST2256,Office Supplies,South,2311.3,0.11,352.64,20,Yes,15.257214554579674
ORD03099,2024-11-05,CUST4434,Home,West,2134.02,0.24,350.92,58,No,16.444082061086586
ORD03100,2025-02-06,CUST8974,Electronics,East,3794.43,0.19,499.72,56,Yes,13.169830514728167
ORD03101,2025-02-07,CUST6679,Electronics,West,2037.48,0.36,91.49,32,Yes,4.490350825529575
ORD03102,2024-02-26,CUST2322,Electronics,East,599.87,0.09,45.56,23,Yes,7.594978912097622
ORD03103,2025-06-24,CUST7083,Office Supplies,North,3350.77,0.14,596.42,65,Yes,17.799490863294107
ORD03104,2024-12-16,CUST2750,Electronics,East,2973.35,0.37,225.69,56,Yes,7.5904283047740755
ORD03105,2024-11-30,CUST2155,Home,South,3279.69,0.17,692.18,27,Yes,21.105043464473773
ORD03106,2024-02-20,CUST3178,Office Supplies,West,159.17,0.32,19.36,49,Yes,12.163096060815482
ORD03107,2024-10-22,CUST9011,Clothing,South,3222.69,0.24,239.86,65,Yes,7.44285053790467
ORD03108,2024-08-31,CUST5657,Clothing,South,1510.03,0.29,69.04,24,No,4.572094594147137
ORD03109,2024-01-29,CUST4916,Home,West,3484.46,0.21,734.2,19,Yes,21.070696750716035
ORD03110,2025-02-11,CUST7306,Electronics,East,4849.27,0.2,919.51,41,Yes,18.96182311976854
ORD03111,2025-08-11,CUST9909,Electronics,West,2773.83,0.36,413.52,53,Yes,14.907907117595526
ORD03112,2025-03-26,CUST3283,Office Supplies,North,847.97,0.33,33.44,61,Yes,3.9435357382926277
ORD03113,2024-02-22,CUST9256,Home,East,2630.64,0.36,521.5,53,Yes,19.824073229328228
ORD03114,2024-06-20,CUST3231,Office Supplies,East,842.51,0.02,184.26,34,Yes,21.87036355651565
ORD03115,2025-03-09,CUST5318,Office Supplies,West,2576.03,0.1,561.57,30,Yes,21.799823759816462
ORD03116,2025-08-27,CUST3428,Office Supplies,East,2592.65,0.36,314.53,50,Yes,12.131602800223709
ORD03117,2025-11-15,CUST1062,Electronics,East,4062.75,0.01,494.52,20,Yes,12.172050950710725
ORD03118,2025-04-30,CUST4337,Electronics,East,2591.59,0.14,389.53,32,Yes,15.030541096392561
ORD03119,2024-12-23,CUST7464,Clothing,West,471.69,0.26,50.05,32,Yes,10.610782505459094
ORD03120,2024-12-17,CUST4946,Furniture,East,453.11,0.25,30.36,52,Yes,6.700359736046433
ORD03121,2024-01-28,CUST4334,Office Supplies,East,1349.97,0.36,102.69,34,Yes,7.606835707460166
ORD03122,2024-05-21,CUST4853,Clothing,East,3958.66,0.12,219.55,59,Yes,5.546068619179217
ORD03123,2025-02-28,CUST6007,Electronics,East,3247.12,0.22,743.2,29,No,22.88797457439208
ORD03124,2024-11-11,CUST2005,Furniture,West,967.74,0.15,84.71,34,No,8.753384173435013
ORD03125,2024-07-30,CUST5010,Furniture,West,2158.91,0.06,279.93,34,Yes,12.966265383920591
ORD03126,2024-06-08,CUST7714,Clothing,East,3916.35,0.24,771.14,39,Yes,19.69027283056928
ORD03127,2025-08-07,CUST9080,Clothing,South,3881.96,0.12,739.64,55,Yes,19.053261754371505
ORD03128,2025-09-13,CUST5026,Office Supplies,East,1896.44,0.15,256.58,62,No,13.529560650481953
ORD03129,2024-10-20,CUST6861,Furniture,South,327.18,0.29,17.42,20,Yes,5.324286325570023
ORD03130,2024-07-19,CUST2795,Clothing,East,4385.44,0.29,315.81,44,Yes,7.2013298551570655
ORD03131,2025-12-31,CUST9768,Furniture,North,460.5,0.02,72.82,35,No,15.813246471226924
ORD03132,2024-09-20,CUST3059,Office Supplies,South,2769.4,0.03,476.42,41,Yes,17.203004260850726
ORD03133,2025-11-02,CUST5318,Home,East,1913.55,0.06,241.92,41,No,12.642470800344906
ORD03134,2024-02-11,CUST3418,Electronics,East,194.64,0.09,42.4,43,Yes,21.783806000822032
ORD03135,2024-09-15,CUST2660,Clothing,West,991.51,0.4,41.07,51,No,4.142166997811419
ORD03136,2025-08-09,CUST7684,Home,North,4204.18,0.18,312.56,46,No,7.434505658654006
ORD03137,2024-08-03,CUST7444,Home,West,1075.08,0.37,199.87,22,Yes,18.59117461026156
ORD03138,2024-09-23,CUST9356,Clothing,North,216.49,0.22,48.4,37,Yes,22.356690840223564
ORD03139,2024-01-27,CUST9733,Clothing,South,786.98,0.32,131.03,39,Yes,16.64972426237007
ORD03140,2024-07-11,CUST6136,Electronics,North,4797.9,0.13,997.55,63,No,20.791387898872422
ORD03141,2024-10-03,CUST2976,Furniture,South,1252.41,0.09,130.54,36,Yes,10.423104254996366
ORD03142,2025-03-29,CUST9797,Furniture,North,259.23,0.28,42.69,60,Yes,16.468001388728155
ORD03143,2025-09-30,CUST8023,Electronics,South,3213.9,0.26,692.14,47,Yes,21.535828743893713
ORD03144,2025-08-21,CUST5725,Furniture,South,3777.32,0.04,537.63,58,Yes,14.233107070621498
ORD03145,2024-08-02,CUST5184,Office Supplies,East,1385.28,0.34,44.84,43,No,3.236890736890737
ORD03146,2024-07-15,CUST1580,Office Supplies,East,1094.83,0.2,137.7,59,Yes,12.577295105176145
ORD03147,2024-08-03,CUST7660,Office Supplies,North,1906.98,0.28,367.1,64,Yes,19.250332987236366
ORD03148,2025-11-28,CUST3527,Office Supplies,South,521.91,0.23,113.89,63,No,21.821770036979558
ORD03149,2025-08-18,CUST7775,Home,East,277.41,0.35,17.92,48,Yes,6.459752712591471
ORD03150,2024-01-11,CUST4896,Furniture,West,427.49,0.27,71.9,27,No,16.819106879693095
ORD03151,2025-01-12,CUST7433,Furniture,South,572.46,0.04,43.67,36,Yes,7.628480592530481
ORD03152,2025-02-08,CUST9781,Clothing,North,861.27,0.16,142.66,31,Yes,16.563911433116214
ORD03153,2025-04-02,CUST8459,Electronics,North,876.97,0.17,114.38,26,No,13.042635437928322
ORD03154,2025-04-16,CUST1442,Home,South,1430.83,0.01,322.67,20,No,22.5512464793162
ORD03155,2024-03-03,CUST2471,Office Supplies,East,4818.87,0.11,1148.56,53,Yes,23.834633430659053
ORD03156,2024-06-02,CUST4138,Furniture,East,2691.4,0.21,343.37,28,Yes,12.758044140595972
ORD03157,2025-02-07,CUST8692,Furniture,North,4053.19,0.31,517.64,49,Yes,12.771175296494858
ORD03158,2025-05-10,CUST1476,Electronics,East,1495.25,0.02,213.64,54,No,14.287911720448085
ORD03159,2024-08-12,CUST8233,Electronics,South,3319.83,0.07,722.83,25,Yes,21.773102839603233
ORD03160,2025-10-07,CUST6143,Home,West,647.74,0.22,110.28,35,No,17.025349677339673
ORD03161,2024-09-10,CUST4533,Electronics,West,3389.29,0.27,205.41,23,Yes,6.060561356508296
ORD03162,2024-12-19,CUST9032,Home,South,2019.95,0.35,315.96,21,Yes,15.641971335924154
ORD03163,2024-02-20,CUST5971,Furniture,East,258.99,0.4,27.52,35,No,10.625892891617436
ORD03164,2025-05-03,CUST6803,Furniture,West,727.19,0.27,74.14,63,Yes,10.195409727856543
ORD03165,2025-09-14,CUST6150,Clothing,East,2051.69,0.33,266.78,32,No,13.002939040498319
ORD03166,2025-09-09,CUST7063,Clothing,North,1949.47,0.1,475.74,39,Yes,24.403555838253475
ORD03167,2025-07-04,CUST2146,Clothing,West,3882.87,0.28,501.03,32,Yes,12.903599656954778
ORD03168,2024-06-12,CUST3701,Electronics,East,3883.27,0.11,538.64,31,Yes,13.870784158711603
ORD03169,2024-09-03,CUST9745,Furniture,East,2007.74,0.33,397.87,19,Yes,19.816808949365956
ORD03170,2024-08-07,CUST8277,Home,West,1814.08,0.28,358.93,49,No,19.785786734873874
ORD03171,2024-10-31,CUST2423,Home,East,4932.63,0.32,991.51,28,Yes,20.101041432258246
ORD03172,2024-12-13,CUST5954,Furniture,North,674.59,0.03,100.7,52,Yes,14.927585644613764
ORD03173,2025-01-12,CUST3084,Home,East,3144.11,0.2,219.3,31,Yes,6.974946805296252
ORD03174,2025-01-05,CUST2240,Furniture,East,2422.93,0.09,241.36,54,Yes,9.961492903220483
ORD03175,2025-03-16,CUST4715,Furniture,East,3975.79,0.15,504.25,50,Yes,12.683013941883248
ORD03176,2025-03-18,CUST7126,Furniture,South,292.11,0.33,39.34,63,Yes,13.467529355379822
ORD03177,2025-12-16,CUST4193,Electronics,East,1381.76,0.15,260.89,35,No,18.88099235757295
ORD03178,2025-02-14,CUST8156,Furniture,North,4298.21,0.24,801.89,39,No,18.656370907889563
ORD03179,2024-04-06,CUST9389,Electronics,West,3700.4,0.02,520.02,30,Yes,14.053075343206139
ORD03180,2024-01-31,CUST2735,Home,South,2747.73,0.29,129.76,18,No,4.7224436170948385
ORD03181,2025-01-29,CUST1846,Home,East,3744.58,0.33,613.91,57,Yes,16.394629037168386
ORD03182,2025-11-14,CUST3515,Furniture,North,739.22,0.14,78.85,62,No,10.666648629636642
ORD03183,2024-02-18,CUST5785,Furniture,South,2140.85,0.28,317.45,23,No,14.82822243501413
ORD03184,2024-03-05,CUST2863,Office Supplies,East,2360.8,0.24,328.77,20,Yes,13.926211453744491
ORD03185,2024-07-02,CUST9757,Clothing,South,1238.51,0.23,165.86,51,No,13.391898329444253
ORD03186,2024-05-17,CUST3122,Office Supplies,North,3732.6,0.33,733.17,62,Yes,19.642340459733163
ORD03187,2024-01-18,CUST2525,Electronics,East,2283.37,0.01,564.2,26,Yes,24.709092262751987
ORD03188,2024-02-22,CUST3285,Clothing,West,4695.66,0.24,479.49,36,No,10.21134409220429
ORD03189,2025-08-07,CUST2640,Electronics,South,1373.58,0.29,260.15,52,No,18.939559399525326
ORD03190,2025-07-11,CUST2107,Home,West,562.67,0.39,43.65,42,Yes,7.7576554641263975
ORD03191,2025-01-05,CUST9841,Office Supplies,West,250.17,0.17,37.79,38,Yes,15.105728104888676
ORD03192,2025-10-20,CUST4778,Home,South,1970.28,0.1,298.2,52,Yes,15.134904683598268
ORD03193,2025-03-22,CUST6461,Clothing,West,239.07,0.35,45.43,34,No,19.002802526456687
ORD03194,2025-05-11,CUST5653,Office Supplies,West,972.67,0.05,105.55,48,No,10.851573503860507
ORD03195,2024-04-01,CUST8997,Electronics,East,3043.88,0.21,186.84,34,Yes,6.138218326609459
ORD03196,2024-03-08,CUST8442,Clothing,East,1141.82,0.23,102.08,28,Yes,8.940113152686063
ORD03197,2025-06-16,CUST4094,Electronics,East,1698.97,0.24,100.39,35,Yes,5.90887420025074
ORD03198,2024-07-27,CUST3697,Furniture,East,3119.94,0.18,551.84,20,No,17.68751963178779
ORD03199,2025-07-07,CUST3147,Office Supplies,South,3015.93,0.16,423.3,30,Yes,14.035471645562067
ORD03200,2024-11-01,CUST5884,Office Supplies,South,4893.41,0.03,387.26,65,Yes,7.913908705790032
ORD03201,2024-01-18,CUST3320,Home,West,3879.53,0.22,712.31,52,Yes,18.36072926359636
ORD03202,2024-01-07,CUST6865,Electronics,North,1879.93,0.09,143.78,50,Yes,7.648157112232902
ORD03203,2025-11-27,CUST7936,Clothing,South,3222.17,0.05,445.55,28,Yes,13.827637896200388
ORD03204,2024-12-21,CUST4633,Electronics,North,472.5,0.05,47.0,49,No,9.947089947089948
ORD03205,2025-10-31,CUST2668,Office Supplies,South,3052.29,0.15,302.88,59,No,9.923041388596758
ORD03206,2024-02-22,CUST3835,Electronics,West,3680.0,0.13,507.65,44,No,13.794836956521738
ORD03207,2025-12-03,CUST2016,Home,West,3376.72,0.12,786.77,48,No,23.299829420265823
ORD03208,2025-12-25,CUST6624,Clothing,South,315.5,0.13,62.07,36,Yes,19.67353407290016
ORD03209,2024-09-11,CUST2929,Electronics,North,3171.78,0.2,368.05,58,Yes,11.603894343239443
ORD03210,2025-11-30,CUST9707,Furniture,West,431.92,0.22,44.36,31,Yes,10.270420448231153
ORD03211,2024-07-25,CUST6816,Office Supplies,East,2341.73,0.2,236.86,29,Yes,10.114744227558258
ORD03212,2025-05-21,CUST7154,Home,East,3233.89,0.16,163.25,22,No,5.048099966294463
ORD03213,2024-01-22,CUST1527,Electronics,West,458.65,0.12,56.83,59,Yes,12.390711871797668
ORD03214,2024-02-07,CUST4653,Clothing,East,1303.77,0.14,177.62,62,Yes,13.623568574211708
ORD03215,2024-12-13,CUST3504,Office Supplies,East,2852.41,0.26,410.66,61,Yes,14.396948545265234
ORD03216,2025-03-28,CUST3355,Clothing,East,4264.77,0.17,218.33,23,Yes,5.119385101658471
ORD03217,2024-02-28,CUST5196,Furniture,South,4687.39,0.32,633.24,25,Yes,13.509437021455437
ORD03218,2024-05-23,CUST4595,Furniture,East,3230.48,0.22,648.52,30,No,20.07503528887348
ORD03219,2024-04-28,CUST2398,Home,East,3838.42,0.35,744.8,58,No,19.403817195616945
ORD03220,2025-03-15,CUST4430,Furniture,North,2334.67,0.19,280.18,37,No,12.000839519075502
ORD03221,2025-08-20,CUST2154,Electronics,East,4571.78,0.04,453.84,53,Yes,9.926986862884915
ORD03222,2024-08-05,CUST4429,Home,East,1506.74,0.3,125.27,34,Yes,8.313975868431182
ORD03223,2024-10-08,CUST5500,Electronics,North,4879.4,0.12,292.5,63,No,5.994589498708859
ORD03224,2025-07-12,CUST1820,Office Supplies,North,3011.38,0.29,317.16,40,Yes,10.532048429623627
ORD03225,2024-10-07,CUST8113,Clothing,East,614.1,0.02,82.05,19,No,13.361016121152906
ORD03226,2025-12-14,CUST8042,Clothing,South,4326.9,0.18,950.72,65,No,21.97231274122351
ORD03227,2025-10-05,CUST7272,Office Supplies,East,4556.23,0.0,795.72,30,No,17.464438801377458
ORD03228,2024-12-29,CUST7821,Office Supplies,East,1151.89,0.31,14.21,39,Yes,1.2336247384732917
ORD03229,2024-06-20,CUST9226,Furniture,East,3102.38,0.09,672.6,56,No,21.68012944900367
ORD03230,2024-01-19,CUST7611,Home,West,2942.04,0.35,45.79,44,Yes,1.556403040067436
ORD03231,2024-03-27,CUST4508,Office Supplies,North,3854.1,0.08,984.8,22,Yes,25.55200954827327
ORD03232,2025-01-23,CUST9637,Office Supplies,West,4808.13,0.37,544.34,26,Yes,11.321241314190758
ORD03233,2025-01-13,CUST6601,Furniture,South,1780.38,0.19,215.53,56,Yes,12.105842572933867
ORD03234,2025-02-28,CUST7229,Clothing,East,1661.3,0.07,343.82,42,Yes,20.695840606753745
ORD03235,2025-09-26,CUST1077,Office Supplies,North,3278.54,0.02,386.79,60,Yes,11.797629432613297
ORD03236,2024-08-20,CUST1262,Clothing,South,1968.92,0.09,432.24,63,Yes,21.953151981797127
ORD03237,2025-07-23,CUST7963,Clothing,North,2359.62,0.16,152.87,61,Yes,6.478585534959019
ORD03238,2024-07-27,CUST5340,Clothing,West,161.48,0.06,19.83,63,No,12.280158533564528
ORD03239,2024-10-23,CUST2391,Electronics,East,2315.88,0.22,528.75,34,Yes,22.83149385978548
ORD03240,2024-05-16,CUST6376,Furniture,East,2155.15,0.33,120.42,27,No,5.587546110479549
ORD03241,2024-07-29,CUST1816,Electronics,West,513.93,0.02,67.76,52,Yes,13.184674955733271
ORD03242,2025-04-04,CUST2975,Furniture,North,231.33,0.32,9.51,31,Yes,4.111010245104396
ORD03243,2024-09-14,CUST8038,Clothing,North,2827.03,0.18,488.26,27,Yes,17.27112906477823
ORD03244,2025-05-20,CUST4412,Office Supplies,West,382.42,0.14,42.19,48,Yes,11.032372783850215
ORD03245,2024-11-28,CUST8401,Clothing,West,3541.61,0.16,295.76,65,Yes,8.351004204302562
ORD03246,2024-07-29,CUST6247,Electronics,East,1242.15,0.09,109.89,65,Yes,8.84675763796643
ORD03247,2024-05-28,CUST4405,Home,West,1687.8,0.0,426.13,27,No,25.24765967531698
ORD03248,2025-02-07,CUST3975,Electronics,East,2862.71,0.06,569.86,20,Yes,19.906312549996333
ORD03249,2025-04-20,CUST1590,Office Supplies,North,1494.46,0.1,115.96,63,Yes,7.759324438258634
ORD03250,2024-06-04,CUST6128,Home,South,2351.18,0.24,89.28,31,Yes,3.7972422358135067
ORD03251,2025-04-04,CUST3093,Furniture,West,915.63,0.08,139.85,24,Yes,15.273636730993958
ORD03252,2024-08-04,CUST7871,Clothing,North,2592.34,0.06,189.61,25,Yes,7.314241187498554
ORD03253,2024-09-19,CUST6516,Home,South,3425.6,0.15,807.72,24,Yes,23.57893507706679
ORD03254,2025-04-26,CUST1358,Home,North,1046.01,0.28,220.65,29,No,21.09444460378008
ORD03255,2024-06-11,CUST3239,Electronics,South,3875.21,0.16,452.87,35,Yes,11.686334418005734
ORD03256,2025-08-26,CUST1077,Office Supplies,North,3616.39,0.1,312.0,44,Yes,8.627388085908876
ORD03257,2024-08-13,CUST3185,Clothing,West,2157.24,0.17,214.37,36,Yes,9.937234614600138
ORD03258,2025-05-15,CUST1453,Furniture,South,2476.7,0.01,650.3,21,No,26.25671256106916
ORD03259,2024-11-08,CUST4195,Electronics,West,642.65,0.01,76.39,61,Yes,11.886719053917375
ORD03260,2025-01-27,CUST8374,Electronics,East,2758.09,0.04,412.35,25,Yes,14.950563614675374
ORD03261,2025-02-05,CUST7859,Office Supplies,West,649.94,0.11,126.41,22,No,19.449487645013384
ORD03262,2025-01-07,CUST4941,Electronics,North,4909.37,0.09,1101.73,29,Yes,22.441372314573968
ORD03263,2024-01-23,CUST3959,Office Supplies,North,2502.51,0.13,262.28,54,Yes,10.480677399890508
ORD03264,2024-12-16,CUST8811,Electronics,South,4008.41,0.11,374.93,22,No,9.353584089451928
ORD03265,2024-08-20,CUST3204,Furniture,East,1265.31,0.25,44.15,63,Yes,3.489263500644111
ORD03266,2025-02-15,CUST7237,Home,North,2388.88,0.38,319.76,24,Yes,13.385352131542813
ORD03267,2024-07-07,CUST2516,Home,West,3788.96,0.28,140.06,25,Yes,3.696528862801402
ORD03268,2025-02-28,CUST7134,Electronics,North,171.25,0.39,18.52,33,Yes,10.814598540145985
ORD03269,2024-11-16,CUST7362,Electronics,South,3823.32,0.29,598.36,31,Yes,15.650272538003621
ORD03270,2024-08-02,CUST5505,Electronics,West,3816.19,0.03,320.38,46,Yes,8.395284301882242
ORD03271,2025-07-11,CUST8222,Home,East,1154.75,0.24,59.84,21,Yes,5.182074042000433
ORD03272,2025-08-19,CUST7770,Home,South,843.89,0.34,88.53,59,Yes,10.490703764708671
ORD03273,2024-10-17,CUST1563,Home,North,4114.5,0.27,774.25,46,No,18.817596305747962
ORD03274,2024-01-27,CUST3821,Electronics,North,3865.46,0.29,828.58,65,Yes,21.43548245228252
ORD03275,2025-10-07,CUST1871,Furniture,East,3413.18,0.2,457.61,30,Yes,13.407145242852708
ORD03276,2024-11-27,CUST1415,Electronics,North,4481.91,0.39,468.74,59,Yes,10.458487564453549
ORD03277,2025-06-06,CUST9782,Furniture,East,1733.1,0.3,153.02,52,No,8.829265478045123
ORD03278,2025-02-18,CUST5089,Home,North,3701.0,0.34,320.7,24,Yes,8.665225614698729
ORD03279,2024-10-16,CUST4258,Clothing,West,3304.28,0.11,677.63,28,Yes,20.50764463060031
ORD03280,2025-04-25,CUST1913,Home,West,290.05,0.03,77.77,28,Yes,26.812618514049298
ORD03281,2024-05-02,CUST7974,Office Supplies,West,1752.18,0.28,213.41,36,No,12.179684735586525
ORD03282,2025-06-14,CUST5414,Clothing,North,3636.8,0.31,223.68,65,No,6.150461944566652
ORD03283,2025-09-24,CUST2461,Electronics,North,4236.46,0.08,847.08,27,Yes,19.994995821983448
ORD03284,2025-06-09,CUST3891,Office Supplies,South,1610.19,0.3,84.32,32,Yes,5.23664909110105
ORD03285,2024-02-27,CUST1451,Furniture,North,1679.97,0.26,41.29,42,Yes,2.4577819842020987
ORD03286,2025-04-13,CUST2200,Electronics,East,1942.84,0.12,117.44,54,Yes,6.0447592184636925
ORD03287,2024-05-22,CUST5145,Clothing,North,3379.69,0.01,705.5,24,Yes,20.87469560817708
ORD03288,2024-05-02,CUST2310,Electronics,East,2702.49,0.33,269.17,55,No,9.960073857812612
ORD03289,2024-06-05,CUST8413,Office Supplies,West,4489.78,0.31,193.82,23,No,4.316915305426992
ORD03290,2025-04-09,CUST5171,Electronics,East,370.79,0.01,29.3,41,Yes,7.902046980770787
ORD03291,2024-08-25,CUST5979,Office Supplies,East,1430.05,0.07,335.94,59,Yes,23.491486311667426
ORD03292,2024-01-18,CUST5675,Home,West,239.72,0.0,62.74,45,Yes,26.17220090105123
ORD03293,2024-09-07,CUST2282,Clothing,East,4081.74,0.39,541.99,36,Yes,13.27840577792804
ORD03294,2025-02-12,CUST2313,Office Supplies,North,1975.56,0.15,376.59,41,Yes,19.06244305412136
ORD03295,2025-06-27,CUST9093,Clothing,North,2277.88,0.24,133.35,46,Yes,5.854127522081935
ORD03296,2025-06-01,CUST9484,Clothing,North,4574.96,0.36,470.27,57,No,10.279215555983003
ORD03297,2025-01-25,CUST2336,Furniture,North,3517.03,0.22,813.79,34,Yes,23.138557248587585
ORD03298,2024-10-08,CUST4257,Clothing,West,4828.78,0.11,1069.13,52,Yes,22.140789184845865
ORD03299,2024-11-14,CUST8131,Furniture,West,4650.73,0.31,855.96,60,No,18.404852571531784
ORD03300,2025-12-23,CUST2134,Furniture,West,2227.22,0.3,117.82,64,No,5.290002783739371
ORD03301,2025-08-13,CUST9202,Home,East,280.66,0.03,56.11,42,Yes,19.992161333998432
ORD03302,2024-01-07,CUST3932,Clothing,West,2132.08,0.2,214.42,42,No,10.056845896964466
ORD03303,2025-10-21,CUST8469,Furniture,West,2987.73,0.13,578.7,54,Yes,19.36922011025093
ORD03304,2025-11-02,CUST2319,Electronics,South,1822.14,0.24,277.01,23,Yes,15.202454257082332
ORD03305,2024-02-20,CUST6889,Electronics,South,4236.38,0.35,668.57,56,Yes,15.781634319867436
ORD03306,2024-07-02,CUST1762,Furniture,East,3629.73,0.14,189.39,58,Yes,5.2177434685224515
ORD03307,2024-08-10,CUST4940,Clothing,West,656.85,0.36,91.78,39,No,13.97274872497526
ORD03308,2024-08-04,CUST7694,Clothing,East,3718.42,0.02,670.75,57,No,18.038575524012888
ORD03309,2025-02-02,CUST7082,Office Supplies,West,4148.3,0.14,303.05,27,No,7.305402212954704
ORD03310,2025-06-18,CUST8465,Furniture,East,385.63,0.36,19.75,48,Yes,5.121489510670851
ORD03311,2025-08-05,CUST4590,Clothing,East,2784.06,0.22,486.9,48,Yes,17.488847223120192
ORD03312,2024-07-25,CUST2539,Furniture,West,3076.45,0.01,656.96,27,Yes,21.354483251799966
ORD03313,2024-11-22,CUST6754,Clothing,North,1749.76,0.07,233.05,21,No,13.318969458668617
ORD03314,2024-10-04,CUST7595,Furniture,West,596.95,0.04,148.74,32,Yes,24.916659686740932
ORD03315,2025-10-20,CUST2764,Electronics,North,1625.53,0.36,65.28,40,No,4.015920961163436
ORD03316,2024-07-13,CUST8526,Clothing,North,406.23,0.05,47.24,38,Yes,11.62888019102479
ORD03317,2024-06-26,CUST6726,Furniture,North,1892.28,0.18,305.36,62,Yes,16.137146722472362
ORD03318,2024-06-05,CUST1278,Home,South,4481.1,0.26,850.9,46,No,18.988641181852667
ORD03319,2025-11-08,CUST8497,Office Supplies,East,4080.91,0.1,653.58,63,Yes,16.015545552340043
ORD03320,2025-09-06,CUST4792,Home,West,3195.85,0.05,584.93,61,Yes,18.302798942378395
ORD03321,2024-09-04,CUST5529,Office Supplies,West,2499.8,0.13,280.63,60,Yes,11.226098087847026
ORD03322,2025-01-10,CUST9603,Electronics,East,3931.19,0.23,248.29,56,Yes,6.315899256967991
ORD03323,2024-01-25,CUST9825,Home,North,2396.42,0.29,491.47,39,No,20.508508525216783
ORD03324,2024-03-12,CUST1295,Furniture,North,278.92,0.26,56.67,42,Yes,20.317653807543383
ORD03325,2024-04-15,CUST8821,Electronics,South,2914.6,0.15,633.71,38,Yes,21.742606189528583
ORD03326,2024-12-15,CUST3248,Clothing,North,3685.2,0.29,59.88,21,Yes,1.624877889938131
ORD03327,2025-05-13,CUST3585,Office Supplies,West,1667.42,0.3,296.9,44,Yes,17.805951709827156
ORD03328,2024-09-23,CUST6582,Office Supplies,West,407.16,0.03,43.4,43,Yes,10.659200314372727
ORD03329,2025-07-29,CUST9930,Furniture,South,4158.51,0.24,437.31,33,Yes,10.516026172835943
ORD03330,2024-08-09,CUST5400,Electronics,West,4285.25,0.14,867.97,57,No,20.254827606324017
ORD03331,2024-07-13,CUST7005,Furniture,South,932.01,0.39,142.63,60,No,15.303483868198839
ORD03332,2025-04-04,CUST3801,Home,West,837.3,0.33,29.05,21,No,3.4694852502090057
ORD03333,2024-04-28,CUST3849,Office Supplies,North,4716.31,0.39,132.21,18,Yes,2.803250846530444
ORD03334,2025-01-27,CUST6369,Electronics,South,833.2,0.1,207.53,60,Yes,24.90758521363418
ORD03335,2024-09-17,CUST9710,Electronics,East,3390.75,0.15,545.06,59,Yes,16.074909680749094
ORD03336,2025-05-05,CUST8824,Clothing,North,4143.07,0.38,778.72,18,Yes,18.79572394383875
ORD03337,2025-10-24,CUST6078,Clothing,West,2619.47,0.19,127.84,51,Yes,4.880376564724926
ORD03338,2025-05-05,CUST1413,Home,North,1186.35,0.2,125.12,49,Yes,10.546634635647154
ORD03339,2024-08-17,CUST3348,Clothing,South,3612.62,0.3,315.38,63,No,8.729952223040343
ORD03340,2024-02-19,CUST3432,Furniture,North,1283.92,0.38,61.15,34,Yes,4.762757804224562
ORD03341,2024-09-25,CUST7325,Furniture,North,1510.96,0.02,190.69,28,No,12.620453221792769
ORD03342,2025-05-03,CUST4046,Electronics,North,4490.07,0.25,705.08,31,Yes,15.703095942824946
ORD03343,2025-10-27,CUST1310,Office Supplies,North,2939.03,0.22,96.98,42,No,3.299728141597738
ORD03344,2025-01-03,CUST5198,Furniture,North,3317.03,0.24,168.45,51,Yes,5.078338151900947
ORD03345,2025-09-03,CUST9593,Clothing,West,306.69,0.29,59.47,40,Yes,19.390915908572172
ORD03346,2024-04-06,CUST6067,Clothing,South,1364.88,0.06,170.2,60,Yes,12.469960729148347
ORD03347,2025-01-13,CUST6304,Electronics,North,4854.05,0.12,498.14,51,Yes,10.262358236936166
ORD03348,2024-10-12,CUST6094,Clothing,South,3018.2,0.22,673.92,25,No,22.32854018951693
ORD03349,2025-03-12,CUST5219,Home,West,4092.82,0.14,359.69,62,Yes,8.788317101656071
ORD03350,2025-08-09,CUST1366,Home,South,3611.13,0.35,147.4,52,No,4.08182480276257
ORD03351,2024-01-21,CUST2722,Home,North,2961.43,0.26,484.3,30,No,16.35358593652391
ORD03352,2024-11-26,CUST1871,Home,West,3635.65,0.08,395.41,56,Yes,10.875909397219205
ORD03353,2025-01-08,CUST3019,Office Supplies,North,4304.12,0.08,676.34,36,Yes,15.713781214278413
ORD03354,2025-11-29,CUST8460,Furniture,South,2514.94,0.26,345.12,65,No,13.722792591473354
ORD03355,2025-05-18,CUST8803,Home,East,3914.21,0.11,603.83,57,Yes,15.42661226658764
ORD03356,2025-09-30,CUST2398,Furniture,South,3571.06,0.21,392.85,37,Yes,11.000935296522602
ORD03357,2025-06-23,CUST1809,Home,West,4019.01,0.24,780.56,61,Yes,19.421698378456384
ORD03358,2024-02-02,CUST7030,Home,South,329.83,0.24,33.85,28,Yes,10.262862686838675
ORD03359,2025-11-07,CUST7900,Electronics,North,4266.92,0.3,552.85,44,No,12.956652573753432
ORD03360,2025-12-29,CUST2886,Furniture,East,2763.34,0.22,217.09,55,Yes,7.856072723588121
ORD03361,2025-08-14,CUST4752,Furniture,South,1074.79,0.1,126.82,44,Yes,11.799514323728356
ORD03362,2024-02-12,CUST5721,Home,South,1750.39,0.17,319.09,38,Yes,18.229651677626126
ORD03363,2025-04-12,CUST2600,Office Supplies,South,1974.79,0.14,482.73,37,No,24.44462449171811
ORD03364,2025-11-03,CUST8589,Office Supplies,West,2044.5,0.31,414.81,65,Yes,20.289068231841526
ORD03365,2024-03-05,CUST7393,Furniture,East,4739.8,0.05,366.36,22,Yes,7.729440060762058
ORD03366,2024-10-11,CUST9714,Office Supplies,South,1027.76,0.37,137.52,56,Yes,13.380555771775512
ORD03367,2024-07-11,CUST5881,Clothing,South,4058.33,0.07,304.52,58,Yes,7.503579058381156
ORD03368,2024-02-14,CUST1588,Home,South,757.57,0.08,153.37,65,No,20.24499386195335
ORD03369,2025-08-23,CUST6909,Clothing,South,456.26,0.09,48.21,65,Yes,10.566343751369834
ORD03370,2024-11-26,CUST4746,Office Supplies,South,4595.73,0.28,272.92,57,Yes,5.938556007424284
ORD03371,2025-04-11,CUST2473,Home,North,844.24,0.21,133.04,25,Yes,15.758552070501278
ORD03372,2024-08-21,CUST3151,Clothing,North,2102.41,0.27,113.29,29,Yes,5.3885778701585325
ORD03373,2025-12-31,CUST6551,Furniture,North,4440.54,0.06,521.66,56,No,11.747670328383485
ORD03374,2024-05-13,CUST5214,Home,West,3455.35,0.37,-2.22,45,No,-0.06424819482830973
ORD03375,2025-07-15,CUST9729,Electronics,East,1171.86,0.06,201.65,20,Yes,17.20768692505931
ORD03376,2025-05-27,CUST7192,Furniture,South,2209.49,0.07,265.24,57,Yes,12.004580242499403
ORD03377,2025-07-28,CUST6420,Office Supplies,North,417.74,0.33,63.44,38,Yes,15.186479628477043
ORD03378,2024-01-23,CUST2585,Home,North,1661.62,0.2,314.69,63,No,18.938746524476116
ORD03379,2025-09-17,CUST2776,Clothing,East,2430.46,0.12,567.8,50,No,23.361832739481414
ORD03380,2024-10-17,CUST2257,Office Supplies,South,3214.59,0.33,260.3,35,No,8.097455663086118
ORD03381,2025-04-24,CUST7811,Home,North,410.24,0.25,80.51,34,Yes,19.625097503900157
ORD03382,2024-02-12,CUST7321,Office Supplies,East,667.57,0.29,72.8,33,No,10.905223422262832
ORD03383,2025-03-30,CUST5387,Furniture,West,3573.69,0.32,200.46,24,No,5.609328173400603
ORD03384,2024-02-13,CUST8596,Home,East,3235.53,0.08,767.07,40,Yes,23.70770785620903
ORD03385,2025-09-14,CUST1308,Home,West,1065.48,0.06,111.64,33,No,10.477906671171679
ORD03386,2024-05-10,CUST8884,Office Supplies,West,2274.55,0.22,430.56,55,Yes,18.92945857422347
ORD03387,2025-03-12,CUST4805,Electronics,South,4329.59,0.02,532.12,50,No,12.290309244062371
ORD03388,2024-04-24,CUST5143,Furniture,West,2441.76,0.11,527.65,38,Yes,21.609412882510973
ORD03389,2024-01-12,CUST5584,Clothing,East,1937.93,0.17,127.99,18,Yes,6.604469717688461
ORD03390,2024-06-07,CUST8150,Clothing,North,1320.92,0.4,22.4,58,Yes,1.695787784271568
ORD03391,2024-03-12,CUST7517,Home,South,426.01,0.18,18.03,23,Yes,4.232295016548908
ORD03392,2024-04-12,CUST3498,Clothing,East,2413.07,0.16,443.98,63,No,18.398968948269218
ORD03393,2024-11-20,CUST8826,Furniture,South,2523.92,0.06,645.91,55,Yes,25.591540143903135
ORD03394,2024-12-15,CUST1701,Electronics,West,1485.67,0.32,129.92,30,Yes,8.744876049189926
ORD03395,2024-04-11,CUST6241,Home,East,497.31,0.25,62.38,44,Yes,12.543483943616657
ORD03396,2024-01-16,CUST4905,Electronics,East,3627.29,0.11,697.91,61,Yes,19.240534944821064
ORD03397,2024-12-01,CUST4873,Home,East,3252.61,0.08,845.15,19,Yes,25.9837484358715
ORD03398,2024-12-19,CUST3254,Furniture,South,2202.22,0.38,102.38,21,No,4.648945155343244
ORD03399,2024-12-02,CUST6756,Furniture,West,4118.75,0.4,600.28,45,No,14.574324734446128
ORD03400,2025-12-01,CUST9773,Clothing,East,3708.47,0.02,601.82,18,Yes,16.22825585753694
ORD03401,2024-05-29,CUST7456,Electronics,East,1242.63,0.08,219.98,64,Yes,17.702775564729645
ORD03402,2024-02-10,CUST6045,Furniture,South,1150.24,0.31,90.8,23,Yes,7.894004729447768
ORD03403,2025-07-03,CUST7921,Clothing,West,1152.22,0.14,122.01,63,Yes,10.589123604867126
ORD03404,2024-03-06,CUST6955,Electronics,East,822.43,0.14,153.6,20,Yes,18.676361514049827
ORD03405,2025-01-28,CUST3742,Clothing,North,3153.48,0.02,399.02,46,Yes,12.653322678437789
ORD03406,2025-01-14,CUST1108,Electronics,West,4717.82,0.38,431.53,60,Yes,9.146809331428498
ORD03407,2025-04-15,CUST3015,Home,East,3096.81,0.02,483.52,31,Yes,15.613486135733224
ORD03408,2024-04-10,CUST9052,Home,East,4161.1,0.34,125.5,51,Yes,3.016029415298839
ORD03409,2025-07-25,CUST7373,Clothing,South,1969.09,0.02,500.24,59,Yes,25.404628533992863
ORD03410,2024-07-03,CUST1651,Electronics,East,4964.68,0.18,785.05,41,Yes,15.81270091929389
ORD03411,2024-05-23,CUST6431,Electronics,West,724.66,0.25,77.17,27,Yes,10.649132006734193
ORD03412,2025-12-27,CUST4241,Electronics,North,3995.74,0.22,254.66,45,No,6.373287551242073
ORD03413,2024-10-18,CUST7386,Office Supplies,North,3040.19,0.2,629.97,39,Yes,20.721402280778506
ORD03414,2024-08-23,CUST4468,Furniture,South,4679.74,0.4,748.82,59,No,16.00131631244471
ORD03415,2025-01-09,CUST8310,Clothing,West,3589.85,0.17,674.32,28,No,18.784071757872894
ORD03416,2025-12-20,CUST5662,Clothing,North,3888.58,0.14,600.48,33,Yes,15.442140832900442
ORD03417,2025-04-21,CUST8663,Electronics,East,3889.56,0.03,316.29,39,Yes,8.131768117730541
ORD03418,2025-10-08,CUST2620,Home,North,787.64,0.22,29.76,24,Yes,3.7783759077751258
ORD03419,2025-01-24,CUST6715,Office Supplies,North,4256.72,0.03,336.6,34,Yes,7.907496852036309
ORD03420,2024-07-03,CUST6231,Home,West,1800.89,0.01,258.29,34,Yes,14.34235294770919
ORD03421,2024-07-20,CUST3370,Office Supplies,East,1321.27,0.09,262.85,24,Yes,19.89373859998335
ORD03422,2024-05-18,CUST5074,Clothing,East,364.18,0.32,40.56,26,Yes,11.137349662254929
ORD03423,2025-04-28,CUST2677,Office Supplies,South,3172.11,0.02,699.27,55,Yes,22.044317504752357
ORD03424,2025-09-21,CUST8322,Clothing,North,4345.98,0.06,731.82,40,No,16.839009843579586
ORD03425,2024-05-31,CUST5190,Electronics,East,394.3,0.15,84.73,49,Yes,21.488714177022572
ORD03426,2025-05-10,CUST1581,Office Supplies,South,864.5,0.08,158.33,21,Yes,18.314632735685368
ORD03427,2025-11-24,CUST5379,Electronics,East,2845.48,0.39,523.44,54,Yes,18.395490391779244
ORD03428,2025-12-14,CUST5307,Clothing,South,4789.65,0.25,849.56,34,No,17.737412963368932
ORD03429,2025-06-17,CUST4039,Office Supplies,South,636.98,0.36,71.88,25,Yes,11.284498728374516
ORD03430,2024-06-20,CUST4186,Electronics,East,2898.43,0.06,409.75,56,Yes,14.13696380454246
ORD03431,2024-05-10,CUST9596,Home,West,2080.98,0.38,81.51,45,No,3.9169045353631464
ORD03432,2025-05-21,CUST6988,Electronics,North,2322.89,0.28,434.3,49,Yes,18.696537502852053
ORD03433,2025-02-20,CUST8076,Office Supplies,South,2186.47,0.12,216.57,64,No,9.90500670029774
ORD03434,2025-09-14,CUST2351,Office Supplies,North,3938.33,0.38,224.27,37,No,5.6945456576772395
ORD03435,2024-01-12,CUST7257,Office Supplies,West,3018.19,0.05,309.76,38,Yes,10.263104708451092
ORD03436,2025-02-02,CUST8040,Furniture,South,3118.0,0.37,512.7,31,Yes,16.44323284156511
ORD03437,2025-04-05,CUST7614,Home,South,3151.18,0.14,726.41,48,Yes,23.051999568415642
ORD03438,2024-12-24,CUST1702,Electronics,East,213.17,0.05,43.96,58,Yes,20.622038748416756
ORD03439,2024-04-16,CUST9735,Clothing,South,1766.07,0.04,316.72,19,No,17.933603990781794
ORD03440,2025-08-30,CUST1680,Clothing,West,4500.34,0.38,768.5,24,No,17.076487554273676
ORD03441,2024-06-05,CUST4432,Office Supplies,North,2389.5,0.14,478.81,63,No,20.038083281021134
ORD03442,2024-04-17,CUST7863,Furniture,North,2814.32,0.21,366.92,51,Yes,13.037607663662982
ORD03443,2025-02-18,CUST2371,Furniture,North,2398.95,0.24,202.13,20,Yes,8.425769607536632
ORD03444,2025-05-05,CUST7672,Office Supplies,North,2994.96,0.32,546.71,42,Yes,18.2543339476988
ORD03445,2024-04-26,CUST1927,Clothing,West,2898.77,0.02,356.33,29,Yes,12.292455075773518
ORD03446,2024-10-29,CUST9493,Office Supplies,West,761.52,0.12,142.37,21,Yes,18.69550372938334
ORD03447,2025-12-08,CUST6769,Electronics,North,3400.06,0.27,260.0,52,Yes,7.646923877813921
ORD03448,2024-07-20,CUST1182,Electronics,South,4917.62,0.03,1206.43,32,Yes,24.53280245321924
ORD03449,2025-10-01,CUST6333,Home,South,3819.3,0.23,143.21,28,No,3.7496399863849392
ORD03450,2025-10-06,CUST3798,Electronics,South,3070.48,0.35,106.54,56,Yes,3.469815794273208
ORD03451,2024-01-23,CUST1448,Office Supplies,East,1836.9,0.1,241.99,57,Yes,13.173825466819098
ORD03452,2024-03-24,CUST4881,Furniture,South,315.47,0.2,24.37,60,Yes,7.724981773227248
ORD03453,2025-05-06,CUST8401,Electronics,South,4240.33,0.37,359.09,42,Yes,8.46844467293819
ORD03454,2024-12-08,CUST1815,Office Supplies,West,4922.18,0.37,893.2,63,Yes,18.146431052907452
ORD03455,2024-03-16,CUST8729,Office Supplies,West,587.59,0.08,147.18,29,Yes,25.04807774128219
ORD03456,2025-03-22,CUST2375,Furniture,South,2870.77,0.13,368.24,19,Yes,12.827220571484307
ORD03457,2024-08-31,CUST2305,Home,North,910.82,0.06,196.49,53,Yes,21.572868404295033
ORD03458,2024-07-29,CUST1057,Clothing,East,2504.76,0.1,383.21,65,Yes,15.299270189559078
ORD03459,2025-06-13,CUST5953,Office Supplies,South,4770.01,0.28,721.64,42,Yes,15.12868945767409
ORD03460,2024-04-14,CUST9991,Clothing,North,492.81,0.28,88.18,24,Yes,17.89330573649074
ORD03461,2025-02-11,CUST1167,Electronics,North,906.13,0.18,185.49,30,Yes,20.470572655137783
ORD03462,2024-01-20,CUST9558,Home,West,4835.19,0.07,595.21,23,Yes,12.309960932248787
ORD03463,2025-09-09,CUST3864,Office Supplies,South,341.02,0.12,81.54,38,Yes,23.910621077942647
ORD03464,2025-11-01,CUST2794,Furniture,West,3023.81,0.24,617.47,58,Yes,20.42026450074575
ORD03465,2024-10-21,CUST5688,Furniture,West,3626.72,0.07,345.18,44,Yes,9.517690916310055
ORD03466,2024-05-01,CUST5893,Home,North,1408.11,0.33,14.93,39,No,1.0602864833003105
ORD03467,2025-12-01,CUST1742,Furniture,East,4010.34,0.39,360.38,25,Yes,8.98627049078133
ORD03468,2025-07-12,CUST9177,Office Supplies,North,2908.77,0.36,211.55,28,Yes,7.272833534449269
ORD03469,2024-05-10,CUST8924,Home,West,345.24,0.01,64.08,63,Yes,18.561001042752867
ORD03470,2024-07-24,CUST1162,Electronics,North,2507.75,0.06,483.97,43,No,19.29897318313229
ORD03471,2024-12-27,CUST4796,Office Supplies,West,805.17,0.17,183.22,37,Yes,22.75544294993604
ORD03472,2025-08-02,CUST9966,Office Supplies,East,2759.1,0.04,458.1,24,Yes,16.603240187017505
ORD03473,2024-07-31,CUST4580,Clothing,North,1470.45,0.27,253.27,44,Yes,17.22397905403108
ORD03474,2025-01-09,CUST7603,Clothing,West,3418.06,0.18,650.42,59,Yes,19.0289228392714
ORD03475,2025-04-27,CUST1101,Furniture,West,3888.76,0.34,321.21,65,Yes,8.259959472942532
ORD03476,2024-07-28,CUST8211,Electronics,West,2674.17,0.13,290.93,36,Yes,10.87926347240452
ORD03477,2025-11-03,CUST5856,Electronics,West,2798.51,0.06,444.07,33,No,15.868086946267834
ORD03478,2025-06-09,CUST9508,Furniture,North,2275.47,0.08,405.05,43,Yes,17.80071809340488
ORD03479,2024-05-20,CUST1333,Clothing,West,3267.42,0.13,609.63,65,No,18.65784013074536
ORD03480,2024-04-02,CUST8968,Office Supplies,West,1909.0,0.04,247.49,52,Yes,12.964379256155055
ORD03481,2024-03-16,CUST5437,Office Supplies,North,2388.18,0.32,371.66,65,Yes,15.562478540143543
ORD03482,2025-01-23,CUST1376,Furniture,East,3923.18,0.18,608.15,39,Yes,15.501455451954794
ORD03483,2025-12-15,CUST2639,Furniture,West,4767.99,0.35,390.69,32,Yes,8.194018863294596
ORD03484,2025-06-06,CUST6066,Clothing,South,2607.58,0.19,162.95,60,No,6.249089193811887
ORD03485,2025-06-15,CUST8931,Office Supplies,East,3873.14,0.21,132.51,33,Yes,3.421255105676531
ORD03486,2025-11-01,CUST6302,Electronics,North,3263.26,0.2,304.9,46,Yes,9.34341731887744
ORD03487,2024-12-04,CUST5818,Electronics,West,2332.25,0.28,66.65,61,Yes,2.857755386429414
ORD03488,2025-06-03,CUST5889,Office Supplies,West,4107.65,0.22,509.98,28,No,12.415371319367523
ORD03489,2024-10-26,CUST1616,Electronics,South,3805.92,0.31,628.32,27,Yes,16.509017530583932
ORD03490,2025-05-15,CUST7681,Electronics,East,676.25,0.14,121.48,64,Yes,17.9637707948244
ORD03491,2025-10-13,CUST6902,Clothing,North,2170.96,0.27,395.24,63,Yes,18.205770718944613
ORD03492,2025-12-19,CUST4631,Furniture,South,4179.53,0.37,133.13,30,Yes,3.185286383875699
ORD03493,2025-04-17,CUST3133,Furniture,West,3700.78,0.08,541.36,21,Yes,14.628267554407447
ORD03494,2025-08-04,CUST5341,Home,East,2259.86,0.17,124.52,42,No,5.5100758454063525
ORD03495,2025-03-20,CUST1979,Office Supplies,West,725.1,0.1,148.46,24,Yes,20.474417321748724
ORD03496,2024-02-29,CUST5906,Electronics,East,532.93,0.07,37.36,21,Yes,7.010301540540034
ORD03497,2024-02-24,CUST2114,Office Supplies,West,3397.14,0.18,378.8,33,Yes,11.150556055976498
ORD03498,2025-12-05,CUST5046,Clothing,West,1198.13,0.32,138.73,31,No,11.578877083455048
ORD03499,2025-10-21,CUST3542,Home,South,453.0,0.07,48.35,65,Yes,10.673289183222959
ORD03500,2024-07-18,CUST4311,Office Supplies,North,3897.97,0.15,619.17,50,No,15.884421891394751
ORD03501,2025-11-14,CUST3316,Home,South,4582.92,0.02,825.61,38,Yes,18.01493371038552
ORD03502,2025-12-01,CUST9108,Furniture,North,3425.41,0.05,332.33,48,No,9.701904297587733
ORD03503,2025-08-16,CUST8312,Home,North,2126.01,0.11,453.14,25,Yes,21.314104825471187
ORD03504,2024-01-06,CUST5891,Clothing,North,3193.06,0.15,248.24,64,Yes,7.77436064464808
ORD03505,2024-07-21,CUST7051,Clothing,North,1755.02,0.32,282.58,62,No,16.101241011498445
ORD03506,2024-06-16,CUST9120,Clothing,West,3539.28,0.06,668.61,39,Yes,18.891130399403266
ORD03507,2024-07-19,CUST4128,Home,East,4617.06,0.32,902.86,61,No,19.5548682494921
ORD03508,2024-09-19,CUST7463,Electronics,East,4053.68,0.14,254.93,25,Yes,6.2888535848907665
ORD03509,2024-12-14,CUST3862,Home,North,2733.39,0.15,655.93,29,Yes,23.996941526822006
ORD03510,2025-06-04,CUST5574,Home,South,3667.29,0.14,214.7,26,No,5.8544592873756915
ORD03511,2024-08-18,CUST7660,Furniture,East,4324.61,0.16,922.34,21,Yes,21.327703538584984
ORD03512,2024-03-12,CUST4680,Furniture,South,1064.12,0.21,135.22,50,No,12.707213472164794
ORD03513,2025-08-30,CUST2260,Electronics,South,3382.79,0.34,364.73,18,No,10.781928526453017
ORD03514,2024-03-14,CUST6411,Clothing,West,2327.05,0.22,317.49,65,Yes,13.64345415869878
ORD03515,2024-06-04,CUST5833,Furniture,East,3703.03,0.17,710.11,19,Yes,19.176458197746168
ORD03516,2025-07-14,CUST1216,Electronics,South,3233.34,0.37,596.51,52,Yes,18.448724847990004
ORD03517,2025-11-29,CUST6074,Office Supplies,South,3840.91,0.31,194.65,46,Yes,5.067809451406047
ORD03518,2024-12-20,CUST7234,Furniture,West,4772.32,0.28,292.95,24,No,6.138523820699366
ORD03519,2025-10-28,CUST7496,Home,East,1756.26,0.18,357.27,62,No,20.342659970619383
ORD03520,2024-08-16,CUST1906,Office Supplies,East,693.61,0.39,84.67,30,Yes,12.207148109167976
ORD03521,2024-09-04,CUST3272,Electronics,North,4063.08,0.03,521.21,43,Yes,12.827953178376998
ORD03522,2025-12-16,CUST1391,Home,North,594.5,0.3,82.67,20,No,13.905803195962996
ORD03523,2024-08-30,CUST1981,Office Supplies,South,2703.75,0.18,346.24,55,Yes,12.80591770688858
ORD03524,2025-01-17,CUST2341,Clothing,North,4429.89,0.17,815.97,59,No,18.419644731584757
ORD03525,2025-10-04,CUST6338,Electronics,South,195.52,0.39,8.5,59,Yes,4.347381342062192
ORD03526,2025-09-22,CUST5687,Office Supplies,West,3157.12,0.39,-17.06,35,No,-0.540365903101561
ORD03527,2024-11-15,CUST5100,Clothing,West,2098.03,0.36,248.95,35,Yes,11.865893242708635
ORD03528,2024-03-24,CUST2719,Clothing,South,1080.08,0.2,227.16,26,No,21.031775424042664
ORD03529,2024-08-09,CUST5648,Office Supplies,South,3766.73,0.19,316.08,25,Yes,8.391363331059035
ORD03530,2024-11-26,CUST3992,Office Supplies,West,2217.36,0.05,321.33,50,Yes,14.49155752787098
ORD03531,2024-05-10,CUST5996,Furniture,West,1899.39,0.13,143.29,51,Yes,7.544000968732066
ORD03532,2025-11-28,CUST3059,Electronics,South,2515.73,0.1,332.0,32,No,13.196964698119432
ORD03533,2025-08-04,CUST4499,Home,North,699.93,0.24,103.57,56,Yes,14.797194005114797
ORD03534,2025-08-15,CUST8463,Electronics,East,3773.92,0.08,297.2,61,Yes,7.875100691058634
ORD03535,2025-06-11,CUST1178,Home,South,4412.92,0.13,904.39,48,Yes,20.494139934555804
ORD03536,2024-07-19,CUST9558,Furniture,North,2872.36,0.32,484.56,51,No,16.869751702432843
ORD03537,2025-05-25,CUST8447,Home,South,4744.94,0.28,708.97,42,Yes,14.941600947535694
ORD03538,2025-11-17,CUST7191,Furniture,South,4778.92,0.22,878.98,31,No,18.392858637516426
ORD03539,2024-08-31,CUST8351,Home,North,2241.35,0.03,364.56,53,Yes,16.265197314118723
ORD03540,2024-06-04,CUST6087,Home,North,3668.59,0.38,404.67,62,Yes,11.030668458454066
ORD03541,2024-12-14,CUST2357,Electronics,North,3477.22,0.19,577.44,62,Yes,16.606369456059728
ORD03542,2024-12-08,CUST3530,Clothing,East,3771.29,0.25,170.19,48,Yes,4.512779446820584
ORD03543,2024-10-09,CUST2636,Furniture,West,661.53,0.31,113.43,35,Yes,17.146614666001543
ORD03544,2024-12-19,CUST2796,Clothing,West,4369.93,0.09,276.68,54,Yes,6.3314515335485915
ORD03545,2024-01-20,CUST6085,Home,East,4811.04,0.24,516.55,64,Yes,10.736763776647045
ORD03546,2024-06-09,CUST8280,Home,South,1015.81,0.12,173.23,46,Yes,17.053385967848318
ORD03547,2024-02-11,CUST3771,Electronics,North,801.12,0.25,93.12,25,No,11.623726782504495
ORD03548,2025-01-15,CUST7439,Electronics,North,4912.96,0.18,906.32,42,No,18.447534683775157
ORD03549,2024-08-01,CUST4336,Office Supplies,East,2116.08,0.39,172.56,50,Yes,8.154701145514348
ORD03550,2025-04-15,CUST9981,Electronics,South,1006.75,0.39,125.85,41,No,12.500620809535635
ORD03551,2025-04-11,CUST5313,Home,South,1769.54,0.36,214.39,31,Yes,12.115578059834759
ORD03552,2024-06-12,CUST1505,Electronics,West,4995.34,0.38,470.2,29,No,9.412772704160277
ORD03553,2024-06-14,CUST7537,Home,East,4093.06,0.35,816.06,50,Yes,19.937650559727928
ORD03554,2024-06-21,CUST8473,Clothing,North,1781.94,0.17,414.06,34,Yes,23.236472608505338
ORD03555,2025-02-24,CUST2431,Office Supplies,West,2557.33,0.06,430.26,35,Yes,16.824578759878467
ORD03556,2025-09-02,CUST6706,Home,East,704.12,0.17,136.27,28,No,19.353235243992504
ORD03557,2025-07-21,CUST5119,Office Supplies,South,4904.81,0.03,1125.61,18,Yes,22.949105062173658
ORD03558,2024-08-18,CUST8798,Electronics,South,4090.11,0.16,981.51,31,Yes,23.997154110769635
ORD03559,2024-08-29,CUST9892,Clothing,South,4766.46,0.34,964.82,52,Yes,20.241856639938234
ORD03560,2024-08-14,CUST3194,Furniture,West,458.11,0.4,56.84,64,No,12.407500382004324
ORD03561,2025-12-13,CUST6937,Furniture,North,656.32,0.12,50.17,39,Yes,7.644137006338371
ORD03562,2024-05-15,CUST5900,Home,North,3530.81,0.24,256.43,56,Yes,7.26263945100416
ORD03563,2025-10-24,CUST6518,Office Supplies,East,4061.75,0.21,520.07,30,Yes,12.804086908352314
ORD03564,2024-06-19,CUST6299,Furniture,North,4310.82,0.08,456.93,53,Yes,10.59960749926928
ORD03565,2025-09-09,CUST8831,Electronics,South,1162.36,0.27,125.71,33,Yes,10.815065900409513
ORD03566,2025-12-14,CUST8000,Office Supplies,South,4872.62,0.08,577.45,59,No,11.850913882059345
ORD03567,2025-01-29,CUST2586,Office Supplies,West,2820.23,0.12,170.41,29,Yes,6.042414980338482
ORD03568,2024-10-27,CUST3062,Office Supplies,South,4694.07,0.27,986.83,35,No,21.022907626004727
ORD03569,2024-05-17,CUST9144,Electronics,West,3424.21,0.36,186.16,59,No,5.436582452594905
ORD03570,2025-08-19,CUST1230,Clothing,South,911.93,0.37,99.94,21,Yes,10.959174498042614
ORD03571,2025-08-23,CUST6934,Clothing,East,4909.6,0.08,711.23,51,Yes,14.486516213133452
ORD03572,2024-02-03,CUST4013,Clothing,West,2049.4,0.25,165.64,18,Yes,8.082365570410852
ORD03573,2025-10-19,CUST5718,Furniture,East,3063.88,0.1,611.02,34,Yes,19.942687050406676
ORD03574,2024-09-15,CUST9064,Home,East,3790.2,0.16,354.9,33,Yes,9.36362197245528
ORD03575,2024-09-16,CUST2856,Clothing,West,2634.12,0.37,74.54,34,Yes,2.8297875571348308
ORD03576,2024-10-22,CUST1810,Clothing,East,2698.4,0.08,208.0,51,Yes,7.708271568336792
ORD03577,2025-12-12,CUST9848,Clothing,West,2430.6,0.31,132.48,54,Yes,5.45050604788941
ORD03578,2024-06-26,CUST3960,Electronics,South,3444.06,0.24,199.32,36,No,5.787355620982212
ORD03579,2025-11-30,CUST6210,Home,North,1331.27,0.03,114.21,59,Yes,8.579026042801233
ORD03580,2024-01-19,CUST3441,Electronics,South,4261.51,0.16,222.74,61,No,5.2267858106633565
ORD03581,2024-01-21,CUST4069,Furniture,South,3362.74,0.37,161.69,30,No,4.8082813420008685
ORD03582,2024-10-19,CUST2300,Home,West,4549.25,0.29,380.64,33,Yes,8.36709347694675
ORD03583,2024-06-05,CUST4215,Furniture,West,842.51,0.01,224.68,33,Yes,26.667932724834127
ORD03584,2025-05-28,CUST3306,Home,South,1225.41,0.36,7.61,19,Yes,0.6210166393288777
ORD03585,2024-05-11,CUST3970,Office Supplies,West,4677.15,0.07,398.95,24,Yes,8.529767058999605
ORD03586,2024-08-05,CUST3579,Clothing,North,2456.45,0.04,448.62,45,Yes,18.26294042215392
ORD03587,2024-03-21,CUST4339,Clothing,South,3267.38,0.37,45.12,29,No,1.380922941316896
ORD03588,2024-09-03,CUST7879,Home,West,1408.18,0.32,134.01,62,Yes,9.516539078810947
ORD03589,2024-09-20,CUST4310,Furniture,North,4671.82,0.29,817.31,21,Yes,17.494466824492385
ORD03590,2024-05-08,CUST8778,Office Supplies,North,1748.33,0.11,161.3,43,No,9.225947046610194
ORD03591,2024-05-31,CUST8146,Clothing,West,2564.19,0.2,330.9,33,No,12.904659951095669
ORD03592,2024-05-14,CUST6312,Furniture,South,1065.83,0.06,129.48,63,Yes,12.148278806188605
ORD03593,2024-04-07,CUST1543,Office Supplies,East,2659.72,0.02,326.1,38,Yes,12.260689095092719
ORD03594,2024-05-09,CUST7678,Home,North,969.13,0.3,65.99,43,Yes,6.809200004127412
ORD03595,2024-05-13,CUST1734,Office Supplies,West,4883.55,0.22,1122.44,40,No,22.984099681584095
ORD03596,2024-06-01,CUST5376,Office Supplies,South,586.52,0.04,77.91,59,Yes,13.283434494987384
ORD03597,2024-09-07,CUST3338,Electronics,East,334.83,0.04,79.31,24,Yes,23.686646955171284
ORD03598,2025-02-17,CUST4461,Home,North,873.83,0.29,124.67,46,Yes,14.267077120263666
ORD03599,2025-01-17,CUST4970,Electronics,North,3923.24,0.2,415.17,46,Yes,10.58232481316463
ORD03600,2024-03-10,CUST3220,Furniture,West,1810.68,0.09,194.79,24,Yes,10.757836834780303
ORD03601,2025-01-12,CUST8576,Electronics,South,449.37,0.38,34.77,60,No,7.737499165498366
ORD03602,2025-08-24,CUST7144,Furniture,North,1688.73,0.26,339.24,29,Yes,20.088468849372013
ORD03603,2024-10-17,CUST4067,Clothing,North,162.14,0.25,11.42,51,Yes,7.043295917108672
ORD03604,2025-04-21,CUST9197,Home,South,1260.83,0.04,276.76,48,Yes,21.95061982979466
ORD03605,2024-08-27,CUST3490,Electronics,North,2075.61,0.35,252.42,35,Yes,12.161244164366137
ORD03606,2025-02-03,CUST5237,Furniture,South,2813.14,0.18,428.88,53,Yes,15.245597446270004
ORD03607,2024-01-11,CUST4317,Clothing,North,4631.1,0.29,518.31,55,Yes,11.191941439398844
ORD03608,2025-01-30,CUST2518,Clothing,East,283.66,0.22,39.28,64,Yes,13.847563985052528
ORD03609,2025-08-25,CUST4500,Clothing,North,3402.91,0.21,628.63,29,No,18.473306669879605
ORD03610,2025-03-18,CUST2277,Home,North,2787.61,0.1,586.25,48,Yes,21.030560229013386
ORD03611,2024-10-02,CUST3487,Electronics,West,461.99,0.37,4.7,59,Yes,1.0173380376198617
ORD03612,2024-10-16,CUST4680,Office Supplies,East,643.07,0.04,100.03,28,Yes,15.555071765126657
ORD03613,2024-01-01,CUST3919,Office Supplies,North,4828.49,0.33,364.3,39,Yes,7.544801791036121
ORD03614,2025-12-09,CUST8186,Furniture,South,194.67,0.27,29.6,56,Yes,15.205219088714236
ORD03615,2025-01-25,CUST2348,Home,East,3376.01,0.01,716.06,54,Yes,21.210245230316257
ORD03616,2025-12-11,CUST5640,Clothing,North,4041.19,0.02,575.03,42,Yes,14.229224560092446
ORD03617,2024-10-09,CUST2216,Clothing,South,3211.65,0.31,580.71,47,Yes,18.081360048573163
ORD03618,2025-12-31,CUST2097,Home,North,3519.77,0.16,763.3,59,Yes,21.686076078834695
ORD03619,2025-08-10,CUST9147,Home,South,2767.77,0.17,603.32,29,Yes,21.798054029055887
ORD03620,2025-12-17,CUST9131,Electronics,West,3597.19,0.02,647.74,63,Yes,18.006833111400844
ORD03621,2024-08-12,CUST3607,Electronics,East,886.2,0.32,151.82,32,Yes,17.131573008350255
ORD03622,2025-01-08,CUST3720,Clothing,South,1701.37,0.05,319.13,24,Yes,18.757236815037295
ORD03623,2025-03-21,CUST8575,Clothing,South,1740.42,0.17,339.55,30,Yes,19.50965858815688
ORD03624,2024-09-30,CUST9241,Office Supplies,South,1854.27,0.34,52.67,40,No,2.840470913081698
ORD03625,2025-09-16,CUST7902,Clothing,South,2602.87,0.17,197.37,50,Yes,7.582783619619882
ORD03626,2024-08-05,CUST7402,Office Supplies,North,780.92,0.11,66.37,58,Yes,8.49894995646161
ORD03627,2024-06-21,CUST4402,Office Supplies,North,3900.1,0.04,831.91,40,Yes,21.330478705674214
ORD03628,2024-03-22,CUST1895,Home,East,3092.94,0.1,338.24,22,No,10.935873311477105
ORD03629,2025-08-19,CUST4620,Electronics,North,2827.12,0.2,608.92,63,Yes,21.53852684003509
ORD03630,2025-12-17,CUST7946,Electronics,South,2454.33,0.05,442.02,56,Yes,18.009803082715038
ORD03631,2025-10-30,CUST6516,Home,West,2681.03,0.11,238.23,18,Yes,8.885764053367549
ORD03632,2025-07-28,CUST9388,Electronics,West,195.36,0.18,18.2,30,Yes,9.316134316134315
ORD03633,2025-05-11,CUST4374,Electronics,North,1144.8,0.26,140.37,33,Yes,12.261530398322853
ORD03634,2025-06-23,CUST5697,Office Supplies,South,3459.02,0.19,700.07,34,No,20.238969419084018
ORD03635,2024-03-27,CUST2143,Electronics,South,3644.76,0.29,204.61,42,Yes,5.613812706460783
ORD03636,2025-09-30,CUST3889,Office Supplies,North,3811.27,0.36,212.45,43,Yes,5.574257399764383
ORD03637,2024-09-15,CUST6781,Home,West,1892.25,0.23,199.11,48,Yes,10.52239397542608
ORD03638,2025-01-07,CUST7315,Furniture,West,2254.01,0.1,188.86,60,Yes,8.378844814353085
ORD03639,2025-06-04,CUST3660,Furniture,East,2509.64,0.16,289.66,40,Yes,11.541894454981593
ORD03640,2025-05-19,CUST4899,Furniture,East,4906.2,0.35,665.85,55,Yes,13.57160327748563
ORD03641,2025-08-22,CUST9639,Electronics,West,4257.45,0.12,905.69,36,Yes,21.273062513946144
ORD03642,2024-10-03,CUST7049,Furniture,North,2253.68,0.35,137.86,38,Yes,6.117106244009799
ORD03643,2024-08-19,CUST6636,Clothing,South,802.94,0.01,140.46,61,Yes,17.493212444267318
ORD03644,2025-12-30,CUST3992,Furniture,East,4625.87,0.13,688.76,49,Yes,14.88930730867923
ORD03645,2025-01-15,CUST5373,Home,East,3132.29,0.29,671.16,43,Yes,21.42713477998525
ORD03646,2025-07-06,CUST4257,Furniture,North,456.59,0.35,18.31,32,Yes,4.010162290019492
ORD03647,2025-02-25,CUST1998,Furniture,West,2114.77,0.19,87.65,48,No,4.144658757217097
ORD03648,2025-06-28,CUST8931,Office Supplies,West,973.66,0.26,138.83,39,No,14.258570753651172
ORD03649,2025-06-25,CUST6333,Home,West,4971.94,0.31,275.04,47,Yes,5.5318447125267
ORD03650,2025-11-09,CUST8229,Office Supplies,East,310.41,0.06,44.52,63,Yes,14.34232144582971
ORD03651,2025-04-05,CUST8917,Clothing,West,2346.32,0.37,380.19,20,No,16.20367213338334
ORD03652,2024-09-29,CUST4433,Home,South,4345.52,0.34,264.21,59,Yes,6.080054861098326
ORD03653,2024-07-06,CUST6158,Office Supplies,West,4935.49,0.16,519.61,35,No,10.528032677606479
ORD03654,2024-05-06,CUST7717,Electronics,East,4148.45,0.35,27.21,57,Yes,0.655907628150273
ORD03655,2024-02-29,CUST9875,Clothing,East,4536.02,0.25,356.75,24,No,7.864824229170065
ORD03656,2025-04-19,CUST8148,Furniture,East,2855.48,0.26,244.7,42,Yes,8.569487441691063
ORD03657,2024-04-09,CUST3257,Home,South,1461.73,0.08,248.91,61,Yes,17.02845258700307
ORD03658,2025-11-03,CUST9931,Furniture,South,1096.21,0.16,212.53,58,No,19.387708559491337
ORD03659,2024-09-12,CUST3144,Home,South,2736.71,0.08,480.51,62,No,17.55794366228062
ORD03660,2025-06-16,CUST5365,Clothing,South,1117.02,0.26,84.33,54,No,7.549551485201697
ORD03661,2024-03-04,CUST9808,Electronics,West,1075.53,0.35,7.79,60,No,0.7242940689706471
ORD03662,2025-02-12,CUST2453,Office Supplies,East,4651.37,0.09,971.02,65,Yes,20.875999974201147
ORD03663,2024-05-11,CUST9979,Electronics,North,4544.3,0.02,1048.72,48,Yes,23.077701736241004
ORD03664,2025-07-18,CUST3773,Home,West,4993.45,0.15,679.97,25,No,13.61723858254313
ORD03665,2025-01-01,CUST2259,Office Supplies,North,4904.8,0.13,813.65,30,Yes,16.588851737073888
ORD03666,2024-03-22,CUST6788,Office Supplies,East,1648.35,0.02,325.46,41,No,19.74459307792641
ORD03667,2024-08-02,CUST3221,Home,East,839.66,0.02,147.83,54,Yes,17.6059357358931
ORD03668,2025-01-24,CUST7917,Clothing,South,4809.22,0.33,118.5,32,Yes,2.4640170339472927
ORD03669,2025-08-22,CUST2181,Home,West,352.61,0.18,36.51,36,No,10.354215705737216
ORD03670,2024-12-31,CUST3818,Clothing,West,4465.25,0.13,421.83,47,Yes,9.446951458484968
ORD03671,2024-03-30,CUST8828,Office Supplies,North,2032.06,0.12,201.15,38,Yes,9.898821885180556
ORD03672,2025-06-07,CUST4021,Home,West,1499.49,0.17,134.07,48,No,8.941039953584218
ORD03673,2025-10-02,CUST3053,Clothing,South,4583.54,0.02,976.76,46,Yes,21.310166377952413
ORD03674,2025-07-26,CUST3287,Electronics,North,1124.6,0.01,290.07,46,Yes,25.793170905210744
ORD03675,2024-09-04,CUST5630,Furniture,East,3161.37,0.16,519.04,60,Yes,16.418198439284236
ORD03676,2025-10-31,CUST4412,Clothing,East,4056.56,0.37,359.35,64,No,8.858490938134775
ORD03677,2024-04-18,CUST6092,Electronics,North,4177.12,0.25,742.97,61,Yes,17.78665683533152
ORD03678,2024-10-04,CUST8915,Electronics,West,3785.35,0.24,782.33,56,Yes,20.66730949581941
ORD03679,2024-05-03,CUST2809,Office Supplies,East,4240.82,0.27,786.49,60,No,18.54570578331549
ORD03680,2025-01-13,CUST7061,Clothing,South,512.5,0.01,100.3,53,Yes,19.570731707317073
ORD03681,2024-04-14,CUST6463,Home,North,1275.4,0.36,141.7,32,Yes,11.110239924729495
ORD03682,2024-03-13,CUST7872,Electronics,South,1481.98,0.28,318.8,24,Yes,21.511761292325133
ORD03683,2025-04-17,CUST1968,Furniture,East,1968.2,0.2,78.69,36,Yes,3.998069301900213
ORD03684,2024-09-07,CUST9156,Electronics,North,2532.88,0.03,257.68,48,Yes,10.17339945042797
ORD03685,2024-05-18,CUST5580,Electronics,East,4210.13,0.05,535.34,59,Yes,12.71552184849399
ORD03686,2024-08-02,CUST3989,Clothing,North,4631.26,0.24,398.99,18,Yes,8.615150088744747
ORD03687,2025-03-29,CUST6258,Office Supplies,South,910.68,0.18,84.51,32,No,9.279878771906708
ORD03688,2025-02-19,CUST6418,Home,North,3978.25,0.2,305.07,26,No,7.668447181549675
ORD03689,2025-02-02,CUST4925,Clothing,East,2627.98,0.39,316.0,58,Yes,12.02444463047664
ORD03690,2025-12-22,CUST3298,Electronics,West,4491.44,0.33,470.61,27,Yes,10.477931353864241
ORD03691,2025-11-19,CUST9983,Office Supplies,North,2401.81,0.02,539.36,19,Yes,22.45639746691037
ORD03692,2024-10-19,CUST6245,Clothing,South,4502.16,0.29,844.76,49,Yes,18.763437994207223
ORD03693,2024-09-03,CUST3154,Office Supplies,South,3134.28,0.04,746.21,46,Yes,23.80801970468497
ORD03694,2024-03-04,CUST7316,Furniture,East,4474.95,0.19,901.63,36,Yes,20.14838154616253
ORD03695,2025-08-18,CUST5722,Home,South,3769.57,0.38,548.26,30,No,14.544364476584862
ORD03696,2025-07-24,CUST5035,Electronics,West,3857.05,0.05,657.09,42,Yes,17.03607679444135
ORD03697,2024-10-18,CUST4012,Electronics,South,2727.34,0.19,121.51,54,No,4.455256770332999
ORD03698,2025-05-06,CUST6680,Home,North,3161.74,0.26,375.27,37,No,11.869097395737791
ORD03699,2025-09-18,CUST9472,Furniture,North,4542.13,0.35,28.95,38,Yes,0.6373661696164575
ORD03700,2025-01-06,CUST3736,Office Supplies,East,3100.61,0.05,615.74,47,Yes,19.85867297080252
ORD03701,2025-09-21,CUST3928,Office Supplies,West,680.65,0.25,132.91,41,Yes,19.52692279438772
ORD03702,2025-08-31,CUST3067,Clothing,East,4170.54,0.21,395.6,60,Yes,9.485582202784293
ORD03703,2024-08-26,CUST9968,Clothing,West,1409.89,0.12,265.85,42,Yes,18.85608097085588
ORD03704,2025-08-22,CUST5950,Clothing,East,2682.73,0.38,522.09,40,Yes,19.461145922250843
ORD03705,2024-11-14,CUST6144,Clothing,North,1270.42,0.13,121.85,55,Yes,9.591316257615592
ORD03706,2025-12-28,CUST5647,Office Supplies,East,870.38,0.22,77.09,29,Yes,8.857050943266161
ORD03707,2024-06-09,CUST9386,Office Supplies,North,4674.46,0.33,815.3,53,Yes,17.44158683569867
ORD03708,2025-06-17,CUST1154,Electronics,South,3314.66,0.03,600.76,59,No,18.124332510725083
ORD03709,2024-11-13,CUST3350,Home,North,1647.35,0.22,232.38,40,No,14.106291923392114
ORD03710,2024-07-07,CUST5127,Office Supplies,East,3559.44,0.11,838.9,54,No,23.568314116827366
ORD03711,2025-09-08,CUST4213,Furniture,East,787.48,0.32,163.57,54,No,20.77132117641083
ORD03712,2024-10-11,CUST1019,Home,West,4949.33,0.17,343.6,28,Yes,6.94235381354648
ORD03713,2024-10-13,CUST9312,Clothing,South,2493.64,0.28,487.97,33,Yes,19.568582473813382
ORD03714,2025-06-12,CUST3345,Furniture,South,2236.55,0.04,527.6,62,Yes,23.589904093358072
ORD03715,2025-07-19,CUST3347,Home,East,1742.08,0.18,286.03,44,No,16.418878581925053
ORD03716,2025-02-01,CUST5237,Electronics,East,3441.68,0.11,418.82,37,Yes,12.16905697217638
ORD03717,2024-08-10,CUST8297,Furniture,South,1070.9,0.31,184.93,54,Yes,17.268652535250723
ORD03718,2024-07-20,CUST2016,Clothing,West,2598.41,0.06,367.16,26,Yes,14.130179609838326
ORD03719,2025-04-19,CUST3160,Home,East,185.64,0.17,36.6,20,Yes,19.715578539107952
ORD03720,2024-08-12,CUST3547,Clothing,West,2788.01,0.22,244.0,22,No,8.751762009461945
ORD03721,2025-12-12,CUST1665,Home,South,1299.7,0.06,271.75,26,Yes,20.90867123182273
ORD03722,2024-01-05,CUST6569,Home,North,3420.71,0.38,363.2,62,No,10.617678785983028
ORD03723,2024-10-14,CUST9579,Office Supplies,East,654.69,0.34,36.72,23,Yes,5.608761398524492
ORD03724,2025-09-04,CUST7322,Clothing,North,3064.23,0.17,440.76,21,Yes,14.384037751735345
ORD03725,2024-04-20,CUST1302,Furniture,East,3940.54,0.3,632.6,55,Yes,16.053637318743117
ORD03726,2025-09-07,CUST4167,Furniture,North,4251.3,0.35,489.68,19,Yes,11.518359090160658
ORD03727,2025-09-26,CUST7404,Electronics,West,4195.08,0.17,796.05,42,Yes,18.97580022311851
ORD03728,2025-01-23,CUST5927,Electronics,South,748.17,0.28,51.19,39,Yes,6.842027881363862
ORD03729,2024-05-17,CUST7215,Clothing,North,4908.37,0.21,218.47,36,Yes,4.450968447773905
ORD03730,2025-09-02,CUST3923,Furniture,North,4327.24,0.12,414.07,29,Yes,9.568916907774932
ORD03731,2025-06-03,CUST4181,Clothing,West,2302.34,0.13,566.15,27,Yes,24.590199536124118
ORD03732,2024-10-12,CUST2240,Electronics,East,2863.03,0.01,622.28,50,Yes,21.735015001589222
ORD03733,2024-01-12,CUST4774,Home,South,4934.34,0.24,767.47,36,Yes,15.553650538876527
ORD03734,2025-09-11,CUST4470,Furniture,North,2658.96,0.38,119.47,60,Yes,4.493110088154767
ORD03735,2025-06-12,CUST1194,Clothing,South,1607.62,0.32,335.61,45,Yes,20.876202087558006
ORD03736,2024-05-13,CUST9509,Office Supplies,East,4678.77,0.32,897.77,36,Yes,19.188162700880785
ORD03737,2024-06-15,CUST4493,Furniture,East,2265.13,0.09,544.18,49,No,24.024228189993508
ORD03738,2024-12-11,CUST3225,Home,West,2257.85,0.07,515.57,35,Yes,22.834554997010432
ORD03739,2024-07-16,CUST4219,Home,West,3613.04,0.09,554.68,50,Yes,15.352168810752161
ORD03740,2025-07-13,CUST1378,Furniture,West,3183.13,0.13,653.19,32,No,20.520368316719708
ORD03741,2024-05-27,CUST8163,Home,North,2076.61,0.38,17.41,32,No,0.8383856381313776
ORD03742,2025-11-09,CUST7136,Electronics,South,669.68,0.27,139.95,26,Yes,20.898040855333893
ORD03743,2024-12-22,CUST4363,Home,East,3004.2,0.02,481.13,50,Yes,16.015245323214167
ORD03744,2025-07-31,CUST5743,Furniture,West,2976.26,0.01,396.66,45,Yes,13.327464670425298
ORD03745,2024-09-28,CUST6247,Home,North,2697.71,0.34,327.51,37,No,12.140296770223634
ORD03746,2025-05-22,CUST1515,Home,East,3620.2,0.23,348.85,36,Yes,9.63620794431247
ORD03747,2024-04-28,CUST9343,Office Supplies,South,2586.89,0.36,80.12,21,Yes,3.0971552713876513
ORD03748,2025-01-29,CUST8423,Home,West,2195.41,0.05,328.32,42,Yes,14.954837592978077
ORD03749,2025-08-06,CUST7145,Electronics,South,4145.92,0.02,812.13,65,Yes,19.5886558351343
ORD03750,2025-07-20,CUST2565,Electronics,North,4774.88,0.37,704.13,39,No,14.746548604362832
ORD03751,2024-02-23,CUST3714,Clothing,North,2383.22,0.36,166.04,50,No,6.967044586735593
ORD03752,2024-02-27,CUST3151,Clothing,East,4713.37,0.32,473.88,22,Yes,10.053952904185328
ORD03753,2024-10-08,CUST7702,Electronics,East,1581.86,0.24,326.51,57,Yes,20.64089110287889
ORD03754,2025-09-15,CUST9940,Office Supplies,North,1780.31,0.24,94.4,46,Yes,5.30244732658919
ORD03755,2024-02-03,CUST7091,Electronics,South,2679.05,0.13,553.66,38,Yes,20.6662809578022
ORD03756,2025-10-25,CUST1041,Office Supplies,West,887.57,0.17,82.98,32,Yes,9.349121759410526
ORD03757,2024-06-04,CUST4831,Clothing,South,618.81,0.04,157.64,22,Yes,25.474701443092385
ORD03758,2025-06-29,CUST4995,Office Supplies,North,2413.1,0.26,284.97,59,Yes,11.809290953545235
ORD03759,2025-04-22,CUST8999,Furniture,North,2971.02,0.23,612.11,46,Yes,20.60268863891862
ORD03760,2025-10-16,CUST8543,Clothing,West,2393.81,0.14,339.97,24,No,14.202046110593574
ORD03761,2024-05-21,CUST4851,Office Supplies,East,450.02,0.35,64.79,30,Yes,14.397137904982001
ORD03762,2025-06-19,CUST2460,Home,South,1555.58,0.36,133.65,18,Yes,8.591650702631815
ORD03763,2025-09-16,CUST8883,Electronics,South,1236.96,0.19,121.31,53,Yes,9.807107748027422
ORD03764,2025-06-29,CUST7724,Electronics,South,3382.88,0.25,374.61,65,No,11.073700515537057
ORD03765,2024-10-03,CUST8826,Office Supplies,South,3945.63,0.15,430.99,52,No,10.923223921148207
ORD03766,2024-02-10,CUST7942,Furniture,East,204.35,0.25,9.51,44,Yes,4.653780278933203
ORD03767,2025-02-27,CUST5823,Electronics,North,2634.27,0.2,457.68,27,Yes,17.374073272671367
ORD03768,2024-09-24,CUST4386,Clothing,South,4298.09,0.04,850.43,64,Yes,19.786230628023144
ORD03769,2024-05-28,CUST2012,Furniture,North,1876.25,0.29,35.1,48,Yes,1.8707528314457031
ORD03770,2024-05-01,CUST8860,Electronics,East,2779.94,0.35,498.63,60,Yes,17.936718058663136
ORD03771,2024-06-19,CUST4171,Home,South,4446.49,0.05,1085.92,46,Yes,24.42195979300527
ORD03772,2024-02-18,CUST5562,Clothing,South,915.87,0.09,236.8,63,Yes,25.85519779007938
ORD03773,2025-12-08,CUST1281,Clothing,West,1713.73,0.1,176.48,43,Yes,10.29800493660028
ORD03774,2025-04-16,CUST8425,Office Supplies,West,1409.33,0.11,304.83,62,Yes,21.62942674888067
ORD03775,2025-09-23,CUST9419,Electronics,North,797.98,0.36,39.17,39,Yes,4.9086443269254865
ORD03776,2025-03-31,CUST2273,Office Supplies,West,4800.64,0.02,401.44,39,Yes,8.36221837088388
ORD03777,2025-10-09,CUST7244,Furniture,North,2698.71,0.01,524.67,59,No,19.44151094411774
ORD03778,2025-06-19,CUST6290,Clothing,East,459.14,0.38,48.2,60,No,10.497887354619508
ORD03779,2024-05-31,CUST8277,Clothing,East,4776.91,0.13,848.34,60,No,17.759179050892733
ORD03780,2025-04-12,CUST7982,Furniture,North,976.79,0.23,99.63,36,Yes,10.199735869531834
ORD03781,2025-10-16,CUST5327,Furniture,South,2244.14,0.27,148.9,25,No,6.635058418815226
ORD03782,2025-12-15,CUST1853,Electronics,East,4926.63,0.38,840.31,22,Yes,17.056486888603363
ORD03783,2025-10-26,CUST2570,Furniture,West,3274.48,0.21,618.93,57,Yes,18.901627128582245
ORD03784,2024-02-13,CUST1531,Clothing,West,4303.24,0.08,1113.15,51,Yes,25.867718277390995
ORD03785,2024-09-09,CUST3314,Electronics,North,2882.3,0.12,242.46,24,No,8.412032057731672
ORD03786,2025-06-14,CUST6721,Clothing,East,3834.22,0.19,867.56,56,Yes,22.626766330570494
ORD03787,2025-05-15,CUST8127,Clothing,East,1578.53,0.33,93.08,31,No,5.89662534129855
ORD03788,2025-11-09,CUST7789,Home,East,1275.58,0.18,206.09,60,Yes,16.15657191238496
ORD03789,2024-07-29,CUST5241,Furniture,North,194.78,0.15,24.15,36,Yes,12.398603552726152
ORD03790,2024-09-28,CUST7878,Furniture,North,3959.2,0.38,195.61,36,Yes,4.940644574661548
ORD03791,2024-08-08,CUST4602,Clothing,North,4137.99,0.17,668.36,41,Yes,16.15180317013816
ORD03792,2024-06-06,CUST6887,Clothing,North,4227.73,0.33,516.4,57,Yes,12.214592701047607
ORD03793,2024-07-02,CUST5234,Furniture,South,3495.7,0.1,748.17,44,Yes,21.40258031295592
ORD03794,2024-01-12,CUST1247,Clothing,East,788.96,0.01,206.92,40,Yes,26.226931656864732
ORD03795,2024-03-03,CUST9674,Clothing,East,726.04,0.17,113.77,60,Yes,15.669935540741555
ORD03796,2024-12-13,CUST9393,Office Supplies,North,4320.54,0.19,613.39,23,No,14.197067959097707
ORD03797,2025-03-31,CUST2197,Home,West,4428.71,0.04,654.88,33,Yes,14.787150208525732
ORD03798,2024-03-20,CUST2372,Home,North,3380.92,0.31,90.18,49,Yes,2.667321320823918
ORD03799,2025-08-21,CUST6172,Clothing,North,3880.24,0.39,245.94,63,No,6.338267736016329
ORD03800,2024-02-11,CUST9415,Clothing,South,436.29,0.2,39.95,60,No,9.156753535492449
ORD03801,2024-04-19,CUST9300,Home,East,4147.6,0.08,292.99,55,No,7.064085254122866
ORD03802,2024-04-13,CUST2321,Electronics,South,2650.04,0.03,659.14,37,Yes,24.872832108194594
ORD03803,2024-11-28,CUST1703,Office Supplies,West,3841.05,0.11,950.27,25,Yes,24.739849780658933
ORD03804,2024-07-22,CUST4328,Office Supplies,South,1631.43,0.04,123.72,37,Yes,7.583531012669866
ORD03805,2024-04-29,CUST4417,Furniture,West,1743.64,0.4,246.85,52,Yes,14.157165469936453
ORD03806,2025-07-28,CUST6567,Office Supplies,West,2973.71,0.08,668.62,24,Yes,22.484371374478346
ORD03807,2024-04-02,CUST3330,Furniture,West,233.1,0.03,31.04,52,Yes,13.316173316173316
ORD03808,2024-12-17,CUST4106,Furniture,North,3016.13,0.06,702.5,39,Yes,23.291436377079236
ORD03809,2025-12-02,CUST8650,Furniture,West,3123.01,0.19,508.65,28,Yes,16.28717167092004
ORD03810,2024-01-06,CUST4826,Electronics,North,4063.72,0.3,329.28,58,Yes,8.102920476804504
ORD03811,2024-02-15,CUST9710,Clothing,West,1408.36,0.11,123.53,31,Yes,8.771194864949305
ORD03812,2025-05-17,CUST2122,Office Supplies,North,1588.25,0.12,391.79,37,Yes,24.668030851566193
ORD03813,2024-03-11,CUST8579,Home,East,3425.63,0.12,545.06,64,Yes,15.911233846037076
ORD03814,2025-06-26,CUST3516,Home,North,1182.27,0.21,258.25,45,Yes,21.84357211127746
ORD03815,2024-07-31,CUST4637,Electronics,South,746.6,0.11,140.3,43,Yes,18.791856415751408
ORD03816,2025-10-30,CUST5960,Clothing,West,1746.09,0.2,173.86,45,Yes,9.957104158433989
ORD03817,2025-12-03,CUST1379,Electronics,East,4219.83,0.28,634.54,34,No,15.037098650893519
ORD03818,2025-09-08,CUST6384,Electronics,North,4557.28,0.34,391.79,29,No,8.597014008355861
ORD03819,2025-05-26,CUST1314,Electronics,South,2775.44,0.06,329.48,30,Yes,11.871270861557088
ORD03820,2024-04-09,CUST3776,Home,South,2507.4,0.18,368.14,61,Yes,14.682140863045385
ORD03821,2024-06-10,CUST8087,Office Supplies,South,2350.97,0.12,523.72,55,No,22.276762357665135
ORD03822,2025-07-29,CUST3447,Furniture,South,2014.49,0.28,230.05,18,Yes,11.419763811187945
ORD03823,2024-04-01,CUST6018,Clothing,West,3662.65,0.06,577.79,30,Yes,15.775190094603634
ORD03824,2024-08-13,CUST4239,Home,West,452.05,0.34,52.99,20,No,11.722154628912731
ORD03825,2025-07-23,CUST7902,Furniture,South,957.65,0.04,72.15,42,Yes,7.534067770062132
ORD03826,2025-09-01,CUST6821,Home,East,384.25,0.17,19.04,25,No,4.955107351984385
ORD03827,2025-05-30,CUST3825,Home,North,1481.6,0.28,203.81,35,Yes,13.756074514038877
ORD03828,2024-12-08,CUST3570,Office Supplies,South,2424.99,0.15,535.9,34,Yes,22.099060202310113
ORD03829,2024-01-04,CUST6794,Electronics,West,2515.35,0.32,377.03,24,Yes,14.989166517582046
ORD03830,2025-03-20,CUST4768,Clothing,South,1803.74,0.25,244.33,28,No,13.545743843347713
ORD03831,2025-06-04,CUST7529,Clothing,West,2448.87,0.02,263.41,65,Yes,10.756389681771594
ORD03832,2025-06-24,CUST8541,Office Supplies,North,3782.28,0.35,231.57,47,Yes,6.122497541165646
ORD03833,2024-11-08,CUST8738,Clothing,West,2125.66,0.17,109.06,54,Yes,5.130641777142158
ORD03834,2025-09-26,CUST9971,Office Supplies,South,2035.72,0.3,228.54,21,No,11.226494802821605
ORD03835,2025-11-29,CUST1057,Home,South,4410.56,0.33,463.81,40,No,10.515898207937314
ORD03836,2025-09-10,CUST2400,Office Supplies,East,2751.63,0.08,604.41,50,Yes,21.965525888291666
ORD03837,2025-02-07,CUST7195,Electronics,West,3923.83,0.08,312.4,36,Yes,7.961608938205783
ORD03838,2025-01-04,CUST6141,Furniture,East,4210.4,0.02,769.22,58,Yes,18.269523085692573
ORD03839,2024-11-12,CUST3849,Clothing,East,924.81,0.12,137.16,24,Yes,14.831154507412334
ORD03840,2025-06-06,CUST4570,Furniture,North,1567.65,0.3,282.38,23,No,18.012949319044427
ORD03841,2024-06-03,CUST1517,Clothing,East,2924.65,0.35,299.08,22,No,10.226180910536304
ORD03842,2025-11-22,CUST2734,Electronics,North,469.01,0.4,1.7,32,Yes,0.36246561906995584
ORD03843,2024-03-03,CUST4304,Furniture,East,3351.28,0.36,620.83,60,Yes,18.525160535675923
ORD03844,2024-05-07,CUST2579,Clothing,West,1397.0,0.23,131.37,37,Yes,9.403722261989978
ORD03845,2025-05-10,CUST3742,Home,West,989.71,0.2,78.44,58,No,7.9255539501470125
ORD03846,2025-01-04,CUST7395,Home,East,2041.65,0.36,107.72,34,Yes,5.2761247030588
ORD03847,2024-08-22,CUST7301,Electronics,West,2442.83,0.11,509.39,52,Yes,20.852453916154623
ORD03848,2025-07-05,CUST6720,Electronics,South,2495.47,0.38,217.12,25,Yes,8.700565424549284
ORD03849,2025-01-02,CUST9474,Office Supplies,North,3602.64,0.07,603.4,26,No,16.748828636777475
ORD03850,2024-01-19,CUST1889,Furniture,East,3266.14,0.21,406.5,41,No,12.445884132339705
ORD03851,2024-04-29,CUST9046,Home,West,2344.81,0.27,485.46,20,Yes,20.70359645344399
ORD03852,2025-09-04,CUST1076,Furniture,East,4864.9,0.13,1084.08,24,Yes,22.283705728791958
ORD03853,2025-11-19,CUST7569,Office Supplies,East,1765.43,0.32,355.09,39,Yes,20.11351342165931
ORD03854,2024-10-08,CUST4716,Clothing,East,1262.15,0.31,198.76,50,Yes,15.747732044527194
ORD03855,2025-08-21,CUST7705,Clothing,West,4755.23,0.28,585.6,60,Yes,12.314861741703346
ORD03856,2025-11-27,CUST3312,Furniture,North,2050.76,0.09,149.55,44,Yes,7.292418420488015
ORD03857,2024-09-22,CUST4286,Clothing,North,3794.17,0.07,498.02,41,Yes,13.125927409683804
ORD03858,2024-01-08,CUST8482,Electronics,West,4467.7,0.08,676.01,55,Yes,15.131051771605078
ORD03859,2024-04-15,CUST5975,Electronics,North,309.65,0.21,31.95,33,Yes,10.318101081866624
ORD03860,2025-02-23,CUST3176,Furniture,North,2248.48,0.39,425.53,33,No,18.92522948836547
ORD03861,2024-11-07,CUST1108,Home,North,3089.01,0.32,333.75,45,Yes,10.804432488078703
ORD03862,2025-02-27,CUST5781,Office Supplies,North,2562.32,0.25,157.39,39,Yes,6.142480252271378
ORD03863,2025-03-04,CUST9759,Electronics,West,2666.88,0.06,553.99,46,No,20.772963162946965
ORD03864,2025-01-14,CUST6215,Electronics,South,3738.73,0.37,595.97,24,No,15.94043966801561
ORD03865,2024-04-04,CUST7096,Electronics,North,944.98,0.19,172.03,32,Yes,18.204618087155282
ORD03866,2025-02-08,CUST2984,Electronics,North,3087.43,0.29,157.63,65,Yes,5.105540854367549
ORD03867,2025-01-02,CUST1362,Home,East,864.26,0.21,144.14,27,Yes,16.677851572443476
ORD03868,2025-07-20,CUST6058,Electronics,North,715.98,0.33,114.48,18,No,15.989273443392275
ORD03869,2024-05-10,CUST2789,Furniture,North,2114.87,0.34,190.69,33,No,9.016629863774133
ORD03870,2025-06-06,CUST9755,Home,North,788.46,0.06,161.64,55,Yes,20.500722928239856
ORD03871,2024-06-23,CUST6291,Furniture,West,3184.03,0.36,399.69,61,Yes,12.552959614073986
ORD03872,2024-05-03,CUST7834,Electronics,North,3655.45,0.13,267.75,48,Yes,7.32467958801242
ORD03873,2024-09-16,CUST2105,Office Supplies,West,1670.38,0.01,240.15,18,No,14.37696811503969
ORD03874,2024-04-24,CUST8715,Office Supplies,South,3275.35,0.34,253.01,63,Yes,7.724670645885172
ORD03875,2024-09-18,CUST9115,Office Supplies,East,2392.49,0.13,567.79,39,Yes,23.73217860889701
ORD03876,2025-07-06,CUST7775,Furniture,North,4430.11,0.16,718.32,64,Yes,16.214495802587297
ORD03877,2024-01-27,CUST9115,Electronics,South,2732.53,0.14,597.02,47,Yes,21.848616483625065
ORD03878,2024-02-04,CUST9773,Home,South,4130.62,0.36,202.92,18,No,4.912579709583549
ORD03879,2024-10-14,CUST2809,Electronics,North,1987.26,0.22,274.28,19,No,13.80191821905538
ORD03880,2025-08-20,CUST7508,Clothing,West,631.37,0.25,37.8,62,Yes,5.986980692779194
ORD03881,2025-09-30,CUST1078,Home,North,827.57,0.39,147.18,19,No,17.78459828171635
ORD03882,2024-03-06,CUST1110,Office Supplies,East,4632.48,0.19,194.68,61,No,4.202500604427866
ORD03883,2025-09-30,CUST4696,Electronics,South,4867.23,0.36,164.15,64,Yes,3.37255482070911
ORD03884,2025-05-31,CUST7495,Home,East,4377.05,0.01,560.01,35,Yes,12.794233559132293
ORD03885,2025-07-21,CUST9877,Furniture,West,782.45,0.33,148.18,36,Yes,18.937951306792765
ORD03886,2024-01-07,CUST5271,Furniture,West,2108.86,0.28,328.1,20,No,15.558168868488186
ORD03887,2024-03-23,CUST8358,Electronics,North,687.51,0.25,95.0,34,Yes,13.817980829369755
ORD03888,2025-09-04,CUST9359,Electronics,South,1442.52,0.12,218.64,32,Yes,15.15680891772731
ORD03889,2025-06-12,CUST1906,Office Supplies,North,4025.03,0.11,900.21,46,Yes,22.365299140627524
ORD03890,2024-02-22,CUST8754,Furniture,West,3194.86,0.23,667.58,58,Yes,20.895438297765786
ORD03891,2025-01-30,CUST3417,Clothing,West,3417.54,0.16,679.65,27,Yes,19.8871117821591
ORD03892,2024-08-15,CUST3797,Office Supplies,South,2283.71,0.07,383.98,43,Yes,16.81386866108219
ORD03893,2024-07-29,CUST1973,Furniture,West,3080.22,0.37,402.46,65,No,13.065949834752063
ORD03894,2025-12-27,CUST6774,Home,South,4256.29,0.37,9.69,40,No,0.22766305867316372
ORD03895,2025-12-02,CUST7867,Furniture,South,400.06,0.04,34.14,20,Yes,8.533719942008698
ORD03896,2024-07-25,CUST9491,Furniture,North,2308.63,0.01,416.87,44,Yes,18.0570294936824
ORD03897,2025-02-12,CUST9571,Furniture,North,245.07,0.37,20.76,56,Yes,8.47104908801567
ORD03898,2024-02-23,CUST4369,Clothing,South,1338.7,0.09,81.85,64,Yes,6.1141405841488
ORD03899,2025-06-30,CUST2855,Home,South,4695.96,0.15,656.07,55,Yes,13.970945238034396
ORD03900,2024-11-07,CUST1099,Office Supplies,North,4720.13,0.22,583.8,49,No,12.368303415372033
ORD03901,2025-04-29,CUST3506,Home,South,2788.56,0.1,192.79,31,Yes,6.913604154115386
ORD03902,2024-02-05,CUST2112,Clothing,West,971.64,0.11,152.43,48,Yes,15.687909102136594
ORD03903,2025-09-28,CUST8354,Furniture,East,646.2,0.06,105.96,51,No,16.39740018570102
ORD03904,2025-10-09,CUST5914,Office Supplies,South,4120.33,0.09,671.5,51,Yes,16.297238327998002
ORD03905,2024-11-12,CUST4319,Clothing,West,1305.04,0.33,137.7,28,No,10.551400723349476
ORD03906,2025-04-12,CUST5507,Furniture,North,1660.47,0.03,388.56,28,Yes,23.400603443603316
ORD03907,2024-08-08,CUST4629,Clothing,North,956.58,0.02,171.04,29,Yes,17.880365468648726
ORD03908,2025-04-14,CUST2637,Office Supplies,East,2102.2,0.38,233.77,33,Yes,11.120254970982781
ORD03909,2024-06-10,CUST6001,Furniture,West,621.31,0.09,120.18,28,Yes,19.34300107836668
ORD03910,2024-11-29,CUST6661,Office Supplies,West,3561.1,0.22,396.55,45,Yes,11.135604167251692
ORD03911,2025-05-30,CUST7451,Furniture,West,4904.09,0.29,154.27,18,Yes,3.1457416156718168
ORD03912,2024-05-20,CUST8756,Electronics,East,428.68,0.31,9.19,43,Yes,2.1437902398059157
ORD03913,2024-06-26,CUST2983,Office Supplies,South,3524.7,0.26,332.14,33,Yes,9.423213323119699
ORD03914,2024-05-21,CUST3182,Home,South,4076.32,0.33,70.49,32,No,1.7292557993484317
ORD03915,2025-05-30,CUST9628,Office Supplies,South,168.16,0.39,10.36,56,Yes,6.160799238820171
ORD03916,2024-02-26,CUST1572,Home,East,4712.52,0.09,446.46,64,Yes,9.473912047057624
ORD03917,2025-06-24,CUST3767,Home,East,2603.85,0.33,205.77,21,Yes,7.90252894752002
ORD03918,2025-01-29,CUST8899,Electronics,East,853.12,0.25,51.75,46,Yes,6.065969617404351
ORD03919,2024-05-03,CUST9975,Office Supplies,North,839.94,0.35,75.18,18,Yes,8.950639331380813
ORD03920,2024-05-10,CUST5923,Home,North,1142.38,0.05,162.32,39,No,14.208932229205692
ORD03921,2025-07-19,CUST4430,Furniture,West,4710.1,0.15,497.96,25,No,10.572174688435489
ORD03922,2025-04-14,CUST2745,Home,South,2089.08,0.3,284.95,63,Yes,13.639975491603959
ORD03923,2024-02-12,CUST6666,Clothing,West,1316.67,0.05,146.83,62,Yes,11.151617337677626
ORD03924,2025-07-17,CUST7602,Clothing,South,1969.62,0.39,272.37,24,No,13.828555762025163
ORD03925,2024-12-07,CUST8823,Furniture,South,1319.71,0.08,191.83,59,Yes,14.535769222026051
ORD03926,2025-06-12,CUST2835,Clothing,South,2297.2,0.1,162.89,49,Yes,7.090806198850775
ORD03927,2024-01-08,CUST4565,Clothing,North,562.48,0.05,56.65,21,Yes,10.071469207794054
ORD03928,2024-12-15,CUST6553,Clothing,East,3359.98,0.34,78.2,34,Yes,2.3273948059214637
ORD03929,2025-07-09,CUST2165,Electronics,South,1968.1,0.34,393.81,51,Yes,20.0096539809969
ORD03930,2025-02-10,CUST5358,Office Supplies,South,1440.35,0.09,307.12,37,Yes,21.322595202554936
ORD03931,2025-04-19,CUST6903,Office Supplies,North,3253.67,0.13,242.72,51,Yes,7.459883762028724
ORD03932,2024-01-31,CUST5154,Furniture,East,1375.38,0.19,249.85,50,Yes,18.16588869985022
ORD03933,2024-06-03,CUST4945,Home,East,1686.05,0.03,238.21,49,Yes,14.1282880104386
ORD03934,2024-11-26,CUST3820,Home,South,4369.56,0.25,280.9,25,No,6.428564889828723
ORD03935,2025-01-22,CUST7930,Clothing,North,1485.2,0.33,303.07,29,Yes,20.40600592512793
ORD03936,2025-01-07,CUST9504,Home,North,621.73,0.3,17.51,32,Yes,2.816335065060396
ORD03937,2024-05-04,CUST6328,Electronics,North,783.97,0.08,98.28,34,Yes,12.53619398701481
ORD03938,2024-10-26,CUST3775,Electronics,West,3176.79,0.37,30.33,23,No,0.9547373291907869
ORD03939,2025-11-24,CUST9707,Home,West,4539.15,0.18,294.59,54,Yes,6.489981604485422
ORD03940,2024-02-15,CUST4332,Home,East,4727.4,0.09,351.9,55,Yes,7.4438380505140245
ORD03941,2025-11-11,CUST8427,Furniture,South,3953.09,0.28,264.83,45,Yes,6.6993162311002274
ORD03942,2025-07-08,CUST5840,Office Supplies,West,1132.34,0.04,111.45,50,No,9.842450147482205
ORD03943,2025-10-30,CUST8035,Furniture,West,712.33,0.13,155.32,27,Yes,21.804500722979515
ORD03944,2025-05-28,CUST4460,Clothing,South,1228.16,0.32,104.38,30,No,8.498892652423136
ORD03945,2025-02-19,CUST3030,Furniture,West,1462.75,0.13,215.8,40,No,14.753033669458212
ORD03946,2024-10-21,CUST4748,Home,West,3920.35,0.25,854.98,57,Yes,21.808767074368358
ORD03947,2025-09-23,CUST2559,Furniture,West,2695.9,0.26,269.02,28,Yes,9.978856782521605
ORD03948,2024-09-18,CUST1963,Furniture,West,1140.29,0.16,233.49,49,Yes,20.476370046216317
ORD03949,2024-06-03,CUST9884,Electronics,North,4134.23,0.33,572.39,46,Yes,13.845141658785312
ORD03950,2024-12-22,CUST3209,Electronics,East,1151.95,0.26,162.63,60,Yes,14.117800251747036
ORD03951,2024-02-08,CUST9867,Furniture,East,502.45,0.02,132.38,56,Yes,26.34690018907354
ORD03952,2024-10-27,CUST9339,Office Supplies,East,4997.48,0.29,557.69,19,Yes,11.159424349872339
ORD03953,2024-10-29,CUST2611,Furniture,North,2888.32,0.11,720.82,28,Yes,24.956376024817196
ORD03954,2025-05-03,CUST6398,Office Supplies,North,4448.16,0.33,863.24,50,Yes,19.40667601884824
ORD03955,2024-02-11,CUST6520,Electronics,West,4461.14,0.37,815.46,56,Yes,18.279184244385963
ORD03956,2025-07-19,CUST3261,Furniture,West,4869.36,0.27,501.67,24,Yes,10.30258596612286
ORD03957,2025-05-25,CUST4220,Furniture,East,687.29,0.33,97.13,63,Yes,14.132316780398376
ORD03958,2024-12-08,CUST2451,Office Supplies,East,4555.54,0.37,615.71,25,Yes,13.515631516790547
ORD03959,2025-02-08,CUST5962,Electronics,East,1926.74,0.13,116.99,34,No,6.071914217797938
ORD03960,2024-01-22,CUST2009,Electronics,West,4711.24,0.03,1047.58,61,Yes,22.235759587709392
ORD03961,2024-05-27,CUST7367,Electronics,West,3778.63,0.07,257.53,35,No,6.815433106707985
ORD03962,2024-09-09,CUST2370,Clothing,North,1323.69,0.25,194.53,49,Yes,14.696039102811081
ORD03963,2025-12-14,CUST9271,Home,East,1738.68,0.21,156.7,22,Yes,9.012584259323164
ORD03964,2024-05-07,CUST3351,Home,West,4722.99,0.31,224.31,19,No,4.749321933775003
ORD03965,2025-05-10,CUST9613,Furniture,East,584.83,0.06,119.93,31,No,20.506813945933004
ORD03966,2024-09-01,CUST7366,Electronics,North,3490.63,0.14,760.18,32,No,21.77773066752993
ORD03967,2025-02-02,CUST9818,Electronics,South,3738.86,0.15,705.24,39,Yes,18.862434003947726
ORD03968,2024-05-06,CUST9116,Furniture,South,194.49,0.25,12.13,35,Yes,6.23682451539925
ORD03969,2025-10-23,CUST9623,Furniture,West,1203.42,0.03,303.76,38,Yes,25.241395356567114
ORD03970,2024-03-25,CUST9017,Furniture,North,3415.72,0.1,693.71,52,Yes,20.30933448877543
ORD03971,2025-09-30,CUST4105,Electronics,North,852.76,0.34,77.79,54,Yes,9.122144565880202
ORD03972,2024-04-18,CUST3274,Electronics,North,2952.22,0.29,612.33,24,Yes,20.741340415009724
ORD03973,2024-06-22,CUST1483,Home,South,2923.52,0.33,575.04,65,Yes,19.669439579684763
ORD03974,2024-11-14,CUST8951,Home,West,2208.49,0.31,450.85,48,Yes,20.414400789679828
ORD03975,2025-12-30,CUST8871,Clothing,East,3099.13,0.13,165.1,47,Yes,5.327301533010877
ORD03976,2025-04-06,CUST3020,Furniture,North,2899.57,0.05,454.01,38,No,15.657838920943448
ORD03977,2025-06-10,CUST7590,Furniture,West,1275.44,0.34,53.31,35,No,4.179734052562253
ORD03978,2025-01-21,CUST4964,Clothing,East,3824.59,0.24,448.46,52,No,11.725701317003914
ORD03979,2024-08-31,CUST9282,Home,North,4633.38,0.09,562.76,20,No,12.145776949009147
ORD03980,2024-09-12,CUST5314,Furniture,South,4367.02,0.08,724.97,39,Yes,16.60102312331979
ORD03981,2025-09-20,CUST6583,Home,East,3155.57,0.06,285.25,29,No,9.039571297737018
ORD03982,2025-05-04,CUST2327,Clothing,East,625.46,0.39,106.46,56,Yes,17.021072490646883
ORD03983,2024-09-01,CUST3342,Office Supplies,East,4004.63,0.04,351.95,24,Yes,8.78857722186569
ORD03984,2024-10-20,CUST7566,Electronics,West,3373.07,0.14,684.5,42,Yes,20.293086120359195
ORD03985,2025-01-31,CUST9850,Office Supplies,South,156.8,0.1,34.96,65,Yes,22.295918367346935
ORD03986,2024-05-14,CUST9303,Furniture,East,3091.16,0.02,697.79,20,Yes,22.573726368094825
ORD03987,2025-04-13,CUST1837,Furniture,East,3798.72,0.15,703.7,21,Yes,18.524660938421363
ORD03988,2025-09-30,CUST9664,Clothing,West,1192.39,0.39,164.91,21,No,13.830206559934249
ORD03989,2024-01-06,CUST5080,Clothing,South,2490.73,0.22,381.12,39,Yes,15.301538103286989
ORD03990,2025-03-11,CUST3820,Electronics,East,3665.6,0.18,448.48,35,No,12.234831951113053
ORD03991,2025-11-18,CUST4625,Furniture,South,1331.65,0.27,225.14,19,No,16.90684489167574
ORD03992,2025-01-31,CUST6518,Furniture,West,3784.72,0.04,342.09,57,Yes,9.038713564015303
ORD03993,2025-06-13,CUST6183,Home,North,3024.16,0.37,40.62,18,Yes,1.3431829003756415
ORD03994,2024-10-15,CUST4070,Home,East,267.18,0.33,22.32,43,Yes,8.353918706490008
ORD03995,2025-04-25,CUST7992,Office Supplies,West,3319.77,0.32,356.39,42,Yes,10.735382270458494
ORD03996,2025-11-21,CUST8976,Clothing,South,4980.12,0.36,938.66,29,No,18.848140205456897
ORD03997,2024-05-19,CUST9603,Home,East,1017.29,0.02,78.0,57,Yes,7.6674301330004235
ORD03998,2025-05-10,CUST4121,Electronics,West,1786.92,0.1,185.15,56,Yes,10.361403980032682
ORD03999,2024-04-23,CUST1027,Furniture,East,2826.03,0.08,332.14,30,Yes,11.752883019642395
ORD04000,2024-03-15,CUST5935,Electronics,East,510.4,0.05,87.26,28,No,17.09639498432602
ORD04001,2025-06-10,CUST1464,Office Supplies,West,3902.79,0.14,419.59,56,No,10.75102682952452
ORD04002,2024-08-20,CUST6390,Furniture,East,3269.31,0.18,639.97,49,Yes,19.575078533390837
ORD04003,2024-04-20,CUST1085,Clothing,North,2324.31,0.22,311.85,23,Yes,13.416885011035534
ORD04004,2024-09-12,CUST9614,Home,West,307.36,0.1,63.4,31,Yes,20.627277459656426
ORD04005,2024-06-02,CUST4739,Home,South,899.89,0.19,171.18,36,Yes,19.022324950827326
ORD04006,2024-06-11,CUST8697,Home,East,4037.04,0.14,847.44,55,No,20.991617620831104
ORD04007,2024-11-16,CUST9698,Office Supplies,North,4404.81,0.36,427.1,33,Yes,9.696218452101226
ORD04008,2025-03-13,CUST7276,Furniture,South,925.28,0.05,200.65,21,Yes,21.685327684592774
ORD04009,2025-08-15,CUST1786,Office Supplies,West,3148.43,0.0,852.28,60,Yes,27.06999996823814
ORD04010,2024-02-05,CUST5111,Office Supplies,West,4795.11,0.15,663.6,55,Yes,13.839098581680087
ORD04011,2024-04-20,CUST5341,Clothing,North,2844.09,0.38,178.67,48,No,6.28215000228544
ORD04012,2025-09-15,CUST2410,Clothing,East,3141.77,0.17,645.05,52,Yes,20.531420186710037
ORD04013,2025-01-11,CUST9021,Home,North,3301.13,0.07,416.33,64,Yes,12.611742039846959
ORD04014,2025-03-20,CUST1546,Home,East,2610.29,0.09,369.96,23,Yes,14.17313785058365
ORD04015,2024-07-06,CUST8955,Furniture,East,4126.08,0.33,731.09,33,No,17.71875484721576
ORD04016,2025-08-19,CUST9226,Furniture,North,477.71,0.38,61.65,26,Yes,12.905319126666805
ORD04017,2024-05-04,CUST8146,Clothing,West,2281.66,0.23,496.55,26,No,21.762664025314905
ORD04018,2025-09-24,CUST4740,Office Supplies,West,4033.72,0.16,652.61,56,No,16.17886219172377
ORD04019,2024-03-21,CUST4750,Home,West,4157.17,0.01,1039.73,32,Yes,25.010523986269504
ORD04020,2024-10-21,CUST5442,Office Supplies,West,723.0,0.12,144.19,18,Yes,19.9432918395574
ORD04021,2024-09-07,CUST7432,Clothing,South,4780.05,0.09,336.31,30,Yes,7.035700463384274
ORD04022,2024-08-23,CUST8308,Home,South,1909.95,0.3,181.63,30,Yes,9.509673028089741
ORD04023,2025-09-09,CUST7289,Furniture,North,3369.7,0.07,422.62,24,Yes,12.541769296970056
ORD04024,2025-06-16,CUST7486,Furniture,West,356.1,0.28,75.7,58,Yes,21.25807357483853
ORD04025,2025-05-27,CUST6589,Furniture,West,3087.49,0.26,120.82,55,Yes,3.9132110549345906
ORD04026,2025-10-24,CUST8723,Furniture,West,1949.77,0.35,120.83,32,Yes,6.197141201269893
ORD04027,2025-03-09,CUST5868,Clothing,North,3203.22,0.38,102.78,51,No,3.2086462996609666
ORD04028,2024-10-04,CUST1958,Office Supplies,East,2346.76,0.05,394.99,44,Yes,16.831290800934052
ORD04029,2025-10-08,CUST8726,Clothing,West,2623.4,0.16,539.27,27,Yes,20.556148509567734
ORD04030,2024-01-31,CUST9261,Furniture,North,4135.8,0.01,595.87,31,Yes,14.40761158663378
ORD04031,2025-09-06,CUST2230,Furniture,South,943.0,0.38,88.86,26,No,9.423117709437964
ORD04032,2025-02-07,CUST4600,Office Supplies,South,4412.13,0.29,109.74,19,Yes,2.4872340570200784
ORD04033,2025-06-08,CUST5113,Home,South,4769.49,0.15,298.45,62,Yes,6.257482456195526
ORD04034,2025-09-27,CUST6152,Clothing,South,4950.88,0.38,868.43,47,Yes,17.54092201790389
ORD04035,2024-02-18,CUST7152,Clothing,North,1109.53,0.37,139.06,34,Yes,12.533234793110598
ORD04036,2024-06-08,CUST5902,Office Supplies,South,1245.49,0.01,136.86,58,Yes,10.988446314302003
ORD04037,2025-04-23,CUST3836,Electronics,East,1330.46,0.29,270.87,62,No,20.359123912030423
ORD04038,2024-04-25,CUST1126,Electronics,South,3166.97,0.01,308.93,54,Yes,9.754749808176271
ORD04039,2024-06-27,CUST3831,Electronics,West,2467.61,0.38,339.77,29,Yes,13.76919367323037
ORD04040,2025-07-31,CUST8771,Electronics,West,1204.11,0.35,124.79,55,No,10.363671093172552
ORD04041,2024-02-10,CUST7298,Office Supplies,South,2296.02,0.08,543.12,50,Yes,23.65484621214101
ORD04042,2025-07-16,CUST8126,Office Supplies,West,286.4,0.38,3.43,53,No,1.1976256983240225
ORD04043,2025-11-16,CUST1428,Clothing,East,252.18,0.33,51.38,23,Yes,20.37433579189468
ORD04044,2024-11-14,CUST7238,Furniture,West,2652.9,0.13,305.15,64,No,11.50250669079121
ORD04045,2025-12-25,CUST9194,Office Supplies,East,3169.11,0.25,172.38,40,Yes,5.439382034703749
ORD04046,2025-12-09,CUST3673,Office Supplies,West,1335.58,0.36,30.04,57,Yes,2.249210081013492
ORD04047,2025-09-11,CUST8134,Clothing,South,3065.61,0.03,230.18,31,Yes,7.508456718238785
ORD04048,2025-08-01,CUST3702,Electronics,North,4934.74,0.25,338.03,44,Yes,6.850006281992567
ORD04049,2025-10-08,CUST7309,Furniture,West,189.3,0.0,27.76,28,No,14.664553618594823
ORD04050,2025-07-07,CUST2923,Furniture,West,4974.67,0.34,784.81,29,Yes,15.776121833207025
ORD04051,2025-02-12,CUST6967,Clothing,West,4674.3,0.21,793.91,60,Yes,16.984575230515798
ORD04052,2024-09-16,CUST9791,Home,East,1761.81,0.34,310.95,43,No,17.649462768402948
ORD04053,2024-12-31,CUST7264,Home,North,3251.1,0.15,771.69,33,Yes,23.7362738765341
ORD04054,2025-11-12,CUST5812,Electronics,South,3880.3,0.09,943.73,52,Yes,24.321057650181686
ORD04055,2024-04-13,CUST3407,Furniture,South,1190.03,0.05,304.25,59,No,25.56658235506668
ORD04056,2024-09-20,CUST8476,Clothing,West,700.94,0.18,102.34,50,Yes,14.600393756954947
ORD04057,2025-03-12,CUST1826,Furniture,East,2164.41,0.09,513.04,35,Yes,23.703457293211542
ORD04058,2024-03-06,CUST1440,Home,North,2877.34,0.04,415.33,62,No,14.434512431620872
ORD04059,2024-01-06,CUST3319,Home,North,1484.45,0.08,214.13,49,No,14.424871164404324
ORD04060,2024-11-15,CUST9170,Office Supplies,East,3706.05,0.2,532.13,18,Yes,14.35841394476599
ORD04061,2024-06-26,CUST5010,Furniture,South,1549.89,0.21,197.06,63,No,12.714450702953112
ORD04062,2024-02-18,CUST6187,Clothing,East,656.85,0.02,134.96,63,Yes,20.546547918093932
ORD04063,2025-07-25,CUST7878,Electronics,West,1840.44,0.27,148.33,41,Yes,8.059485775140727
ORD04064,2024-04-22,CUST5364,Clothing,West,1504.23,0.38,106.33,34,Yes,7.068732840057704
ORD04065,2025-05-11,CUST6186,Furniture,West,2543.58,0.34,19.56,38,Yes,0.7689948812303918
ORD04066,2025-11-30,CUST1337,Electronics,North,1211.31,0.13,176.04,64,Yes,14.533026227802956
ORD04067,2025-05-22,CUST8944,Furniture,East,3827.67,0.17,725.9,57,Yes,18.964539785300193
ORD04068,2025-06-20,CUST2855,Office Supplies,South,3978.2,0.09,330.4,34,No,8.305263687094666
ORD04069,2025-10-29,CUST6708,Office Supplies,East,903.24,0.1,55.65,50,Yes,6.1611531818785705
ORD04070,2025-11-05,CUST3603,Electronics,East,3022.13,0.24,246.16,53,Yes,8.145248549863837
ORD04071,2025-11-19,CUST6837,Furniture,East,2564.69,0.17,185.2,37,Yes,7.2211456355348975
ORD04072,2024-10-04,CUST6378,Electronics,West,778.08,0.26,37.72,65,No,4.847830557269175
ORD04073,2024-07-15,CUST3534,Office Supplies,West,920.42,0.11,55.91,51,No,6.074400817018318
ORD04074,2024-10-02,CUST7372,Furniture,East,2943.2,0.28,231.54,26,Yes,7.866947540092417
ORD04075,2025-10-08,CUST1696,Home,North,2770.49,0.18,482.95,60,Yes,17.431934423152583
ORD04076,2025-07-16,CUST2217,Office Supplies,East,3925.19,0.13,801.37,33,Yes,20.416081769290148
ORD04077,2024-10-09,CUST1326,Furniture,East,2190.04,0.4,399.88,56,No,18.259027232379317
ORD04078,2024-06-08,CUST3568,Furniture,East,397.41,0.19,19.25,57,Yes,4.843864019526433
ORD04079,2025-07-10,CUST6424,Home,East,1379.67,0.02,262.29,18,Yes,19.01106786405445
ORD04080,2025-11-13,CUST1324,Furniture,South,3342.95,0.4,90.06,52,Yes,2.694027729998953
ORD04081,2024-09-08,CUST4642,Clothing,East,1480.4,0.26,191.77,18,No,12.953931369900026
ORD04082,2025-12-11,CUST1705,Furniture,West,876.59,0.12,180.73,58,Yes,20.61739239553269
ORD04083,2025-07-20,CUST4731,Home,North,1130.02,0.01,238.92,30,Yes,21.142988619670447
ORD04084,2024-12-15,CUST6613,Electronics,South,1813.58,0.12,403.14,36,Yes,22.22896150156045
ORD04085,2024-04-06,CUST8974,Home,North,3342.43,0.03,409.0,40,Yes,12.23660630140347
ORD04086,2025-10-11,CUST8699,Electronics,South,751.32,0.1,129.63,59,Yes,17.25363360485545
ORD04087,2024-07-03,CUST5761,Furniture,East,3699.2,0.21,602.21,50,Yes,16.27946583044983
ORD04088,2024-05-22,CUST8994,Furniture,South,2818.37,0.02,258.69,46,Yes,9.178709679708485
ORD04089,2025-01-07,CUST5970,Electronics,North,686.53,0.24,56.26,45,Yes,8.194834894323627
ORD04090,2025-08-05,CUST6888,Electronics,South,3348.37,0.29,236.46,18,No,7.061943572544253
ORD04091,2025-04-27,CUST7371,Electronics,South,1542.53,0.28,289.54,37,Yes,18.770461514524843
ORD04092,2025-10-05,CUST8945,Clothing,East,4776.85,0.1,375.23,40,Yes,7.855176528465411
ORD04093,2025-06-19,CUST5837,Electronics,South,2886.4,0.09,568.34,62,Yes,19.690271618625278
ORD04094,2025-08-20,CUST7444,Clothing,East,3253.95,0.35,274.94,20,Yes,8.449423008958343
ORD04095,2024-04-01,CUST5478,Home,West,2634.57,0.32,416.12,58,Yes,15.794607848719144
ORD04096,2025-10-22,CUST2782,Clothing,East,1832.92,0.36,153.81,44,Yes,8.391528271828557
ORD04097,2024-12-18,CUST5627,Electronics,West,4527.06,0.34,424.28,63,No,9.37208696151586
ORD04098,2024-03-29,CUST7138,Clothing,East,3353.99,0.33,175.83,60,No,5.242412768076232
ORD04099,2025-09-29,CUST9699,Clothing,North,4124.75,0.15,723.82,37,No,17.54821504333596
ORD04100,2025-11-10,CUST3816,Furniture,East,4193.45,0.3,545.1,47,Yes,12.998843434403653
ORD04101,2024-04-10,CUST1408,Electronics,North,382.8,0.17,60.46,35,Yes,15.794148380355278
ORD04102,2025-02-24,CUST5699,Home,South,1719.4,0.01,446.38,38,Yes,25.96138187739909
ORD04103,2024-10-30,CUST2225,Furniture,East,3530.66,0.01,368.91,28,Yes,10.44875462378139
ORD04104,2024-04-17,CUST6979,Furniture,East,1997.31,0.33,271.06,22,No,13.571253335736566
ORD04105,2025-05-25,CUST8083,Electronics,South,3575.29,0.39,35.05,18,No,0.9803400563310947
ORD04106,2025-11-24,CUST3932,Furniture,West,2113.41,0.19,152.76,64,Yes,7.228128948003463
ORD04107,2024-04-15,CUST1862,Office Supplies,West,3568.87,0.04,362.09,34,Yes,10.14578844284045
ORD04108,2024-11-30,CUST3231,Home,North,3450.88,0.07,431.08,42,Yes,12.491886127596437
ORD04109,2024-11-12,CUST2605,Clothing,South,4067.5,0.0,642.87,39,Yes,15.805039950829746
ORD04110,2024-09-18,CUST1037,Clothing,West,4434.75,0.01,1122.24,45,Yes,25.3055978352782
ORD04111,2025-10-04,CUST5352,Office Supplies,North,2588.13,0.03,401.4,47,Yes,15.509267308829152
ORD04112,2025-05-01,CUST6801,Clothing,West,1486.18,0.25,161.27,28,Yes,10.851310070112637
ORD04113,2024-10-18,CUST7638,Furniture,North,4694.21,0.04,798.62,24,No,17.01287330562544
ORD04114,2025-07-10,CUST9281,Clothing,East,1315.02,0.31,223.53,28,Yes,16.998220559383128
ORD04115,2024-07-27,CUST7970,Office Supplies,North,1684.41,0.16,81.06,37,Yes,4.812367535220048
ORD04116,2024-04-08,CUST5827,Furniture,East,2246.04,0.37,410.96,51,Yes,18.2970917704048
ORD04117,2024-05-03,CUST1397,Electronics,North,2096.9,0.24,149.42,48,Yes,7.125757069960417
ORD04118,2025-04-05,CUST7153,Office Supplies,North,3853.11,0.38,129.71,51,No,3.3663715803597616
ORD04119,2024-09-14,CUST7414,Office Supplies,South,4994.89,0.39,326.44,52,Yes,6.535479259803519
ORD04120,2024-08-01,CUST2357,Office Supplies,East,2245.17,0.34,399.11,33,Yes,17.776382189321968
ORD04121,2025-10-17,CUST9810,Office Supplies,South,2112.35,0.24,374.7,20,Yes,17.73853764764362
ORD04122,2025-07-07,CUST6999,Electronics,West,589.82,0.3,44.66,33,Yes,7.571801566579634
ORD04123,2024-02-18,CUST4024,Clothing,East,849.09,0.19,70.41,37,No,8.292407165318163
ORD04124,2024-04-13,CUST8530,Clothing,West,194.96,0.32,31.75,47,No,16.28539187525646
ORD04125,2024-02-12,CUST1793,Office Supplies,East,830.77,0.28,105.23,54,Yes,12.666562345775606
ORD04126,2025-10-18,CUST8202,Clothing,West,4073.5,0.31,841.55,53,No,20.65913833312876
ORD04127,2024-12-22,CUST6353,Electronics,North,1083.51,0.09,211.77,32,Yes,19.54481269208406
ORD04128,2025-12-23,CUST2441,Furniture,South,3535.22,0.29,724.31,50,No,20.488399590407386
ORD04129,2025-06-05,CUST5511,Clothing,East,2308.35,0.05,222.3,21,Yes,9.630255377217493
ORD04130,2024-04-05,CUST9315,Home,South,3697.48,0.14,540.57,36,Yes,14.619957376375261
ORD04131,2024-08-28,CUST4065,Electronics,North,1275.39,0.32,39.85,26,Yes,3.1245344561271455
ORD04132,2024-11-01,CUST3378,Furniture,North,2014.25,0.35,248.29,58,Yes,12.326672458731537
ORD04133,2024-03-14,CUST6872,Home,East,3768.98,0.03,936.88,43,Yes,24.857653794925948
ORD04134,2025-11-12,CUST1705,Electronics,East,2165.2,0.36,51.81,39,No,2.3928505449842974
ORD04135,2024-07-06,CUST5639,Office Supplies,North,3682.78,0.04,538.03,18,Yes,14.609344028152643
ORD04136,2024-09-24,CUST2665,Home,East,4735.88,0.17,475.96,63,Yes,10.050085728523527
ORD04137,2025-08-16,CUST4749,Clothing,East,4839.52,0.03,880.58,46,No,18.195606175819087
ORD04138,2024-08-18,CUST1103,Clothing,North,3743.71,0.33,523.71,48,Yes,13.989064323892611
ORD04139,2024-11-08,CUST6040,Home,South,4937.9,0.29,165.68,31,Yes,3.355272484254441
ORD04140,2025-05-06,CUST1072,Office Supplies,South,3549.89,0.32,314.65,38,Yes,8.863654930152764
ORD04141,2025-02-25,CUST3503,Clothing,North,3547.58,0.25,148.98,43,Yes,4.19948246410229
ORD04142,2025-07-26,CUST1936,Clothing,West,3243.8,0.27,249.12,38,No,7.6798816203218445
ORD04143,2024-05-13,CUST9464,Clothing,East,411.1,0.16,33.18,29,No,8.07102894672829
ORD04144,2024-01-28,CUST5338,Furniture,South,4023.43,0.12,1005.37,45,Yes,24.98788347255948
ORD04145,2025-10-20,CUST4256,Office Supplies,East,3728.51,0.13,667.53,47,Yes,17.903398408479525
ORD04146,2025-06-25,CUST3941,Office Supplies,South,1052.96,0.16,86.77,31,No,8.240578939370916
ORD04147,2025-07-05,CUST5373,Electronics,West,345.89,0.16,72.99,57,No,21.10208447772413
ORD04148,2024-11-28,CUST5576,Home,South,4561.36,0.08,304.96,30,Yes,6.685725309995265
ORD04149,2024-08-01,CUST7199,Furniture,South,4913.83,0.25,618.65,28,Yes,12.589975640182912
ORD04150,2024-05-19,CUST4724,Furniture,East,1065.53,0.03,78.24,52,Yes,7.3428246975683455
ORD04151,2024-08-21,CUST5744,Clothing,East,4896.99,0.07,687.28,53,Yes,14.034743791594428
ORD04152,2025-05-02,CUST3524,Electronics,West,1232.38,0.23,277.24,26,Yes,22.496307956961324
ORD04153,2024-01-30,CUST7068,Home,East,4312.8,0.05,1119.38,61,Yes,25.954832127620108
ORD04154,2025-01-20,CUST2647,Clothing,West,2980.03,0.39,247.74,58,Yes,8.313339127458448
ORD04155,2025-05-28,CUST5350,Office Supplies,West,2859.22,0.14,540.63,27,Yes,18.90830366323683
ORD04156,2024-01-14,CUST8980,Clothing,South,694.82,0.02,173.89,48,Yes,25.02662560087504
ORD04157,2025-08-17,CUST5002,Clothing,South,3020.28,0.05,398.27,42,Yes,13.186525752579229
ORD04158,2024-05-15,CUST9733,Furniture,North,4930.49,0.05,1013.94,50,Yes,20.564690324896716
ORD04159,2025-12-08,CUST7500,Furniture,South,3450.13,0.14,452.24,38,Yes,13.107911875784389
ORD04160,2025-10-09,CUST3068,Clothing,East,1283.95,0.28,66.87,28,Yes,5.20814673468593
ORD04161,2025-08-06,CUST6456,Furniture,West,2823.67,0.36,539.08,43,No,19.091466070751896
ORD04162,2024-03-23,CUST4639,Clothing,North,1531.33,0.08,286.91,36,No,18.736000731390362
ORD04163,2024-08-30,CUST4844,Electronics,South,3301.64,0.34,270.18,24,Yes,8.183205921905477
ORD04164,2024-01-18,CUST7820,Furniture,East,526.18,0.14,38.68,49,No,7.3510965829183945
ORD04165,2025-05-25,CUST9141,Office Supplies,West,1190.8,0.26,227.17,48,Yes,19.0770910312395
ORD04166,2024-06-19,CUST3652,Furniture,West,1422.08,0.24,322.33,53,No,22.666094734473447
ORD04167,2024-12-15,CUST5669,Furniture,West,1791.15,0.12,99.5,19,Yes,5.555090305111241
ORD04168,2024-11-18,CUST6804,Electronics,West,1935.91,0.15,299.55,42,Yes,15.473343285586624
ORD04169,2024-11-15,CUST8812,Clothing,East,1893.81,0.28,365.53,65,No,19.301302664998072
ORD04170,2025-03-26,CUST6579,Office Supplies,East,1536.58,0.12,164.8,43,Yes,10.725116817868253
ORD04171,2025-08-05,CUST3105,Furniture,West,4933.92,0.21,661.69,49,Yes,13.411040308720047
ORD04172,2024-04-22,CUST4029,Clothing,South,2834.89,0.29,205.29,32,Yes,7.241550818550278
ORD04173,2025-01-21,CUST9344,Electronics,South,1616.07,0.0,409.19,48,Yes,25.320066581274325
ORD04174,2024-11-28,CUST1631,Office Supplies,South,3075.74,0.29,268.82,51,Yes,8.740010534050342
ORD04175,2025-11-26,CUST9422,Clothing,North,1476.98,0.04,121.48,23,Yes,8.224891332313234
ORD04176,2025-06-09,CUST4040,Furniture,East,2879.81,0.31,410.67,31,Yes,14.26031578472191
ORD04177,2025-01-28,CUST9947,Office Supplies,South,278.94,0.36,16.85,62,No,6.040725604072561
ORD04178,2024-11-04,CUST3714,Office Supplies,South,3908.93,0.26,504.06,30,Yes,12.895088937381841
ORD04179,2025-08-20,CUST7033,Clothing,West,3482.49,0.39,416.45,38,No,11.958397583338359
ORD04180,2024-07-26,CUST9905,Furniture,West,3804.75,0.2,872.27,22,Yes,22.925816413693408
ORD04181,2024-01-21,CUST1266,Clothing,North,2137.02,0.28,298.06,49,Yes,13.947459546471256
ORD04182,2024-10-19,CUST4647,Furniture,North,4339.93,0.07,973.96,35,Yes,22.441836619484647
ORD04183,2024-01-15,CUST7171,Furniture,South,1113.99,0.39,1.48,58,No,0.13285577069812116
ORD04184,2024-01-15,CUST8736,Office Supplies,East,2770.62,0.01,647.22,55,Yes,23.36011434263811
ORD04185,2025-11-26,CUST6458,Electronics,North,4332.87,0.01,1154.89,55,Yes,26.654157636855018
ORD04186,2025-07-16,CUST7421,Office Supplies,East,3792.42,0.19,180.41,30,No,4.757120783035634
ORD04187,2025-12-10,CUST5588,Furniture,West,1741.11,0.15,309.75,27,No,17.790375105536125
ORD04188,2024-09-14,CUST5992,Furniture,West,1848.81,0.25,191.74,49,No,10.370995397039177
ORD04189,2025-12-11,CUST9688,Clothing,South,1739.32,0.34,271.36,41,No,15.601499436561417
ORD04190,2025-06-01,CUST8639,Office Supplies,West,1487.61,0.26,320.59,63,Yes,21.550675244183623
ORD04191,2024-01-16,CUST4669,Clothing,West,1757.69,0.12,394.9,64,Yes,22.46698792164716
ORD04192,2025-11-09,CUST8835,Electronics,South,2377.7,0.34,311.12,59,No,13.084913992513775
ORD04193,2024-02-23,CUST1386,Electronics,North,2454.43,0.12,505.19,65,Yes,20.582782967939607
ORD04194,2024-02-02,CUST9330,Furniture,South,4257.91,0.2,889.44,19,Yes,20.88912165827836
ORD04195,2024-12-25,CUST2570,Furniture,South,2347.39,0.22,384.56,50,Yes,16.382450295860508
ORD04196,2025-03-01,CUST4149,Home,North,4521.54,0.17,642.3,22,Yes,14.20533711965392
ORD04197,2025-09-02,CUST7541,Home,East,2411.67,0.37,345.04,61,Yes,14.307098400693297
ORD04198,2025-06-03,CUST4252,Clothing,South,2553.44,0.37,154.32,57,Yes,6.043611755122501
ORD04199,2025-01-29,CUST6708,Clothing,North,1035.9,0.31,198.52,32,No,19.1640119702674
ORD04200,2025-05-21,CUST3370,Office Supplies,South,1993.22,0.1,237.29,65,No,11.904857466812494
ORD04201,2024-01-31,CUST1641,Office Supplies,West,4532.04,0.28,427.91,28,Yes,9.441884890689403
ORD04202,2024-02-24,CUST9996,Electronics,South,1703.17,0.23,320.68,60,Yes,18.828419946335362
ORD04203,2025-06-06,CUST9959,Clothing,North,442.93,0.1,84.2,28,Yes,19.009775811076242
ORD04204,2025-07-15,CUST1578,Electronics,North,156.37,0.09,35.21,24,Yes,22.517106861930035
ORD04205,2025-09-01,CUST6403,Clothing,South,1254.68,0.29,187.23,58,Yes,14.92253004750215
ORD04206,2024-07-15,CUST6406,Electronics,South,2191.33,0.3,281.72,28,Yes,12.856119343047375
ORD04207,2025-03-25,CUST5243,Electronics,South,2685.57,0.09,469.48,24,Yes,17.48157746772566
ORD04208,2024-12-29,CUST8786,Furniture,West,3529.1,0.17,341.55,27,Yes,9.678104899266101
ORD04209,2025-06-27,CUST9323,Home,East,4751.83,0.08,981.66,58,Yes,20.658567330901988
ORD04210,2025-01-11,CUST9065,Clothing,South,1334.64,0.38,92.03,57,Yes,6.895492417430918
ORD04211,2025-11-28,CUST5199,Electronics,East,4059.21,0.25,461.7,26,Yes,11.374134375900729
ORD04212,2024-10-06,CUST7284,Office Supplies,East,4453.93,0.04,398.05,21,Yes,8.937051098692615
ORD04213,2025-09-18,CUST2911,Furniture,West,532.58,0.08,42.48,29,Yes,7.976266476397911
ORD04214,2024-05-25,CUST4898,Electronics,South,518.5,0.01,74.93,48,Yes,14.451301832208294
ORD04215,2025-08-06,CUST6721,Clothing,North,3107.62,0.02,699.97,63,Yes,22.524311209221207
ORD04216,2024-09-01,CUST5988,Clothing,North,2171.12,0.34,98.18,60,Yes,4.5220899812078565
ORD04217,2025-04-20,CUST4290,Office Supplies,North,2005.99,0.29,197.8,23,Yes,9.860467898643563
ORD04218,2025-01-21,CUST2900,Electronics,West,2833.6,0.17,272.19,55,Yes,9.605801806888763
ORD04219,2025-09-06,CUST1713,Clothing,South,4650.23,0.03,536.79,44,Yes,11.543300008816768
ORD04220,2024-01-09,CUST6638,Electronics,South,4638.19,0.02,1140.03,18,Yes,24.579200075891674
ORD04221,2024-10-25,CUST9327,Home,North,692.76,0.32,112.88,22,Yes,16.294243316588716
ORD04222,2024-02-07,CUST8547,Electronics,North,2259.89,0.14,543.01,61,Yes,24.028160662687124
ORD04223,2024-06-22,CUST3479,Clothing,West,3400.65,0.16,474.11,52,Yes,13.941746430829399
ORD04224,2024-04-08,CUST3771,Home,South,575.4,0.4,25.93,59,No,4.5064303093500175
ORD04225,2024-02-16,CUST7014,Clothing,East,1418.58,0.29,110.93,44,No,7.819791622608525
ORD04226,2025-04-14,CUST9674,Furniture,North,1157.18,0.03,177.8,54,Yes,15.364938903195698
ORD04227,2025-06-03,CUST5235,Office Supplies,East,2775.43,0.04,571.7,57,Yes,20.598609945125624
ORD04228,2025-10-22,CUST2476,Home,West,843.06,0.24,29.57,23,Yes,3.507460916186274
ORD04229,2024-09-09,CUST1560,Home,North,2132.25,0.32,371.7,39,No,17.432289834681676
ORD04230,2024-05-19,CUST9550,Office Supplies,South,469.73,0.06,45.05,59,Yes,9.590615885721583
ORD04231,2025-05-24,CUST3607,Electronics,North,2347.14,0.17,546.21,32,No,23.271300391114295
ORD04232,2024-10-27,CUST3424,Clothing,East,2203.16,0.26,216.5,39,No,9.826794240999293
ORD04233,2024-09-03,CUST2908,Furniture,North,2187.88,0.18,93.35,42,Yes,4.266687386876793
ORD04234,2024-08-21,CUST3535,Office Supplies,South,2801.6,0.39,366.85,24,Yes,13.094303255282696
ORD04235,2025-12-21,CUST3269,Home,West,2263.34,0.24,76.04,63,Yes,3.3596366431910365
ORD04236,2024-05-19,CUST7890,Clothing,South,3674.87,0.36,59.16,65,No,1.609852865543543
ORD04237,2025-09-13,CUST7516,Electronics,West,4069.34,0.36,81.45,24,Yes,2.0015530774032153
ORD04238,2025-08-16,CUST2033,Electronics,West,1687.89,0.23,327.33,21,Yes,19.392851429891756
ORD04239,2024-11-20,CUST7427,Clothing,East,4198.08,0.09,1021.18,63,Yes,24.3249294915771
ORD04240,2024-02-22,CUST5676,Office Supplies,West,3762.86,0.04,921.92,59,No,24.50051290773507
ORD04241,2025-05-29,CUST1304,Office Supplies,West,1970.51,0.23,99.29,57,No,5.038797062689355
ORD04242,2025-04-12,CUST8503,Furniture,West,4160.58,0.26,185.16,24,Yes,4.450341058217845
ORD04243,2024-07-05,CUST8886,Office Supplies,South,1123.09,0.23,107.58,35,No,9.578929560409229
ORD04244,2024-08-15,CUST1971,Clothing,South,2225.6,0.02,496.89,63,No,22.326114306254492
ORD04245,2025-01-10,CUST9135,Furniture,West,4859.38,0.1,727.93,21,Yes,14.979894554449332
ORD04246,2025-11-21,CUST8585,Electronics,West,3396.27,0.38,267.96,18,No,7.8898320804883
ORD04247,2025-03-24,CUST8389,Furniture,West,3047.13,0.28,635.83,41,Yes,20.8665202994293
ORD04248,2024-11-20,CUST5270,Clothing,South,4487.2,0.31,847.5,22,No,18.88705651631307
ORD04249,2025-10-02,CUST7449,Electronics,North,3011.35,0.08,337.0,45,Yes,11.190994072425989
ORD04250,2024-11-05,CUST4425,Electronics,South,1234.14,0.09,240.68,52,Yes,19.501839337514383
ORD04251,2024-01-06,CUST4410,Electronics,North,2056.48,0.01,338.99,52,No,16.483992064109547
ORD04252,2025-07-10,CUST7868,Furniture,West,3156.93,0.38,502.42,36,No,15.914828646818272
ORD04253,2024-10-05,CUST3993,Home,North,551.9,0.04,62.72,37,Yes,11.364377604638522
ORD04254,2025-02-10,CUST5446,Office Supplies,East,4604.97,0.14,829.32,38,No,18.00923784519769
ORD04255,2024-05-25,CUST8883,Clothing,West,1337.02,0.02,150.72,54,No,11.272830623326502
ORD04256,2024-01-02,CUST7674,Home,North,2560.51,0.4,98.35,45,No,3.841031669472097
ORD04257,2025-02-07,CUST1367,Furniture,East,4154.74,0.03,627.03,65,Yes,15.091919109258342
ORD04258,2024-06-05,CUST4486,Clothing,South,1781.22,0.25,341.58,29,Yes,19.176744029373125
ORD04259,2025-08-23,CUST4673,Furniture,West,354.77,0.13,28.11,55,Yes,7.923443357668349
ORD04260,2025-04-03,CUST8554,Electronics,South,481.4,0.15,54.06,61,No,11.229746572496884
ORD04261,2024-04-14,CUST4606,Office Supplies,North,3109.18,0.05,288.05,53,Yes,9.264500607877318
ORD04262,2025-05-30,CUST8072,Home,South,1997.64,0.2,225.25,46,No,11.275805450431509
ORD04263,2025-10-21,CUST8830,Furniture,North,3977.06,0.02,810.29,46,No,20.374095437333104
ORD04264,2025-05-05,CUST3727,Clothing,East,281.99,0.4,48.79,64,Yes,17.302031986949892
ORD04265,2025-01-10,CUST9189,Furniture,North,358.45,0.23,51.1,26,Yes,14.25582368531176
ORD04266,2025-11-26,CUST6711,Electronics,North,561.3,0.27,109.14,43,Yes,19.444147514698024
ORD04267,2025-06-12,CUST4828,Clothing,West,4432.32,0.2,1010.97,42,No,22.809048083170893
ORD04268,2024-10-28,CUST7041,Clothing,South,3214.3,0.15,352.94,51,Yes,10.980306754192203
ORD04269,2025-09-03,CUST3566,Furniture,West,1622.3,0.06,190.85,61,Yes,11.76416199223325
ORD04270,2025-12-19,CUST6105,Office Supplies,South,1917.86,0.11,401.9,52,Yes,20.955648483205238
ORD04271,2025-12-16,CUST4071,Electronics,West,278.73,0.19,39.64,64,No,14.221648190004663
ORD04272,2024-01-05,CUST9235,Office Supplies,South,727.54,0.14,58.97,52,Yes,8.105396266871926
ORD04273,2025-04-11,CUST6614,Furniture,South,4166.53,0.01,559.0,52,No,13.416440059233944
ORD04274,2024-11-28,CUST9110,Home,South,3443.1,0.05,362.22,32,Yes,10.52017077633528
ORD04275,2024-07-21,CUST9383,Home,East,2861.64,0.28,212.09,19,Yes,7.411484323674538
ORD04276,2025-08-24,CUST5902,Furniture,East,3834.94,0.18,815.15,48,No,21.25587362514146
ORD04277,2024-11-01,CUST3622,Home,South,2866.37,0.34,370.79,43,Yes,12.935873596221006
ORD04278,2025-02-04,CUST9226,Electronics,South,4916.08,0.12,1216.25,61,No,24.74024019137199
ORD04279,2025-05-25,CUST8084,Clothing,East,586.25,0.01,128.02,36,Yes,21.837100213219617
ORD04280,2024-04-16,CUST3567,Home,East,3014.26,0.39,495.66,63,Yes,16.443836961642326
ORD04281,2024-02-22,CUST9799,Home,East,3012.57,0.0,264.34,32,No,8.774567893858066
ORD04282,2025-04-28,CUST4881,Home,West,483.11,0.29,90.3,56,Yes,18.691395334395892
ORD04283,2024-12-13,CUST5727,Clothing,East,474.13,0.22,65.09,40,Yes,13.728302364330458
ORD04284,2025-01-14,CUST4724,Home,South,3293.92,0.02,633.14,58,Yes,19.221474717054452
ORD04285,2024-06-01,CUST1177,Clothing,West,4868.9,0.02,848.2,50,Yes,17.420772659122186
ORD04286,2024-10-21,CUST1850,Furniture,East,3639.79,0.16,637.35,33,No,17.51062561301614
ORD04287,2025-09-03,CUST3467,Office Supplies,East,3611.82,0.38,407.11,65,No,11.271602682304211
ORD04288,2024-03-20,CUST2764,Clothing,North,3744.22,0.12,732.35,44,No,19.559481013401992
ORD04289,2024-12-15,CUST3230,Home,West,2282.37,0.09,365.02,55,Yes,15.993024794402311
ORD04290,2025-08-08,CUST1010,Electronics,South,699.21,0.04,65.36,55,Yes,9.34769239570372
ORD04291,2025-07-28,CUST6073,Furniture,North,3129.03,0.29,444.35,50,Yes,14.200886536722242
ORD04292,2024-12-05,CUST6170,Home,South,4758.81,0.04,856.85,50,No,18.005551808120096
ORD04293,2025-06-23,CUST8416,Furniture,East,3294.32,0.03,758.7,37,Yes,23.030549551956096
ORD04294,2025-09-27,CUST2758,Office Supplies,East,3919.12,0.36,778.99,35,No,19.876655983996407
ORD04295,2024-04-07,CUST8016,Home,North,3198.3,0.01,716.11,31,Yes,22.39033236406841
ORD04296,2024-04-07,CUST5739,Clothing,West,3660.47,0.06,357.65,28,No,9.770603228547154
ORD04297,2024-01-26,CUST5361,Furniture,South,2351.01,0.19,316.26,24,Yes,13.452090803526993
ORD04298,2025-08-24,CUST3075,Clothing,North,941.66,0.02,153.67,37,Yes,16.31905358622008
ORD04299,2024-04-19,CUST3373,Office Supplies,East,4945.05,0.4,358.87,53,Yes,7.257156146045035
ORD04300,2025-06-07,CUST2704,Furniture,South,2700.33,0.02,664.34,57,Yes,24.602178252287686
ORD04301,2024-11-04,CUST8001,Furniture,West,1692.16,0.1,300.03,62,No,17.730592851739786
ORD04302,2024-12-24,CUST5349,Electronics,South,1331.66,0.27,205.97,53,Yes,15.467161287415706
ORD04303,2025-06-04,CUST9038,Home,South,735.77,0.02,135.14,64,No,18.36715277872161
ORD04304,2024-08-07,CUST2824,Clothing,West,1429.6,0.23,249.29,61,Yes,17.437744823726916
ORD04305,2024-11-16,CUST7398,Office Supplies,South,389.29,0.32,15.09,25,No,3.8762876005034808
ORD04306,2025-11-11,CUST2689,Electronics,South,3611.85,0.19,708.51,19,Yes,19.616263133851074
ORD04307,2025-06-24,CUST4095,Furniture,North,4522.35,0.18,915.92,38,Yes,20.253186949263103
ORD04308,2025-04-25,CUST8036,Office Supplies,East,1709.32,0.15,140.24,36,No,8.204432171857816
ORD04309,2024-10-03,CUST2935,Furniture,East,989.03,0.18,151.73,35,Yes,15.341293995126538
ORD04310,2025-08-31,CUST1639,Office Supplies,South,1209.77,0.33,146.64,56,No,12.121312315564115
ORD04311,2024-07-07,CUST2000,Clothing,South,2403.6,0.01,636.61,42,Yes,26.48568813446497
ORD04312,2024-03-09,CUST7974,Electronics,West,710.54,0.33,40.64,49,Yes,5.719593548568694
ORD04313,2025-02-09,CUST1279,Electronics,South,3622.56,0.14,790.51,20,Yes,21.821860783534298
ORD04314,2025-10-12,CUST7197,Home,South,3818.39,0.23,536.56,43,Yes,14.051995736422942
ORD04315,2024-07-26,CUST7216,Electronics,West,3979.49,0.2,303.09,63,Yes,7.616302591538111
ORD04316,2024-05-11,CUST3278,Home,North,3434.65,0.19,594.72,41,Yes,17.315301413535586
ORD04317,2024-09-21,CUST7621,Office Supplies,West,1370.41,0.21,159.09,46,Yes,11.608934552433213
ORD04318,2024-11-22,CUST4307,Office Supplies,East,3580.88,0.37,309.08,40,No,8.631397868680324
ORD04319,2025-07-16,CUST8066,Electronics,South,1476.22,0.36,191.94,30,Yes,13.002127054233108
ORD04320,2024-05-06,CUST1582,Home,South,729.42,0.13,158.21,65,Yes,21.68983575991884
ORD04321,2024-07-19,CUST5499,Office Supplies,East,4868.1,0.03,1101.31,47,Yes,22.62299459748156
ORD04322,2025-09-13,CUST6661,Furniture,South,673.86,0.27,115.76,53,No,17.178642447986228
ORD04323,2025-10-24,CUST2877,Electronics,East,2602.39,0.39,95.59,63,Yes,3.6731619780278897
ORD04324,2025-09-18,CUST7353,Home,East,3886.87,0.37,51.27,45,No,1.319056207179556
ORD04325,2025-09-03,CUST7781,Clothing,East,2414.34,0.23,244.12,29,No,10.111251936346994
ORD04326,2025-10-29,CUST9599,Electronics,South,1693.77,0.39,31.11,52,Yes,1.8367310791902087
ORD04327,2024-09-21,CUST9655,Office Supplies,North,2375.0,0.11,139.05,40,No,5.854736842105264
ORD04328,2024-12-12,CUST4858,Clothing,East,3049.84,0.38,467.03,38,No,15.313262335073313
ORD04329,2024-10-04,CUST9274,Furniture,West,3782.17,0.25,253.86,44,Yes,6.712019819310079
ORD04330,2024-04-03,CUST7142,Home,East,873.32,0.06,80.83,48,Yes,9.255484816562085
ORD04331,2024-01-09,CUST1291,Furniture,North,2841.2,0.16,250.76,28,Yes,8.825848233140926
ORD04332,2025-10-30,CUST3754,Electronics,North,2111.63,0.18,94.46,47,No,4.473321557280395
ORD04333,2025-11-21,CUST6837,Office Supplies,North,3176.46,0.14,788.64,51,Yes,24.827638314349937
ORD04334,2025-07-06,CUST3065,Clothing,West,366.7,0.04,95.06,31,Yes,25.923097900190896
ORD04335,2025-12-15,CUST1895,Home,East,2220.1,0.27,301.1,21,No,13.562452141795417
ORD04336,2025-11-20,CUST5478,Furniture,South,3931.39,0.27,665.07,33,Yes,16.916917426152075
ORD04337,2024-11-24,CUST8882,Home,East,4779.82,0.21,170.68,21,Yes,3.57084576406643
ORD04338,2025-09-21,CUST8149,Office Supplies,North,2926.6,0.29,74.51,49,Yes,2.5459577666917244
ORD04339,2024-11-29,CUST8675,Furniture,North,495.41,0.26,59.04,56,No,11.917401748047071
ORD04340,2025-09-13,CUST5341,Office Supplies,North,2914.88,0.26,363.66,19,Yes,12.475985289274345
ORD04341,2025-01-16,CUST1695,Electronics,North,3731.79,0.2,381.15,23,Yes,10.213597228139847
ORD04342,2024-01-11,CUST2387,Furniture,West,1261.44,0.06,294.44,51,No,23.34157787924911
ORD04343,2024-01-10,CUST5464,Home,South,360.95,0.06,67.85,38,Yes,18.797617398531653
ORD04344,2025-03-04,CUST4021,Clothing,East,1305.09,0.24,50.79,48,Yes,3.8916856308760317
ORD04345,2024-10-08,CUST3072,Electronics,East,247.65,0.14,25.31,38,Yes,10.220068645265496
ORD04346,2025-01-30,CUST8546,Electronics,East,2200.87,0.14,120.15,51,Yes,5.4592047690231595
ORD04347,2024-06-11,CUST1846,Home,North,1251.82,0.08,301.16,57,Yes,24.0577718841367
ORD04348,2024-08-01,CUST4995,Furniture,West,3829.13,0.01,827.56,43,Yes,21.612220008200296
ORD04349,2024-02-27,CUST5919,Electronics,North,766.47,0.08,112.74,32,Yes,14.708990567145483
ORD04350,2025-03-29,CUST6008,Furniture,West,1125.73,0.37,96.47,22,No,8.569550425057518
ORD04351,2024-02-29,CUST5775,Clothing,South,3373.53,0.2,689.6,54,No,20.441495999739146
ORD04352,2024-08-09,CUST4890,Office Supplies,East,306.61,0.03,43.87,33,Yes,14.308078666710152
ORD04353,2025-11-02,CUST3005,Home,West,720.49,0.2,30.05,55,Yes,4.170772668600535
ORD04354,2024-01-18,CUST6491,Furniture,East,4918.76,0.31,489.05,52,No,9.942546495458204
ORD04355,2024-09-14,CUST1912,Electronics,East,1965.9,0.05,342.24,40,Yes,17.408820387608728
ORD04356,2024-12-20,CUST6882,Office Supplies,West,2938.95,0.03,502.33,48,Yes,17.092158764184486
ORD04357,2024-11-26,CUST5549,Furniture,South,1474.67,0.23,195.14,60,Yes,13.232791065119653
ORD04358,2025-10-05,CUST6257,Home,South,736.02,0.29,75.12,25,No,10.20624439553273
ORD04359,2024-11-08,CUST2388,Electronics,East,3019.43,0.2,560.88,60,Yes,18.575691438450303
ORD04360,2024-06-26,CUST2283,Home,West,3803.85,0.16,616.52,20,No,16.207789476451488
ORD04361,2025-02-10,CUST8801,Clothing,West,3612.72,0.23,362.48,20,No,10.033437410040081
ORD04362,2025-02-17,CUST8441,Home,East,2107.24,0.22,425.83,23,No,20.20794973519865
ORD04363,2025-11-12,CUST8860,Furniture,North,393.9,0.27,52.39,45,No,13.300330033003302
ORD04364,2025-01-26,CUST3045,Office Supplies,East,4883.81,0.13,376.51,25,No,7.709349872333279
ORD04365,2024-08-07,CUST2745,Clothing,East,4184.0,0.24,421.63,64,No,10.077198852772467
ORD04366,2024-06-09,CUST2565,Electronics,West,1970.26,0.1,129.39,65,Yes,6.567153573640026
ORD04367,2024-09-26,CUST5994,Electronics,South,2092.4,0.15,277.51,22,Yes,13.262760466450008
ORD04368,2025-08-02,CUST6947,Clothing,North,2245.32,0.28,298.92,63,Yes,13.313024424135536
ORD04369,2025-01-05,CUST6596,Clothing,South,898.56,0.33,90.76,54,Yes,10.100605413105415
ORD04370,2025-09-29,CUST4376,Office Supplies,South,4107.78,0.17,789.42,56,Yes,19.217679622569854
ORD04371,2024-03-08,CUST1939,Electronics,East,3835.15,0.33,386.1,36,Yes,10.06740283952388
ORD04372,2024-10-19,CUST3056,Office Supplies,East,1141.6,0.34,38.64,50,Yes,3.3847231955150674
ORD04373,2025-09-05,CUST3770,Electronics,East,3047.04,0.25,111.95,39,Yes,3.6740574459147237
ORD04374,2025-10-10,CUST2494,Electronics,North,4056.38,0.06,344.39,18,Yes,8.490082290120746
ORD04375,2025-01-28,CUST1339,Clothing,North,4608.32,0.35,836.54,55,No,18.152819248663288
ORD04376,2024-11-10,CUST3853,Clothing,North,3031.41,0.31,528.48,49,No,17.43347155284175
ORD04377,2024-08-22,CUST8630,Clothing,North,4387.6,0.12,793.65,29,Yes,18.088476615917585
ORD04378,2025-11-08,CUST9043,Electronics,East,4094.53,0.05,907.54,50,Yes,22.16469289515524
ORD04379,2024-07-09,CUST7716,Office Supplies,North,4989.6,0.14,407.23,60,Yes,8.161576078242746
ORD04380,2025-06-06,CUST3425,Clothing,North,4889.07,0.26,186.92,32,No,3.8232220033666935
ORD04381,2025-11-25,CUST6419,Office Supplies,South,1345.71,0.28,173.53,23,Yes,12.895051682754827
ORD04382,2024-08-28,CUST7983,Furniture,South,1818.94,0.24,261.89,41,Yes,14.39794605649444
ORD04383,2024-02-03,CUST6289,Home,East,3344.24,0.24,298.79,27,Yes,8.934466425854605
ORD04384,2024-04-19,CUST9801,Electronics,North,4657.72,0.37,193.54,61,Yes,4.155251925834957
ORD04385,2024-11-16,CUST6444,Electronics,North,3141.32,0.21,672.92,34,Yes,21.421568003259775
ORD04386,2025-11-02,CUST3796,Electronics,North,3358.93,0.12,435.68,37,No,12.970797247933122
ORD04387,2024-01-23,CUST8414,Home,West,2911.28,0.28,144.42,36,Yes,4.960704569811216
ORD04388,2025-10-15,CUST2681,Office Supplies,South,3285.53,0.3,92.71,40,Yes,2.821766959972972
ORD04389,2025-03-13,CUST4089,Furniture,West,2738.35,0.38,504.18,41,Yes,18.411817335256632
ORD04390,2025-06-26,CUST4255,Furniture,West,4612.47,0.27,244.21,23,Yes,5.294560181421234
ORD04391,2025-12-27,CUST5981,Furniture,South,3780.82,0.09,834.85,23,Yes,22.081188736834868
ORD04392,2024-05-18,CUST9308,Clothing,East,3326.53,0.28,459.99,19,Yes,13.827922790415236
ORD04393,2024-03-13,CUST3161,Office Supplies,East,4485.65,0.14,307.14,60,Yes,6.847168191900839
ORD04394,2024-11-09,CUST6076,Furniture,North,4249.85,0.3,425.09,18,Yes,10.002470675435603
ORD04395,2025-08-22,CUST5333,Furniture,North,3181.63,0.35,512.89,41,Yes,16.12035340375845
ORD04396,2024-02-17,CUST6775,Clothing,North,2647.26,0.17,188.96,44,Yes,7.137946404962111
ORD04397,2024-12-12,CUST3439,Home,South,242.67,0.14,34.38,55,Yes,14.167387810606998
ORD04398,2025-10-19,CUST7512,Clothing,North,2623.25,0.12,396.96,24,Yes,15.132373963594778
ORD04399,2024-09-21,CUST4737,Clothing,East,402.19,0.14,36.64,54,Yes,9.110122081603222
ORD04400,2024-05-04,CUST7667,Office Supplies,North,3389.47,0.15,568.83,49,Yes,16.782269794392633
ORD04401,2025-10-25,CUST1896,Office Supplies,West,2441.36,0.23,245.42,43,Yes,10.052593636333846
ORD04402,2024-08-11,CUST1374,Clothing,South,1289.97,0.35,253.03,59,Yes,19.61518484926006
ORD04403,2025-06-27,CUST7416,Furniture,North,2118.5,0.2,234.62,60,Yes,11.074817087561954
ORD04404,2024-12-24,CUST3746,Office Supplies,South,2085.05,0.05,195.26,56,Yes,9.364763434929618
ORD04405,2025-04-09,CUST8843,Clothing,West,2299.61,0.1,238.25,26,Yes,10.360452424541553
ORD04406,2025-04-11,CUST3152,Electronics,North,4704.63,0.0,1023.62,63,No,21.757715271976753
ORD04407,2025-09-01,CUST9802,Furniture,East,2314.09,0.2,527.57,30,Yes,22.798162560660995
ORD04408,2024-12-10,CUST6483,Electronics,West,4838.69,0.21,755.24,33,Yes,15.608356807317685
ORD04409,2024-06-08,CUST9620,Furniture,East,2319.87,0.27,447.56,21,Yes,19.29246035338187
ORD04410,2025-04-20,CUST5413,Furniture,South,1384.36,0.09,328.76,62,Yes,23.748157993585483
ORD04411,2025-11-26,CUST7449,Furniture,West,2864.65,0.28,476.59,37,Yes,16.63693644947899
ORD04412,2024-09-06,CUST8186,Home,South,3024.18,0.28,605.5,30,No,20.021956365031183
ORD04413,2025-08-01,CUST6198,Furniture,East,675.73,0.1,116.89,21,Yes,17.29832921433117
ORD04414,2024-04-12,CUST5642,Office Supplies,North,1168.39,0.02,264.65,64,Yes,22.650827206669003
ORD04415,2025-02-10,CUST8300,Home,South,3924.97,0.12,749.05,21,Yes,19.08422229978828
ORD04416,2025-07-27,CUST2506,Office Supplies,West,3237.45,0.38,591.95,47,Yes,18.284452269533123
ORD04417,2024-11-08,CUST2329,Furniture,West,853.63,0.08,123.01,41,No,14.41022457036421
ORD04418,2025-07-02,CUST6498,Home,West,4036.99,0.1,600.22,45,No,14.868008095140192
ORD04419,2025-07-20,CUST3402,Office Supplies,West,1483.11,0.24,253.78,52,No,17.11134035911025
ORD04420,2024-01-28,CUST5896,Electronics,North,2100.34,0.21,428.37,22,No,20.395269337345383
ORD04421,2024-04-11,CUST4932,Electronics,West,1709.45,0.11,435.97,30,Yes,25.50352452543216
ORD04422,2024-04-22,CUST9974,Office Supplies,South,4751.16,0.31,824.58,41,Yes,17.355340590508426
ORD04423,2025-04-12,CUST4907,Electronics,West,2191.69,0.05,316.93,55,Yes,14.460530458230863
ORD04424,2025-05-12,CUST3649,Furniture,South,2982.68,0.31,394.14,35,Yes,13.214290503842182
ORD04425,2024-03-02,CUST5928,Office Supplies,East,2881.09,0.06,647.3,33,No,22.467191236650017
ORD04426,2024-06-08,CUST5785,Electronics,North,4385.46,0.31,402.56,42,No,9.179424735375537
ORD04427,2024-07-22,CUST3620,Clothing,North,2648.99,0.38,98.7,60,Yes,3.725948380326087
ORD04428,2024-02-08,CUST7326,Electronics,North,2126.54,0.19,350.43,34,No,16.47888118728075
ORD04429,2025-06-21,CUST1034,Furniture,West,4710.64,0.09,1206.8,21,Yes,25.618599595808632
ORD04430,2025-07-02,CUST2565,Clothing,North,4573.73,0.19,283.05,20,Yes,6.1886031750890425
ORD04431,2024-02-12,CUST2602,Electronics,East,3133.47,0.24,151.44,33,Yes,4.832980689140155
ORD04432,2024-02-28,CUST2645,Office Supplies,North,1992.83,0.29,173.42,64,No,8.702197377598692
ORD04433,2025-04-27,CUST1347,Furniture,East,2665.18,0.06,452.84,52,Yes,16.990972467150435
ORD04434,2024-10-26,CUST6267,Home,East,3354.93,0.04,421.13,61,No,12.552571886745776
ORD04435,2024-07-29,CUST2891,Clothing,West,3157.62,0.28,335.25,62,Yes,10.617173694111388
ORD04436,2024-11-16,CUST3573,Office Supplies,East,3787.27,0.24,482.61,33,Yes,12.742952047253034
ORD04437,2025-08-07,CUST9106,Clothing,North,274.03,0.35,53.49,57,Yes,19.519760610152176
ORD04438,2024-04-01,CUST9482,Home,West,3048.38,0.34,565.05,32,Yes,18.536074898798706
ORD04439,2024-11-27,CUST4588,Electronics,North,549.5,0.34,22.04,58,Yes,4.010919017288444
ORD04440,2025-11-25,CUST8541,Clothing,East,4931.57,0.26,421.8,39,No,8.553057140018291
ORD04441,2025-08-23,CUST6132,Clothing,South,996.05,0.04,196.32,27,No,19.709853922995833
ORD04442,2024-10-27,CUST2722,Office Supplies,North,1594.82,0.09,292.23,34,No,18.323697972184952
ORD04443,2025-09-13,CUST7728,Furniture,East,3617.87,0.08,278.84,57,No,7.707297387689441
ORD04444,2025-01-26,CUST7375,Office Supplies,West,2938.63,0.06,305.55,55,No,10.3977023306779
ORD04445,2024-12-12,CUST7909,Furniture,North,1956.74,0.08,349.04,27,Yes,17.837832312928647
ORD04446,2025-01-23,CUST5231,Furniture,South,1305.53,0.3,37.85,29,No,2.899205686579397
ORD04447,2025-09-17,CUST9380,Office Supplies,East,4740.09,0.26,529.39,47,Yes,11.168353343501916
ORD04448,2025-01-11,CUST7468,Clothing,East,243.79,0.23,21.27,54,No,8.724722096886666
ORD04449,2024-10-21,CUST2993,Office Supplies,East,2403.84,0.32,102.1,58,Yes,4.247370873269435
ORD04450,2025-02-19,CUST3624,Office Supplies,North,4757.0,0.25,758.64,49,Yes,15.947866302291361
ORD04451,2025-10-02,CUST1722,Furniture,North,4901.45,0.12,896.42,47,Yes,18.288873700639606
ORD04452,2024-10-26,CUST2229,Clothing,South,1208.99,0.17,185.2,25,No,15.318571700344915
ORD04453,2025-08-24,CUST8044,Home,East,1685.58,0.1,266.51,48,Yes,15.811174788500102
ORD04454,2025-08-01,CUST3576,Clothing,West,2087.03,0.01,233.03,20,No,11.165627710191036
ORD04455,2025-06-09,CUST9025,Office Supplies,West,2811.77,0.25,148.74,53,Yes,5.289906357916899
ORD04456,2025-03-27,CUST3266,Furniture,East,3064.12,0.06,698.11,41,Yes,22.783376630158088
ORD04457,2024-04-19,CUST8483,Clothing,East,559.37,0.08,67.62,45,No,12.088599674633963
ORD04458,2025-02-27,CUST7389,Home,East,1289.05,0.11,270.83,64,Yes,21.01004615802335
ORD04459,2024-07-27,CUST2654,Clothing,North,2597.77,0.28,401.95,24,No,15.472886360224347
ORD04460,2025-06-20,CUST7412,Clothing,South,4239.62,0.26,222.28,58,No,5.242922714771607
ORD04461,2025-05-07,CUST3802,Clothing,West,1246.9,0.16,105.03,40,No,8.423289758601332
ORD04462,2025-01-19,CUST5467,Electronics,East,1903.68,0.06,500.3,31,No,26.28067742477727
ORD04463,2024-09-27,CUST9600,Electronics,South,3296.45,0.19,162.27,27,Yes,4.922568217324699
ORD04464,2024-03-09,CUST4488,Clothing,West,4951.26,0.15,445.82,60,Yes,9.004172675238221
ORD04465,2024-02-07,CUST1888,Furniture,West,4254.44,0.23,923.4,40,Yes,21.704384125760384
ORD04466,2025-07-08,CUST6962,Clothing,West,3317.29,0.09,814.17,54,No,24.543226549382176
ORD04467,2025-08-17,CUST7582,Electronics,South,1000.56,0.17,70.67,55,Yes,7.063044694970817
ORD04468,2025-03-14,CUST8099,Furniture,North,4909.01,0.11,735.27,50,Yes,14.977969081342266
ORD04469,2024-05-21,CUST9265,Furniture,North,1303.99,0.21,224.13,42,Yes,17.188015245515686
ORD04470,2025-11-05,CUST4859,Electronics,North,832.59,0.36,118.06,36,No,14.179848424794915
ORD04471,2025-09-29,CUST7242,Electronics,South,4587.01,0.39,233.01,43,Yes,5.079779638588099
ORD04472,2024-06-06,CUST2907,Electronics,North,4193.02,0.39,67.83,30,Yes,1.6176884441285753
ORD04473,2024-07-01,CUST8165,Office Supplies,West,2305.75,0.19,313.16,40,No,13.58169792909032
ORD04474,2024-08-14,CUST7399,Clothing,East,273.63,0.33,15.96,47,No,5.832693783576363
ORD04475,2025-09-14,CUST6388,Home,West,1087.82,0.36,158.88,63,No,14.605357503998823
ORD04476,2025-12-25,CUST4524,Home,South,1904.76,0.39,191.79,38,Yes,10.068985068985068
ORD04477,2024-09-16,CUST4734,Office Supplies,South,3077.84,0.19,706.81,21,No,22.96448158448782
ORD04478,2024-01-24,CUST7599,Clothing,East,3347.65,0.31,636.51,39,Yes,19.013636431526592
ORD04479,2025-10-01,CUST5602,Clothing,West,3734.44,0.33,548.02,64,Yes,14.674757125566348
ORD04480,2025-05-19,CUST1095,Electronics,South,1394.92,0.03,122.94,45,Yes,8.81340865425974
ORD04481,2024-04-29,CUST4008,Electronics,East,4661.6,0.29,541.32,62,Yes,11.61232194954522
ORD04482,2025-06-28,CUST1270,Clothing,West,289.74,0.0,76.53,37,Yes,26.41333609442949
ORD04483,2025-09-27,CUST6185,Electronics,West,2609.5,0.38,215.3,27,No,8.250622724659896
ORD04484,2024-11-14,CUST9491,Office Supplies,West,2244.09,0.38,361.7,25,Yes,16.117891884906577
ORD04485,2024-03-14,CUST1227,Electronics,East,4998.06,0.05,682.47,49,No,13.654698022832859
ORD04486,2025-06-04,CUST4325,Home,South,3123.18,0.06,682.9,27,Yes,21.865534487285395
ORD04487,2025-07-04,CUST8130,Home,East,3506.97,0.21,664.91,30,Yes,18.95967173942178
ORD04488,2024-10-10,CUST4736,Furniture,North,3649.13,0.33,736.97,18,No,20.195772691024985
ORD04489,2025-09-08,CUST1595,Furniture,East,2097.58,0.09,156.82,34,Yes,7.476234517872977
ORD04490,2024-02-04,CUST5728,Electronics,East,3366.78,0.27,218.16,64,No,6.479781868729171
ORD04491,2024-09-20,CUST8413,Electronics,East,4323.5,0.25,206.06,23,Yes,4.7660460275239975
ORD04492,2025-07-26,CUST4962,Furniture,West,167.19,0.4,9.64,50,Yes,5.7658950894192245
ORD04493,2024-04-02,CUST3980,Electronics,South,1977.72,0.29,90.6,19,No,4.581032704326193
ORD04494,2024-09-07,CUST6945,Home,South,1981.1,0.23,373.99,52,Yes,18.87789611831811
ORD04495,2024-08-11,CUST8767,Home,North,2191.76,0.16,209.77,37,No,9.570847173048143
ORD04496,2025-05-26,CUST4410,Clothing,West,4041.2,0.39,164.38,49,Yes,4.0676036820746315
ORD04497,2025-10-15,CUST3834,Clothing,East,3747.34,0.29,202.1,61,Yes,5.393158880699376
ORD04498,2025-07-22,CUST1303,Office Supplies,East,3046.58,0.05,218.27,33,Yes,7.164426996829231
ORD04499,2025-09-03,CUST3337,Clothing,South,4621.21,0.38,695.26,23,No,15.044977397694542
ORD04500,2024-11-01,CUST7168,Home,West,4640.65,0.36,191.11,55,Yes,4.1181731007509725
ORD04501,2025-07-30,CUST4107,Home,East,2390.85,0.23,499.05,64,Yes,20.873329568981745
ORD04502,2025-09-19,CUST9862,Electronics,North,4858.94,0.34,937.41,22,No,19.292479429669847
ORD04503,2024-11-27,CUST1711,Clothing,North,4381.99,0.15,730.52,60,No,16.670964561763036
ORD04504,2025-04-20,CUST5561,Office Supplies,North,227.68,0.14,51.9,59,Yes,22.795151089248066
ORD04505,2024-01-25,CUST7344,Office Supplies,East,3979.27,0.29,523.27,34,Yes,13.14989935339899
ORD04506,2025-04-20,CUST1747,Electronics,North,861.65,0.09,148.43,24,No,17.226251958451808
ORD04507,2025-03-24,CUST3386,Home,North,272.93,0.01,41.76,56,Yes,15.300626534276187
ORD04508,2025-03-30,CUST6552,Office Supplies,North,750.65,0.24,117.61,30,Yes,15.667754612669022
ORD04509,2025-11-15,CUST4229,Office Supplies,South,2661.31,0.3,225.4,60,No,8.469513134508945
ORD04510,2025-09-28,CUST6969,Home,South,4817.11,0.06,724.41,37,Yes,15.0382698339876
ORD04511,2024-03-25,CUST3261,Clothing,South,1100.59,0.26,231.43,27,Yes,21.02781235519131
ORD04512,2024-09-01,CUST6001,Furniture,West,1824.23,0.23,105.2,38,Yes,5.766816684299677
ORD04513,2025-06-20,CUST1205,Home,West,4930.4,0.08,684.66,62,Yes,13.886500081129322
ORD04514,2025-08-12,CUST9078,Office Supplies,North,3923.7,0.22,884.47,44,Yes,22.5417335678059
ORD04515,2025-05-27,CUST1771,Furniture,South,2626.67,0.1,534.95,55,Yes,20.36609090597601
ORD04516,2024-03-31,CUST5040,Furniture,West,3995.31,0.19,507.48,64,Yes,12.701892969506748
ORD04517,2025-12-21,CUST9391,Home,North,4997.48,0.19,1068.01,61,Yes,21.370970969368564
ORD04518,2024-07-29,CUST4753,Home,West,4998.41,0.34,559.69,64,Yes,11.197360760721912
ORD04519,2025-10-09,CUST3082,Home,East,544.48,0.09,128.29,26,No,23.561930649426973
ORD04520,2025-07-12,CUST1593,Clothing,West,1153.63,0.03,220.97,56,Yes,19.154321576241948
ORD04521,2024-01-01,CUST7805,Furniture,East,4605.55,0.05,1167.27,38,Yes,25.34485566327583
ORD04522,2024-11-16,CUST9890,Office Supplies,South,4357.43,0.24,259.51,59,Yes,5.955574730976744
ORD04523,2025-05-21,CUST1083,Electronics,North,2194.82,0.18,460.67,46,Yes,20.98896492650878
ORD04524,2025-03-29,CUST3090,Electronics,North,2160.33,0.13,234.65,39,Yes,10.861766489378939
ORD04525,2024-11-14,CUST1597,Furniture,South,2713.61,0.05,338.57,46,Yes,12.476737629946824
ORD04526,2024-07-11,CUST4184,Office Supplies,South,2046.05,0.11,338.61,57,Yes,16.54944893819799
ORD04527,2024-07-31,CUST8451,Furniture,East,2255.44,0.07,272.9,39,Yes,12.099634661086084
ORD04528,2024-12-10,CUST1755,Furniture,West,2700.08,0.04,301.82,32,Yes,11.178187312968504
ORD04529,2024-10-30,CUST3092,Office Supplies,South,4723.45,0.24,674.71,46,Yes,14.284262562322034
ORD04530,2024-05-10,CUST6655,Furniture,North,624.41,0.22,48.27,50,Yes,7.730497589724701
ORD04531,2025-07-13,CUST6089,Office Supplies,East,4766.54,0.36,385.54,62,Yes,8.088466686527335
ORD04532,2024-07-07,CUST2973,Furniture,East,1242.01,0.37,111.04,61,No,8.940346696081352
ORD04533,2024-01-07,CUST5287,Home,West,2618.79,0.22,304.78,51,Yes,11.638199321060489
ORD04534,2024-10-21,CUST4007,Furniture,West,4498.55,0.08,756.61,53,Yes,16.81897500305654
ORD04535,2025-08-27,CUST6956,Office Supplies,South,3547.7,0.02,446.34,60,No,12.581108887448206
ORD04536,2024-07-20,CUST5563,Clothing,South,789.65,0.23,55.72,57,No,7.056290761729881
ORD04537,2025-10-23,CUST5591,Clothing,West,458.24,0.09,109.92,26,Yes,23.987430167597765
ORD04538,2025-11-01,CUST5285,Office Supplies,North,3295.72,0.12,335.96,44,Yes,10.193827145509934
ORD04539,2025-12-07,CUST3612,Electronics,West,2820.87,0.13,678.32,31,Yes,24.046482113674152
ORD04540,2025-12-21,CUST5405,Furniture,West,2093.46,0.26,209.36,30,No,10.000668749343193
ORD04541,2025-09-25,CUST6440,Clothing,East,540.15,0.09,135.78,32,Yes,25.137461816162176
ORD04542,2025-02-01,CUST5052,Home,East,663.88,0.39,41.61,30,Yes,6.267698981743688
ORD04543,2025-07-22,CUST5111,Furniture,North,4546.33,0.35,588.27,64,Yes,12.939447862341712
ORD04544,2024-04-12,CUST6273,Furniture,North,793.39,0.1,83.68,22,Yes,10.547145792107287
ORD04545,2024-09-05,CUST9634,Furniture,West,4511.8,0.29,533.88,22,Yes,11.832971319650692
ORD04546,2024-09-28,CUST1945,Office Supplies,North,1781.09,0.13,239.58,34,Yes,13.451313521495264
ORD04547,2024-05-07,CUST2956,Home,North,3819.21,0.25,470.43,40,No,12.317468795902817
ORD04548,2024-05-03,CUST5439,Home,South,4576.26,0.37,361.54,36,Yes,7.900337830455438
ORD04549,2024-03-14,CUST2635,Furniture,South,3680.28,0.25,351.75,42,Yes,9.557696696990446
ORD04550,2025-03-27,CUST7864,Office Supplies,West,826.58,0.21,164.86,28,Yes,19.944832926032568
ORD04551,2024-12-24,CUST9474,Clothing,East,953.95,0.21,56.48,59,Yes,5.920645736149693
ORD04552,2024-12-22,CUST9284,Home,North,3957.83,0.19,462.89,38,Yes,11.69555033945369
ORD04553,2024-11-25,CUST1459,Office Supplies,East,4962.36,0.27,254.3,43,Yes,5.124577821842833
ORD04554,2024-08-19,CUST1224,Home,West,2310.17,0.08,312.73,56,No,13.537099001372194
ORD04555,2024-01-24,CUST1037,Electronics,West,828.31,0.26,116.83,18,Yes,14.104622665427197
ORD04556,2025-01-24,CUST3161,Electronics,East,3513.36,0.02,903.32,27,Yes,25.71100029601293
ORD04557,2025-08-29,CUST4949,Furniture,North,2717.82,0.35,313.66,30,Yes,11.540867312772738
ORD04558,2025-11-08,CUST1977,Furniture,North,4888.02,0.22,859.84,35,Yes,17.59076272192012
ORD04559,2025-02-14,CUST8373,Furniture,North,1018.19,0.32,71.7,52,No,7.04190769895599
ORD04560,2025-01-30,CUST2447,Furniture,East,4161.49,0.05,827.06,47,Yes,19.874131621126086
ORD04561,2025-06-19,CUST1736,Furniture,East,1982.43,0.32,99.65,31,No,5.026659201081501
ORD04562,2025-07-18,CUST2044,Furniture,West,2633.12,0.28,296.34,46,Yes,11.254329464665492
ORD04563,2025-10-15,CUST7791,Office Supplies,East,1734.66,0.23,336.3,26,No,19.387084500709072
ORD04564,2024-02-05,CUST4889,Home,East,2104.68,0.21,284.34,49,No,13.509892240150522
ORD04565,2024-11-10,CUST2139,Office Supplies,West,1882.92,0.2,440.28,48,No,23.382830922184688
ORD04566,2025-10-03,CUST4780,Furniture,West,4602.47,0.07,655.35,27,Yes,14.239093356393415
ORD04567,2025-08-01,CUST1815,Office Supplies,South,2383.34,0.25,226.58,47,Yes,9.506826554331317
ORD04568,2024-03-31,CUST5892,Furniture,East,2943.72,0.22,204.23,27,No,6.937820173114291
ORD04569,2024-02-25,CUST2646,Electronics,East,2200.97,0.1,386.64,32,Yes,17.566800092686407
ORD04570,2024-01-12,CUST8626,Home,South,4030.72,0.33,507.88,48,Yes,12.600230231819626
ORD04571,2024-04-05,CUST5926,Electronics,West,3802.5,0.11,424.59,44,Yes,11.166074950690334
ORD04572,2025-03-14,CUST4710,Clothing,South,1582.2,0.02,228.46,46,Yes,14.439388193654407
ORD04573,2025-04-27,CUST5463,Clothing,East,4538.95,0.31,379.05,20,Yes,8.351050353055223
ORD04574,2025-06-25,CUST3554,Office Supplies,East,2299.53,0.23,113.97,58,Yes,4.956230186168478
ORD04575,2025-02-12,CUST5839,Office Supplies,North,812.88,0.15,129.15,48,Yes,15.887953941541188
ORD04576,2024-01-05,CUST6181,Home,North,1056.12,0.1,195.46,24,Yes,18.507366587130253
ORD04577,2024-10-05,CUST3343,Office Supplies,East,1245.22,0.07,174.15,49,No,13.98548047734537
ORD04578,2025-08-20,CUST1025,Electronics,North,2435.79,0.18,449.74,60,Yes,18.463824878170943
ORD04579,2024-12-22,CUST8482,Furniture,West,975.12,0.31,34.08,43,Yes,3.4949544671425055
ORD04580,2025-05-08,CUST6541,Clothing,West,1543.57,0.23,76.73,48,Yes,4.970943980512708
ORD04581,2024-01-22,CUST5714,Electronics,South,4599.02,0.03,582.68,21,Yes,12.669655709259796
ORD04582,2024-05-12,CUST2290,Office Supplies,West,1005.6,0.04,246.16,19,Yes,24.478918058870324
ORD04583,2025-06-19,CUST1366,Electronics,East,2560.54,0.0,629.43,28,No,24.5819241253798
ORD04584,2025-02-09,CUST2358,Electronics,North,4924.88,0.27,472.1,50,No,9.586020370039474
ORD04585,2025-11-28,CUST1782,Furniture,South,3013.27,0.19,476.23,44,Yes,15.804425093005275
ORD04586,2025-09-22,CUST4712,Clothing,North,1464.84,0.35,284.7,20,Yes,19.435569755058573
ORD04587,2025-07-22,CUST6923,Home,South,179.51,0.18,16.18,32,Yes,9.013425435908863
ORD04588,2024-05-09,CUST9423,Home,North,4883.59,0.05,342.89,64,Yes,7.021269189264455
ORD04589,2025-10-21,CUST7620,Electronics,South,1191.35,0.07,298.73,54,Yes,25.074915012380917
ORD04590,2025-11-13,CUST5480,Electronics,North,659.8,0.09,144.66,60,Yes,21.92482570475902
ORD04591,2025-06-19,CUST9690,Office Supplies,East,2579.98,0.17,555.41,31,Yes,21.527686261133805
ORD04592,2025-05-22,CUST1469,Clothing,South,4531.05,0.28,366.02,37,No,8.078039306562495
ORD04593,2025-12-12,CUST5799,Clothing,North,4344.69,0.23,987.89,32,Yes,22.73787082622696
ORD04594,2024-09-26,CUST5285,Electronics,North,2573.66,0.09,433.83,62,Yes,16.856538936767095
ORD04595,2024-08-30,CUST5917,Furniture,East,2151.72,0.16,341.85,64,No,15.88729016786571
ORD04596,2025-03-28,CUST5191,Electronics,West,3651.79,0.34,666.74,43,Yes,18.257895443056693
ORD04597,2024-07-06,CUST2237,Furniture,North,1069.28,0.12,190.99,34,Yes,17.86155169833907
ORD04598,2025-04-28,CUST5676,Office Supplies,North,4392.25,0.09,744.03,52,No,16.939609539529854
ORD04599,2024-09-24,CUST9335,Clothing,South,1363.17,0.37,218.81,47,No,16.051556298920897
ORD04600,2025-09-10,CUST1919,Electronics,South,4008.78,0.38,277.21,34,Yes,6.915071418236969
ORD04601,2024-04-19,CUST1015,Clothing,West,2895.26,0.32,546.52,48,Yes,18.876370343250688
ORD04602,2024-01-30,CUST5500,Electronics,East,3235.95,0.08,779.02,45,Yes,24.073919559943757
ORD04603,2024-08-20,CUST4749,Office Supplies,West,2750.47,0.4,40.22,62,Yes,1.4622955349449367
ORD04604,2024-05-28,CUST8125,Clothing,South,1347.05,0.01,218.21,36,Yes,16.199101740841098
ORD04605,2025-12-25,CUST8815,Electronics,East,3746.52,0.11,791.65,36,Yes,21.13027556238856
ORD04606,2025-09-20,CUST8921,Furniture,North,3179.55,0.11,309.97,58,Yes,9.748863832932333
ORD04607,2025-05-22,CUST1477,Furniture,West,4993.85,0.39,639.63,60,Yes,12.808354275759182
ORD04608,2025-01-08,CUST1307,Home,South,247.96,0.09,24.88,48,Yes,10.033876431682529
ORD04609,2024-01-05,CUST2526,Office Supplies,North,1248.16,0.17,63.31,37,No,5.0722663761056275
ORD04610,2025-10-16,CUST2562,Clothing,East,3471.8,0.22,627.77,41,No,18.081974768131804
ORD04611,2024-06-04,CUST4819,Electronics,West,1898.72,0.17,81.0,61,Yes,4.266031853037836
ORD04612,2024-05-28,CUST2241,Office Supplies,East,1439.69,0.33,203.41,49,No,14.128736047343523
ORD04613,2025-11-23,CUST9553,Electronics,North,343.6,0.17,72.58,35,Yes,21.123399301513384
ORD04614,2025-03-17,CUST7440,Furniture,East,2838.33,0.21,375.86,47,Yes,13.242293884079723
ORD04615,2025-02-09,CUST9179,Furniture,North,2872.76,0.27,67.26,24,Yes,2.3413024408582688
ORD04616,2025-10-20,CUST4896,Electronics,West,4008.17,0.12,298.96,27,Yes,7.45876547152441
ORD04617,2024-11-13,CUST9077,Clothing,South,3094.74,0.11,687.67,63,Yes,22.220606577612337
ORD04618,2025-04-08,CUST9187,Clothing,South,2118.34,0.29,358.0,26,Yes,16.900025491658564
ORD04619,2025-09-19,CUST6290,Home,North,1390.2,0.01,381.43,27,Yes,27.43705941591138
ORD04620,2024-04-12,CUST9750,Office Supplies,East,454.05,0.07,92.33,64,No,20.33476489373417
ORD04621,2025-08-01,CUST5519,Home,North,1872.0,0.29,267.99,28,Yes,14.315705128205128
ORD04622,2024-11-16,CUST1563,Home,East,4442.2,0.17,1073.92,50,Yes,24.175408581333578
ORD04623,2025-08-17,CUST8345,Office Supplies,West,4708.03,0.21,479.95,27,Yes,10.19428508314518
ORD04624,2024-04-21,CUST3197,Furniture,West,662.51,0.1,41.36,36,Yes,6.242924635099848
ORD04625,2025-08-09,CUST6609,Clothing,North,1889.28,0.13,392.95,55,No,20.798928692411923
ORD04626,2025-10-26,CUST6562,Clothing,North,3429.72,0.13,343.33,44,No,10.010438169879757
ORD04627,2025-03-03,CUST1643,Home,South,4777.97,0.37,336.65,51,Yes,7.04587931694841
ORD04628,2025-04-10,CUST2614,Office Supplies,South,1899.68,0.14,204.3,63,Yes,10.754442853533225
ORD04629,2025-11-20,CUST3153,Clothing,South,2513.61,0.27,229.33,39,Yes,9.123531494543705
ORD04630,2025-03-03,CUST9588,Electronics,East,2757.08,0.32,325.03,18,Yes,11.788921612720705
ORD04631,2024-12-12,CUST9091,Clothing,East,940.41,0.12,133.87,44,Yes,14.235280356440278
ORD04632,2024-05-04,CUST1502,Home,South,1711.85,0.04,409.68,64,Yes,23.932003388147326
ORD04633,2024-10-10,CUST7986,Home,East,3854.83,0.34,693.27,52,No,17.984450676164705
ORD04634,2025-12-21,CUST6491,Furniture,North,1548.42,0.08,221.38,44,No,14.297154518799807
ORD04635,2025-10-28,CUST1276,Electronics,West,2298.01,0.02,493.46,31,Yes,21.473361734718296
ORD04636,2025-10-20,CUST4294,Furniture,West,522.42,0.14,93.22,19,Yes,17.843880402741092
ORD04637,2025-12-31,CUST7643,Home,North,2188.37,0.2,212.92,47,Yes,9.729616106965459
ORD04638,2024-10-11,CUST2527,Furniture,West,2504.45,0.09,472.25,63,No,18.85643554473038
ORD04639,2024-07-25,CUST5774,Furniture,South,4561.8,0.39,482.63,31,Yes,10.579814985312815
ORD04640,2025-12-12,CUST7199,Clothing,North,3755.31,0.07,870.52,58,Yes,23.181042310754638
ORD04641,2024-08-15,CUST2704,Furniture,East,4903.56,0.0,1237.0,26,Yes,25.22657008377587
ORD04642,2025-01-17,CUST7665,Office Supplies,South,2831.7,0.31,432.14,29,Yes,15.260797400854612
ORD04643,2024-05-21,CUST7044,Furniture,North,2583.72,0.31,204.32,22,Yes,7.907977644636416
ORD04644,2025-11-08,CUST5116,Home,East,4956.33,0.05,1013.38,32,Yes,20.44617690912429
ORD04645,2024-08-14,CUST8632,Clothing,North,4181.61,0.23,133.64,59,Yes,3.1958982305858266
ORD04646,2024-09-03,CUST2778,Furniture,North,4716.27,0.17,630.21,23,Yes,13.362466525453376
ORD04647,2025-04-11,CUST5595,Home,South,1447.01,0.01,292.28,54,Yes,20.198892889475538
ORD04648,2024-09-03,CUST3786,Office Supplies,North,3941.57,0.16,334.51,18,No,8.486719758877808
ORD04649,2025-05-17,CUST2307,Electronics,East,672.01,0.38,107.06,23,Yes,15.93131054597402
ORD04650,2025-04-02,CUST5170,Clothing,South,2904.4,0.32,153.99,34,Yes,5.301955653491254
ORD04651,2025-09-26,CUST6715,Electronics,West,2460.22,0.32,69.74,24,No,2.834705839315183
ORD04652,2024-06-08,CUST2446,Electronics,North,1163.02,0.21,72.0,64,No,6.19077917834603
ORD04653,2024-03-08,CUST6845,Electronics,East,1087.05,0.06,161.78,58,Yes,14.882480106710824
ORD04654,2024-07-15,CUST4256,Clothing,South,2360.11,0.33,143.94,38,Yes,6.098868273088966
ORD04655,2025-01-20,CUST5894,Home,East,636.72,0.38,34.28,22,No,5.383842191230054
ORD04656,2024-11-10,CUST1409,Electronics,North,2959.26,0.25,114.58,59,Yes,3.871913924427053
ORD04657,2024-11-04,CUST8357,Furniture,North,2047.37,0.21,415.2,43,Yes,20.27967587685665
ORD04658,2024-12-31,CUST4817,Home,West,4081.12,0.28,847.97,24,Yes,20.777874701062455
ORD04659,2024-07-03,CUST6502,Office Supplies,West,3499.14,0.3,385.86,42,Yes,11.027280989043023
ORD04660,2025-03-01,CUST6121,Furniture,East,2358.12,0.32,362.09,24,Yes,15.355028582090819
ORD04661,2024-12-16,CUST1779,Office Supplies,East,3987.91,0.16,554.85,48,Yes,13.913302958191135
ORD04662,2025-04-24,CUST1910,Office Supplies,East,3509.46,0.11,223.86,54,No,6.378759125335522
ORD04663,2025-11-02,CUST7127,Home,South,3760.73,0.37,391.3,42,Yes,10.404894794361732
ORD04664,2024-05-05,CUST6302,Office Supplies,East,3132.89,0.19,264.7,38,Yes,8.449067793634631
ORD04665,2024-04-05,CUST2602,Office Supplies,North,624.91,0.04,55.08,18,Yes,8.81406922596854
ORD04666,2025-07-15,CUST3036,Home,East,3610.69,0.26,565.12,26,Yes,15.651302105691709
ORD04667,2024-10-16,CUST7561,Furniture,East,2142.27,0.25,220.47,61,No,10.291419849038636
ORD04668,2025-01-10,CUST8973,Office Supplies,West,548.73,0.04,116.02,57,Yes,21.143367412024126
ORD04669,2024-09-04,CUST4808,Electronics,South,328.47,0.23,18.9,52,No,5.753950132432185
ORD04670,2025-09-27,CUST1479,Electronics,East,4369.15,0.1,959.94,48,Yes,21.9708638980122
ORD04671,2024-12-31,CUST2104,Electronics,West,1356.94,0.13,170.45,53,Yes,12.561351275664363
ORD04672,2025-10-11,CUST7530,Office Supplies,North,4628.23,0.17,256.81,25,Yes,5.5487735052060945
ORD04673,2025-10-09,CUST2097,Office Supplies,South,1513.91,0.37,83.15,59,No,5.4924004729475335
ORD04674,2024-11-23,CUST6514,Office Supplies,West,3998.57,0.38,569.25,45,No,14.236339491368163
ORD04675,2025-07-12,CUST3990,Home,North,1111.32,0.37,206.43,43,Yes,18.57520786092215
ORD04676,2024-12-06,CUST4969,Office Supplies,South,828.56,0.13,205.66,22,Yes,24.821376846577195
ORD04677,2025-04-03,CUST8526,Home,East,1966.92,0.06,230.07,47,Yes,11.696967848209383
ORD04678,2025-12-12,CUST1564,Office Supplies,West,4003.52,0.09,990.84,52,Yes,24.749220685796498
ORD04679,2024-02-23,CUST7388,Clothing,South,1809.87,0.15,92.27,65,Yes,5.0981562211650555
ORD04680,2024-07-08,CUST1126,Clothing,West,3803.8,0.03,443.71,44,Yes,11.664914033335085
ORD04681,2025-06-19,CUST6793,Home,East,1195.55,0.34,225.18,31,Yes,18.83484588683033
ORD04682,2024-02-16,CUST9984,Electronics,North,3639.34,0.05,645.06,45,Yes,17.724642380211794
ORD04683,2024-12-25,CUST4421,Office Supplies,South,1350.72,0.09,236.8,48,Yes,17.531390665719023
ORD04684,2024-05-07,CUST4522,Office Supplies,East,2665.42,0.35,24.7,20,Yes,0.9266832244074104
ORD04685,2024-09-07,CUST9650,Home,East,2320.75,0.23,453.68,43,Yes,19.548852741570613
ORD04686,2024-08-14,CUST4038,Clothing,North,4173.4,0.14,726.49,52,No,17.407629271097907
ORD04687,2024-07-06,CUST1668,Home,North,4287.28,0.32,560.33,64,Yes,13.069591909089215
ORD04688,2025-11-04,CUST5855,Clothing,North,2725.39,0.28,181.38,40,Yes,6.655194302466803
ORD04689,2025-12-02,CUST9959,Home,North,3659.61,0.24,304.95,33,No,8.332855140301834
ORD04690,2025-03-06,CUST2239,Electronics,South,2940.36,0.33,275.44,61,Yes,9.367560434776694
ORD04691,2025-12-19,CUST5652,Office Supplies,South,2707.05,0.18,146.36,26,Yes,5.406623446186808
ORD04692,2025-09-26,CUST9338,Clothing,East,1512.36,0.08,250.6,56,Yes,16.570128805310905
ORD04693,2024-03-10,CUST1655,Electronics,North,1173.32,0.01,101.59,54,Yes,8.65833702655712
ORD04694,2025-06-10,CUST1507,Furniture,East,410.69,0.21,94.12,36,Yes,22.917529036499552
ORD04695,2024-02-21,CUST4163,Office Supplies,South,921.8,0.0,246.29,42,Yes,26.718377088305488
ORD04696,2024-07-27,CUST2491,Clothing,East,1158.95,0.09,213.22,53,No,18.397687562017342
ORD04697,2025-08-08,CUST4229,Home,East,1432.19,0.04,126.76,54,Yes,8.850780971798434
ORD04698,2024-02-28,CUST8217,Electronics,North,4486.15,0.11,941.09,55,Yes,20.977675735318705
ORD04699,2024-02-04,CUST7396,Electronics,South,1858.86,0.36,156.83,40,No,8.436891428079576
ORD04700,2024-06-26,CUST7053,Home,South,2241.29,0.07,455.44,22,No,20.320440460627584
ORD04701,2024-09-20,CUST1316,Furniture,West,1633.23,0.35,25.33,29,Yes,1.5509144456077832
ORD04702,2024-08-07,CUST2329,Clothing,East,3637.66,0.17,251.63,22,No,6.917358961530215
ORD04703,2025-06-22,CUST5269,Electronics,South,2134.87,0.0,212.09,36,No,9.934562760261748
ORD04704,2025-08-08,CUST7647,Furniture,North,1835.91,0.19,255.69,37,No,13.927153291828029
ORD04705,2024-10-17,CUST7176,Furniture,South,3573.77,0.35,258.99,45,No,7.2469688871975535
ORD04706,2024-11-03,CUST5169,Clothing,West,1901.69,0.36,23.49,25,No,1.235217096372174
ORD04707,2025-09-17,CUST4843,Furniture,West,2631.01,0.28,63.33,40,Yes,2.4070604064598764
ORD04708,2025-12-07,CUST6563,Electronics,North,2038.16,0.01,417.68,65,Yes,20.492993680574635
ORD04709,2024-03-08,CUST4495,Home,North,2089.17,0.26,105.01,58,Yes,5.026398043242053
ORD04710,2024-08-26,CUST2970,Office Supplies,East,4031.35,0.04,372.17,47,Yes,9.231895022759126
ORD04711,2025-02-02,CUST3774,Office Supplies,South,1648.21,0.24,219.31,51,Yes,13.30595009131118
ORD04712,2025-02-24,CUST5299,Furniture,West,3353.25,0.11,709.59,51,Yes,21.16126146276001
ORD04713,2024-01-04,CUST5056,Furniture,West,4501.8,0.07,570.77,44,No,12.678706295259673
ORD04714,2025-09-07,CUST2121,Clothing,South,1420.09,0.14,195.96,49,No,13.799125407544594
ORD04715,2025-01-03,CUST7738,Office Supplies,East,1988.13,0.02,490.02,30,Yes,24.64728161639329
ORD04716,2025-08-19,CUST8104,Home,South,3147.06,0.31,370.21,44,Yes,11.763677845354076
ORD04717,2024-03-21,CUST3813,Home,East,3460.9,0.15,442.59,22,Yes,12.788292062758241
ORD04718,2024-04-03,CUST9490,Furniture,East,3422.54,0.1,336.1,35,Yes,9.820192021130508
ORD04719,2025-05-20,CUST6182,Home,North,4605.76,0.4,875.67,21,Yes,19.0124973945668
ORD04720,2025-07-22,CUST6065,Office Supplies,East,2767.79,0.35,205.47,47,No,7.423612340531616
ORD04721,2024-08-25,CUST5176,Home,East,2088.43,0.14,309.72,31,Yes,14.830279204953007
ORD04722,2024-12-30,CUST6821,Furniture,South,1729.29,0.18,186.76,55,No,10.79980801369348
ORD04723,2024-09-04,CUST3206,Clothing,South,426.51,0.08,87.91,63,No,20.611474525802443
ORD04724,2025-10-23,CUST1638,Home,South,2880.26,0.1,197.82,53,Yes,6.868129960489677
ORD04725,2025-03-15,CUST2650,Office Supplies,South,1791.0,0.39,97.19,56,No,5.426577331099944
ORD04726,2024-10-20,CUST5560,Office Supplies,North,1317.89,0.34,89.02,56,No,6.754736738271023
ORD04727,2025-08-21,CUST3236,Home,North,207.5,0.36,17.22,39,No,8.298795180722891
ORD04728,2025-12-26,CUST2203,Furniture,East,2778.95,0.38,164.15,61,Yes,5.906907285125677
ORD04729,2025-10-03,CUST6026,Home,East,2613.96,0.38,405.42,34,No,15.50980122113575
ORD04730,2024-04-15,CUST7814,Home,East,4382.04,0.22,591.57,65,No,13.499876769723693
ORD04731,2024-06-09,CUST5205,Clothing,West,3421.05,0.23,750.29,31,No,21.93157071659286
ORD04732,2024-02-23,CUST7295,Office Supplies,West,271.76,0.2,63.03,32,No,23.19325875772741
ORD04733,2024-10-07,CUST3089,Home,East,4822.09,0.32,698.74,51,No,14.4903973173458
ORD04734,2024-09-21,CUST9785,Furniture,West,2178.43,0.02,304.75,45,Yes,13.9894327566183
ORD04735,2025-12-31,CUST8213,Furniture,East,1817.89,0.26,397.0,25,Yes,21.83850508006535
ORD04736,2025-05-23,CUST7611,Home,North,390.34,0.09,67.02,25,No,17.169646974432546
ORD04737,2024-09-21,CUST4495,Office Supplies,South,4733.2,0.08,1070.85,44,Yes,22.624228851516943
ORD04738,2025-08-11,CUST3216,Office Supplies,East,2090.45,0.12,351.13,55,Yes,16.796861919682364
ORD04739,2025-12-25,CUST5342,Home,South,2117.01,0.17,187.95,47,Yes,8.878087491320304
ORD04740,2024-03-10,CUST2597,Office Supplies,North,1006.89,0.12,61.48,40,Yes,6.105930141326262
ORD04741,2024-02-23,CUST7152,Electronics,West,1883.74,0.26,202.46,21,No,10.747767738647585
ORD04742,2024-06-14,CUST9042,Electronics,West,157.05,0.31,4.83,24,No,3.0754536771728747
ORD04743,2024-08-12,CUST9098,Electronics,South,3690.19,0.28,433.89,57,Yes,11.757931163436028
ORD04744,2024-06-26,CUST6154,Furniture,South,4604.12,0.35,157.55,24,Yes,3.4219351363561334
ORD04745,2025-04-01,CUST2754,Home,East,727.09,0.38,69.23,18,Yes,9.521517281216905
ORD04746,2024-01-25,CUST1761,Clothing,North,3493.08,0.09,413.21,63,Yes,11.829388390761162
ORD04747,2025-10-03,CUST3651,Furniture,North,1394.12,0.1,249.24,29,Yes,17.877944509798297
ORD04748,2025-12-25,CUST6267,Electronics,South,3312.81,0.22,526.17,33,Yes,15.882890959638493
ORD04749,2024-03-10,CUST5726,Clothing,West,3278.95,0.03,787.36,28,Yes,24.012564997941414
ORD04750,2025-02-09,CUST6715,Clothing,East,1759.34,0.27,384.49,65,No,21.854218059044868
ORD04751,2024-11-07,CUST4574,Clothing,South,1151.68,0.28,165.48,62,Yes,14.36857460405668
ORD04752,2024-08-01,CUST6572,Home,South,496.75,0.16,70.18,18,Yes,14.127830900855562
ORD04753,2024-09-12,CUST2307,Electronics,West,1010.66,0.3,24.16,57,Yes,2.3905170878435875
ORD04754,2025-12-24,CUST3051,Furniture,North,2038.95,0.22,287.56,34,No,14.103337502145713
ORD04755,2025-07-31,CUST5537,Electronics,East,4772.53,0.04,771.31,35,No,16.16144895893792
ORD04756,2024-08-21,CUST6741,Furniture,West,1716.29,0.24,150.87,54,No,8.790472472600785
ORD04757,2025-12-24,CUST7342,Electronics,North,3221.78,0.22,232.03,51,Yes,7.201919435839815
ORD04758,2024-08-09,CUST4908,Electronics,West,1440.55,0.19,179.8,36,No,12.481343931137413
ORD04759,2024-09-29,CUST7753,Furniture,North,4637.69,0.13,671.43,52,Yes,14.477681776919113
ORD04760,2025-05-10,CUST5689,Electronics,North,2022.87,0.04,500.9,44,Yes,24.76184826508871
ORD04761,2025-06-04,CUST8217,Electronics,West,580.25,0.08,90.59,28,Yes,15.612236105127101
ORD04762,2025-08-26,CUST3910,Clothing,West,478.71,0.25,19.34,30,Yes,4.040024231789601
ORD04763,2025-09-18,CUST3185,Office Supplies,East,2271.98,0.21,514.93,39,Yes,22.664372045528566
ORD04764,2024-03-23,CUST6270,Furniture,South,3031.23,0.27,630.37,22,Yes,20.79584854992858
ORD04765,2024-07-12,CUST2163,Office Supplies,North,4706.44,0.19,562.34,56,Yes,11.948309125368645
ORD04766,2025-08-18,CUST6443,Electronics,East,563.74,0.32,40.47,55,No,7.178841309823677
ORD04767,2025-07-27,CUST9856,Electronics,South,1545.74,0.22,333.43,59,Yes,21.570898081177948
ORD04768,2025-07-30,CUST5263,Clothing,West,410.91,0.2,72.08,31,Yes,17.541554111605947
ORD04769,2025-05-30,CUST5481,Electronics,North,1776.07,0.27,70.25,33,No,3.955362119736272
ORD04770,2024-12-12,CUST3746,Clothing,West,203.58,0.18,26.25,37,Yes,12.894193928676687
ORD04771,2025-02-21,CUST9401,Clothing,North,4314.24,0.16,326.32,60,Yes,7.56378875537754
ORD04772,2025-06-15,CUST6304,Furniture,North,4517.39,0.14,365.76,48,Yes,8.096710711273545
ORD04773,2024-02-13,CUST5401,Office Supplies,South,2623.0,0.19,176.21,21,No,6.717880289744567
ORD04774,2024-10-03,CUST4920,Furniture,West,4620.54,0.07,885.9,45,Yes,19.173083665545583
ORD04775,2024-01-31,CUST7879,Furniture,North,4637.97,0.1,493.24,25,Yes,10.63482514979614
ORD04776,2024-01-07,CUST5567,Electronics,East,2414.97,0.39,39.15,57,No,1.621138150784482
ORD04777,2024-01-15,CUST5380,Home,West,1955.71,0.03,308.09,35,Yes,15.753358115467014
ORD04778,2024-07-31,CUST1462,Office Supplies,North,1746.22,0.15,427.81,25,No,24.49920399491473
ORD04779,2024-12-22,CUST5100,Electronics,North,2475.13,0.11,500.38,58,Yes,20.216311870487612
ORD04780,2025-06-20,CUST3142,Electronics,North,4714.57,0.06,411.67,26,Yes,8.731867381330643
ORD04781,2025-09-26,CUST7755,Home,East,2766.38,0.26,342.91,25,No,12.395621715021075
ORD04782,2024-08-12,CUST7489,Home,West,3833.39,0.25,208.65,62,No,5.442963017068444
ORD04783,2024-09-09,CUST6860,Office Supplies,West,3240.54,0.18,720.54,57,No,22.23518302505138
ORD04784,2025-11-06,CUST8232,Furniture,West,4233.58,0.19,234.57,20,Yes,5.5407007780649
ORD04785,2025-03-06,CUST2571,Clothing,East,4357.12,0.38,481.98,38,Yes,11.06189409518214
ORD04786,2024-04-21,CUST6775,Home,South,4842.79,0.27,681.69,25,Yes,14.076389849652784
ORD04787,2025-06-04,CUST8083,Electronics,West,3103.67,0.27,393.2,27,Yes,12.668872657209047
ORD04788,2024-10-02,CUST8183,Clothing,North,1764.41,0.34,87.96,28,No,4.985235857878837
ORD04789,2025-02-14,CUST8849,Electronics,West,1669.64,0.18,400.28,63,No,23.97403032989147
ORD04790,2025-09-12,CUST8739,Furniture,East,4879.16,0.25,293.45,50,Yes,6.014354929946958
ORD04791,2025-02-02,CUST5585,Electronics,West,870.25,0.09,213.87,19,Yes,24.57569663889687
ORD04792,2024-05-25,CUST1286,Home,East,1331.1,0.2,128.08,52,Yes,9.62211704605214
ORD04793,2025-03-26,CUST8667,Office Supplies,East,4289.52,0.31,162.92,25,Yes,3.7980939592308687
ORD04794,2024-03-18,CUST8154,Office Supplies,East,3318.8,0.18,707.78,33,Yes,21.326383030010845
ORD04795,2025-02-11,CUST3667,Clothing,South,216.64,0.37,4.71,33,Yes,2.1741137370753325
ORD04796,2025-06-08,CUST8426,Home,South,1096.53,0.06,178.52,63,Yes,16.280448323347287
ORD04797,2025-03-25,CUST1459,Electronics,North,3040.67,0.15,534.07,23,Yes,17.564221043388464
ORD04798,2025-10-29,CUST7763,Clothing,East,808.14,0.04,87.82,65,Yes,10.866928997450936
ORD04799,2024-07-16,CUST7455,Office Supplies,West,3978.76,0.04,378.05,64,Yes,9.50170404849752
ORD04800,2024-01-30,CUST7784,Furniture,East,153.49,0.28,28.29,57,Yes,18.43116815427715
ORD04801,2025-08-27,CUST5058,Furniture,West,2318.4,0.19,229.03,63,Yes,9.878795721187025
ORD04802,2024-08-19,CUST8824,Home,South,4771.35,0.04,702.14,23,No,14.715751307282005
ORD04803,2025-12-11,CUST5998,Home,North,940.01,0.1,230.89,28,Yes,24.562504654205807
ORD04804,2024-11-24,CUST9759,Furniture,East,3755.19,0.23,558.23,41,Yes,14.865559399124944
ORD04805,2025-03-02,CUST2371,Clothing,West,1947.8,0.11,316.28,34,Yes,16.237806756340486
ORD04806,2024-06-28,CUST6199,Clothing,East,4348.96,0.12,234.02,21,No,5.381056620433392
ORD04807,2024-08-24,CUST9041,Home,North,288.91,0.25,12.8,53,No,4.430445467446609
ORD04808,2024-01-09,CUST7543,Furniture,West,4114.74,0.05,547.86,49,No,13.314571516061768
ORD04809,2024-01-28,CUST4373,Office Supplies,West,3837.65,0.29,410.89,33,Yes,10.706812763019034
ORD04810,2024-10-12,CUST8110,Furniture,North,4802.01,0.11,1010.91,33,No,21.051809554748946
ORD04811,2025-12-01,CUST6615,Electronics,North,1305.42,0.34,50.84,25,Yes,3.8945320280063123
ORD04812,2024-09-01,CUST8864,Electronics,West,1397.85,0.27,283.68,54,Yes,20.294022963837325
ORD04813,2024-11-15,CUST8230,Electronics,South,2503.24,0.38,87.35,42,Yes,3.4894776369824707
ORD04814,2025-04-30,CUST4803,Office Supplies,North,1120.22,0.0,184.88,32,Yes,16.50390101944261
ORD04815,2024-05-07,CUST5519,Electronics,East,2556.63,0.25,467.34,19,No,18.279532040224826
ORD04816,2024-07-01,CUST1563,Furniture,North,3873.49,0.1,539.87,51,Yes,13.937560184742958
ORD04817,2025-11-02,CUST3505,Electronics,West,2849.59,0.38,-4.86,18,Yes,-0.17055085117508134
ORD04818,2024-08-12,CUST5284,Electronics,South,2476.49,0.36,345.68,41,Yes,13.95846540870345
ORD04819,2025-01-12,CUST3878,Office Supplies,South,3158.21,0.24,453.15,28,No,14.348317559630297
ORD04820,2024-02-11,CUST5651,Electronics,East,4653.96,0.32,94.52,64,No,2.03095858150908
ORD04821,2024-07-21,CUST9202,Office Supplies,South,527.32,0.38,35.33,22,Yes,6.699916559205035
ORD04822,2025-10-16,CUST9670,Furniture,South,2801.49,0.16,508.65,57,Yes,18.15640962487819
ORD04823,2025-10-17,CUST8905,Office Supplies,East,4133.57,0.1,987.89,23,Yes,23.899196094417178
ORD04824,2024-06-01,CUST8625,Clothing,North,3998.24,0.06,714.39,55,No,17.867611749169633
ORD04825,2024-02-28,CUST6816,Office Supplies,East,3709.42,0.39,555.44,24,Yes,14.97376948417812
ORD04826,2024-06-02,CUST9675,Home,South,1108.68,0.23,67.87,21,Yes,6.121694267056319
ORD04827,2024-04-20,CUST5885,Electronics,South,3789.3,0.06,782.91,20,Yes,20.66107196579843
ORD04828,2025-02-13,CUST8512,Office Supplies,East,537.56,0.15,28.87,65,Yes,5.370563285958777
ORD04829,2025-01-08,CUST1660,Home,East,593.8,0.29,66.56,39,Yes,11.209161333782419
ORD04830,2024-11-30,CUST7410,Furniture,North,4202.44,0.22,702.0,32,Yes,16.704581148094917
ORD04831,2025-08-12,CUST8062,Clothing,East,4859.19,0.12,528.74,26,Yes,10.881237407880738
ORD04832,2025-08-15,CUST7150,Electronics,East,3682.57,0.3,419.17,36,Yes,11.382539910986079
ORD04833,2024-08-23,CUST4470,Clothing,North,4528.16,0.25,583.09,18,Yes,12.876974311861773
ORD04834,2024-02-01,CUST8566,Office Supplies,West,1905.21,0.15,135.88,31,Yes,7.132022191779383
ORD04835,2024-04-09,CUST4331,Electronics,South,3140.33,0.16,158.37,50,Yes,5.043100565864098
ORD04836,2024-07-06,CUST6240,Office Supplies,West,3613.37,0.07,280.18,53,Yes,7.753980356287898
ORD04837,2024-04-08,CUST6353,Home,East,2487.62,0.35,90.05,48,Yes,3.6199258729227135
ORD04838,2024-05-29,CUST9377,Office Supplies,East,1262.21,0.04,142.18,60,Yes,11.264369637382051
ORD04839,2024-10-23,CUST5407,Furniture,East,2574.61,0.15,532.93,61,Yes,20.69944574129674
ORD04840,2025-01-01,CUST3633,Home,South,3587.55,0.14,634.44,50,Yes,17.684492202199273
ORD04841,2025-03-27,CUST3564,Furniture,North,3045.5,0.0,487.78,45,No,16.016417665407978
ORD04842,2025-07-13,CUST5682,Electronics,North,1211.37,0.18,116.96,28,No,9.655183800160149
ORD04843,2024-04-19,CUST9297,Electronics,East,2131.39,0.33,112.03,33,No,5.256194314508373
ORD04844,2024-06-18,CUST2797,Electronics,North,1704.82,0.33,233.82,59,Yes,13.715230933470982
ORD04845,2024-04-19,CUST4372,Home,West,1601.18,0.32,63.73,18,Yes,3.9801896101625047
ORD04846,2024-04-24,CUST1838,Clothing,South,1188.3,0.09,150.44,32,Yes,12.660102667676512
ORD04847,2024-07-16,CUST5755,Electronics,South,735.38,0.24,32.33,29,No,4.396366504392287
ORD04848,2025-11-27,CUST1101,Electronics,East,4654.92,0.19,468.09,23,Yes,10.055811915134953
ORD04849,2024-08-21,CUST3588,Clothing,South,2449.64,0.15,348.53,42,Yes,14.227804901944774
ORD04850,2024-11-01,CUST9404,Office Supplies,South,2261.37,0.21,228.83,33,Yes,10.119087102066446
ORD04851,2024-03-27,CUST4143,Electronics,South,1011.5,0.37,58.45,60,No,5.778546712802768
ORD04852,2024-08-25,CUST9985,Electronics,South,3528.43,0.35,300.11,22,Yes,8.50548260841224
ORD04853,2024-12-28,CUST5470,Furniture,West,4407.11,0.29,878.63,55,Yes,19.936647825899513
ORD04854,2024-09-04,CUST9065,Clothing,South,443.46,0.36,22.05,44,Yes,4.9722635637938035
ORD04855,2025-07-29,CUST1424,Clothing,South,4936.25,0.02,1142.38,18,Yes,23.142669030134215
ORD04856,2024-09-19,CUST5385,Electronics,West,3220.42,0.05,784.78,45,No,24.368871141031292
ORD04857,2024-06-15,CUST1701,Clothing,South,726.82,0.16,97.0,19,No,13.34580776533392
ORD04858,2024-02-22,CUST9937,Home,East,1768.0,0.2,176.29,34,Yes,9.971153846153847
ORD04859,2025-08-11,CUST5281,Home,East,2278.82,0.15,310.48,37,Yes,13.624595185227442
ORD04860,2025-07-12,CUST1734,Office Supplies,East,2954.7,0.25,279.8,28,No,9.469658510170238
ORD04861,2024-08-10,CUST5564,Office Supplies,North,1621.81,0.21,341.99,61,Yes,21.086933734531176
ORD04862,2024-01-04,CUST7364,Home,North,486.67,0.2,112.76,55,No,23.16970431709372
ORD04863,2025-02-18,CUST4298,Home,North,2841.58,0.04,717.21,36,Yes,25.239831361425686
ORD04864,2024-03-25,CUST7537,Electronics,West,4130.46,0.39,335.23,64,Yes,8.116045186250442
ORD04865,2024-01-07,CUST6516,Office Supplies,North,2990.18,0.26,184.99,54,No,6.186584085239017
ORD04866,2025-07-05,CUST6060,Furniture,North,3421.63,0.27,706.02,51,Yes,20.63402530372951
ORD04867,2024-01-26,CUST8429,Home,North,1479.72,0.1,162.55,38,Yes,10.985186386613684
ORD04868,2024-05-21,CUST5378,Office Supplies,North,4112.49,0.39,730.37,29,No,17.759800023829847
ORD04869,2024-09-23,CUST5158,Home,East,4634.49,0.03,724.02,39,Yes,15.622430947094504
ORD04870,2025-08-21,CUST4266,Furniture,West,753.06,0.23,139.6,43,Yes,18.537699519294613
ORD04871,2025-12-06,CUST9804,Furniture,South,2654.21,0.3,226.8,41,Yes,8.544915436231497
ORD04872,2025-01-01,CUST8093,Office Supplies,West,574.57,0.32,42.77,26,No,7.443827557999895
ORD04873,2025-10-27,CUST9921,Furniture,East,1971.64,0.24,288.47,43,No,14.630967113671867
ORD04874,2024-07-17,CUST9912,Furniture,East,1736.12,0.19,174.62,26,Yes,10.058060502730228
ORD04875,2024-06-21,CUST7024,Furniture,West,1160.57,0.06,163.89,38,No,14.121509258381657
ORD04876,2024-04-29,CUST3970,Office Supplies,West,4151.3,0.16,867.89,38,No,20.90646303567557
ORD04877,2024-03-24,CUST5948,Office Supplies,South,3392.54,0.27,87.99,65,Yes,2.5936319100143255
ORD04878,2024-05-23,CUST8625,Clothing,North,518.15,0.22,26.91,34,Yes,5.193476792434623
ORD04879,2024-05-06,CUST8074,Home,South,2902.31,0.33,320.6,59,No,11.046373406011075
ORD04880,2024-02-07,CUST9239,Office Supplies,West,710.35,0.12,71.86,54,Yes,10.11613993101992
ORD04881,2025-09-22,CUST1435,Clothing,North,3668.47,0.14,403.87,58,Yes,11.0092218281736
ORD04882,2024-01-14,CUST1938,Home,South,2742.93,0.32,415.17,28,No,15.136004199888442
ORD04883,2025-12-30,CUST9503,Home,South,963.81,0.01,142.43,55,Yes,14.777808904244614
ORD04884,2024-07-07,CUST1832,Clothing,West,1529.04,0.05,256.31,43,Yes,16.762805420394496
ORD04885,2025-04-30,CUST8502,Furniture,East,4496.89,0.26,317.74,22,Yes,7.065772122511335
ORD04886,2024-02-19,CUST3403,Furniture,West,1536.02,0.37,273.51,19,No,17.80640877071913
ORD04887,2025-09-13,CUST2947,Home,East,4245.66,0.31,852.74,38,Yes,20.08498089814069
ORD04888,2024-11-19,CUST5948,Clothing,North,1030.72,0.38,35.4,29,No,3.4344923936665626
ORD04889,2024-12-21,CUST6171,Electronics,West,2330.95,0.29,263.55,59,Yes,11.306548832021281
ORD04890,2024-05-09,CUST8234,Furniture,East,630.56,0.19,117.81,39,Yes,18.683392539964476
ORD04891,2025-10-16,CUST7978,Clothing,South,1346.95,0.34,243.32,44,Yes,18.064516129032256
ORD04892,2024-07-28,CUST5220,Home,West,2109.4,0.29,227.92,56,Yes,10.804968237413481
ORD04893,2024-06-09,CUST1437,Home,South,3776.08,0.12,863.66,58,No,22.871867121459292
ORD04894,2025-07-24,CUST5361,Electronics,East,3571.21,0.31,554.61,18,No,15.530030437862797
ORD04895,2024-09-27,CUST9829,Furniture,East,4920.83,0.39,720.84,18,Yes,14.648748280269794
ORD04896,2024-08-01,CUST6250,Office Supplies,West,3263.42,0.39,105.12,33,No,3.2211606229048053
ORD04897,2024-05-01,CUST5360,Electronics,South,4937.37,0.14,694.16,35,Yes,14.059306877953242
ORD04898,2025-07-14,CUST1218,Furniture,East,2536.8,0.31,364.88,49,Yes,14.383475244402396
ORD04899,2024-07-27,CUST9689,Clothing,East,2220.99,0.26,125.47,57,Yes,5.649282527161311
ORD04900,2024-02-14,CUST4286,Clothing,East,1607.56,0.31,202.56,33,Yes,12.600462813207594
ORD04901,2025-12-04,CUST7853,Home,North,1470.75,0.26,177.28,21,No,12.05371409144994
ORD04902,2024-05-23,CUST2796,Home,South,1800.15,0.2,127.94,53,Yes,7.107185512318417
ORD04903,2024-12-17,CUST4899,Furniture,North,1491.13,0.39,193.69,51,Yes,12.989477778597438
ORD04904,2024-08-17,CUST6155,Home,West,1435.4,0.13,78.98,55,Yes,5.502299010728716
ORD04905,2024-05-19,CUST9325,Office Supplies,South,2948.72,0.15,145.33,26,Yes,4.928579180118832
ORD04906,2024-06-06,CUST9563,Office Supplies,East,1446.42,0.22,226.76,59,No,15.677327470582542
ORD04907,2025-10-12,CUST3834,Furniture,East,2930.76,0.16,675.9,42,No,23.062277361503497
ORD04908,2024-01-19,CUST6372,Clothing,East,3501.8,0.01,613.8,18,Yes,17.52812839111314
ORD04909,2024-06-23,CUST9897,Clothing,North,4953.53,0.21,377.22,29,No,7.615175440544421
ORD04910,2024-09-05,CUST2693,Home,East,1361.8,0.24,44.87,54,No,3.2949038037891025
ORD04911,2025-11-23,CUST9017,Office Supplies,East,3724.99,0.23,450.51,40,Yes,12.094260655733304
ORD04912,2024-08-16,CUST3594,Office Supplies,North,4263.96,0.09,868.85,19,Yes,20.376598279533578
ORD04913,2025-02-10,CUST8746,Home,North,1007.29,0.03,133.28,51,Yes,13.231542058394306
ORD04914,2024-03-16,CUST4701,Electronics,West,4261.26,0.02,371.95,49,Yes,8.72863894716586
ORD04915,2025-04-18,CUST5381,Electronics,North,3970.43,0.28,113.85,58,Yes,2.8674476064305376
ORD04916,2024-05-12,CUST8283,Clothing,South,3749.18,0.19,519.18,47,Yes,13.847828058402104
ORD04917,2024-10-09,CUST2103,Electronics,South,501.43,0.11,112.45,25,No,22.425862034581098
ORD04918,2025-10-19,CUST7763,Home,North,651.14,0.37,79.16,39,No,12.15713978560678
ORD04919,2025-10-23,CUST8201,Office Supplies,North,4349.98,0.03,398.64,31,No,9.164180065195703
ORD04920,2025-03-25,CUST6999,Electronics,East,3672.33,0.01,441.07,25,Yes,12.010630852891762
ORD04921,2025-12-18,CUST8159,Furniture,North,3697.43,0.37,396.33,59,No,10.719067027638115
ORD04922,2024-07-15,CUST9740,Office Supplies,North,1846.16,0.4,347.2,63,Yes,18.80660397798674
ORD04923,2024-01-02,CUST4704,Furniture,South,4770.15,0.16,716.55,23,Yes,15.021540203138267
ORD04924,2024-07-21,CUST6837,Home,East,2363.04,0.03,469.44,20,Yes,19.865935405240705
ORD04925,2024-11-07,CUST9409,Furniture,North,1093.93,0.29,90.82,63,No,8.302176556086769
ORD04926,2024-10-13,CUST2007,Clothing,South,4261.26,0.11,544.52,38,Yes,12.778380103537451
ORD04927,2024-09-02,CUST7568,Electronics,North,2124.92,0.23,186.15,32,Yes,8.760329800651318
ORD04928,2025-10-08,CUST1856,Home,East,1528.41,0.21,62.1,41,Yes,4.063045910455964
ORD04929,2025-06-19,CUST1857,Home,South,1016.49,0.03,275.08,50,Yes,27.061751714232308
ORD04930,2024-02-17,CUST2494,Clothing,East,3280.9,0.08,224.82,63,Yes,6.852388064250663
ORD04931,2025-08-20,CUST2531,Clothing,West,2245.45,0.12,565.35,30,Yes,25.177581331136302
ORD04932,2025-09-04,CUST7990,Furniture,East,3011.31,0.24,119.53,46,Yes,3.9693688129086677
ORD04933,2024-11-27,CUST1107,Office Supplies,North,3305.1,0.38,6.68,53,Yes,0.20211188768872348
ORD04934,2025-12-07,CUST6624,Office Supplies,East,4913.59,0.0,935.37,52,No,19.03638683732261
ORD04935,2025-01-22,CUST6401,Electronics,South,3952.81,0.36,37.9,36,Yes,0.9588115796104543
ORD04936,2024-07-11,CUST6412,Home,North,2759.47,0.33,348.02,37,Yes,12.611842129104502
ORD04937,2024-05-12,CUST8193,Home,South,1180.62,0.25,41.32,38,No,3.4998560078602767
ORD04938,2025-08-16,CUST4054,Electronics,West,4117.45,0.19,604.91,51,Yes,14.691374515780398
ORD04939,2025-08-04,CUST4091,Electronics,East,3140.36,0.34,450.95,39,No,14.359818619521327
ORD04940,2024-11-07,CUST2846,Electronics,South,1632.98,0.1,228.96,20,No,14.020992296292667
ORD04941,2024-08-10,CUST4224,Electronics,East,4211.47,0.37,694.02,18,Yes,16.479281581015652
ORD04942,2025-07-12,CUST7010,Furniture,West,3033.12,0.34,249.63,51,Yes,8.230139262541542
ORD04943,2025-05-05,CUST4402,Electronics,South,1786.64,0.23,309.68,29,Yes,17.333094523798863
ORD04944,2025-01-23,CUST4992,Clothing,South,2319.17,0.15,362.78,60,Yes,15.64266526386595
ORD04945,2024-05-17,CUST7171,Home,South,4924.25,0.25,690.34,52,No,14.019190739706556
ORD04946,2024-11-02,CUST8545,Electronics,West,991.73,0.17,187.79,32,No,18.935597390418764
ORD04947,2025-04-25,CUST7598,Clothing,North,4505.71,0.29,723.43,40,Yes,16.05584913365485
ORD04948,2025-05-26,CUST4482,Clothing,West,1229.76,0.29,119.65,40,Yes,9.729540723393184
ORD04949,2025-12-17,CUST7971,Clothing,South,4600.19,0.15,782.86,38,Yes,17.017992735082682
ORD04950,2025-09-26,CUST3250,Home,West,1873.15,0.12,210.78,50,Yes,11.252702666631077
ORD04951,2024-09-12,CUST2507,Furniture,East,3979.18,0.26,162.96,37,Yes,4.095316120406718
ORD04952,2024-02-10,CUST2466,Furniture,West,1491.4,0.11,212.56,43,Yes,14.252380313799115
ORD04953,2025-10-17,CUST5570,Electronics,East,1044.2,0.33,210.61,63,Yes,20.16950775713465
ORD04954,2025-03-22,CUST3588,Home,East,2880.49,0.28,115.0,19,No,3.992376297088343
ORD04955,2024-02-18,CUST3571,Home,East,3793.91,0.09,656.5,50,Yes,17.30404780292627
ORD04956,2024-04-19,CUST9211,Office Supplies,North,3473.83,0.3,447.28,34,No,12.875702034929745
ORD04957,2024-09-18,CUST5188,Electronics,South,3586.35,0.38,297.86,33,Yes,8.305380121850908
ORD04958,2024-07-30,CUST6047,Furniture,South,3099.65,0.02,451.81,63,Yes,14.576161824722146
ORD04959,2025-03-01,CUST1843,Furniture,North,3186.63,0.17,376.05,43,Yes,11.800868001619264
ORD04960,2024-09-11,CUST9747,Clothing,West,330.06,0.32,4.33,21,Yes,1.3118826879961218
ORD04961,2025-02-28,CUST8468,Clothing,South,2394.09,0.39,-4.26,53,Yes,-0.17793817275039783
ORD04962,2025-04-20,CUST9737,Furniture,East,1925.47,0.34,49.91,64,Yes,2.5920943977314628
ORD04963,2024-01-02,CUST6010,Clothing,West,3575.87,0.28,550.61,58,Yes,15.397931132843198
ORD04964,2024-02-14,CUST3221,Home,South,1644.45,0.32,200.93,20,No,12.218674936908997
ORD04965,2024-04-08,CUST9630,Electronics,East,588.98,0.07,77.84,36,Yes,13.216068457333016
ORD04966,2024-12-17,CUST7057,Office Supplies,West,2547.26,0.31,286.92,30,No,11.26386784230899
ORD04967,2024-06-12,CUST7386,Home,West,4110.61,0.08,681.14,38,Yes,16.570290054274185
ORD04968,2025-11-18,CUST3747,Clothing,West,427.85,0.29,77.51,51,No,18.11616220638074
ORD04969,2025-07-04,CUST9797,Office Supplies,South,4075.0,0.17,368.72,58,Yes,9.048343558282209
ORD04970,2024-09-03,CUST8673,Clothing,East,3177.01,0.31,663.79,20,Yes,20.893544559192446
ORD04971,2025-10-22,CUST7637,Office Supplies,North,3921.2,0.13,315.11,58,Yes,8.03606038967663
ORD04972,2025-09-13,CUST4200,Furniture,South,808.92,0.37,47.73,25,Yes,5.9004598724224895
ORD04973,2025-03-27,CUST8702,Electronics,East,4872.17,0.17,754.2,35,Yes,15.479755427253156
ORD04974,2024-01-24,CUST3528,Electronics,East,3888.65,0.1,401.71,37,Yes,10.330320291103595
ORD04975,2024-12-12,CUST7843,Home,North,3028.44,0.29,289.18,59,No,9.548810608762267
ORD04976,2024-05-23,CUST8896,Clothing,South,3972.73,0.09,617.98,49,Yes,15.555549961865015
ORD04977,2024-04-09,CUST4967,Clothing,East,4676.89,0.4,71.31,47,Yes,1.5247311781974773
ORD04978,2024-04-30,CUST2101,Office Supplies,West,4150.0,0.22,579.69,18,Yes,13.968433734939762
ORD04979,2025-12-04,CUST9731,Home,North,1841.08,0.13,334.06,38,No,18.144784582962174
ORD04980,2025-07-16,CUST2188,Electronics,South,2787.03,0.24,605.24,63,Yes,21.716307323566664
ORD04981,2024-09-18,CUST9870,Office Supplies,West,4421.6,0.2,544.36,45,Yes,12.311380495748145
ORD04982,2025-06-10,CUST8092,Furniture,West,2373.82,0.26,219.86,21,Yes,9.261864842321659
ORD04983,2025-01-18,CUST7075,Electronics,West,4080.86,0.28,460.62,44,Yes,11.287326690942596
ORD04984,2024-06-22,CUST2748,Clothing,North,4832.13,0.19,204.75,32,No,4.237261828634577
ORD04985,2025-01-01,CUST4916,Home,East,315.16,0.3,8.76,39,Yes,2.7795405508313236
ORD04986,2025-07-08,CUST8080,Office Supplies,West,386.88,0.39,42.35,21,No,10.946546732837056
ORD04987,2025-06-23,CUST8293,Clothing,East,710.45,0.29,136.9,29,Yes,19.26947709198395
ORD04988,2024-11-22,CUST9512,Electronics,West,4370.05,0.4,382.76,32,Yes,8.758709854578322
ORD04989,2024-06-13,CUST6456,Clothing,East,4449.8,0.15,419.81,33,No,9.434356600296642
ORD04990,2024-01-19,CUST4890,Office Supplies,West,3148.21,0.19,450.42,30,No,14.30717772956696
ORD04991,2025-10-28,CUST1810,Clothing,West,1286.69,0.28,221.74,52,No,17.23336623429109
ORD04992,2025-10-22,CUST4467,Clothing,South,4665.16,0.18,1121.33,46,Yes,24.036260278318426
ORD04993,2024-03-11,CUST5545,Electronics,East,2481.38,0.1,332.96,38,Yes,13.418339794791606
ORD04994,2024-07-13,CUST7223,Home,East,1247.87,0.31,104.73,46,No,8.392701162781382
ORD04995,2025-01-23,CUST4676,Home,North,1046.2,0.04,164.61,65,Yes,15.734085260944372
ORD04996,2024-12-12,CUST3200,Home,North,1615.13,0.28,95.85,37,Yes,5.934506819884467
ORD04997,2025-03-23,CUST5167,Clothing,South,1491.38,0.12,329.52,52,Yes,22.09497244163124
ORD04998,2025-06-26,CUST3775,Furniture,East,195.33,0.31,10.16,49,Yes,5.201453949726105
ORD04999,2024-08-15,CUST4191,Electronics,North,3300.44,0.1,761.34,40,Yes,23.067833379791786
ORD05000,2024-07-16,CUST3815,Furniture,East,362.19,0.24,46.59,38,Yes,12.863414230100226
ORD05001,2024-10-28,CUST7628,Electronics,South,410.1,0.15,24.27,39,Yes,5.918068763716167
ORD05002,2025-12-11,CUST2969,Clothing,East,3178.67,0.14,306.53,41,No,9.643341397502727
ORD05003,2024-03-01,CUST3390,Office Supplies,South,211.14,0.33,29.21,65,No,13.834422657952071
ORD05004,2024-05-24,CUST6876,Electronics,South,2225.29,0.3,431.85,63,No,19.406459382822018
ORD05005,2025-06-28,CUST9261,Electronics,North,2532.68,0.1,182.25,27,Yes,7.195934741064801
ORD05006,2024-05-18,CUST9610,Office Supplies,East,4539.78,0.05,610.25,48,No,13.442281344029889
ORD05007,2025-09-18,CUST9199,Home,East,781.31,0.27,172.1,22,Yes,22.027108318081172
ORD05008,2025-08-08,CUST8166,Furniture,West,3665.41,0.2,820.58,50,Yes,22.387127224512405
ORD05009,2024-08-09,CUST5545,Home,West,3693.15,0.25,783.37,34,Yes,21.21143197541394
ORD05010,2025-11-05,CUST7784,Office Supplies,North,3719.04,0.28,250.65,46,Yes,6.739642488384099
ORD05011,2024-10-09,CUST5501,Office Supplies,East,3247.73,0.39,62.05,46,Yes,1.9105652255575434
ORD05012,2024-08-12,CUST9725,Home,North,3871.3,0.24,671.48,63,Yes,17.34507788081523
ORD05013,2025-11-16,CUST5625,Clothing,North,1133.05,0.27,39.01,65,No,3.442919553417766
ORD05014,2025-06-22,CUST4670,Clothing,East,1187.31,0.36,158.6,25,No,13.357926741962926
ORD05015,2025-09-01,CUST6705,Electronics,North,3153.12,0.37,177.34,44,Yes,5.624270563759071
ORD05016,2025-06-01,CUST1513,Clothing,South,4819.94,0.23,1022.2,52,Yes,21.20773287634286
ORD05017,2024-01-30,CUST4308,Electronics,East,557.43,0.37,59.91,65,Yes,10.747537807437705
ORD05018,2025-02-25,CUST8432,Office Supplies,East,1778.56,0.22,135.74,38,No,7.632016912558474
ORD05019,2024-08-17,CUST2511,Home,North,1505.54,0.17,272.78,53,Yes,18.118415983633778
ORD05020,2025-02-14,CUST9379,Clothing,South,3910.09,0.1,240.23,54,Yes,6.143848351316721
ORD05021,2024-05-24,CUST9503,Clothing,North,653.95,0.21,86.92,58,Yes,13.291536050156738
ORD05022,2025-09-09,CUST3843,Clothing,South,4104.42,0.4,307.4,53,Yes,7.489486943344003
ORD05023,2024-09-21,CUST5402,Office Supplies,South,796.15,0.01,170.71,23,Yes,21.441939333040256
ORD05024,2025-12-12,CUST7365,Office Supplies,South,3163.08,0.33,327.33,43,Yes,10.348457832239461
ORD05025,2024-07-10,CUST4999,Clothing,South,3366.73,0.13,624.12,57,Yes,18.537869089591382
ORD05026,2024-03-16,CUST9528,Furniture,South,2333.29,0.38,228.94,55,No,9.81189650664941
ORD05027,2024-11-11,CUST6429,Furniture,East,151.49,0.21,30.59,34,Yes,20.192751996831472
ORD05028,2024-07-02,CUST1569,Furniture,East,4921.35,0.13,909.36,58,Yes,18.477856685665518
ORD05029,2024-06-02,CUST3838,Home,South,4484.77,0.24,1003.48,39,Yes,22.37528345935243
ORD05030,2025-05-23,CUST7773,Office Supplies,South,1651.59,0.39,126.71,23,No,7.672000920325263
ORD05031,2025-07-23,CUST6933,Electronics,East,3209.73,0.21,280.25,46,No,8.731264000398788
ORD05032,2025-12-19,CUST7329,Clothing,East,4803.5,0.02,503.01,23,Yes,10.471739356719059
ORD05033,2025-03-06,CUST5556,Clothing,North,831.09,0.04,222.71,29,No,26.797338435067203
ORD05034,2025-04-02,CUST6495,Clothing,West,4232.93,0.17,351.83,55,Yes,8.3117367875207
ORD05035,2024-09-17,CUST7836,Electronics,West,1293.35,0.35,142.33,53,No,11.004755093362201
ORD05036,2025-12-14,CUST8356,Clothing,East,1292.34,0.24,44.82,29,No,3.468127582524723
ORD05037,2024-02-25,CUST9079,Furniture,North,1762.04,0.18,89.48,49,No,5.078204808063382
ORD05038,2024-07-02,CUST4772,Home,South,2389.26,0.05,591.41,42,No,24.75285234758879
ORD05039,2024-11-02,CUST3223,Clothing,West,4025.07,0.02,591.0,34,Yes,14.682974457587072
ORD05040,2025-11-06,CUST4178,Office Supplies,East,830.61,0.24,187.88,49,No,22.6195205932989
ORD05041,2025-11-06,CUST4425,Clothing,South,2740.39,0.21,486.17,48,Yes,17.740905491554123
ORD05042,2025-07-29,CUST1816,Home,South,3621.86,0.2,473.48,53,Yes,13.072841026433931
ORD05043,2024-11-09,CUST4824,Furniture,North,2036.45,0.34,391.65,22,No,19.23199685727614
ORD05044,2024-03-30,CUST6809,Home,East,3623.58,0.33,707.84,58,No,19.534272735802716
ORD05045,2024-10-23,CUST4370,Electronics,West,2677.41,0.35,386.44,48,No,14.433351634602099
ORD05046,2024-06-12,CUST4141,Clothing,South,910.65,0.35,48.73,47,Yes,5.351122824356229
ORD05047,2025-02-02,CUST2494,Clothing,East,4151.04,0.03,461.21,47,Yes,11.11070960530373
ORD05048,2025-04-17,CUST6157,Home,North,2337.25,0.29,257.22,44,No,11.005241202267623
ORD05049,2025-04-27,CUST1272,Home,East,1966.9,0.31,280.31,33,Yes,14.251360008134629
ORD05050,2025-05-05,CUST2768,Electronics,South,2166.66,0.0,375.64,29,Yes,17.337284114720354
ORD05051,2024-08-14,CUST8979,Clothing,North,4737.98,0.07,552.71,31,Yes,11.66551990510724
ORD05052,2024-10-30,CUST7183,Furniture,North,1969.9,0.22,445.59,64,Yes,22.61992994568252
ORD05053,2025-10-11,CUST9498,Furniture,East,3596.24,0.03,879.93,53,Yes,24.46805552465909
ORD05054,2025-06-28,CUST5163,Clothing,East,892.77,0.22,200.84,21,No,22.496275636502123
ORD05055,2025-12-09,CUST1476,Home,South,1990.77,0.01,274.09,62,Yes,13.768039502303129
ORD05056,2024-11-10,CUST9303,Office Supplies,South,3745.64,0.12,452.47,55,Yes,12.079911577193752
ORD05057,2024-12-23,CUST4021,Office Supplies,South,3999.41,0.28,73.69,28,No,1.8425217719613645
ORD05058,2025-01-31,CUST1492,Furniture,East,4752.97,0.02,1260.83,39,Yes,26.52720299097196
ORD05059,2024-02-29,CUST2024,Office Supplies,West,3987.2,0.15,474.54,28,Yes,11.901585072231141
ORD05060,2024-12-27,CUST9430,Clothing,South,848.32,0.28,137.25,57,Yes,16.179036212749907
ORD05061,2025-06-18,CUST1238,Home,East,3975.97,0.04,708.04,29,Yes,17.807981448552177
ORD05062,2024-12-09,CUST5520,Office Supplies,South,4534.07,0.22,189.49,55,Yes,4.179247342895015
ORD05063,2024-03-08,CUST5204,Clothing,North,2910.73,0.39,526.2,63,Yes,18.07793921112573
ORD05064,2025-07-23,CUST4843,Furniture,West,300.26,0.19,60.68,28,Yes,20.209152068207555
ORD05065,2024-04-09,CUST9963,Home,North,4364.33,0.29,131.72,48,No,3.018103580618331
ORD05066,2024-07-23,CUST9988,Home,South,252.27,0.01,30.57,57,Yes,12.117968842906409
ORD05067,2024-03-29,CUST9064,Office Supplies,North,3597.68,0.17,172.04,30,No,4.781970603277668
ORD05068,2025-04-10,CUST4349,Clothing,South,2991.3,0.19,672.07,60,Yes,22.467489051582923
ORD05069,2025-03-22,CUST5181,Home,East,1361.81,0.25,247.88,64,No,18.20224554086106
ORD05070,2025-08-31,CUST8579,Electronics,South,1984.4,0.34,118.19,56,No,5.95595646039105
ORD05071,2024-06-07,CUST2934,Office Supplies,West,2905.8,0.14,531.22,25,Yes,18.281368297886985
ORD05072,2025-07-26,CUST5472,Furniture,South,2585.4,0.35,427.43,59,No,16.532451458188287
ORD05073,2024-09-18,CUST8177,Clothing,South,916.34,0.21,175.13,40,No,19.111901695877076
ORD05074,2024-05-08,CUST4392,Clothing,West,4546.41,0.37,466.39,23,Yes,10.258423679342602
ORD05075,2025-10-26,CUST6326,Clothing,East,4454.42,0.03,655.65,55,Yes,14.71908800696836
ORD05076,2025-09-02,CUST3848,Electronics,North,2304.17,0.26,508.24,53,No,22.057400278625273
ORD05077,2024-02-01,CUST3287,Electronics,West,368.42,0.3,56.08,41,No,15.22175777645079
ORD05078,2024-07-12,CUST6997,Home,West,1387.59,0.3,119.3,49,Yes,8.59764051340814
ORD05079,2024-12-13,CUST1623,Clothing,West,3945.08,0.16,961.74,49,Yes,24.378212862603547
ORD05080,2025-03-05,CUST6238,Electronics,North,3522.91,0.14,858.77,19,Yes,24.376722652579826
ORD05081,2024-01-25,CUST6110,Clothing,North,3835.01,0.2,214.51,44,Yes,5.593466509865684
ORD05082,2024-11-04,CUST2605,Office Supplies,East,4693.96,0.05,506.13,19,No,10.782580166852721
ORD05083,2024-01-09,CUST5188,Electronics,East,3267.23,0.22,246.53,64,No,7.545535514793878
ORD05084,2025-01-02,CUST4664,Home,North,3961.59,0.09,429.45,37,Yes,10.840344407169848
ORD05085,2024-11-30,CUST2024,Clothing,East,4771.03,0.25,208.9,49,No,4.3785094623173615
ORD05086,2025-07-29,CUST4164,Office Supplies,North,2229.02,0.06,185.16,64,Yes,8.306789530825204
ORD05087,2024-05-11,CUST1337,Electronics,East,3404.62,0.19,606.71,29,Yes,17.820197261368378
ORD05088,2024-10-30,CUST1342,Office Supplies,North,3517.69,0.22,545.7,65,Yes,15.513021329338288
ORD05089,2025-09-06,CUST6234,Office Supplies,East,4595.81,0.23,744.79,56,Yes,16.205848370581027
ORD05090,2025-03-01,CUST5644,Office Supplies,East,1800.79,0.05,451.63,30,Yes,25.079548420415488
ORD05091,2025-07-31,CUST2214,Home,East,2313.8,0.36,13.25,37,No,0.5726510502204166
ORD05092,2024-04-04,CUST3299,Furniture,North,3038.16,0.19,390.68,45,No,12.859098928298707
ORD05093,2025-07-14,CUST1283,Office Supplies,West,4122.54,0.23,910.27,22,Yes,22.080319414729754
ORD05094,2024-12-22,CUST5202,Clothing,South,2985.54,0.08,388.24,24,Yes,13.004012674424056
ORD05095,2024-04-19,CUST8250,Office Supplies,East,3607.37,0.19,659.52,53,No,18.28257151331857
ORD05096,2024-04-25,CUST3901,Furniture,North,2496.28,0.07,227.92,31,Yes,9.13038601438941
ORD05097,2025-05-07,CUST7759,Office Supplies,East,2523.18,0.13,308.97,28,Yes,12.245261931372317
ORD05098,2024-10-17,CUST3657,Clothing,South,3008.89,0.04,785.84,28,Yes,26.117272482543395
ORD05099,2024-08-04,CUST3343,Office Supplies,East,2818.03,0.09,308.76,19,Yes,10.956590242119493
ORD05100,2025-01-26,CUST9914,Home,North,4657.53,0.17,356.03,65,No,7.644180499105749
ORD05101,2024-09-13,CUST8096,Electronics,South,351.93,0.25,15.77,29,No,4.481004745261841
ORD05102,2025-01-19,CUST2764,Electronics,North,902.9,0.31,179.22,62,No,19.849374238564625
ORD05103,2024-09-08,CUST2329,Electronics,East,450.12,0.16,84.03,49,Yes,18.668355105305253
ORD05104,2025-08-14,CUST4858,Electronics,North,2048.0,0.24,380.42,49,Yes,18.5751953125
ORD05105,2025-06-12,CUST6774,Furniture,East,1521.82,0.12,337.1,41,Yes,22.151108541088963
ORD05106,2025-05-28,CUST1373,Clothing,West,648.08,0.32,28.87,33,Yes,4.454696950993704
ORD05107,2024-05-03,CUST8388,Clothing,East,3294.69,0.3,551.59,26,No,16.741787542985836
ORD05108,2025-11-11,CUST5420,Clothing,North,2573.19,0.32,419.43,48,Yes,16.300001165868046
ORD05109,2025-09-06,CUST4433,Clothing,East,4437.58,0.02,349.72,30,Yes,7.880872006814525
ORD05110,2025-11-01,CUST1292,Furniture,South,3562.02,0.28,366.15,53,Yes,10.279279734532652
ORD05111,2025-08-15,CUST8037,Furniture,East,4398.37,0.39,35.61,36,Yes,0.8096181085265677
ORD05112,2024-02-08,CUST8972,Furniture,East,4493.8,0.25,847.16,45,No,18.85175130179358
ORD05113,2025-12-03,CUST1206,Electronics,South,823.19,0.24,42.78,49,Yes,5.196856132849039
ORD05114,2024-02-23,CUST4209,Furniture,South,1091.33,0.19,178.02,57,Yes,16.312206207105092
ORD05115,2024-02-02,CUST6931,Electronics,North,580.54,0.02,76.89,23,Yes,13.244565404623282
ORD05116,2025-10-11,CUST5881,Electronics,West,2490.21,0.14,478.89,20,Yes,19.230908236654738
ORD05117,2025-05-28,CUST9282,Office Supplies,West,1721.6,0.23,194.85,58,Yes,11.317960037174721
ORD05118,2025-12-09,CUST7907,Furniture,North,2154.72,0.34,157.46,59,Yes,7.307678027771591
ORD05119,2025-04-23,CUST9319,Furniture,South,440.82,0.39,56.96,62,Yes,12.921373803366453
ORD05120,2024-12-23,CUST6201,Electronics,East,4831.2,0.01,967.48,59,Yes,20.02566650107634
ORD05121,2025-03-27,CUST5000,Electronics,West,4175.13,0.08,680.43,61,Yes,16.297217092641425
ORD05122,2025-01-15,CUST2427,Office Supplies,West,2705.53,0.03,410.61,25,Yes,15.176693660761476
ORD05123,2025-11-17,CUST7002,Clothing,West,1528.31,0.05,276.74,49,No,18.107582885671103
ORD05124,2024-07-03,CUST7279,Clothing,West,2569.94,0.16,614.42,54,Yes,23.9079511583928
ORD05125,2025-08-02,CUST2356,Home,East,864.03,0.22,131.47,64,Yes,15.21590685508605
ORD05126,2025-03-25,CUST5110,Clothing,East,4949.41,0.32,210.5,21,Yes,4.253032179593124
ORD05127,2025-07-23,CUST4679,Home,West,269.25,0.2,10.41,39,Yes,3.8662952646239557
ORD05128,2025-06-25,CUST9798,Furniture,East,4443.99,0.06,944.77,52,Yes,21.259498783750637
ORD05129,2024-12-01,CUST7848,Electronics,North,2662.51,0.19,406.0,58,No,15.248769018707907
ORD05130,2025-09-07,CUST2679,Furniture,West,2959.27,0.19,190.27,31,Yes,6.429626225386667
ORD05131,2024-09-08,CUST4038,Office Supplies,North,1324.7,0.24,70.21,61,Yes,5.300067939910923
ORD05132,2024-10-15,CUST2205,Home,North,796.06,0.0,180.6,43,Yes,22.68673215586765
ORD05133,2024-07-14,CUST7992,Home,South,2530.63,0.16,313.12,48,Yes,12.373203510588272
ORD05134,2025-03-27,CUST2848,Clothing,South,2642.95,0.12,546.04,23,Yes,20.66024707240016
ORD05135,2025-01-26,CUST2017,Furniture,East,2045.99,0.32,202.51,55,Yes,9.897897839187875
ORD05136,2025-09-24,CUST1718,Furniture,South,3450.39,0.03,499.64,52,Yes,14.48068189393083
ORD05137,2025-05-23,CUST7949,Furniture,South,695.34,0.29,138.25,27,No,19.882359708919374
ORD05138,2025-07-14,CUST1139,Furniture,South,4016.85,0.04,679.04,42,Yes,16.90478857811469
ORD05139,2025-06-28,CUST4764,Electronics,North,1184.24,0.03,102.93,63,Yes,8.691650341147065
ORD05140,2024-10-29,CUST4556,Electronics,North,1490.6,0.21,151.05,24,No,10.133503287266873
ORD05141,2024-11-04,CUST8491,Office Supplies,West,1467.18,0.33,114.29,62,Yes,7.789773579247264
ORD05142,2025-07-12,CUST9554,Furniture,East,1388.62,0.35,42.04,48,Yes,3.0274661174403366
ORD05143,2025-11-21,CUST2916,Office Supplies,West,1621.22,0.27,252.27,43,Yes,15.560503818112286
ORD05144,2024-08-30,CUST6921,Electronics,West,3961.2,0.1,751.2,62,Yes,18.96395031808543
ORD05145,2025-07-30,CUST8790,Home,South,541.46,0.19,69.66,45,Yes,12.865216267129611
ORD05146,2024-03-08,CUST5122,Electronics,East,3227.0,0.28,136.03,47,Yes,4.215370312984196
ORD05147,2025-11-12,CUST5425,Office Supplies,East,1595.13,0.35,252.06,43,Yes,15.801846871414869
ORD05148,2025-11-27,CUST6265,Electronics,East,3163.79,0.32,656.89,22,Yes,20.762756061559077
ORD05149,2024-10-30,CUST6557,Clothing,East,1911.49,0.08,196.67,60,Yes,10.288832272206498
ORD05150,2024-02-03,CUST2766,Electronics,East,1691.12,0.01,270.15,53,Yes,15.974620369932351
ORD05151,2025-07-01,CUST4938,Clothing,East,2147.95,0.39,130.84,62,Yes,6.091389464373007
ORD05152,2024-03-12,CUST4366,Furniture,South,2338.36,0.05,368.37,40,Yes,15.753348500658582
ORD05153,2025-09-29,CUST7844,Office Supplies,East,4659.69,0.28,584.19,40,No,12.537100107517885
ORD05154,2024-09-19,CUST7610,Electronics,East,2727.5,0.01,294.7,37,Yes,10.804766269477543
ORD05155,2024-07-22,CUST8938,Office Supplies,South,4956.67,0.18,1186.91,35,Yes,23.945713553655985
ORD05156,2025-12-16,CUST5232,Office Supplies,East,2575.45,0.26,144.35,33,Yes,5.604845755110757
ORD05157,2024-05-28,CUST6439,Furniture,North,2845.04,0.16,307.63,39,Yes,10.812853246351544
ORD05158,2024-11-30,CUST1196,Office Supplies,South,906.55,0.24,203.01,31,No,22.39369036456897
ORD05159,2024-08-23,CUST3115,Furniture,North,1379.36,0.13,139.15,65,Yes,10.088011831574065
ORD05160,2024-06-02,CUST4620,Office Supplies,West,2353.14,0.16,298.14,61,No,12.669879395191105
ORD05161,2025-07-09,CUST2862,Office Supplies,East,202.79,0.24,37.85,52,No,18.664628433354704
ORD05162,2025-04-17,CUST1679,Electronics,North,2780.02,0.21,227.6,57,No,8.18699146049309
ORD05163,2025-11-13,CUST8280,Electronics,South,3087.28,0.11,473.8,25,No,15.34684252805058
ORD05164,2024-07-23,CUST7984,Electronics,East,4111.77,0.25,860.97,55,Yes,20.93915758906748
ORD05165,2024-07-31,CUST3820,Clothing,South,1950.73,0.09,474.32,19,Yes,24.31500002563143
ORD05166,2024-09-14,CUST7847,Office Supplies,West,4226.04,0.14,323.9,48,No,7.664385571362316
ORD05167,2025-11-08,CUST5851,Home,West,4896.52,0.35,229.46,50,Yes,4.68618529077794
ORD05168,2025-07-19,CUST4157,Electronics,North,1513.95,0.02,144.0,38,Yes,9.511542653324085
ORD05169,2024-01-25,CUST4863,Clothing,East,4052.45,0.35,347.47,61,Yes,8.574319238978891
ORD05170,2024-03-05,CUST6506,Electronics,South,3752.13,0.09,643.54,40,No,17.151324714228984
ORD05171,2025-02-19,CUST2453,Furniture,North,1214.02,0.06,163.23,59,Yes,13.445412760910033
ORD05172,2025-03-13,CUST6796,Home,North,2713.97,0.22,535.47,32,Yes,19.73013703172843
ORD05173,2025-04-03,CUST9482,Electronics,West,1523.33,0.12,356.16,48,Yes,23.380357506252754
ORD05174,2024-04-14,CUST4602,Furniture,West,1892.24,0.25,216.43,56,Yes,11.437766879465608
ORD05175,2024-10-04,CUST9650,Home,West,3739.18,0.24,465.57,27,No,12.45112564786932
ORD05176,2025-09-28,CUST2622,Electronics,East,998.82,0.12,125.3,37,Yes,12.544802867383511
ORD05177,2025-05-01,CUST6479,Electronics,North,3022.75,0.38,40.19,35,Yes,1.329583988090315
ORD05178,2024-05-25,CUST5555,Clothing,South,3410.7,0.11,614.29,36,Yes,18.010672296009616
ORD05179,2024-10-12,CUST8619,Furniture,South,3763.94,0.34,699.86,38,Yes,18.593813929021184
ORD05180,2024-02-15,CUST9965,Office Supplies,West,927.46,0.18,136.79,45,Yes,14.748884048907767
ORD05181,2025-10-24,CUST6581,Clothing,East,522.34,0.37,-0.2,37,No,-0.03828923689550867
ORD05182,2024-05-25,CUST7654,Home,South,4280.61,0.33,605.58,49,Yes,14.147049135520406
ORD05183,2024-02-23,CUST1934,Furniture,North,4751.53,0.1,729.66,23,Yes,15.356316807428344
ORD05184,2024-09-16,CUST8063,Electronics,East,3813.06,0.29,248.5,56,Yes,6.517075524644249
ORD05185,2025-10-31,CUST1369,Home,North,3208.15,0.3,215.47,58,Yes,6.716331842339042
ORD05186,2025-04-23,CUST1809,Electronics,North,2533.33,0.31,321.15,65,No,12.676990364461005
ORD05187,2025-02-28,CUST5897,Electronics,East,4308.25,0.3,733.33,28,Yes,17.02152846283294
ORD05188,2025-10-30,CUST4365,Home,South,4936.41,0.4,794.9,42,No,16.10279535127755
ORD05189,2025-09-19,CUST2142,Clothing,West,3778.46,0.14,371.56,28,Yes,9.833635925747526
ORD05190,2025-01-21,CUST9108,Home,South,3489.57,0.12,839.79,29,Yes,24.06571583318288
ORD05191,2025-02-01,CUST4971,Office Supplies,North,2727.31,0.11,375.26,49,Yes,13.759345288947717
ORD05192,2024-05-07,CUST5171,Home,East,3527.63,0.3,451.73,34,No,12.805481300476524
ORD05193,2025-04-09,CUST6670,Clothing,West,1579.65,0.33,22.65,60,No,1.4338619314405088
ORD05194,2024-03-11,CUST2855,Home,West,1746.31,0.17,388.71,64,No,22.258934553429803
ORD05195,2024-12-09,CUST2059,Office Supplies,North,410.13,0.38,67.87,23,Yes,16.548411479287058
ORD05196,2025-01-19,CUST7219,Electronics,East,4714.25,0.4,233.72,18,Yes,4.957734528291881
ORD05197,2025-12-17,CUST8212,Electronics,North,4347.88,0.19,516.49,22,No,11.879122698878534
ORD05198,2024-07-28,CUST1369,Clothing,South,993.45,0.09,155.57,56,Yes,15.659570184709848
ORD05199,2025-10-09,CUST1991,Furniture,West,1490.04,0.29,203.14,35,Yes,13.633191055273683
ORD05200,2024-07-03,CUST4703,Electronics,North,4742.78,0.04,761.09,40,Yes,16.04733932419383
ORD05201,2024-11-27,CUST8817,Electronics,West,1677.81,0.13,363.45,31,No,21.662166753088847
ORD05202,2025-05-11,CUST4498,Office Supplies,South,4239.84,0.38,425.96,29,Yes,10.046605532284236
ORD05203,2025-06-28,CUST1583,Clothing,East,4493.94,0.27,578.68,43,Yes,12.876896442765146
ORD05204,2024-05-18,CUST3178,Office Supplies,South,3096.1,0.12,386.82,58,No,12.493782500565228
ORD05205,2025-07-18,CUST8873,Office Supplies,North,4031.25,0.21,272.42,36,No,6.757705426356589
ORD05206,2025-11-16,CUST9255,Furniture,West,3273.61,0.06,420.45,49,Yes,12.843619123841874
ORD05207,2025-05-03,CUST3859,Home,South,3700.54,0.38,297.98,29,Yes,8.052338307382167
ORD05208,2024-11-12,CUST4055,Clothing,South,4759.48,0.16,438.72,60,No,9.217813710741511
ORD05209,2025-02-11,CUST5343,Electronics,East,4163.67,0.22,366.72,34,Yes,8.80761443630259
ORD05210,2025-01-03,CUST5947,Furniture,South,547.88,0.29,26.14,32,Yes,4.771117763013799
ORD05211,2024-03-18,CUST6094,Furniture,East,4767.11,0.01,480.1,41,No,10.07109129011078
ORD05212,2025-11-06,CUST4315,Office Supplies,East,2679.76,0.33,288.55,48,No,10.767755321372064
ORD05213,2024-07-07,CUST5274,Home,East,3399.35,0.24,194.01,30,Yes,5.707267565858179
ORD05214,2024-12-13,CUST4335,Furniture,West,2348.15,0.38,281.44,26,No,11.985605689585418
ORD05215,2024-12-26,CUST1031,Electronics,North,873.18,0.36,53.37,57,No,6.112141826427541
ORD05216,2024-09-27,CUST1518,Clothing,North,1500.51,0.34,280.39,49,No,18.686313320137817
ORD05217,2025-03-24,CUST2984,Clothing,South,4002.5,0.09,772.84,38,Yes,19.30893191755153
ORD05218,2024-03-22,CUST3040,Office Supplies,North,732.95,0.03,137.03,37,Yes,18.69568183368579
ORD05219,2024-12-02,CUST2684,Home,West,4940.47,0.18,615.73,37,Yes,12.462984290968269
ORD05220,2025-07-31,CUST7215,Electronics,East,488.07,0.29,37.65,25,Yes,7.714057409797774
ORD05221,2024-07-03,CUST6710,Home,East,3208.86,0.2,564.15,27,Yes,17.581010078345578
ORD05222,2025-10-14,CUST3625,Office Supplies,East,4669.98,0.26,169.11,62,Yes,3.621214651882878
ORD05223,2025-10-24,CUST2126,Clothing,South,3037.51,0.08,485.8,36,No,15.993362984813217
ORD05224,2024-03-19,CUST2499,Electronics,East,790.36,0.3,140.09,18,No,17.724834252745584
ORD05225,2025-12-30,CUST4788,Office Supplies,South,3840.16,0.23,294.1,18,Yes,7.6585350610391245
ORD05226,2025-06-05,CUST9983,Office Supplies,East,2976.31,0.14,356.75,47,Yes,11.986318629443842
ORD05227,2025-03-20,CUST1318,Office Supplies,North,2026.29,0.18,155.68,20,Yes,7.68300687463295
ORD05228,2025-11-10,CUST2331,Clothing,West,2640.94,0.17,612.05,47,Yes,23.175460252788778
ORD05229,2024-03-23,CUST9994,Furniture,North,3058.24,0.04,620.35,42,Yes,20.28454274353877
ORD05230,2024-05-17,CUST6372,Clothing,North,2240.13,0.08,459.56,59,Yes,20.51488083280881
ORD05231,2025-09-22,CUST5782,Office Supplies,West,2519.8,0.35,45.29,27,No,1.7973648702277956
ORD05232,2024-05-04,CUST6898,Clothing,East,4222.13,0.37,755.95,59,Yes,17.904470018687253
ORD05233,2025-04-20,CUST8447,Furniture,West,4101.67,0.39,366.7,52,No,8.94026091811384
ORD05234,2024-07-10,CUST5129,Home,East,4381.69,0.28,688.76,29,Yes,15.719049042720961
ORD05235,2024-08-05,CUST3856,Furniture,North,3629.51,0.36,264.17,31,No,7.278392951114614
ORD05236,2025-07-15,CUST1070,Clothing,West,3259.07,0.11,755.97,36,Yes,23.195881033546378
ORD05237,2024-02-29,CUST3451,Furniture,North,1298.74,0.09,149.1,62,Yes,11.480357885335017
ORD05238,2025-09-07,CUST3407,Furniture,North,457.13,0.2,31.78,44,Yes,6.952070526983571
ORD05239,2025-10-25,CUST5774,Office Supplies,West,1085.25,0.38,9.75,43,No,0.8984105044920525
ORD05240,2024-12-04,CUST8248,Office Supplies,South,3342.58,0.34,106.91,55,Yes,3.1984275619431695
ORD05241,2025-01-21,CUST4585,Furniture,East,2615.69,0.38,234.78,21,No,8.975834292289989
ORD05242,2024-11-26,CUST7336,Office Supplies,South,2098.47,0.38,350.88,43,No,16.720753691975585
ORD05243,2024-09-09,CUST5645,Electronics,West,4767.29,0.05,1062.11,64,No,22.27911454935613
ORD05244,2024-03-21,CUST1712,Furniture,East,4836.03,0.37,295.57,53,Yes,6.111831398895375
ORD05245,2025-09-30,CUST3018,Electronics,West,1420.63,0.01,193.45,29,Yes,13.61719800370258
ORD05246,2024-08-03,CUST8089,Office Supplies,East,1362.92,0.16,150.38,53,Yes,11.033663017638599
ORD05247,2025-03-23,CUST2169,Clothing,South,3331.52,0.04,737.13,45,Yes,22.125936509461148
ORD05248,2024-05-09,CUST7751,Clothing,East,4689.85,0.16,583.55,18,No,12.442828661897499
ORD05249,2025-11-10,CUST6888,Office Supplies,South,4995.54,0.3,437.59,28,Yes,8.759613575309174
ORD05250,2024-02-08,CUST5319,Office Supplies,East,3449.27,0.33,376.78,28,No,10.923470763378917
ORD05251,2025-04-12,CUST1324,Office Supplies,West,407.55,0.2,81.32,31,Yes,19.95337995337995
ORD05252,2024-04-24,CUST4988,Home,West,2575.48,0.25,85.36,22,Yes,3.3143336387780145
ORD05253,2024-03-08,CUST1494,Office Supplies,South,2633.89,0.07,567.89,59,Yes,21.560885230590497
ORD05254,2025-08-20,CUST6628,Home,East,4078.73,0.04,442.23,63,No,10.842345534026524
ORD05255,2025-05-10,CUST5817,Electronics,North,1905.76,0.16,338.68,19,Yes,17.771387792796574
ORD05256,2024-02-11,CUST2434,Office Supplies,East,1102.17,0.3,120.93,34,Yes,10.971991616538283
ORD05257,2025-03-09,CUST6785,Electronics,East,2206.63,0.07,456.55,30,Yes,20.68992082950019
ORD05258,2025-07-16,CUST3369,Furniture,North,4204.22,0.12,593.4,37,Yes,14.114389827363933
ORD05259,2024-01-03,CUST6276,Clothing,West,434.52,0.1,90.65,31,No,20.862100708828134
ORD05260,2025-11-26,CUST5155,Furniture,North,4857.26,0.11,803.79,21,Yes,16.548218542964552
ORD05261,2024-04-25,CUST1896,Home,West,986.45,0.27,79.75,21,Yes,8.084545592782199
ORD05262,2025-06-15,CUST9810,Electronics,South,2369.67,0.04,456.34,46,No,19.257533749425022
ORD05263,2024-12-29,CUST6719,Home,West,4297.55,0.18,417.11,39,No,9.70576258565927
ORD05264,2025-04-16,CUST4996,Furniture,South,3099.53,0.18,377.81,31,No,12.189267405058185
ORD05265,2025-04-20,CUST8935,Furniture,North,1614.02,0.29,50.7,36,Yes,3.141225015799061
ORD05266,2024-09-16,CUST3159,Clothing,South,1612.88,0.11,221.43,23,Yes,13.728857695550817
ORD05267,2025-02-22,CUST5649,Home,West,4087.44,0.28,419.14,29,No,10.254340124870334
ORD05268,2025-12-08,CUST7381,Home,South,1198.95,0.02,139.71,18,Yes,11.652696109095459
ORD05269,2024-07-05,CUST2243,Office Supplies,East,4939.03,0.33,220.27,32,Yes,4.4597825888889115
ORD05270,2025-03-18,CUST3245,Clothing,South,4911.42,0.22,800.75,45,Yes,16.303838808328344
ORD05271,2025-07-05,CUST1792,Furniture,East,1606.96,0.03,164.32,18,Yes,10.225518992383133
ORD05272,2025-01-25,CUST1133,Electronics,South,2051.97,0.1,284.6,51,No,13.86959848340863
ORD05273,2025-07-10,CUST2709,Office Supplies,North,3945.92,0.17,921.74,59,Yes,23.359317979077122
ORD05274,2024-06-23,CUST2214,Office Supplies,East,987.62,0.32,155.71,34,Yes,15.766185374941779
ORD05275,2025-06-09,CUST8070,Clothing,North,1436.18,0.24,108.47,31,No,7.552674455848152
ORD05276,2025-07-20,CUST6330,Home,North,3678.38,0.24,299.69,34,No,8.147336599263806
ORD05277,2025-07-06,CUST8337,Clothing,North,3910.69,0.17,472.98,57,No,12.094540861075668
ORD05278,2025-02-09,CUST2273,Electronics,North,3899.77,0.32,816.23,21,No,20.930208704615914
ORD05279,2024-06-20,CUST2761,Electronics,West,4543.53,0.27,160.56,56,Yes,3.533816217786611
ORD05280,2024-09-30,CUST4239,Furniture,South,334.27,0.4,7.17,54,Yes,2.1449726269183595
ORD05281,2025-09-03,CUST1898,Home,West,4645.97,0.28,349.06,52,No,7.5131780876759855
ORD05282,2025-04-11,CUST9510,Home,South,1736.72,0.24,286.52,36,Yes,16.49776590354231
ORD05283,2024-06-04,CUST5230,Electronics,West,2485.96,0.12,335.11,51,No,13.48010426555536
ORD05284,2025-07-22,CUST8163,Home,East,3174.76,0.33,467.0,37,Yes,14.709773337197142
ORD05285,2025-01-21,CUST8255,Furniture,East,3594.81,0.2,147.45,65,No,4.101746684803925
ORD05286,2024-02-27,CUST5692,Home,North,357.62,0.36,11.79,62,Yes,3.296795481237067
ORD05287,2025-12-30,CUST7800,Home,North,317.29,0.36,39.88,49,No,12.568943238047211
ORD05288,2024-06-25,CUST6979,Office Supplies,West,645.56,0.04,157.29,41,No,24.3648924964372
ORD05289,2024-05-24,CUST4110,Office Supplies,West,4105.23,0.27,230.55,27,Yes,5.616006898517258
ORD05290,2025-10-15,CUST3269,Clothing,South,1311.7,0.38,195.27,50,Yes,14.886788137531449
ORD05291,2025-08-10,CUST8639,Office Supplies,East,4162.1,0.2,542.01,39,Yes,13.022512673890581
ORD05292,2025-07-23,CUST7689,Home,East,4216.6,0.11,1037.11,42,No,24.59588293886069
ORD05293,2025-12-08,CUST2111,Clothing,North,436.63,0.01,45.95,18,Yes,10.523784439914802
ORD05294,2024-04-03,CUST7831,Clothing,West,3988.05,0.19,159.61,35,Yes,4.00220659219418
ORD05295,2025-12-12,CUST6529,Clothing,West,1150.83,0.06,134.05,32,Yes,11.648114838855436
ORD05296,2025-02-28,CUST5735,Furniture,West,3261.74,0.28,303.78,65,Yes,9.313433934035208
ORD05297,2025-07-08,CUST6644,Clothing,West,889.29,0.22,172.62,37,Yes,19.41099079040583
ORD05298,2025-04-26,CUST9813,Office Supplies,South,4562.18,0.33,495.64,65,No,10.8641044412978
ORD05299,2024-03-26,CUST4081,Furniture,North,4667.14,0.21,232.14,29,No,4.97392407341541
ORD05300,2025-04-01,CUST1335,Home,South,1778.7,0.36,334.51,50,No,18.806431663574518
ORD05301,2025-12-05,CUST1774,Clothing,East,1401.93,0.08,251.18,36,Yes,17.916729080624567
ORD05302,2025-09-28,CUST4909,Clothing,South,781.74,0.1,77.53,30,Yes,9.917619668943638
ORD05303,2024-07-16,CUST8294,Office Supplies,North,2752.08,0.13,490.96,37,Yes,17.839597686113777
ORD05304,2025-04-01,CUST3270,Office Supplies,South,2498.12,0.3,194.38,35,No,7.781051350615662
ORD05305,2025-08-10,CUST5209,Electronics,North,4214.38,0.21,337.18,56,No,8.000702357167603
ORD05306,2024-09-29,CUST6637,Electronics,North,2213.39,0.19,212.06,47,No,9.580778805361911
ORD05307,2024-05-29,CUST9338,Electronics,South,4213.59,0.36,486.09,55,Yes,11.536243440866338
ORD05308,2024-10-18,CUST5796,Electronics,East,2272.63,0.36,118.38,48,Yes,5.20894294275795
ORD05309,2024-01-20,CUST3809,Home,North,375.62,0.33,50.45,51,Yes,13.431127203024335
ORD05310,2024-04-30,CUST8999,Electronics,East,2159.35,0.34,136.97,23,Yes,6.343112510709241
ORD05311,2024-09-14,CUST9215,Furniture,West,1408.39,0.08,95.21,64,Yes,6.760201364678816
ORD05312,2024-02-05,CUST7857,Electronics,North,1255.2,0.16,293.62,47,No,23.392288081580624
ORD05313,2024-08-19,CUST7819,Electronics,West,891.74,0.33,42.77,58,No,4.796241056810281
ORD05314,2024-01-27,CUST8435,Furniture,West,2565.62,0.16,609.65,18,Yes,23.76228747827036
ORD05315,2025-10-24,CUST1291,Furniture,North,4977.47,0.08,532.11,54,Yes,10.690370810873798
ORD05316,2024-01-16,CUST2638,Office Supplies,East,3092.51,0.17,649.87,26,Yes,21.01432169984899
ORD05317,2025-02-23,CUST1041,Office Supplies,West,3052.21,0.37,164.19,34,Yes,5.379380842078363
ORD05318,2025-06-08,CUST1767,Electronics,West,3440.11,0.06,749.7,44,Yes,21.792907784925482
ORD05319,2025-05-24,CUST4323,Electronics,West,1314.56,0.11,128.77,37,No,9.795673076923078
ORD05320,2025-01-27,CUST6728,Furniture,North,4723.76,0.31,483.64,35,No,10.238454112825375
ORD05321,2024-08-18,CUST4941,Office Supplies,West,4250.81,0.21,891.68,21,Yes,20.976707968598923
ORD05322,2024-05-23,CUST2811,Office Supplies,West,3866.0,0.23,428.1,65,Yes,11.073460941541647
ORD05323,2024-11-15,CUST9163,Home,East,528.46,0.25,62.75,49,Yes,11.874124815501645
ORD05324,2025-03-01,CUST9698,Home,East,1794.03,0.02,267.82,49,Yes,14.928401420266106
ORD05325,2025-02-17,CUST6927,Office Supplies,East,4048.79,0.22,666.54,44,Yes,16.462696262340106
ORD05326,2025-06-08,CUST3030,Clothing,West,2772.43,0.13,420.2,51,Yes,15.156379060968176
ORD05327,2025-12-27,CUST4963,Clothing,South,3515.82,0.24,241.26,44,Yes,6.86212604740857
ORD05328,2025-11-07,CUST8072,Home,East,2336.2,0.3,261.24,26,No,11.182261792654739
ORD05329,2025-09-07,CUST6501,Home,South,1694.45,0.14,306.37,36,No,18.080793177727287
ORD05330,2025-08-01,CUST3723,Office Supplies,North,2752.27,0.19,168.35,55,Yes,6.11676906698834
ORD05331,2025-06-26,CUST6898,Home,East,2306.28,0.14,501.64,31,No,21.75104497285672
ORD05332,2024-10-22,CUST3924,Furniture,South,4039.09,0.32,207.88,36,Yes,5.146703836755308
ORD05333,2025-12-06,CUST9976,Clothing,East,4651.26,0.28,951.37,31,Yes,20.454027510825025
ORD05334,2025-08-20,CUST7136,Clothing,East,1849.13,0.2,253.93,39,No,13.732403887233454
ORD05335,2024-10-25,CUST9395,Furniture,South,956.9,0.22,72.8,57,Yes,7.607900512070227
ORD05336,2025-10-06,CUST8611,Clothing,East,4850.37,0.18,875.72,57,No,18.054705104971376
ORD05337,2025-07-12,CUST4015,Electronics,East,4516.64,0.17,722.0,23,Yes,15.985334230755605
ORD05338,2024-12-05,CUST7108,Clothing,East,866.35,0.3,96.7,28,No,11.16177064696716
ORD05339,2024-01-04,CUST5708,Clothing,South,2595.51,0.26,539.98,29,Yes,20.804389118130924
ORD05340,2025-09-23,CUST6808,Office Supplies,East,3638.4,0.16,351.72,55,Yes,9.66688654353562
ORD05341,2025-09-12,CUST2819,Clothing,North,3527.22,0.13,696.81,24,Yes,19.75521799037202
ORD05342,2025-01-02,CUST9292,Electronics,South,374.03,0.18,73.61,19,Yes,19.680239552977035
ORD05343,2024-08-03,CUST9023,Clothing,West,3325.44,0.38,264.1,46,No,7.941806197074673
ORD05344,2024-07-17,CUST2138,Furniture,East,835.67,0.32,132.83,22,Yes,15.895030334940829
ORD05345,2025-10-16,CUST9046,Clothing,South,1908.1,0.3,390.36,60,Yes,20.45804727215555
ORD05346,2024-10-05,CUST3652,Home,North,3919.95,0.15,579.81,57,Yes,14.79126009260322
ORD05347,2025-06-24,CUST7841,Electronics,East,1599.75,0.29,66.48,20,Yes,4.155649320206282
ORD05348,2025-07-12,CUST7951,Electronics,East,3822.18,0.24,177.71,25,Yes,4.649440894986631
ORD05349,2024-10-07,CUST6550,Electronics,West,404.61,0.21,72.48,25,Yes,17.913546377993626
ORD05350,2025-12-01,CUST9715,Office Supplies,South,2931.12,0.0,451.5,25,No,15.403668222385983
ORD05351,2024-01-15,CUST3670,Office Supplies,West,2515.24,0.22,219.06,31,No,8.709308058077958
ORD05352,2025-11-12,CUST2637,Electronics,North,284.7,0.04,46.79,49,Yes,16.434843695117667
ORD05353,2025-04-27,CUST8420,Furniture,North,3202.84,0.06,391.93,42,Yes,12.236952204918135
ORD05354,2025-12-31,CUST7751,Office Supplies,South,594.17,0.33,107.54,42,No,18.099197199454704
ORD05355,2024-12-31,CUST4016,Home,West,3657.21,0.0,861.81,44,No,23.564684554619504
ORD05356,2024-06-09,CUST8859,Office Supplies,East,1434.35,0.09,126.18,28,Yes,8.797016069996863
ORD05357,2024-08-13,CUST1900,Furniture,South,4896.21,0.34,361.59,41,No,7.3850999038031455
ORD05358,2024-12-29,CUST9989,Furniture,West,3887.9,0.31,659.94,51,No,16.974202011368604
ORD05359,2024-09-27,CUST3783,Clothing,East,544.72,0.37,58.35,58,Yes,10.711925392862389
ORD05360,2024-05-05,CUST2854,Office Supplies,South,4278.98,0.02,1150.14,61,Yes,26.878835610355743
ORD05361,2024-03-26,CUST2175,Home,South,3413.73,0.39,262.68,57,Yes,7.694808904043378
ORD05362,2024-06-06,CUST8569,Furniture,West,4467.66,0.07,1124.12,33,Yes,25.16127010560338
ORD05363,2025-12-13,CUST4225,Electronics,West,1200.49,0.03,213.47,34,No,17.781905721830253
ORD05364,2024-11-09,CUST9698,Furniture,South,4965.09,0.07,762.7,55,Yes,15.361252263302378
ORD05365,2024-03-08,CUST2788,Furniture,East,2578.74,0.01,572.82,45,Yes,22.213173875613677
ORD05366,2024-08-04,CUST1983,Home,West,4181.48,0.21,494.56,27,Yes,11.827391258597435
ORD05367,2024-10-01,CUST3344,Electronics,North,4573.49,0.17,476.4,52,Yes,10.416552785728186
ORD05368,2024-11-18,CUST2383,Clothing,West,2600.17,0.15,237.01,27,Yes,9.115173238672854
ORD05369,2024-11-27,CUST9244,Home,East,669.58,0.32,70.24,24,No,10.49015800949849
ORD05370,2024-10-23,CUST8319,Furniture,West,1636.4,0.13,353.0,29,Yes,21.571742850158884
ORD05371,2024-02-11,CUST9171,Furniture,South,4488.68,0.17,918.67,49,Yes,20.466373187663187
ORD05372,2025-06-25,CUST8377,Electronics,South,367.15,0.34,71.41,64,Yes,19.449816151436742
ORD05373,2025-03-14,CUST6981,Clothing,West,1464.51,0.31,228.65,22,Yes,15.612730537859079
ORD05374,2024-09-14,CUST3313,Electronics,South,897.15,0.25,164.2,64,Yes,18.302402050939083
ORD05375,2025-01-05,CUST4708,Electronics,West,2460.1,0.2,467.48,55,Yes,19.002479574001057
ORD05376,2025-07-13,CUST5072,Electronics,North,4957.62,0.3,326.58,38,Yes,6.58743509990681
ORD05377,2025-05-28,CUST9147,Office Supplies,North,3507.22,0.38,152.66,62,No,4.3527352147855
ORD05378,2024-11-20,CUST1521,Electronics,East,652.58,0.24,139.95,39,Yes,21.445646510772622
ORD05379,2025-09-23,CUST4020,Office Supplies,West,1951.29,0.4,303.15,55,Yes,15.535876266469872
ORD05380,2024-10-14,CUST7686,Furniture,South,4603.26,0.21,892.78,35,Yes,19.394516060357223
ORD05381,2025-05-01,CUST8993,Electronics,North,247.6,0.12,14.89,40,No,6.01373182552504
ORD05382,2024-06-26,CUST2540,Clothing,East,4110.76,0.15,687.73,51,Yes,16.729996399692514
ORD05383,2025-04-26,CUST8818,Office Supplies,East,2456.8,0.08,293.27,50,Yes,11.937072614783457
ORD05384,2024-09-27,CUST2681,Office Supplies,North,1602.48,0.01,283.11,63,Yes,17.66699116369627
ORD05385,2025-12-08,CUST4327,Furniture,South,3818.45,0.18,258.52,33,Yes,6.770286372742866
ORD05386,2024-04-28,CUST1682,Electronics,East,945.73,0.01,167.92,27,Yes,17.755596206105334
ORD05387,2024-11-29,CUST7842,Electronics,North,1218.02,0.01,113.56,54,Yes,9.323328024170376
ORD05388,2025-10-13,CUST2623,Home,North,942.41,0.15,141.48,29,Yes,15.012574145011195
ORD05389,2024-12-03,CUST2288,Clothing,East,4328.38,0.0,853.46,19,Yes,19.717769696745666
ORD05390,2024-05-04,CUST6173,Clothing,West,1624.89,0.11,303.93,28,No,18.704650776360246
ORD05391,2025-07-29,CUST2262,Office Supplies,North,4516.57,0.15,704.59,56,Yes,15.600112474731933
ORD05392,2025-03-30,CUST1537,Office Supplies,West,3929.88,0.25,138.22,50,Yes,3.5171557401243803
ORD05393,2025-06-27,CUST9663,Furniture,West,2263.8,0.02,309.44,51,Yes,13.669052036398973
ORD05394,2024-10-06,CUST5792,Office Supplies,North,3553.74,0.32,403.27,27,Yes,11.34776320158481
ORD05395,2024-03-12,CUST2042,Clothing,West,3674.54,0.3,757.33,35,Yes,20.610198827608357
ORD05396,2024-01-28,CUST4284,Clothing,South,3975.01,0.23,727.69,51,No,18.30662061227519
ORD05397,2024-10-04,CUST5991,Furniture,South,253.42,0.4,27.49,56,Yes,10.847604766790308
ORD05398,2024-11-19,CUST6382,Clothing,North,3211.8,0.32,363.88,60,Yes,11.329472569898497
ORD05399,2024-10-25,CUST9351,Office Supplies,North,663.71,0.2,110.32,33,Yes,16.62171731629778
ORD05400,2024-09-24,CUST3573,Home,East,3404.95,0.03,806.85,54,Yes,23.696383206801862
ORD05401,2025-01-20,CUST2083,Furniture,South,1808.87,0.29,71.28,64,Yes,3.9405816891208327
ORD05402,2024-08-24,CUST7275,Clothing,South,4624.5,0.18,336.49,37,Yes,7.276246080657368
ORD05403,2025-07-07,CUST5616,Home,North,4541.09,0.37,831.45,26,Yes,18.309480763429047
ORD05404,2025-10-03,CUST7005,Clothing,West,1521.38,0.03,337.2,29,Yes,22.164087867593892
ORD05405,2024-12-24,CUST1295,Clothing,East,2816.49,0.24,192.66,21,Yes,6.840429044661973
ORD05406,2025-01-05,CUST4140,Clothing,South,3308.54,0.34,653.04,46,Yes,19.738011328259596
ORD05407,2024-12-12,CUST5069,Furniture,South,823.07,0.17,62.24,52,No,7.561932763920444
ORD05408,2024-12-24,CUST6292,Clothing,North,1643.88,0.04,434.33,48,Yes,26.421028298902595
ORD05409,2024-10-21,CUST2110,Furniture,West,1931.68,0.11,485.09,59,Yes,25.11233744719622
ORD05410,2024-02-20,CUST3271,Furniture,West,3017.2,0.36,168.82,32,Yes,5.595253877767466
ORD05411,2025-10-27,CUST4984,Office Supplies,South,1195.52,0.08,192.78,19,Yes,16.125200749464668
ORD05412,2024-12-19,CUST6238,Clothing,East,1670.81,0.22,363.1,18,Yes,21.731974311860718
ORD05413,2024-02-25,CUST8323,Furniture,East,1083.77,0.23,241.27,33,No,22.262103582863524
ORD05414,2025-11-12,CUST7490,Office Supplies,North,715.27,0.13,149.03,44,Yes,20.835488696576117
ORD05415,2024-03-05,CUST3461,Electronics,East,1423.92,0.4,265.11,32,Yes,18.618321254003035
ORD05416,2025-07-19,CUST3082,Clothing,East,3823.87,0.32,385.62,25,Yes,10.084547853352756
ORD05417,2024-01-24,CUST8445,Furniture,North,1718.61,0.01,356.77,28,Yes,20.75921820541019
ORD05418,2025-05-19,CUST2337,Home,South,4906.33,0.04,1300.2,39,No,26.50045961034011
ORD05419,2025-06-11,CUST7507,Office Supplies,West,3492.76,0.1,625.25,61,Yes,17.90131586481751
ORD05420,2025-09-08,CUST8012,Home,West,2828.5,0.3,108.15,24,Yes,3.823581403570797
ORD05421,2024-08-05,CUST9331,Clothing,West,1857.39,0.15,366.84,19,Yes,19.750294768465427
ORD05422,2025-04-08,CUST8767,Home,North,3410.97,0.16,490.27,54,Yes,14.373330753422048
ORD05423,2025-10-09,CUST1413,Office Supplies,West,2590.2,0.22,105.44,24,No,4.070728129102
ORD05424,2025-08-19,CUST8836,Office Supplies,North,1260.11,0.03,215.09,29,Yes,17.069144757203738
ORD05425,2024-01-07,CUST2581,Electronics,West,2816.33,0.08,346.88,58,Yes,12.316738450394663
ORD05426,2024-11-09,CUST1949,Electronics,West,2788.31,0.14,410.43,60,No,14.719668903385921
ORD05427,2025-10-09,CUST3230,Home,West,3427.2,0.31,334.3,49,No,9.754318394024278
ORD05428,2025-05-05,CUST6309,Electronics,East,2412.2,0.37,248.42,62,No,10.298482712876213
ORD05429,2025-10-21,CUST2469,Home,East,2238.26,0.24,78.13,47,Yes,3.4906579217785243
ORD05430,2025-08-09,CUST9555,Home,South,778.56,0.02,205.73,20,Yes,26.42442457870941
ORD05431,2024-05-24,CUST9789,Furniture,West,897.32,0.21,129.94,38,No,14.480898676057594
ORD05432,2024-09-29,CUST6958,Office Supplies,East,255.63,0.31,27.98,18,Yes,10.9455071783437
ORD05433,2024-09-12,CUST9603,Home,North,4515.42,0.13,1115.04,37,Yes,24.694048394169315
ORD05434,2025-04-06,CUST9342,Office Supplies,North,2393.6,0.36,240.11,63,No,10.031333556149734
ORD05435,2024-01-31,CUST3211,Clothing,West,3224.1,0.05,465.61,56,No,14.441549579727678
ORD05436,2025-10-12,CUST6505,Clothing,East,4677.74,0.02,1036.42,50,Yes,22.15642596638548
ORD05437,2024-01-10,CUST4884,Office Supplies,South,1727.66,0.09,299.85,19,Yes,17.355845478855795
ORD05438,2025-01-17,CUST7199,Office Supplies,West,2231.69,0.13,178.77,31,No,8.010521174535889
ORD05439,2025-10-19,CUST3384,Office Supplies,West,3914.2,0.11,774.09,28,Yes,19.776454958867713
ORD05440,2025-12-21,CUST2192,Office Supplies,South,197.8,0.39,33.95,40,No,17.163801820020222
ORD05441,2025-07-16,CUST2162,Furniture,North,1383.19,0.08,184.57,64,Yes,13.343792248353441
ORD05442,2024-09-17,CUST2613,Clothing,South,3975.34,0.35,160.82,25,Yes,4.045440138453566
ORD05443,2024-09-12,CUST6819,Home,West,4573.66,0.34,747.07,49,Yes,16.334183126861202
ORD05444,2025-11-20,CUST8634,Clothing,East,2407.99,0.09,200.3,33,Yes,8.318140856066679
ORD05445,2025-09-12,CUST9300,Home,West,4753.99,0.12,1182.57,24,Yes,24.875315261496134
ORD05446,2024-06-03,CUST3191,Electronics,East,4419.93,0.11,1127.13,44,Yes,25.50108259633071
ORD05447,2024-12-06,CUST9785,Electronics,West,3872.16,0.36,111.72,21,Yes,2.88521135490269
ORD05448,2024-04-26,CUST8570,Clothing,West,1636.17,0.12,155.65,63,Yes,9.513070157746444
ORD05449,2025-06-27,CUST3825,Electronics,West,4201.02,0.17,656.27,57,No,15.621682353333236
ORD05450,2025-11-13,CUST5170,Home,West,1136.41,0.35,100.87,31,No,8.876197851127673
ORD05451,2024-10-25,CUST4480,Electronics,North,4569.71,0.35,231.0,48,Yes,5.055025373601389
ORD05452,2025-02-19,CUST6206,Office Supplies,South,4410.26,0.39,299.0,46,Yes,6.779645644474474
ORD05453,2024-12-01,CUST9477,Furniture,West,4916.05,0.15,569.58,24,Yes,11.586131141872032
ORD05454,2024-02-19,CUST8464,Office Supplies,East,3087.96,0.07,234.25,59,Yes,7.585914325315095
ORD05455,2024-03-10,CUST3951,Home,South,154.56,0.22,24.16,57,No,15.631469979296067
ORD05456,2025-04-18,CUST4647,Office Supplies,West,3447.26,0.21,426.23,26,No,12.364312526470297
ORD05457,2024-04-29,CUST2851,Home,East,4949.8,0.2,876.78,56,No,17.71344296739262
ORD05458,2024-11-08,CUST3926,Furniture,South,987.76,0.17,81.46,39,Yes,8.246942577144246
ORD05459,2024-06-29,CUST3287,Furniture,South,4199.38,0.01,1155.53,35,No,27.516681033866902
ORD05460,2025-12-27,CUST3148,Clothing,South,1417.86,0.11,299.8,59,Yes,21.14454177422313
ORD05461,2024-05-17,CUST8123,Clothing,South,717.83,0.19,157.82,21,Yes,21.985706922251786
ORD05462,2024-03-03,CUST8593,Home,East,3014.78,0.11,531.81,35,No,17.640093141124723
ORD05463,2025-11-05,CUST1339,Electronics,West,851.98,0.0,184.07,27,Yes,21.60496725275241
ORD05464,2025-09-19,CUST7545,Office Supplies,North,2382.87,0.16,455.37,33,Yes,19.110148686248095
ORD05465,2024-09-16,CUST6468,Electronics,East,722.07,0.13,155.07,54,Yes,21.475757198055586
ORD05466,2025-01-14,CUST6479,Office Supplies,North,3973.38,0.35,125.88,64,Yes,3.1680835963336
ORD05467,2024-04-05,CUST9657,Home,South,479.77,0.1,33.21,33,Yes,6.92206682368635
ORD05468,2025-06-11,CUST9000,Furniture,North,3732.18,0.18,663.98,55,Yes,17.790674619123408
ORD05469,2025-12-01,CUST8027,Electronics,North,2649.29,0.22,133.65,60,Yes,5.04474783810002
ORD05470,2025-11-20,CUST4231,Office Supplies,East,4609.59,0.05,685.68,27,No,14.875075657487974
ORD05471,2024-01-28,CUST5955,Electronics,East,2244.21,0.19,499.3,32,Yes,22.24836356668939
ORD05472,2025-08-29,CUST4091,Electronics,East,503.24,0.09,94.93,60,Yes,18.86376281694619
ORD05473,2025-04-05,CUST3766,Furniture,South,333.91,0.14,20.95,30,Yes,6.274145727890748
ORD05474,2024-08-10,CUST1224,Office Supplies,North,2236.13,0.19,109.04,32,No,4.87628179041469
ORD05475,2024-09-02,CUST7028,Home,South,3555.35,0.04,658.48,43,Yes,18.52082073494874
ORD05476,2025-09-28,CUST7619,Electronics,West,3525.74,0.04,457.23,24,Yes,12.968341397834216
ORD05477,2024-11-24,CUST7517,Home,East,207.25,0.39,11.53,50,Yes,5.5633293124246075
ORD05478,2024-03-02,CUST7888,Electronics,West,1735.22,0.15,415.36,32,Yes,23.937022394854832
ORD05479,2025-02-21,CUST4251,Office Supplies,East,811.59,0.03,141.6,21,Yes,17.44723320888626
ORD05480,2025-05-08,CUST9413,Office Supplies,East,575.64,0.0,67.46,24,Yes,11.719130011812938
ORD05481,2025-05-04,CUST3462,Home,East,4187.82,0.38,801.33,51,Yes,19.134776566328068
ORD05482,2024-06-06,CUST6792,Home,East,1195.7,0.24,208.04,51,No,17.399013130383874
ORD05483,2024-05-22,CUST7251,Electronics,North,2224.88,0.05,478.9,62,Yes,21.524756391355936
ORD05484,2025-10-18,CUST7789,Office Supplies,East,2074.63,0.2,446.91,23,Yes,21.541672490998394
ORD05485,2024-08-30,CUST8545,Clothing,East,328.56,0.32,30.74,25,No,9.355977599220843
ORD05486,2025-06-22,CUST3390,Electronics,North,4236.5,0.21,529.64,49,No,12.501829340257286
ORD05487,2025-07-14,CUST6750,Electronics,South,1082.65,0.05,165.85,42,Yes,15.318893455872162
ORD05488,2025-07-15,CUST8353,Electronics,West,4624.25,0.26,246.28,51,Yes,5.325836622154944
ORD05489,2025-07-27,CUST1875,Electronics,North,4010.17,0.12,909.7,37,Yes,22.6848238353985
ORD05490,2025-01-05,CUST6551,Home,West,1215.57,0.17,223.5,23,No,18.386435992990943
ORD05491,2024-04-06,CUST6193,Electronics,North,4866.72,0.11,1072.68,56,Yes,22.041128316402013
ORD05492,2024-10-08,CUST6500,Clothing,East,1697.02,0.25,349.76,42,Yes,20.61024619627347
ORD05493,2024-12-27,CUST8539,Electronics,South,4771.51,0.15,737.33,50,Yes,15.452760237325291
ORD05494,2024-05-14,CUST8359,Clothing,East,3310.45,0.24,206.62,25,Yes,6.241447537343866
ORD05495,2024-08-20,CUST6289,Electronics,East,495.87,0.12,119.45,29,Yes,24.088974932946137
ORD05496,2024-09-02,CUST9911,Electronics,West,4534.41,0.36,770.06,51,No,16.98258428329154
ORD05497,2025-03-17,CUST5030,Office Supplies,East,4660.91,0.32,414.11,50,Yes,8.88474568271003
ORD05498,2024-10-02,CUST4844,Home,West,3143.72,0.2,560.16,54,No,17.81838077182446
ORD05499,2025-09-02,CUST6410,Office Supplies,North,716.98,0.33,52.09,61,No,7.265195681887919
ORD05500,2025-04-21,CUST8050,Furniture,North,2162.69,0.11,299.46,51,Yes,13.846644687865572
ORD05501,2024-08-17,CUST4415,Home,North,450.13,0.14,51.79,54,Yes,11.50556505898296
ORD05502,2025-01-19,CUST4290,Office Supplies,South,2626.74,0.03,377.5,46,Yes,14.371426178456947
ORD05503,2025-04-29,CUST4294,Clothing,West,1534.75,0.19,138.36,35,Yes,9.015149047076072
ORD05504,2024-05-08,CUST6189,Electronics,East,2778.66,0.25,370.57,30,No,13.336284396075806
ORD05505,2025-09-06,CUST8621,Furniture,West,3512.22,0.19,497.19,57,Yes,14.156003894972411
ORD05506,2024-03-01,CUST2975,Electronics,North,3028.02,0.18,125.31,46,Yes,4.138347831256069
ORD05507,2025-08-16,CUST5365,Office Supplies,South,3576.84,0.21,553.26,65,Yes,15.467843124098366
ORD05508,2024-03-05,CUST7367,Clothing,West,4015.52,0.01,612.67,62,Yes,15.257550703271306
ORD05509,2024-01-21,CUST3247,Clothing,South,4811.47,0.05,1279.6,28,Yes,26.594782883401535
ORD05510,2025-06-19,CUST7235,Electronics,East,1579.14,0.03,143.2,22,Yes,9.068227009638157
ORD05511,2024-04-26,CUST4381,Home,North,3988.55,0.13,884.29,40,Yes,22.17071366787429
ORD05512,2024-11-02,CUST5176,Clothing,North,1529.98,0.32,140.94,60,Yes,9.211885122681341
ORD05513,2025-04-02,CUST2762,Office Supplies,South,2170.44,0.07,296.98,47,Yes,13.682939864727889
ORD05514,2025-07-30,CUST4876,Electronics,West,4569.41,0.21,396.3,52,Yes,8.672892123928474
ORD05515,2024-03-15,CUST1638,Electronics,West,150.69,0.2,6.71,56,Yes,4.452850222310705
ORD05516,2025-07-03,CUST8906,Electronics,East,4602.14,0.24,611.61,18,Yes,13.289686971713158
ORD05517,2025-03-13,CUST3507,Home,East,157.86,0.02,42.34,21,Yes,26.821234004814393
ORD05518,2024-04-26,CUST4202,Office Supplies,East,3428.15,0.15,594.18,57,No,17.33238043842889
ORD05519,2024-06-11,CUST4172,Clothing,West,1695.58,0.11,330.16,55,Yes,19.47180315880112
ORD05520,2024-01-14,CUST8265,Home,South,2546.12,0.17,537.02,41,Yes,21.091700312632554
ORD05521,2025-09-24,CUST8461,Furniture,East,412.6,0.39,14.35,20,Yes,3.4779447406689283
ORD05522,2025-10-08,CUST6196,Home,East,4874.47,0.09,1169.28,25,No,23.987838677846
ORD05523,2025-10-03,CUST9864,Clothing,East,4744.38,0.29,487.35,59,Yes,10.272153579603657
ORD05524,2024-06-24,CUST8108,Home,West,3605.68,0.21,296.76,24,Yes,8.230347673670432
ORD05525,2024-06-02,CUST5366,Office Supplies,West,3072.29,0.17,144.26,57,Yes,4.6955202796611
ORD05526,2025-01-21,CUST3619,Electronics,West,953.09,0.23,142.54,38,Yes,14.95556558142463
ORD05527,2025-05-30,CUST3326,Furniture,North,4359.48,0.37,316.27,56,Yes,7.254764329690698
ORD05528,2025-01-10,CUST3611,Home,North,2004.4,0.15,256.73,31,No,12.80832169227699
ORD05529,2024-02-06,CUST2987,Clothing,South,1868.64,0.3,29.23,35,Yes,1.5642392328110284
ORD05530,2025-04-24,CUST4333,Home,East,1081.67,0.23,84.56,32,Yes,7.81754139432544
ORD05531,2025-07-22,CUST7869,Furniture,West,1382.66,0.25,35.81,30,No,2.5899353420219
ORD05532,2025-05-23,CUST5183,Home,East,2502.14,0.32,179.09,60,Yes,7.157473202938286
ORD05533,2025-01-31,CUST6086,Furniture,North,3832.83,0.23,277.81,54,Yes,7.248169107421932
ORD05534,2025-08-17,CUST3489,Home,East,3948.08,0.03,473.07,65,No,11.982279994326356
ORD05535,2025-02-18,CUST8004,Home,South,2530.94,0.02,645.38,27,Yes,25.499616743186326
ORD05536,2024-11-17,CUST2201,Clothing,South,1572.86,0.18,328.2,65,Yes,20.866447109087904
ORD05537,2025-10-30,CUST4706,Clothing,West,223.15,0.39,26.1,56,Yes,11.696168496527
ORD05538,2025-08-08,CUST7803,Electronics,North,2636.13,0.04,509.84,45,No,19.340472586708547
ORD05539,2024-06-08,CUST2175,Home,North,2328.54,0.28,76.96,65,No,3.3050752832246815
ORD05540,2025-09-25,CUST8436,Clothing,South,512.36,0.11,56.0,49,Yes,10.929814973846513
ORD05541,2024-01-20,CUST3514,Electronics,West,3509.73,0.32,447.42,55,No,12.747989161559437
ORD05542,2025-09-06,CUST7145,Office Supplies,South,201.19,0.12,45.96,39,Yes,22.8440777374621
ORD05543,2024-10-01,CUST4449,Furniture,North,1144.53,0.39,132.29,62,No,11.558456309576856
ORD05544,2025-09-24,CUST3800,Home,North,1609.61,0.29,326.82,36,Yes,20.30429731425625
ORD05545,2025-04-22,CUST6046,Clothing,North,1652.03,0.4,284.54,35,Yes,17.223658166013937
ORD05546,2024-07-26,CUST8898,Clothing,West,1002.21,0.15,153.67,56,Yes,15.3331138184612
ORD05547,2024-08-28,CUST4210,Clothing,East,3684.78,0.19,221.37,55,No,6.007685669157996
ORD05548,2025-04-14,CUST7958,Clothing,East,1185.49,0.08,232.61,42,Yes,19.62142236543539
ORD05549,2024-02-12,CUST4755,Electronics,South,3869.96,0.13,725.68,25,Yes,18.75161500377265
ORD05550,2024-03-08,CUST7220,Furniture,East,1038.07,0.06,225.61,41,Yes,21.73360178022677
ORD05551,2025-10-19,CUST6322,Home,West,1149.3,0.11,148.94,58,Yes,12.959192551988167
ORD05552,2024-12-05,CUST3659,Electronics,North,874.54,0.26,25.87,39,No,2.9581265579619003
ORD05553,2024-05-10,CUST9863,Office Supplies,North,3259.93,0.13,238.32,46,Yes,7.310586423634864
ORD05554,2025-07-27,CUST7377,Clothing,South,3781.53,0.1,251.33,32,Yes,6.646251649464635
ORD05555,2025-01-30,CUST9395,Home,East,4089.55,0.3,215.98,46,Yes,5.281265664926458
ORD05556,2025-04-12,CUST5637,Clothing,East,1369.67,0.06,136.46,24,Yes,9.962983784415226
ORD05557,2024-06-26,CUST6037,Electronics,South,3976.02,0.14,676.9,24,No,17.024562250692902
ORD05558,2024-11-09,CUST6280,Home,East,3859.27,0.32,452.92,48,Yes,11.735898239822557
ORD05559,2025-05-28,CUST2432,Electronics,East,4996.42,0.3,444.85,61,Yes,8.90337481636852
ORD05560,2025-05-03,CUST8567,Home,West,4831.4,0.07,472.01,19,No,9.769631990727326
ORD05561,2024-10-15,CUST9587,Home,South,4801.49,0.26,688.92,25,No,14.348046127347969
ORD05562,2024-09-04,CUST1590,Electronics,North,575.68,0.13,73.73,39,Yes,12.807462479155088
ORD05563,2024-01-20,CUST2677,Clothing,East,4125.56,0.31,524.52,62,Yes,12.713910353988306
ORD05564,2025-04-17,CUST3885,Furniture,West,3751.42,0.33,169.98,44,Yes,4.531084229438452
ORD05565,2024-04-30,CUST6965,Furniture,South,3175.19,0.18,309.17,26,Yes,9.737055105363773
ORD05566,2025-11-07,CUST3052,Electronics,South,863.88,0.23,30.49,35,Yes,3.529425383155068
ORD05567,2024-01-09,CUST8679,Office Supplies,North,4815.02,0.19,303.07,45,Yes,6.2942625368118925
ORD05568,2025-04-02,CUST1961,Furniture,South,3201.2,0.28,105.99,45,Yes,3.310945895289267
ORD05569,2024-09-20,CUST3569,Home,North,1135.73,0.2,162.73,60,Yes,14.328229420724995
ORD05570,2024-11-26,CUST1221,Furniture,South,3777.08,0.31,149.18,36,Yes,3.9496118694864824
ORD05571,2025-03-14,CUST8316,Furniture,East,4881.55,0.33,980.77,43,Yes,20.091364423185258
ORD05572,2024-07-12,CUST9709,Clothing,West,740.92,0.12,90.85,44,Yes,12.261782648599038
ORD05573,2025-08-18,CUST7407,Clothing,South,4919.86,0.33,982.49,46,No,19.969877191627404
ORD05574,2025-02-02,CUST3444,Electronics,West,749.28,0.05,175.54,31,Yes,23.427824044415974
ORD05575,2024-04-07,CUST1743,Furniture,West,3024.0,0.17,462.63,37,No,15.29861111111111
ORD05576,2024-07-02,CUST2331,Electronics,South,2958.75,0.06,464.7,55,Yes,15.70595690747782
ORD05577,2025-05-16,CUST3065,Furniture,North,1581.92,0.11,110.8,34,Yes,7.00414685951249
ORD05578,2025-11-10,CUST7408,Furniture,South,2741.84,0.38,297.96,65,Yes,10.867154903276631
ORD05579,2024-06-20,CUST9132,Electronics,East,376.6,0.38,50.98,55,Yes,13.536909187466806
ORD05580,2025-07-21,CUST2151,Home,North,3356.35,0.2,162.11,59,Yes,4.829949200768692
ORD05581,2025-09-29,CUST4327,Home,East,3905.83,0.16,403.37,64,Yes,10.327382400155665
ORD05582,2025-09-10,CUST1802,Furniture,West,4071.79,0.23,549.1,27,Yes,13.48546953551141
ORD05583,2025-01-20,CUST2200,Office Supplies,East,2517.05,0.3,447.69,55,Yes,17.78629745138158
ORD05584,2025-04-06,CUST5097,Office Supplies,East,1187.12,0.26,236.17,62,No,19.8943661971831
ORD05585,2024-02-12,CUST8804,Electronics,South,3127.32,0.35,367.15,54,Yes,11.740084161518487
ORD05586,2025-11-18,CUST3044,Clothing,North,358.3,0.13,51.29,46,No,14.314819983254257
ORD05587,2025-11-13,CUST6240,Office Supplies,West,1091.88,0.06,160.34,49,Yes,14.684763893468144
ORD05588,2025-09-20,CUST6454,Office Supplies,North,1903.24,0.24,336.84,56,Yes,17.698240894474683
ORD05589,2024-10-19,CUST6143,Electronics,East,4994.91,0.14,996.16,53,Yes,19.94350248553027
ORD05590,2025-11-14,CUST1658,Clothing,East,2691.46,0.17,376.33,23,Yes,13.982373878861287
ORD05591,2024-04-02,CUST9678,Furniture,East,1587.02,0.05,297.06,42,Yes,18.718100591044852
ORD05592,2025-09-02,CUST4867,Home,North,2021.21,0.37,28.12,52,No,1.3912458378891852
ORD05593,2024-04-29,CUST6587,Electronics,West,1030.75,0.27,28.25,28,Yes,2.740722774678632
ORD05594,2024-04-29,CUST3703,Office Supplies,North,4801.72,0.08,917.1,33,Yes,19.099406046166788
ORD05595,2025-12-10,CUST2501,Clothing,South,934.06,0.32,128.1,40,Yes,13.71432242040126
ORD05596,2025-11-28,CUST1701,Electronics,South,2742.63,0.27,448.26,51,Yes,16.344166001246975
ORD05597,2024-04-13,CUST2893,Electronics,West,3158.37,0.05,313.41,39,No,9.92315656493698
ORD05598,2025-11-19,CUST6353,Home,West,555.83,0.4,86.95,34,No,15.64327222352158
ORD05599,2024-02-10,CUST3516,Office Supplies,South,3239.15,0.34,252.72,33,Yes,7.802046833274161
ORD05600,2024-11-07,CUST8436,Office Supplies,East,483.49,0.1,73.9,39,Yes,15.284700821113157
ORD05601,2025-03-28,CUST8372,Office Supplies,East,2028.46,0.31,297.49,34,Yes,14.665805586504046
ORD05602,2024-11-10,CUST7811,Office Supplies,South,2504.4,0.02,448.35,41,Yes,17.902491614758027
ORD05603,2025-11-10,CUST8152,Furniture,West,4013.79,0.18,408.95,40,Yes,10.188624716290589
ORD05604,2025-03-15,CUST4912,Office Supplies,North,3321.36,0.32,65.16,19,Yes,1.9618469542597006
ORD05605,2024-08-08,CUST5917,Office Supplies,East,3562.96,0.13,507.82,52,No,14.252756135348138
ORD05606,2025-02-20,CUST3229,Electronics,North,2270.56,0.02,216.42,21,Yes,9.53156930448876
ORD05607,2024-08-18,CUST1160,Furniture,East,4842.86,0.28,348.21,30,Yes,7.19017274916062
ORD05608,2024-10-14,CUST9388,Furniture,West,3309.6,0.35,646.0,18,Yes,19.51897510273145
ORD05609,2025-08-13,CUST8222,Clothing,North,2723.82,0.16,361.4,37,No,13.268130786909559
ORD05610,2025-04-25,CUST3573,Clothing,North,1449.49,0.33,59.94,54,No,4.135247569834907
ORD05611,2024-09-10,CUST1875,Furniture,South,1974.35,0.36,317.06,34,Yes,16.058956112138173
ORD05612,2025-07-22,CUST2003,Clothing,South,4190.48,0.0,698.42,34,Yes,16.66682575743113
ORD05613,2024-08-01,CUST3484,Office Supplies,North,3043.82,0.0,745.8,54,Yes,24.502105906393936
ORD05614,2025-03-21,CUST6283,Electronics,East,1119.13,0.32,166.21,22,Yes,14.851715171606514
ORD05615,2024-08-10,CUST8944,Electronics,East,4748.08,0.27,908.48,32,Yes,19.133628750989875
ORD05616,2024-12-14,CUST5178,Electronics,East,3804.95,0.3,659.94,36,Yes,17.34424893888225
ORD05617,2025-09-03,CUST3659,Home,North,1943.55,0.05,444.13,36,Yes,22.8514831108024
ORD05618,2025-09-05,CUST8428,Electronics,West,1508.6,0.06,320.67,62,Yes,21.256131512660748
ORD05619,2025-10-17,CUST8405,Clothing,North,1591.07,0.26,157.27,31,Yes,9.884543106211543
ORD05620,2025-10-28,CUST6522,Furniture,South,927.16,0.28,66.78,45,Yes,7.202640320980199
ORD05621,2025-03-02,CUST8225,Office Supplies,West,2317.11,0.29,365.5,52,No,15.773959803375757
ORD05622,2025-05-21,CUST7568,Office Supplies,North,4987.03,0.04,1074.41,21,Yes,21.544085357417142
ORD05623,2025-10-26,CUST5827,Furniture,East,3835.27,0.3,474.32,48,No,12.367317033742083
ORD05624,2024-05-14,CUST3267,Clothing,North,667.81,0.24,46.79,58,Yes,7.0064838801455505
ORD05625,2025-04-16,CUST3480,Office Supplies,West,4862.09,0.01,461.22,42,No,9.486044067468928
ORD05626,2024-02-19,CUST1241,Electronics,West,3892.15,0.19,756.9,58,Yes,19.44683529668692
ORD05627,2025-04-28,CUST1706,Office Supplies,West,1893.01,0.08,340.32,25,Yes,17.977718025789617
ORD05628,2024-11-08,CUST5052,Home,West,1372.62,0.14,305.61,51,Yes,22.264720024478738
ORD05629,2024-10-07,CUST8663,Home,East,1631.95,0.27,113.99,38,Yes,6.984895370568951
ORD05630,2025-07-19,CUST4895,Electronics,North,4681.93,0.16,269.49,25,No,5.755959614945119
ORD05631,2024-03-01,CUST8340,Electronics,South,2519.42,0.16,280.72,46,Yes,11.142247025108954
ORD05632,2025-06-27,CUST1209,Clothing,West,1734.87,0.28,240.21,61,Yes,13.845994224351104
ORD05633,2025-08-10,CUST3612,Home,South,3887.34,0.05,1016.61,24,Yes,26.15181589467348
ORD05634,2024-02-03,CUST9851,Home,East,1313.42,0.12,94.37,19,No,7.1850588539842555
ORD05635,2025-12-09,CUST2863,Furniture,West,2004.73,0.21,428.71,30,Yes,21.384924653195192
ORD05636,2024-04-30,CUST6172,Office Supplies,North,4138.66,0.33,46.0,48,Yes,1.111470862549714
ORD05637,2024-11-01,CUST9267,Clothing,North,1215.28,0.34,139.31,24,Yes,11.463201895859392
ORD05638,2025-10-21,CUST5440,Clothing,West,1069.58,0.38,128.53,29,No,12.016866433553359
ORD05639,2024-04-04,CUST3887,Home,East,4371.19,0.15,891.72,55,Yes,20.399936859299185
ORD05640,2024-10-26,CUST1827,Home,West,4968.16,0.37,978.17,53,No,19.68877813919036
ORD05641,2025-03-25,CUST3813,Furniture,North,3703.98,0.35,684.04,53,Yes,18.467702309407716
ORD05642,2025-02-25,CUST6367,Home,North,4919.8,0.22,588.71,55,Yes,11.966136834830685
ORD05643,2025-03-21,CUST9084,Office Supplies,North,1142.39,0.06,211.91,25,Yes,18.549707192815063
ORD05644,2024-09-12,CUST2327,Office Supplies,South,2540.78,0.14,398.38,27,Yes,15.679437023276316
ORD05645,2025-01-29,CUST3737,Clothing,North,3234.14,0.02,643.42,49,Yes,19.894624227769977
ORD05646,2024-03-13,CUST9049,Furniture,North,1413.67,0.19,85.84,38,Yes,6.072138476447828
ORD05647,2025-12-04,CUST1470,Electronics,West,510.92,0.15,100.69,18,No,19.707586314882956
ORD05648,2024-03-17,CUST5839,Electronics,East,1133.96,0.2,55.57,55,No,4.900525591731631
ORD05649,2025-05-31,CUST2201,Office Supplies,East,2389.54,0.27,251.58,33,Yes,10.52838621659399
ORD05650,2025-11-23,CUST8179,Home,North,2040.75,0.28,339.15,23,No,16.618890113928703
ORD05651,2025-05-16,CUST9505,Furniture,West,1008.1,0.27,157.34,57,Yes,15.607578613232814
ORD05652,2024-05-24,CUST8573,Furniture,South,2699.38,0.31,445.8,30,No,16.514903422267334
ORD05653,2024-01-06,CUST9783,Office Supplies,South,319.02,0.36,20.13,56,Yes,6.309949219484672
ORD05654,2024-03-27,CUST8867,Clothing,West,1807.2,0.19,82.81,47,No,4.5822266489597165
ORD05655,2024-10-11,CUST4850,Home,North,4426.76,0.23,342.89,27,Yes,7.745845720120357
ORD05656,2025-05-01,CUST9959,Clothing,North,185.88,0.31,32.22,64,Yes,17.333763718528083
ORD05657,2025-03-06,CUST3216,Clothing,East,4475.42,0.02,707.67,37,No,15.812370682528117
ORD05658,2024-10-13,CUST9906,Home,South,2757.45,0.19,185.89,55,Yes,6.741373370324031
ORD05659,2025-01-02,CUST2860,Home,East,3642.92,0.34,67.91,19,Yes,1.864163912465824
ORD05660,2024-10-28,CUST3426,Office Supplies,South,4650.95,0.34,386.88,54,Yes,8.318300562250723
ORD05661,2024-06-28,CUST7203,Clothing,East,597.97,0.02,81.46,27,Yes,13.62275699449805
ORD05662,2024-08-21,CUST8060,Office Supplies,South,3432.53,0.37,532.4,19,Yes,15.510425254841179
ORD05663,2025-02-16,CUST9095,Clothing,North,1520.38,0.14,321.67,35,Yes,21.157210697325667
ORD05664,2024-06-19,CUST3543,Electronics,East,4188.07,0.29,166.25,46,Yes,3.9696089129360304
ORD05665,2024-10-22,CUST2934,Home,East,3979.13,0.36,91.75,45,Yes,2.305780409285447
ORD05666,2024-11-13,CUST9243,Electronics,East,3979.18,0.2,440.46,31,Yes,11.069114742233324
ORD05667,2024-12-08,CUST1025,Home,South,1924.02,0.16,311.24,39,Yes,16.176547021340735
ORD05668,2025-02-01,CUST2091,Home,East,4953.35,0.06,1157.61,45,Yes,23.370244380066012
ORD05669,2025-04-19,CUST7554,Furniture,West,3824.89,0.11,596.64,46,Yes,15.598879967789925
ORD05670,2024-11-16,CUST2689,Office Supplies,West,2283.34,0.39,406.32,43,No,17.794984540191123
ORD05671,2025-02-03,CUST9571,Home,North,4979.78,0.29,134.45,28,No,2.699918470293868
ORD05672,2025-05-02,CUST7271,Electronics,South,1325.0,0.28,63.39,52,No,4.784150943396226
ORD05673,2025-03-11,CUST5044,Home,North,1661.68,0.0,372.55,54,Yes,22.420080881998942
ORD05674,2024-09-14,CUST8604,Office Supplies,North,4527.6,0.4,561.48,28,No,12.401272197190565
ORD05675,2024-10-29,CUST1428,Furniture,South,3527.37,0.37,130.46,52,Yes,3.698506252533758
ORD05676,2025-05-07,CUST3260,Home,East,3338.42,0.32,624.91,36,No,18.718735210069433
ORD05677,2025-03-04,CUST6567,Clothing,South,2162.05,0.26,251.0,47,No,11.609352235147197
ORD05678,2025-09-06,CUST5218,Clothing,South,3376.25,0.24,609.97,41,No,18.066493891151424
ORD05679,2025-12-14,CUST8605,Furniture,West,1579.73,0.15,165.62,54,Yes,10.484070062605635
ORD05680,2024-03-10,CUST8389,Office Supplies,North,1215.21,0.35,25.81,24,No,2.123912739361921
ORD05681,2024-12-30,CUST5962,Clothing,South,4949.33,0.06,680.79,26,Yes,13.755195147626043
ORD05682,2025-03-03,CUST7507,Clothing,East,3814.91,0.17,888.88,24,No,23.300156491240948
ORD05683,2024-07-04,CUST9814,Clothing,South,3522.38,0.35,622.87,53,No,17.68321419040535
ORD05684,2024-04-11,CUST8564,Home,South,857.53,0.19,113.72,59,Yes,13.261343626462049
ORD05685,2024-11-13,CUST3628,Electronics,West,2042.33,0.21,426.1,35,Yes,20.863425597234535
ORD05686,2024-01-07,CUST3416,Furniture,North,4119.71,0.15,750.92,39,Yes,18.227496595634157
ORD05687,2025-03-26,CUST1843,Clothing,West,3393.16,0.31,707.98,62,Yes,20.864916479034292
ORD05688,2024-02-24,CUST2295,Furniture,North,4680.21,0.17,443.94,46,Yes,9.485471805752306
ORD05689,2024-06-16,CUST3744,Office Supplies,North,2371.85,0.27,320.46,52,No,13.510972447667433
ORD05690,2024-06-12,CUST7807,Clothing,North,4095.98,0.04,320.35,59,Yes,7.821083110757378
ORD05691,2025-05-27,CUST3655,Clothing,North,944.59,0.21,205.35,23,No,21.739590721900505
ORD05692,2024-07-01,CUST2757,Electronics,South,4855.3,0.13,269.34,32,No,5.547340020184128
ORD05693,2024-08-21,CUST3191,Office Supplies,East,4878.93,0.21,408.88,46,No,8.380526057967627
ORD05694,2025-05-18,CUST9930,Furniture,West,1542.81,0.02,418.65,26,No,27.135551364069453
ORD05695,2024-09-24,CUST2364,Clothing,South,2940.6,0.38,562.88,49,No,19.141671767666463
ORD05696,2025-11-11,CUST8065,Office Supplies,North,2158.41,0.19,189.35,64,Yes,8.772661357202756
ORD05697,2024-12-11,CUST5075,Furniture,South,787.93,0.08,81.27,55,Yes,10.314368027616666
ORD05698,2024-07-19,CUST3380,Furniture,West,2308.09,0.33,204.22,53,No,8.848008526530595
ORD05699,2024-05-20,CUST6816,Furniture,South,2891.91,0.02,265.35,26,Yes,9.175596750936235
ORD05700,2025-04-09,CUST3684,Electronics,East,3761.12,0.05,642.19,56,No,17.074435274599058
ORD05701,2025-03-24,CUST9442,Electronics,North,3120.01,0.37,530.08,51,Yes,16.989689135611748
ORD05702,2024-10-30,CUST7465,Office Supplies,North,1166.89,0.39,163.77,26,Yes,14.034741920832298
ORD05703,2024-12-26,CUST6983,Office Supplies,East,4438.41,0.02,867.54,54,Yes,19.54618883789465
ORD05704,2025-02-13,CUST7935,Electronics,East,2217.37,0.08,326.41,52,Yes,14.720592413534956
ORD05705,2025-03-26,CUST3554,Office Supplies,North,336.05,0.1,58.52,49,Yes,17.414075286415713
ORD05706,2025-07-18,CUST8438,Home,North,1082.08,0.31,228.91,61,Yes,21.15462812361378
ORD05707,2025-09-30,CUST3826,Office Supplies,North,4432.36,0.17,791.08,45,Yes,17.84782824499815
ORD05708,2025-09-15,CUST1792,Clothing,East,3977.79,0.27,556.74,49,No,13.996213978113476
ORD05709,2025-08-31,CUST4968,Home,West,1449.96,0.14,97.63,34,No,6.733289194184666
ORD05710,2024-02-01,CUST3962,Furniture,East,1827.38,0.34,141.72,42,Yes,7.755365605402269
ORD05711,2024-01-08,CUST5167,Clothing,West,3232.68,0.23,171.98,53,Yes,5.320044050137966
ORD05712,2025-09-15,CUST9825,Office Supplies,East,2562.5,0.33,496.48,44,Yes,19.374829268292686
ORD05713,2025-03-18,CUST2325,Electronics,South,968.98,0.11,233.05,57,Yes,24.051064005449028
ORD05714,2025-11-07,CUST5762,Furniture,North,1909.02,0.36,51.91,46,No,2.7191962368126052
ORD05715,2024-05-19,CUST3752,Furniture,North,445.19,0.21,81.86,46,Yes,18.387654709225274
ORD05716,2024-02-20,CUST5437,Electronics,South,4741.08,0.17,792.8,37,Yes,16.721928337003384
ORD05717,2025-06-12,CUST7118,Home,East,1438.12,0.32,245.92,36,Yes,17.100102912135288
ORD05718,2025-07-06,CUST7130,Electronics,North,708.55,0.16,83.09,31,Yes,11.726765930421285
ORD05719,2025-11-08,CUST7245,Home,East,285.17,0.29,7.82,22,Yes,2.7422239365992214
ORD05720,2024-10-20,CUST1436,Electronics,North,3554.46,0.1,231.92,21,No,6.524760441811132
ORD05721,2025-05-25,CUST1455,Clothing,West,2833.42,0.28,297.19,59,Yes,10.488737991543788
ORD05722,2024-08-26,CUST9607,Electronics,East,4428.19,0.09,578.99,59,Yes,13.075093887118665
ORD05723,2025-09-06,CUST8200,Clothing,South,3869.48,0.2,723.33,50,Yes,18.693209423488426
ORD05724,2025-06-18,CUST1416,Office Supplies,West,2404.75,0.22,442.16,18,Yes,18.386942509616386
ORD05725,2024-12-03,CUST2352,Home,West,938.86,0.02,250.66,61,Yes,26.698336280169567
ORD05726,2025-07-11,CUST6728,Furniture,North,2413.87,0.38,236.31,51,Yes,9.789673843247567
ORD05727,2025-12-09,CUST8876,Home,North,1373.38,0.4,160.38,45,No,11.677758522768643
ORD05728,2025-03-25,CUST6098,Furniture,West,4625.87,0.25,138.76,25,Yes,2.999651957361534
ORD05729,2024-03-18,CUST8715,Office Supplies,South,2131.58,0.38,110.54,64,Yes,5.185824599592791
ORD05730,2025-05-01,CUST6124,Home,North,1193.75,0.12,123.03,22,Yes,10.306178010471204
ORD05731,2025-09-01,CUST6391,Electronics,West,3640.48,0.31,54.09,62,Yes,1.4857930822309147
ORD05732,2024-12-10,CUST4490,Furniture,East,1019.89,0.34,29.84,32,No,2.9258057241467217
ORD05733,2024-01-03,CUST8662,Office Supplies,West,1156.03,0.07,144.54,40,No,12.503135731771668
ORD05734,2025-10-28,CUST6558,Electronics,West,276.7,0.14,16.66,36,Yes,6.0209613299602465
ORD05735,2024-06-15,CUST1285,Clothing,East,2074.13,0.34,417.93,50,Yes,20.149653107567993
ORD05736,2025-01-12,CUST6912,Furniture,North,4287.67,0.05,1050.11,32,Yes,24.491390428834308
ORD05737,2024-04-29,CUST6713,Office Supplies,West,2588.4,0.39,4.7,61,No,0.18157935404110648
ORD05738,2024-07-08,CUST1264,Home,East,3549.19,0.1,426.86,46,Yes,12.026969533893649
ORD05739,2024-07-05,CUST7914,Home,East,1652.99,0.37,178.07,51,Yes,10.772599955232637
ORD05740,2025-09-16,CUST8121,Electronics,South,854.0,0.35,63.2,37,Yes,7.400468384074942
ORD05741,2024-10-25,CUST1253,Clothing,East,3106.14,0.34,472.81,50,Yes,15.221786526041969
ORD05742,2024-02-21,CUST9753,Electronics,South,3967.55,0.25,285.17,28,Yes,7.187559072979546
ORD05743,2024-02-08,CUST4464,Electronics,North,3332.37,0.06,752.22,37,No,22.57312363272986
ORD05744,2025-03-14,CUST3251,Home,West,408.5,0.36,74.95,54,Yes,18.347613219094246
ORD05745,2024-03-31,CUST2395,Electronics,West,4418.21,0.05,458.73,49,Yes,10.382711550605336
ORD05746,2025-11-19,CUST6710,Home,West,4859.02,0.11,410.02,26,Yes,8.438327070067626
ORD05747,2024-08-13,CUST7463,Home,South,3090.35,0.33,305.91,23,Yes,9.898878767777115
ORD05748,2024-02-03,CUST3677,Furniture,East,189.94,0.2,13.99,36,Yes,7.365483837001159
ORD05749,2025-01-25,CUST9514,Home,West,3803.57,0.24,410.41,24,Yes,10.790126118357229
ORD05750,2025-03-06,CUST2320,Electronics,North,2292.45,0.37,96.24,34,Yes,4.198128639664987
ORD05751,2025-02-10,CUST3315,Furniture,West,2606.83,0.39,243.78,57,No,9.351587943977934
ORD05752,2024-03-27,CUST6870,Furniture,West,1115.22,0.19,193.03,40,Yes,17.3086924553003
ORD05753,2025-12-08,CUST9262,Home,South,181.3,0.03,44.79,53,No,24.704908990623274
ORD05754,2025-03-05,CUST5166,Clothing,South,374.2,0.2,46.09,57,Yes,12.31694281133084
ORD05755,2024-03-16,CUST2713,Home,West,3800.43,0.37,615.52,47,Yes,16.19606202456038
ORD05756,2025-09-26,CUST3078,Office Supplies,East,4377.97,0.18,766.59,65,Yes,17.510170238717944
ORD05757,2024-04-04,CUST3618,Office Supplies,West,1347.12,0.02,145.14,52,Yes,10.774095848922146
ORD05758,2025-02-10,CUST6929,Office Supplies,North,4445.1,0.09,874.14,44,Yes,19.66524937571708
ORD05759,2024-03-25,CUST3689,Office Supplies,North,751.02,0.08,109.51,60,Yes,14.581502489947006
ORD05760,2024-03-07,CUST3913,Home,South,3380.49,0.28,136.53,42,No,4.0387636111924605
ORD05761,2024-01-08,CUST2339,Electronics,North,2700.39,0.32,523.91,65,No,19.40127166816645
ORD05762,2024-08-14,CUST4022,Office Supplies,North,318.76,0.06,21.85,22,Yes,6.85468691178316
ORD05763,2025-09-15,CUST1464,Clothing,West,4974.9,0.34,923.69,60,Yes,18.56700637198738
ORD05764,2025-02-05,CUST3297,Office Supplies,West,4295.27,0.12,268.19,55,Yes,6.243844973657069
ORD05765,2025-02-04,CUST3698,Electronics,South,774.9,0.1,102.82,38,No,13.268808878564975
ORD05766,2025-02-19,CUST5854,Clothing,North,717.8,0.35,85.41,35,Yes,11.898857620507105
ORD05767,2025-09-17,CUST1733,Office Supplies,West,4304.26,0.37,183.25,61,Yes,4.257410100690944
ORD05768,2024-02-20,CUST3559,Electronics,North,2654.24,0.07,571.41,21,Yes,21.52819639520164
ORD05769,2025-08-23,CUST4131,Furniture,East,4694.04,0.04,1012.2,25,Yes,21.563514584451774
ORD05770,2024-12-13,CUST4029,Electronics,East,4067.42,0.09,870.51,51,Yes,21.40201897025633
ORD05771,2025-01-25,CUST3219,Clothing,West,4074.7,0.22,222.31,40,Yes,5.455861781235429
ORD05772,2024-05-10,CUST3280,Furniture,West,4992.63,0.34,28.45,61,Yes,0.5698399440775703
ORD05773,2025-10-15,CUST1013,Furniture,West,1381.93,0.01,212.64,55,Yes,15.387175906160225
ORD05774,2024-05-18,CUST2453,Furniture,North,781.03,0.19,119.29,27,Yes,15.273420995352293
ORD05775,2024-10-02,CUST3951,Furniture,East,1007.38,0.25,101.23,19,Yes,10.04883956401755
ORD05776,2025-08-01,CUST7992,Office Supplies,North,1465.55,0.14,193.19,37,Yes,13.182081812288901
ORD05777,2024-06-07,CUST1844,Electronics,West,749.25,0.21,137.03,42,Yes,18.288955622288956
ORD05778,2025-06-29,CUST8513,Home,East,2530.51,0.35,406.98,23,Yes,16.082923995558208
ORD05779,2025-07-10,CUST4428,Furniture,West,4687.23,0.01,513.14,51,Yes,10.947617249420235
ORD05780,2024-04-10,CUST7042,Office Supplies,North,1049.67,0.36,63.52,57,Yes,6.051425686168034
ORD05781,2025-03-24,CUST9290,Clothing,North,4506.15,0.32,912.4,43,Yes,20.24788344817638
ORD05782,2024-07-20,CUST4665,Electronics,South,3170.22,0.1,369.22,33,Yes,11.646510336822052
ORD05783,2025-06-30,CUST3422,Furniture,North,3955.26,0.21,508.41,37,Yes,12.85402223874031
ORD05784,2025-05-02,CUST3298,Office Supplies,South,1829.5,0.09,247.2,54,Yes,13.511888494124078
ORD05785,2025-06-27,CUST5328,Furniture,South,868.47,0.38,44.33,26,Yes,5.104378965306804
ORD05786,2024-09-19,CUST1388,Electronics,East,737.75,0.31,16.48,49,No,2.2338190443917316
ORD05787,2024-09-05,CUST6374,Office Supplies,East,3560.58,0.07,630.23,47,Yes,17.700206146189668
ORD05788,2025-02-11,CUST3800,Home,East,1760.01,0.1,130.16,23,Yes,7.395412526065193
ORD05789,2024-10-12,CUST6256,Electronics,East,1745.48,0.02,317.02,60,No,18.16233929921855
ORD05790,2024-05-10,CUST7374,Office Supplies,West,2307.83,0.08,440.28,25,Yes,19.077661699518593
ORD05791,2025-08-11,CUST3569,Furniture,West,3068.9,0.34,221.51,62,Yes,7.2178956629411175
ORD05792,2024-08-20,CUST8405,Clothing,North,4573.9,0.39,667.06,30,Yes,14.584052996348849
ORD05793,2025-02-13,CUST6789,Home,East,997.38,0.3,120.56,59,Yes,12.087669694599851
ORD05794,2025-12-04,CUST3679,Clothing,South,1988.31,0.3,87.55,63,Yes,4.403236919796209
ORD05795,2025-04-17,CUST5347,Electronics,East,4814.42,0.22,541.69,25,Yes,11.25140723077754
ORD05796,2024-02-16,CUST6520,Home,East,3195.6,0.32,255.37,22,Yes,7.99130053824008
ORD05797,2025-02-20,CUST5014,Clothing,East,979.48,0.1,210.09,64,Yes,21.449136276391553
ORD05798,2024-04-30,CUST9454,Electronics,North,1197.43,0.11,89.02,37,No,7.434255029521558
ORD05799,2024-02-17,CUST3760,Clothing,North,784.69,0.21,79.51,26,Yes,10.132663854515796
ORD05800,2024-04-10,CUST2075,Furniture,West,4105.44,0.37,458.14,33,Yes,11.15933980279824
ORD05801,2025-11-18,CUST5354,Furniture,East,4882.67,0.18,646.84,31,No,13.247669819996027
ORD05802,2024-07-30,CUST9143,Office Supplies,South,4146.81,0.05,640.49,65,Yes,15.445366438298352
ORD05803,2025-08-20,CUST3165,Home,East,601.27,0.13,33.43,37,Yes,5.559898215443977
ORD05804,2024-05-14,CUST1442,Furniture,North,952.3,0.04,194.48,32,Yes,20.422135881549934
ORD05805,2024-11-11,CUST2167,Furniture,West,3795.17,0.37,607.97,25,Yes,16.019572245775553
ORD05806,2025-01-06,CUST1199,Electronics,West,4951.16,0.15,387.23,19,Yes,7.8209954838866045
ORD05807,2025-04-24,CUST2797,Office Supplies,North,1571.19,0.07,153.52,62,Yes,9.770937951489
ORD05808,2025-09-09,CUST6036,Furniture,South,1657.73,0.21,313.7,46,Yes,18.92346763345056
ORD05809,2024-01-03,CUST5199,Electronics,East,1068.13,0.11,138.12,28,No,12.931010270285451
ORD05810,2024-11-24,CUST9540,Clothing,South,2590.45,0.26,218.98,46,Yes,8.453357524754386
ORD05811,2024-03-07,CUST3502,Clothing,East,2498.54,0.13,484.85,33,Yes,19.405332714305153
ORD05812,2024-10-26,CUST1326,Office Supplies,East,4384.07,0.31,888.0,49,No,20.25515103545336
ORD05813,2025-09-21,CUST9184,Furniture,South,2112.38,0.37,196.37,60,No,9.296149367064638
ORD05814,2024-03-01,CUST7715,Home,West,2956.01,0.02,462.93,57,Yes,15.660637142634833
ORD05815,2024-08-08,CUST5020,Furniture,West,526.47,0.22,100.38,45,No,19.0666134822497
ORD05816,2024-05-31,CUST7781,Clothing,South,1149.35,0.09,192.59,28,Yes,16.756427546004264
ORD05817,2024-11-29,CUST4269,Clothing,North,1930.97,0.36,217.25,25,No,11.25082212566741
ORD05818,2024-11-09,CUST4028,Home,North,4614.62,0.35,890.11,36,Yes,19.288912196453882
ORD05819,2024-09-25,CUST4857,Furniture,East,1961.45,0.25,321.79,21,Yes,16.40572025797242
ORD05820,2025-04-19,CUST5663,Office Supplies,West,1019.01,0.03,202.35,21,Yes,19.8575087585009
ORD05821,2025-02-13,CUST2270,Clothing,South,884.99,0.02,81.72,58,Yes,9.234002644097673
ORD05822,2025-11-28,CUST6313,Clothing,North,4771.99,0.38,848.21,34,No,17.774764825575915
ORD05823,2024-09-20,CUST8266,Furniture,West,187.19,0.03,17.23,46,Yes,9.204551525188313
ORD05824,2024-01-28,CUST9396,Electronics,West,2495.23,0.25,81.15,33,Yes,3.252205207535979
ORD05825,2024-11-08,CUST8405,Office Supplies,North,4246.23,0.31,770.93,38,Yes,18.155634527569163
ORD05826,2025-11-25,CUST6534,Electronics,East,1487.43,0.36,91.73,27,No,6.167012901447463
ORD05827,2024-03-25,CUST6687,Furniture,North,4548.91,0.26,158.77,63,No,3.490286684062776
ORD05828,2024-02-25,CUST7422,Furniture,North,3053.06,0.21,708.94,36,Yes,23.22063765533596
ORD05829,2025-08-05,CUST9444,Furniture,East,326.27,0.19,70.52,33,Yes,21.614000674288167
ORD05830,2025-05-03,CUST7053,Furniture,East,446.56,0.24,87.02,64,Yes,19.486743102830527
ORD05831,2024-09-22,CUST3928,Electronics,East,2333.53,0.31,249.75,36,Yes,10.7026693464408
ORD05832,2025-07-06,CUST2119,Electronics,South,2412.68,0.27,237.15,62,Yes,9.829318434272261
ORD05833,2024-01-13,CUST7485,Furniture,North,3140.62,0.01,760.47,30,Yes,24.214008698919322
ORD05834,2025-08-12,CUST5672,Home,East,4330.17,0.3,408.22,53,No,9.427343499215967
ORD05835,2025-04-09,CUST3873,Electronics,East,2156.81,0.22,73.87,36,Yes,3.424965574158132
ORD05836,2025-02-09,CUST2987,Furniture,East,4687.22,0.15,361.93,59,Yes,7.72163457230512
ORD05837,2024-10-30,CUST5246,Office Supplies,South,1978.5,0.07,378.23,35,Yes,19.11700783421784
ORD05838,2024-06-19,CUST5959,Home,West,4480.63,0.14,313.28,49,No,6.991873910588466
ORD05839,2024-06-11,CUST1185,Office Supplies,West,2886.34,0.23,646.35,18,No,22.393411725576335
ORD05840,2024-07-01,CUST5475,Office Supplies,East,3565.83,0.23,521.76,27,No,14.632217464096717
ORD05841,2025-07-11,CUST5684,Home,East,4733.56,0.02,724.13,19,No,15.297788556604331
ORD05842,2025-01-04,CUST8705,Home,North,591.23,0.22,36.89,21,Yes,6.23953452970925
ORD05843,2024-11-08,CUST8975,Office Supplies,South,2699.57,0.3,101.72,24,Yes,3.768007497490341
ORD05844,2025-09-01,CUST5774,Furniture,West,1213.62,0.21,245.16,63,Yes,20.20072180748505
ORD05845,2024-06-16,CUST8916,Electronics,North,4132.27,0.23,370.23,58,Yes,8.959482318435146
ORD05846,2024-02-28,CUST2763,Office Supplies,South,3743.03,0.34,304.82,45,No,8.143669700750461
ORD05847,2025-01-31,CUST9365,Electronics,North,543.74,0.28,92.23,57,Yes,16.962151028064884
ORD05848,2025-08-11,CUST7950,Office Supplies,South,2194.69,0.12,484.54,38,No,22.077833315866936
ORD05849,2024-12-30,CUST6845,Electronics,West,3551.5,0.18,735.09,37,Yes,20.698014923271856
ORD05850,2024-09-03,CUST4871,Office Supplies,West,2052.7,0.16,408.96,35,Yes,19.923028206752083
ORD05851,2024-08-26,CUST5057,Clothing,East,332.19,0.12,79.56,32,Yes,23.950149011108103
ORD05852,2025-06-26,CUST7526,Clothing,West,3881.54,0.4,220.48,53,Yes,5.680219706611293
ORD05853,2024-11-16,CUST2849,Furniture,South,3193.49,0.19,133.52,45,Yes,4.181005733539169
ORD05854,2024-12-30,CUST4694,Furniture,East,747.48,0.02,172.62,59,Yes,23.093594477444213
ORD05855,2024-03-04,CUST5527,Furniture,South,1163.48,0.29,90.18,55,Yes,7.750885275208856
ORD05856,2025-09-02,CUST1763,Electronics,North,2988.28,0.09,486.2,46,Yes,16.270229028069657
ORD05857,2024-09-19,CUST2124,Electronics,East,3100.38,0.28,95.82,26,Yes,3.090588895554738
ORD05858,2024-06-07,CUST3600,Home,West,210.44,0.35,0.97,29,No,0.46093898498384334
ORD05859,2024-03-28,CUST6740,Office Supplies,South,1903.84,0.2,280.33,29,Yes,14.724451634591142
ORD05860,2024-10-27,CUST9050,Electronics,East,3833.66,0.39,60.4,63,No,1.5755179123865968
ORD05861,2024-08-04,CUST5909,Furniture,East,3723.47,0.31,689.56,26,Yes,18.519284430920617
ORD05862,2025-08-03,CUST4876,Furniture,West,4698.44,0.38,481.29,44,Yes,10.243612773601452
ORD05863,2025-09-23,CUST9416,Home,West,4355.64,0.22,630.27,19,Yes,14.47020414910323
ORD05864,2024-01-02,CUST9177,Electronics,North,3003.12,0.27,548.56,31,Yes,18.266336343536054
ORD05865,2025-05-25,CUST4325,Office Supplies,North,1959.49,0.08,439.44,24,Yes,22.426243563376183
ORD05866,2025-10-25,CUST9344,Clothing,West,2717.0,0.03,422.66,28,Yes,15.556128082443873
ORD05867,2024-06-21,CUST8117,Electronics,West,725.2,0.32,127.03,22,Yes,17.516547159404304
ORD05868,2024-05-11,CUST8177,Office Supplies,East,240.41,0.18,38.99,53,Yes,16.218127365750178
ORD05869,2024-03-11,CUST2995,Electronics,East,2546.95,0.34,319.27,26,Yes,12.535385461041637
ORD05870,2024-09-30,CUST7053,Clothing,East,217.7,0.25,6.02,24,No,2.765273311897106
ORD05871,2024-08-25,CUST4556,Office Supplies,East,1595.03,0.4,34.04,25,Yes,2.1341291386368906
ORD05872,2025-01-31,CUST1243,Home,North,4846.33,0.05,993.4,26,Yes,20.497985073240987
ORD05873,2025-10-20,CUST3498,Clothing,West,1398.64,0.39,106.84,40,Yes,7.638849167762969
ORD05874,2025-05-16,CUST8245,Furniture,South,3842.08,0.12,933.66,39,Yes,24.30089951276392
ORD05875,2025-12-10,CUST2705,Furniture,East,4522.73,0.04,338.96,33,Yes,7.494588445474304
ORD05876,2024-05-24,CUST6184,Office Supplies,East,2137.66,0.2,336.89,45,Yes,15.759755994872899
ORD05877,2025-01-24,CUST5549,Electronics,East,3943.16,0.27,449.43,65,Yes,11.397711480132685
ORD05878,2024-05-26,CUST2646,Clothing,South,3465.05,0.03,919.5,43,Yes,26.536413615965138
ORD05879,2025-02-13,CUST1484,Clothing,West,2546.85,0.13,405.11,33,Yes,15.906315644816146
ORD05880,2024-02-17,CUST5199,Office Supplies,North,868.61,0.34,138.31,59,No,15.923141571015762
ORD05881,2025-04-09,CUST6884,Home,South,3719.78,0.22,545.1,62,Yes,14.654092446327471
ORD05882,2024-10-11,CUST5494,Electronics,West,1797.22,0.0,351.85,54,Yes,19.57745851926865
ORD05883,2025-12-22,CUST6904,Electronics,East,1371.86,0.38,182.9,48,No,13.332264225212487
ORD05884,2024-06-15,CUST6084,Home,South,3978.26,0.08,434.61,52,No,10.92462533871592
ORD05885,2024-09-23,CUST5355,Clothing,North,3759.45,0.24,706.85,42,No,18.80195241325194
ORD05886,2025-07-11,CUST9700,Clothing,West,2262.86,0.2,367.59,55,Yes,16.244487065041582
ORD05887,2025-01-23,CUST4252,Clothing,North,4985.02,0.04,1191.05,42,Yes,23.89258217619989
ORD05888,2025-02-11,CUST6794,Furniture,East,1583.68,0.4,146.77,33,Yes,9.267655081834715
ORD05889,2024-09-12,CUST9682,Furniture,North,2235.61,0.04,554.03,61,Yes,24.782050536542595
ORD05890,2025-06-30,CUST1596,Home,South,3988.4,0.11,352.75,25,Yes,8.844398756393542
ORD05891,2025-05-26,CUST1271,Office Supplies,East,803.71,0.06,203.88,57,Yes,25.367358873225417
ORD05892,2025-11-05,CUST5254,Home,East,1270.39,0.19,278.33,20,Yes,21.90902006470454
ORD05893,2024-05-10,CUST8191,Furniture,North,1843.29,0.29,284.58,58,Yes,15.43869928226161
ORD05894,2024-03-08,CUST9258,Electronics,West,1331.54,0.29,244.77,34,Yes,18.3824744281058
ORD05895,2024-08-26,CUST3124,Furniture,North,222.61,0.18,52.67,19,Yes,23.660212928439872
ORD05896,2025-10-17,CUST9689,Clothing,North,1103.02,0.2,81.84,41,No,7.419629743794311
ORD05897,2024-10-09,CUST7182,Office Supplies,South,3637.0,0.34,491.65,20,Yes,13.518009348364036
ORD05898,2024-11-11,CUST6596,Clothing,North,4778.14,0.21,330.73,50,Yes,6.921731050157592
ORD05899,2024-09-04,CUST5773,Home,South,3695.51,0.04,927.68,22,Yes,25.102895134906948
ORD05900,2024-01-21,CUST2983,Furniture,West,985.45,0.03,191.06,52,Yes,19.388096808564615
ORD05901,2024-02-22,CUST9733,Clothing,West,890.87,0.25,131.7,33,No,14.783301716299796
ORD05902,2024-02-27,CUST8764,Office Supplies,South,2414.43,0.1,621.29,35,Yes,25.732367473896527
ORD05903,2024-04-30,CUST6115,Clothing,South,827.97,0.4,126.27,59,Yes,15.250552556252037
ORD05904,2024-01-06,CUST3321,Electronics,South,3242.37,0.28,486.29,39,No,14.997979872747406
ORD05905,2025-09-09,CUST6485,Electronics,North,3614.19,0.08,654.61,59,Yes,18.11221878207842
ORD05906,2025-03-09,CUST9454,Home,South,434.2,0.25,71.7,64,Yes,16.513127590971905
ORD05907,2024-06-08,CUST1118,Office Supplies,West,4002.49,0.14,605.53,52,Yes,15.128832301892073
ORD05908,2024-08-15,CUST8752,Clothing,West,2176.44,0.0,593.07,52,Yes,27.24954512874235
ORD05909,2025-03-27,CUST7123,Furniture,East,1996.16,0.24,283.29,45,Yes,14.191748156460404
ORD05910,2024-10-19,CUST1894,Office Supplies,North,1558.83,0.15,113.95,65,No,7.309969656729727
ORD05911,2025-04-18,CUST8414,Electronics,West,2513.77,0.03,340.07,34,No,13.528286199612536
ORD05912,2024-09-07,CUST1614,Clothing,North,3021.08,0.22,608.54,45,Yes,20.143127623234076
ORD05913,2024-09-10,CUST2104,Home,South,2602.53,0.14,396.58,31,Yes,15.238248934690473
ORD05914,2024-05-06,CUST4933,Home,North,1691.61,0.3,96.1,64,Yes,5.680978476126294
ORD05915,2025-10-24,CUST3095,Home,North,4647.43,0.2,1031.96,53,Yes,22.204960591122404
ORD05916,2025-10-20,CUST2008,Home,North,308.48,0.23,19.52,29,Yes,6.327800829875518
ORD05917,2024-08-13,CUST5220,Furniture,North,2712.88,0.23,553.37,31,Yes,20.39787974403586
ORD05918,2025-10-31,CUST6225,Home,North,2460.36,0.01,629.86,38,No,25.60031865255491
ORD05919,2024-05-20,CUST9990,Office Supplies,North,278.64,0.07,33.05,31,Yes,11.861182888314671
ORD05920,2024-12-09,CUST6328,Office Supplies,East,2610.19,0.08,294.83,33,Yes,11.29534631578544
ORD05921,2025-08-17,CUST2374,Office Supplies,West,818.39,0.1,71.03,63,Yes,8.679236061046689
ORD05922,2025-06-11,CUST5004,Electronics,North,471.95,0.26,99.43,22,No,21.06790973620087
ORD05923,2024-06-08,CUST7929,Electronics,North,4086.19,0.14,366.83,41,Yes,8.977311382975337
ORD05924,2025-05-21,CUST6815,Clothing,East,778.15,0.15,181.99,39,Yes,23.38752168605025
ORD05925,2025-04-14,CUST9812,Clothing,West,974.81,0.29,54.4,58,Yes,5.580574676090726
ORD05926,2024-04-24,CUST9091,Electronics,East,2726.65,0.05,197.06,42,No,7.227183540241688
ORD05927,2024-09-17,CUST3864,Office Supplies,West,1022.8,0.24,46.47,46,Yes,4.5434102463824795
ORD05928,2025-06-11,CUST5887,Office Supplies,North,1577.71,0.2,256.79,43,No,16.276121720721807
ORD05929,2025-04-02,CUST8098,Furniture,West,4070.0,0.37,786.23,28,Yes,19.317690417690418
ORD05930,2025-10-11,CUST4568,Electronics,West,3777.71,0.19,318.74,24,No,8.437386670760857
ORD05931,2025-11-30,CUST3226,Clothing,South,925.93,0.22,47.79,27,No,5.161297290291923
ORD05932,2024-10-11,CUST3360,Office Supplies,South,1978.82,0.15,180.27,62,Yes,9.109974631345954
ORD05933,2024-03-29,CUST3011,Furniture,North,3910.45,0.1,687.83,20,Yes,17.589535731181837
ORD05934,2025-10-29,CUST5679,Furniture,East,4448.01,0.28,823.73,33,Yes,18.519068077634717
ORD05935,2024-06-09,CUST3345,Office Supplies,South,2023.55,0.2,285.62,42,No,14.114798250599195
ORD05936,2024-08-23,CUST3596,Electronics,South,2316.69,0.07,519.39,22,Yes,22.419486422438908
ORD05937,2024-12-10,CUST5149,Office Supplies,East,2571.26,0.17,527.44,58,Yes,20.512900290130133
ORD05938,2024-12-09,CUST6442,Clothing,East,2673.89,0.16,136.96,55,No,5.122125442707068
ORD05939,2025-11-01,CUST5025,Clothing,East,4472.49,0.22,323.12,42,No,7.2246108990741185
ORD05940,2025-01-14,CUST7310,Office Supplies,North,4182.14,0.22,297.84,22,Yes,7.12171280731874
ORD05941,2024-04-25,CUST7650,Electronics,North,1800.41,0.0,313.11,22,Yes,17.39103870784988
ORD05942,2024-09-18,CUST2408,Office Supplies,East,1302.44,0.37,23.92,38,No,1.8365529314210254
ORD05943,2025-06-03,CUST7537,Home,East,4615.84,0.26,325.06,59,Yes,7.042271829179521
ORD05944,2025-01-29,CUST6317,Home,South,3023.61,0.22,265.62,58,Yes,8.784863127189022
ORD05945,2024-07-13,CUST5204,Home,East,1685.62,0.18,176.73,30,Yes,10.484569475919841
ORD05946,2025-10-04,CUST1725,Electronics,West,3041.74,0.03,409.48,22,Yes,13.46203160033402
ORD05947,2024-09-06,CUST9108,Office Supplies,South,3967.76,0.14,698.89,21,Yes,17.61422061818255
ORD05948,2025-06-17,CUST2925,Home,North,4819.84,0.12,734.94,31,Yes,15.248224007435931
ORD05949,2024-12-31,CUST1507,Clothing,East,841.05,0.34,153.27,19,Yes,18.223649010165865
ORD05950,2025-05-27,CUST2822,Office Supplies,South,4666.44,0.27,140.97,41,Yes,3.0209324452902
ORD05951,2025-10-10,CUST9655,Electronics,South,2289.23,0.14,199.12,26,Yes,8.698121202325673
ORD05952,2024-09-10,CUST5871,Clothing,East,3956.7,0.08,415.69,50,Yes,10.50597720322491
ORD05953,2024-10-09,CUST4368,Office Supplies,North,778.82,0.02,89.06,38,No,11.435248195988803
ORD05954,2025-05-20,CUST2352,Furniture,East,1163.52,0.05,93.48,50,Yes,8.03424092409241
ORD05955,2025-06-04,CUST6379,Home,South,4205.9,0.33,652.15,27,No,15.505599277205832
ORD05956,2024-09-11,CUST5324,Clothing,South,4825.05,0.35,876.09,57,Yes,18.15711754282339
ORD05957,2025-08-10,CUST7163,Home,South,4332.89,0.25,758.15,58,No,17.49755936568895
ORD05958,2024-04-05,CUST4695,Office Supplies,West,1750.69,0.32,100.3,37,No,5.729169641684136
ORD05959,2024-09-05,CUST5834,Office Supplies,South,4341.6,0.21,443.8,28,No,10.222037958356365
ORD05960,2025-03-15,CUST5189,Home,East,3526.11,0.12,808.01,63,Yes,22.915053699402456
ORD05961,2025-04-08,CUST8632,Furniture,South,2249.33,0.19,381.03,21,No,16.93971093614543
ORD05962,2024-03-30,CUST6772,Office Supplies,East,2712.05,0.03,681.6,36,Yes,25.132280009586843
ORD05963,2025-07-20,CUST7077,Clothing,East,4426.4,0.32,90.44,30,Yes,2.043195373215254
ORD05964,2025-04-02,CUST8247,Furniture,South,3207.99,0.37,354.93,19,No,11.063937231724537
ORD05965,2024-09-07,CUST7265,Furniture,North,2364.75,0.16,321.7,42,Yes,13.603975050216723
ORD05966,2024-09-29,CUST9057,Office Supplies,East,1558.04,0.37,100.68,31,Yes,6.461965032990167
ORD05967,2025-05-04,CUST8857,Furniture,East,552.07,0.07,69.94,57,Yes,12.66868331914431
ORD05968,2025-02-03,CUST9886,Home,North,4684.8,0.18,1077.05,59,Yes,22.99030908469945
ORD05969,2024-08-21,CUST7016,Clothing,West,1041.39,0.28,62.53,46,Yes,6.004474788503826
ORD05970,2024-08-31,CUST2676,Home,South,3676.21,0.01,918.67,27,Yes,24.989595262512204
ORD05971,2025-08-04,CUST6352,Furniture,East,3969.0,0.33,590.89,30,No,14.887629125724363
ORD05972,2024-04-02,CUST6835,Office Supplies,South,681.4,0.24,96.08,63,No,14.100381567361314
ORD05973,2024-05-22,CUST4528,Office Supplies,South,657.49,0.2,142.68,28,Yes,21.700710276962386
ORD05974,2024-09-06,CUST1155,Furniture,East,1898.28,0.35,221.61,36,Yes,11.674252481193502
ORD05975,2024-12-23,CUST5802,Furniture,West,163.58,0.13,24.62,21,Yes,15.050739699229734
ORD05976,2025-01-23,CUST1322,Home,North,2228.57,0.32,70.19,19,No,3.1495533009957057
ORD05977,2024-04-28,CUST6128,Furniture,West,2454.8,0.36,103.36,61,Yes,4.2105263157894735
ORD05978,2024-05-22,CUST3754,Office Supplies,South,4456.77,0.31,725.58,41,No,16.28040037964714
ORD05979,2025-09-02,CUST7747,Office Supplies,West,2871.75,0.15,698.51,29,No,24.32349612605554
ORD05980,2025-03-07,CUST4943,Clothing,South,3994.48,0.2,191.87,33,Yes,4.803378662554325
ORD05981,2025-08-05,CUST6143,Furniture,East,4250.22,0.22,737.6,46,No,17.354395772454133
ORD05982,2024-12-25,CUST5087,Clothing,North,1415.86,0.13,306.92,43,Yes,21.67728447727883
ORD05983,2025-04-19,CUST3968,Clothing,East,1721.55,0.14,124.88,61,Yes,7.253928146147367
ORD05984,2024-01-27,CUST2817,Electronics,South,2873.81,0.21,141.11,35,Yes,4.9102063114819705
ORD05985,2025-12-30,CUST8881,Office Supplies,South,2334.54,0.04,558.29,50,Yes,23.914347151901445
ORD05986,2024-08-06,CUST8332,Office Supplies,North,3093.17,0.21,601.57,55,Yes,19.448332939993602
ORD05987,2025-05-30,CUST7782,Office Supplies,West,644.14,0.04,110.83,39,Yes,17.205886918992768
ORD05988,2025-03-19,CUST1391,Furniture,South,3606.34,0.3,738.42,30,Yes,20.475606847940014
ORD05989,2025-11-25,CUST5450,Home,West,1251.29,0.02,168.94,29,Yes,13.50126669277306
ORD05990,2025-08-23,CUST3926,Electronics,East,909.58,0.15,129.41,36,No,14.227445634248772
ORD05991,2024-12-21,CUST8400,Office Supplies,East,4774.32,0.04,999.33,55,Yes,20.931357764037603
ORD05992,2025-10-05,CUST9125,Electronics,South,1874.54,0.03,302.57,42,No,16.141026598525503
ORD05993,2025-04-07,CUST4776,Furniture,North,3627.57,0.28,252.51,58,Yes,6.960858095088447
ORD05994,2025-06-12,CUST7153,Furniture,South,207.14,0.02,26.72,22,Yes,12.899488268803708
ORD05995,2025-06-29,CUST6216,Home,South,4700.51,0.37,66.67,41,Yes,1.4183567315036028
ORD05996,2025-12-30,CUST8682,Office Supplies,South,1678.62,0.31,190.32,22,No,11.337884690996177
ORD05997,2025-10-24,CUST6855,Furniture,North,3233.24,0.3,417.78,46,Yes,12.921403916814095
ORD05998,2025-09-11,CUST1219,Electronics,East,4895.52,0.2,1005.43,55,Yes,20.537756969637545
ORD05999,2025-02-13,CUST3544,Furniture,West,853.22,0.1,144.23,31,Yes,16.90419821382527
ORD06000,2024-06-04,CUST6795,Home,West,1529.59,0.17,245.93,51,No,16.078164736955657
ORD06001,2025-12-04,CUST5728,Home,West,4304.48,0.13,791.94,28,Yes,18.398041110656806
ORD06002,2024-02-27,CUST8115,Office Supplies,South,3596.64,0.32,534.05,26,No,14.848580897726766
ORD06003,2025-08-13,CUST1823,Electronics,North,3672.11,0.12,591.8,37,Yes,16.116074954181652
ORD06004,2025-01-27,CUST4985,Office Supplies,East,2511.53,0.39,12.28,53,No,0.4889449857258324
ORD06005,2025-03-13,CUST6301,Clothing,West,1394.87,0.15,81.49,59,Yes,5.842121488023974
ORD06006,2025-09-08,CUST4546,Office Supplies,West,2919.95,0.36,272.11,26,No,9.318995188273773
ORD06007,2025-01-16,CUST6045,Clothing,East,4946.6,0.0,648.87,24,Yes,13.117494844944
ORD06008,2025-02-14,CUST5454,Furniture,East,1302.77,0.09,139.61,32,Yes,10.716396601088451
ORD06009,2024-08-17,CUST2789,Electronics,West,974.31,0.09,212.14,41,No,21.773357555603454
ORD06010,2025-09-18,CUST3973,Office Supplies,South,3600.54,0.22,126.49,63,No,3.5130841484888373
ORD06011,2024-01-27,CUST2153,Clothing,North,2298.51,0.23,445.04,21,No,19.362108496373736
ORD06012,2024-06-07,CUST6592,Home,East,1466.97,0.19,290.12,59,Yes,19.77681888518511
ORD06013,2025-12-10,CUST5904,Electronics,West,4663.11,0.37,157.66,43,No,3.381005380529303
ORD06014,2025-03-10,CUST6460,Clothing,South,2480.24,0.12,341.67,65,Yes,13.775682998419509
ORD06015,2024-07-25,CUST1316,Home,South,532.72,0.09,43.4,22,Yes,8.146868899234118
ORD06016,2025-02-25,CUST6007,Electronics,South,3248.52,0.04,298.25,53,Yes,9.181104010441677
ORD06017,2025-04-26,CUST9459,Furniture,East,2764.01,0.24,547.11,28,No,19.79406731524126
ORD06018,2024-09-23,CUST9961,Home,South,3446.78,0.31,704.43,31,Yes,20.437335716233697
ORD06019,2025-10-19,CUST7816,Office Supplies,North,1134.04,0.23,195.74,59,Yes,17.260414094740927
ORD06020,2024-06-23,CUST3835,Office Supplies,North,262.64,0.02,35.1,63,Yes,13.3643009442583
ORD06021,2025-04-23,CUST6880,Home,South,748.99,0.09,92.13,38,Yes,12.300564760544198
ORD06022,2025-04-05,CUST1145,Office Supplies,South,3681.68,0.04,317.87,30,Yes,8.633830207948545
ORD06023,2024-05-04,CUST2354,Electronics,East,1037.35,0.07,146.53,51,Yes,14.1254157227551
ORD06024,2024-02-11,CUST3843,Office Supplies,West,1754.45,0.05,127.69,52,No,7.2780643506512
ORD06025,2025-03-27,CUST2011,Home,North,2559.24,0.04,690.14,54,Yes,26.966599459214457
ORD06026,2024-12-05,CUST2709,Electronics,North,3087.74,0.04,311.24,56,Yes,10.079864237273865
ORD06027,2024-05-17,CUST7516,Furniture,North,1530.02,0.23,255.62,26,Yes,16.70697115070391
ORD06028,2024-06-10,CUST5265,Electronics,West,2335.16,0.24,306.07,53,Yes,13.107024786310145
ORD06029,2025-08-23,CUST7067,Clothing,North,336.41,0.34,55.84,42,No,16.598793139324037
ORD06030,2025-07-03,CUST8891,Electronics,West,2197.96,0.15,413.95,60,Yes,18.833372763835555
ORD06031,2024-02-01,CUST8212,Home,East,3633.01,0.32,532.49,65,No,14.656992411251277
ORD06032,2025-01-30,CUST4098,Office Supplies,South,1569.72,0.07,288.05,46,Yes,18.350406441913208
ORD06033,2025-01-24,CUST3364,Office Supplies,West,1270.6,0.09,170.45,27,Yes,13.414922084054778
ORD06034,2024-06-26,CUST6506,Home,South,2564.28,0.3,338.83,58,Yes,13.213455628870479
ORD06035,2025-03-31,CUST6015,Clothing,South,1635.24,0.32,40.79,23,No,2.4944350676353317
ORD06036,2024-10-27,CUST6510,Clothing,North,3878.76,0.14,706.94,63,Yes,18.22592787385659
ORD06037,2024-12-08,CUST2549,Home,South,1286.07,0.37,3.82,43,Yes,0.29702893310628503
ORD06038,2025-09-17,CUST2411,Office Supplies,West,2645.47,0.08,355.11,35,No,13.423323643813767
ORD06039,2025-08-27,CUST1823,Clothing,East,1571.75,0.34,248.68,54,Yes,15.821854620645778
ORD06040,2025-01-13,CUST9703,Electronics,West,939.01,0.18,59.98,51,Yes,6.387578407045718
ORD06041,2024-05-11,CUST8985,Furniture,North,3219.36,0.37,73.91,27,Yes,2.2957979225684606
ORD06042,2024-12-12,CUST6028,Clothing,South,3475.64,0.07,265.39,46,No,7.635716012015053
ORD06043,2025-02-22,CUST3835,Electronics,North,4286.26,0.08,482.07,65,Yes,11.246867898820883
ORD06044,2025-03-08,CUST8297,Home,East,4760.17,0.34,885.3,48,No,18.598075278824076
ORD06045,2025-05-22,CUST9627,Office Supplies,South,2332.07,0.03,378.94,27,Yes,16.249083432315494
ORD06046,2024-08-01,CUST8941,Electronics,West,195.51,0.06,37.74,41,Yes,19.30336044192113
ORD06047,2025-12-30,CUST6688,Electronics,West,3218.92,0.02,681.17,28,Yes,21.161445453754673
ORD06048,2025-10-27,CUST4747,Clothing,North,890.83,0.06,103.59,65,Yes,11.628481303952494
ORD06049,2024-03-02,CUST5059,Office Supplies,South,3458.96,0.07,823.5,56,Yes,23.807734116613087
ORD06050,2025-11-26,CUST7251,Clothing,North,3345.48,0.35,509.56,21,Yes,15.231297153173834
ORD06051,2024-01-07,CUST9704,Office Supplies,South,3849.43,0.31,377.02,19,Yes,9.79417731975903
ORD06052,2024-11-06,CUST6543,Home,South,4453.74,0.29,104.84,30,Yes,2.3539766578201693
ORD06053,2025-11-06,CUST1269,Office Supplies,South,3430.33,0.25,367.26,65,Yes,10.706258581535886
ORD06054,2024-12-01,CUST9719,Electronics,East,3620.43,0.37,197.19,44,Yes,5.446590598354339
ORD06055,2025-01-15,CUST9223,Clothing,West,1599.45,0.03,137.38,58,Yes,8.589202538372565
ORD06056,2025-06-03,CUST6341,Office Supplies,East,1889.73,0.05,264.52,34,Yes,13.997766876749587
ORD06057,2024-11-26,CUST6965,Electronics,East,4655.96,0.12,920.16,54,Yes,19.763056383645907
ORD06058,2025-04-02,CUST5871,Office Supplies,North,4912.31,0.07,1263.37,52,Yes,25.71845017924357
ORD06059,2024-04-20,CUST1420,Electronics,North,1915.55,0.31,181.15,50,No,9.456813969878104
ORD06060,2025-11-06,CUST7507,Office Supplies,South,3572.32,0.4,-10.97,20,No,-0.307083351995342
ORD06061,2024-09-06,CUST7819,Furniture,South,4668.53,0.3,486.08,65,Yes,10.41184269995052
ORD06062,2024-08-02,CUST5385,Furniture,South,1491.85,0.04,126.5,21,Yes,8.479404765894696
ORD06063,2024-10-07,CUST2780,Office Supplies,West,4616.24,0.36,890.29,43,Yes,19.286042320156664
ORD06064,2025-07-24,CUST9581,Home,West,3333.08,0.11,615.86,40,Yes,18.477204267524332
ORD06065,2024-12-04,CUST6556,Furniture,North,3206.61,0.16,472.87,18,No,14.74672629349999
ORD06066,2025-11-11,CUST5858,Clothing,North,247.33,0.11,31.58,29,No,12.768366150487202
ORD06067,2024-12-09,CUST2018,Clothing,East,2076.51,0.14,358.54,52,Yes,17.266471146298358
ORD06068,2025-02-11,CUST1398,Electronics,South,299.57,0.12,23.54,52,Yes,7.85792969923557
ORD06069,2024-12-29,CUST4244,Office Supplies,West,721.59,0.04,103.48,37,Yes,14.340553499909921
ORD06070,2025-09-08,CUST3705,Clothing,West,4005.43,0.07,828.32,19,Yes,20.679926999098726
ORD06071,2024-01-15,CUST7358,Electronics,South,1841.12,0.38,55.31,62,Yes,3.0041496480403236
ORD06072,2024-06-21,CUST3378,Office Supplies,East,3420.58,0.02,890.51,60,No,26.03388898958656
ORD06073,2025-05-19,CUST5694,Office Supplies,West,3055.47,0.05,415.91,57,No,13.611981135471796
ORD06074,2025-02-14,CUST3948,Office Supplies,West,1148.18,0.2,265.65,48,No,23.13661621000191
ORD06075,2025-07-02,CUST7566,Electronics,North,3551.4,0.25,586.38,28,Yes,16.51123500591316
ORD06076,2025-02-20,CUST3367,Office Supplies,East,417.74,0.19,60.64,37,Yes,14.516206252693062
ORD06077,2024-06-23,CUST4810,Office Supplies,North,4692.82,0.06,1184.5,42,No,25.240686836486383
ORD06078,2024-12-21,CUST7412,Clothing,West,2259.35,0.17,446.66,51,Yes,19.769402704317613
ORD06079,2024-02-24,CUST9518,Home,North,928.25,0.2,81.86,39,Yes,8.81874495017506
ORD06080,2025-08-25,CUST7619,Home,North,3413.76,0.1,437.75,55,Yes,12.823104143232095
ORD06081,2025-09-14,CUST3450,Electronics,East,405.47,0.35,50.78,44,Yes,12.523737884430414
ORD06082,2025-12-04,CUST5351,Clothing,South,406.54,0.19,91.14,24,Yes,22.418458208294386
ORD06083,2024-11-10,CUST5126,Furniture,East,4942.69,0.02,737.32,28,Yes,14.917383044455551
ORD06084,2024-10-15,CUST2693,Office Supplies,North,1438.6,0.23,173.4,22,Yes,12.053385235645768
ORD06085,2024-06-15,CUST8733,Home,West,4392.34,0.17,708.5,28,Yes,16.130354207552237
ORD06086,2025-04-01,CUST3109,Furniture,West,941.49,0.39,91.24,39,Yes,9.691021678403382
ORD06087,2024-02-05,CUST8679,Furniture,South,1392.19,0.3,107.19,39,Yes,7.6993801133465976
ORD06088,2024-03-02,CUST2328,Home,South,3886.16,0.32,137.19,27,No,3.530220062992775
ORD06089,2024-03-06,CUST4202,Furniture,West,1795.29,0.35,153.66,60,Yes,8.559062881205822
ORD06090,2024-09-11,CUST7029,Home,East,1159.16,0.26,199.97,36,Yes,17.251285413575346
ORD06091,2025-08-10,CUST9959,Home,West,3573.66,0.04,845.73,38,Yes,23.665653699568512
ORD06092,2024-01-12,CUST5737,Furniture,West,4238.55,0.29,848.34,60,No,20.01486357362777
ORD06093,2024-05-02,CUST1066,Office Supplies,East,4736.9,0.01,947.74,64,Yes,20.007599907112247
ORD06094,2025-11-19,CUST6743,Furniture,North,1888.02,0.31,121.2,52,Yes,6.419423523055901
ORD06095,2025-02-27,CUST8787,Home,West,1928.67,0.23,201.27,19,Yes,10.435688842570269
ORD06096,2024-11-01,CUST6752,Furniture,West,1644.02,0.15,232.98,50,Yes,14.171360445736669
ORD06097,2025-05-17,CUST3027,Furniture,North,2745.08,0.1,679.96,36,Yes,24.770134203739055
ORD06098,2024-11-26,CUST3000,Home,East,249.47,0.35,24.82,42,Yes,9.949092075199422
ORD06099,2024-09-30,CUST3763,Electronics,West,1842.96,0.18,186.28,64,No,10.107652906194382
ORD06100,2025-12-14,CUST7854,Electronics,North,3913.97,0.37,704.9,39,Yes,18.009846779612516
ORD06101,2025-04-25,CUST2845,Office Supplies,East,2949.36,0.13,429.14,35,No,14.550275313966418
ORD06102,2024-02-10,CUST3920,Clothing,North,4919.02,0.1,1009.95,59,Yes,20.5315286378181
ORD06103,2024-05-11,CUST6526,Electronics,West,3049.7,0.19,351.08,58,Yes,11.511951995278224
ORD06104,2025-10-11,CUST3481,Office Supplies,North,3599.85,0.39,606.72,40,No,16.854035584816035
ORD06105,2024-06-14,CUST4856,Home,South,2796.41,0.21,544.23,47,No,19.46173844321827
ORD06106,2024-04-27,CUST9955,Clothing,South,3855.22,0.34,597.68,50,No,15.503136007802407
ORD06107,2025-03-03,CUST8484,Furniture,West,3442.89,0.23,181.49,42,Yes,5.27144346755197
ORD06108,2025-11-23,CUST3474,Clothing,South,1322.31,0.35,171.78,23,Yes,12.990902284638247
ORD06109,2025-04-26,CUST5193,Furniture,North,4089.84,0.11,595.93,21,No,14.570985662030786
ORD06110,2025-01-11,CUST9569,Home,South,691.02,0.32,9.3,63,Yes,1.345836589389598
ORD06111,2025-05-29,CUST5665,Clothing,East,1292.56,0.05,97.7,62,Yes,7.558643312496133
ORD06112,2024-05-07,CUST2604,Clothing,North,4702.71,0.02,527.89,47,Yes,11.22522970797689
ORD06113,2024-03-14,CUST3169,Electronics,West,959.63,0.23,190.18,47,No,19.81805487531653
ORD06114,2025-10-16,CUST6196,Electronics,West,4815.56,0.22,1030.01,63,No,21.389204993811724
ORD06115,2025-07-27,CUST1849,Office Supplies,North,2033.0,0.37,9.94,43,Yes,0.4889326119035907
ORD06116,2025-01-22,CUST9421,Home,West,1704.59,0.06,284.5,44,Yes,16.690230495309724
ORD06117,2024-06-30,CUST7962,Office Supplies,North,4040.71,0.0,857.57,24,Yes,21.223250369365783
ORD06118,2024-05-13,CUST4152,Clothing,North,1987.65,0.33,202.39,53,Yes,10.182376172867455
ORD06119,2025-07-15,CUST3540,Furniture,North,3890.07,0.15,754.39,41,Yes,19.392710156886636
ORD06120,2024-04-17,CUST9564,Home,West,464.98,0.27,64.65,62,No,13.90382382037937
ORD06121,2024-06-14,CUST8371,Office Supplies,South,3764.47,0.05,358.77,46,Yes,9.530425265708056
ORD06122,2024-08-29,CUST2894,Electronics,South,1812.16,0.21,73.99,18,Yes,4.082972805933251
ORD06123,2024-06-28,CUST1766,Furniture,East,4187.55,0.36,44.85,23,No,1.0710319876777592
ORD06124,2025-04-29,CUST7207,Furniture,North,4698.63,0.34,25.61,45,Yes,0.545052494024854
ORD06125,2025-08-14,CUST1299,Home,South,1595.28,0.3,51.3,42,Yes,3.2157364224462164
ORD06126,2024-10-20,CUST2199,Electronics,North,2083.34,0.0,408.06,55,No,19.58681732218457
ORD06127,2025-02-13,CUST6272,Home,North,3669.11,0.12,760.5,52,Yes,20.72709730697635
ORD06128,2024-07-08,CUST5202,Clothing,North,3006.99,0.22,127.07,18,Yes,4.225820504890272
ORD06129,2024-11-17,CUST7401,Clothing,East,1505.12,0.22,179.54,55,No,11.928616987349846
ORD06130,2025-04-03,CUST4429,Home,East,4774.91,0.35,890.76,48,No,18.65501129864228
ORD06131,2025-06-23,CUST1844,Clothing,East,1467.59,0.31,208.57,62,Yes,14.21173488508371
ORD06132,2025-02-25,CUST5045,Electronics,South,2869.46,0.12,500.13,32,Yes,17.429411805705602
ORD06133,2025-08-05,CUST5074,Office Supplies,East,898.32,0.32,123.03,39,Yes,13.695565054768903
ORD06134,2024-04-03,CUST5383,Office Supplies,East,311.78,0.11,66.99,39,Yes,21.4863044454423
ORD06135,2025-08-30,CUST7796,Furniture,West,709.9,0.32,77.69,45,Yes,10.943794900690238
ORD06136,2025-10-19,CUST2938,Clothing,North,3370.33,0.21,401.27,20,Yes,11.905955796613387
ORD06137,2024-08-30,CUST7842,Clothing,West,3261.69,0.23,666.18,64,Yes,20.424381225683614
ORD06138,2025-01-13,CUST8224,Furniture,East,2814.01,0.16,353.62,61,Yes,12.566408790302805
ORD06139,2024-11-07,CUST1577,Office Supplies,South,248.08,0.29,21.9,31,Yes,8.827797484682359
ORD06140,2025-09-19,CUST3018,Furniture,East,2848.42,0.37,361.27,24,Yes,12.683171723271148
ORD06141,2024-06-04,CUST7069,Office Supplies,South,1393.01,0.17,131.74,42,Yes,9.457218541144716
ORD06142,2025-11-30,CUST8263,Electronics,South,4719.55,0.19,807.54,60,No,17.1105296055768
ORD06143,2024-11-11,CUST2097,Clothing,South,687.32,0.2,114.33,28,No,16.634173310830473
ORD06144,2024-05-20,CUST4360,Electronics,South,4666.74,0.19,999.27,51,No,21.41259208783862
ORD06145,2025-04-07,CUST6559,Clothing,South,4135.39,0.38,128.92,56,No,3.1174810598274885
ORD06146,2025-12-09,CUST5413,Electronics,West,3143.28,0.24,455.02,51,Yes,14.475961416100377
ORD06147,2025-12-03,CUST4849,Furniture,West,4153.8,0.37,691.69,19,Yes,16.651981318310945
ORD06148,2024-06-12,CUST4062,Clothing,South,2573.9,0.33,431.46,60,Yes,16.762889001126695
ORD06149,2025-12-18,CUST7636,Office Supplies,West,3677.52,0.16,386.42,59,Yes,10.507624703604604
ORD06150,2024-01-01,CUST3617,Furniture,South,192.59,0.14,11.81,27,Yes,6.132197933433719
ORD06151,2024-02-15,CUST9671,Electronics,South,3862.63,0.26,760.19,35,Yes,19.680632108175
ORD06152,2024-08-08,CUST7919,Office Supplies,North,4073.82,0.36,797.31,31,Yes,19.57155691709501
ORD06153,2024-06-12,CUST4789,Office Supplies,South,4459.36,0.09,657.04,53,Yes,14.733952854221233
ORD06154,2024-05-17,CUST5500,Clothing,North,1120.51,0.18,261.44,21,Yes,23.332232644063865
ORD06155,2024-05-02,CUST9280,Electronics,West,1805.13,0.27,147.9,38,No,8.193315716873578
ORD06156,2024-09-22,CUST9598,Office Supplies,South,2820.07,0.31,62.06,29,Yes,2.200654593680299
ORD06157,2025-03-06,CUST9510,Furniture,West,276.19,0.23,35.94,51,No,13.012781056519064
ORD06158,2024-08-09,CUST2943,Clothing,North,3262.06,0.07,512.13,56,Yes,15.699588603520475
ORD06159,2025-12-04,CUST9193,Electronics,East,3547.47,0.24,502.63,26,Yes,14.168689234863157
ORD06160,2025-07-28,CUST1928,Electronics,West,2969.75,0.34,448.39,50,Yes,15.098577321323342
ORD06161,2025-04-29,CUST3627,Home,West,1053.53,0.34,165.14,50,Yes,15.674921454538552
ORD06162,2024-03-16,CUST8323,Furniture,West,3270.89,0.12,799.95,27,No,24.45664635619052
ORD06163,2025-12-27,CUST5767,Furniture,North,262.54,0.19,59.04,19,Yes,22.48800182829283
ORD06164,2025-12-20,CUST7914,Electronics,West,1132.57,0.04,269.01,37,No,23.752174258544727
ORD06165,2024-02-24,CUST8972,Office Supplies,South,1058.19,0.3,156.13,65,No,14.75443918388947
ORD06166,2025-07-18,CUST2663,Electronics,South,1371.34,0.39,18.78,64,Yes,1.3694634445141252
ORD06167,2025-02-25,CUST4795,Office Supplies,North,334.63,0.09,33.12,34,Yes,9.89749872994053
ORD06168,2024-05-25,CUST6114,Office Supplies,East,211.29,0.08,51.41,37,Yes,24.331487528988593
ORD06169,2024-03-27,CUST1513,Electronics,South,2173.75,0.23,257.65,39,Yes,11.852788959171937
ORD06170,2025-02-17,CUST9355,Electronics,West,4604.72,0.04,555.43,61,Yes,12.062188363244669
ORD06171,2024-02-18,CUST7968,Clothing,East,2718.45,0.01,742.02,19,Yes,27.295701594658723
ORD06172,2025-08-17,CUST6049,Home,North,2368.46,0.02,585.0,42,Yes,24.69959382890148
ORD06173,2024-07-06,CUST6970,Electronics,West,2514.94,0.4,256.57,49,No,10.201833840966385
ORD06174,2025-01-30,CUST9021,Office Supplies,East,629.15,0.15,115.85,46,Yes,18.41373281411428
ORD06175,2025-01-18,CUST6430,Home,South,3723.86,0.2,221.04,24,Yes,5.935776318121519
ORD06176,2025-09-27,CUST1611,Electronics,North,3963.99,0.03,450.16,26,Yes,11.356234501096118
ORD06177,2024-06-24,CUST7557,Home,East,497.8,0.17,52.11,36,Yes,10.468059461631176
ORD06178,2025-11-04,CUST2966,Clothing,West,507.18,0.07,72.41,42,Yes,14.276982530856893
ORD06179,2025-09-27,CUST8396,Office Supplies,East,4949.32,0.32,164.28,27,Yes,3.3192438557215946
ORD06180,2024-06-18,CUST7174,Clothing,East,1148.38,0.05,209.75,58,Yes,18.264860063741963
ORD06181,2024-01-25,CUST4700,Office Supplies,East,3500.91,0.07,819.29,29,No,23.402201141988797
ORD06182,2025-07-10,CUST6834,Office Supplies,North,1966.41,0.05,288.47,26,Yes,14.669880645440166
ORD06183,2024-03-01,CUST8722,Clothing,South,2062.53,0.03,395.77,52,Yes,19.188569378384795
ORD06184,2025-01-07,CUST4861,Clothing,East,1137.91,0.28,95.17,55,Yes,8.363578841911925
ORD06185,2025-01-18,CUST7773,Office Supplies,South,4791.31,0.4,598.57,34,Yes,12.492825552928114
ORD06186,2025-05-21,CUST3882,Furniture,South,4342.65,0.33,494.68,44,Yes,11.391201225058435
ORD06187,2025-08-04,CUST1152,Furniture,South,4155.06,0.26,591.89,42,No,14.245040986171077
ORD06188,2025-07-08,CUST5158,Office Supplies,East,3181.52,0.25,465.09,18,Yes,14.618484246523675
ORD06189,2025-10-12,CUST3167,Electronics,West,3960.23,0.18,782.52,37,Yes,19.75945841529406
ORD06190,2024-05-04,CUST3855,Clothing,West,2398.9,0.07,429.25,33,Yes,17.89361790820793
ORD06191,2025-02-02,CUST7911,Home,East,4270.54,0.19,467.42,64,No,10.94522004243023
ORD06192,2025-06-03,CUST2062,Office Supplies,South,771.09,0.19,167.22,55,No,21.686184492082635
ORD06193,2025-01-17,CUST3782,Electronics,North,2455.46,0.35,62.2,47,Yes,2.5331302485074083
ORD06194,2024-12-18,CUST4750,Furniture,West,4686.25,0.12,1045.29,18,No,22.30546812483329
ORD06195,2025-06-07,CUST8475,Clothing,North,1417.04,0.16,72.76,48,No,5.134646869530854
ORD06196,2024-03-09,CUST6624,Office Supplies,South,1322.32,0.06,107.37,41,Yes,8.119819710811301
ORD06197,2024-08-14,CUST5043,Office Supplies,South,2737.82,0.39,452.24,23,No,16.5182517477409
ORD06198,2025-02-09,CUST7930,Home,East,4543.13,0.28,581.63,43,Yes,12.802407151017029
ORD06199,2025-03-23,CUST6615,Electronics,South,3749.04,0.37,453.61,28,No,12.09936410387726
ORD06200,2024-12-01,CUST6394,Furniture,South,394.16,0.33,46.66,37,Yes,11.837832352344224
ORD06201,2024-01-01,CUST6486,Furniture,West,629.21,0.21,83.52,63,Yes,13.273787765610845
ORD06202,2025-04-25,CUST2153,Furniture,East,2040.29,0.3,56.33,40,No,2.7608820314759175
ORD06203,2024-06-08,CUST9788,Home,East,411.36,0.12,88.27,23,No,21.458090237261764
ORD06204,2024-02-28,CUST4825,Electronics,West,1522.65,0.3,87.33,51,No,5.735395527534233
ORD06205,2025-07-31,CUST7428,Home,East,604.71,0.21,61.59,61,Yes,10.185047378082055
ORD06206,2024-11-24,CUST1687,Electronics,West,1683.71,0.3,95.94,20,Yes,5.6981309132807905
ORD06207,2025-10-20,CUST5121,Office Supplies,North,4425.12,0.02,1198.74,53,Yes,27.089434862783385
ORD06208,2024-08-28,CUST6311,Clothing,South,1823.23,0.37,332.49,39,Yes,18.23631686622094
ORD06209,2024-06-20,CUST7882,Home,North,278.92,0.28,7.1,33,No,2.545532769252832
ORD06210,2025-05-25,CUST3425,Home,North,1618.54,0.29,254.12,57,Yes,15.70056964919001
ORD06211,2024-12-14,CUST7607,Office Supplies,West,1876.66,0.37,267.95,34,No,14.278025854443532
ORD06212,2025-03-09,CUST6781,Clothing,West,4952.74,0.33,401.71,19,Yes,8.110863885445228
ORD06213,2024-02-22,CUST1406,Electronics,East,4950.34,0.37,609.07,39,Yes,12.303599348731604
ORD06214,2024-12-15,CUST3448,Clothing,East,159.9,0.2,18.3,59,No,11.44465290806754
ORD06215,2024-11-11,CUST1999,Electronics,West,2395.42,0.02,434.23,52,Yes,18.127509998246655
ORD06216,2025-08-02,CUST1555,Office Supplies,North,2665.14,0.13,417.77,31,Yes,15.67534913738115
ORD06217,2025-10-23,CUST5320,Furniture,South,3980.75,0.22,911.72,32,No,22.903221754694467
ORD06218,2025-02-10,CUST2160,Clothing,West,4930.95,0.34,153.02,52,Yes,3.103255964874923
ORD06219,2025-09-23,CUST3746,Electronics,South,685.74,0.39,3.07,41,No,0.44769154490039953
ORD06220,2025-02-03,CUST9501,Office Supplies,East,1274.33,0.17,169.52,65,Yes,13.302676700697624
ORD06221,2025-09-29,CUST6521,Furniture,East,4602.56,0.07,1182.78,30,Yes,25.698307029131612
ORD06222,2025-02-01,CUST3973,Electronics,North,4882.41,0.2,790.24,44,Yes,16.185449398964856
ORD06223,2024-11-26,CUST6462,Clothing,North,1083.32,0.4,32.09,25,No,2.962190303880664
ORD06224,2024-01-30,CUST4237,Electronics,East,3486.22,0.38,27.8,29,No,0.7974252915765501
ORD06225,2024-04-29,CUST1016,Office Supplies,West,785.44,0.36,42.48,35,Yes,5.408433489509065
ORD06226,2024-03-31,CUST9041,Electronics,North,3290.12,0.34,415.23,43,Yes,12.620512321739024
ORD06227,2024-07-08,CUST5242,Furniture,West,857.63,0.08,145.34,34,Yes,16.946701957720695
ORD06228,2025-06-13,CUST1288,Electronics,West,894.83,0.2,182.26,38,No,20.368114613949018
ORD06229,2024-05-14,CUST9890,Office Supplies,South,2385.72,0.18,159.02,23,Yes,6.665493016783194
ORD06230,2025-08-12,CUST8813,Furniture,South,1960.12,0.23,281.86,43,Yes,14.379731853151851
ORD06231,2024-02-18,CUST2928,Furniture,East,4250.96,0.33,157.98,53,Yes,3.7163370156388202
ORD06232,2025-01-30,CUST9465,Furniture,West,2689.36,0.16,250.1,40,Yes,9.29961031620906
ORD06233,2025-07-24,CUST5803,Furniture,North,4799.19,0.08,1155.48,31,No,24.07656291999275
ORD06234,2025-04-12,CUST6961,Electronics,East,4029.28,0.08,477.18,25,Yes,11.842810626216098
ORD06235,2025-10-18,CUST1693,Furniture,West,4993.79,0.21,519.33,62,Yes,10.399516199119308
ORD06236,2025-04-14,CUST3149,Furniture,West,1880.27,0.22,363.93,42,Yes,19.355198987379474
ORD06237,2024-09-17,CUST3240,Furniture,West,4933.71,0.25,123.68,21,No,2.50683562673931
ORD06238,2025-10-14,CUST1851,Furniture,East,3415.8,0.32,377.68,36,Yes,11.056853445752093
ORD06239,2024-12-27,CUST3503,Clothing,South,4058.21,0.09,289.7,54,Yes,7.138615300834604
ORD06240,2025-10-31,CUST2419,Clothing,East,2182.46,0.23,290.9,22,Yes,13.328995720425574
ORD06241,2025-04-03,CUST7042,Furniture,East,4526.81,0.04,610.01,39,No,13.475493780388396
ORD06242,2025-05-12,CUST7521,Electronics,West,2708.77,0.39,53.61,58,Yes,1.9791270576682407
ORD06243,2024-11-10,CUST5847,Furniture,North,3280.37,0.21,336.68,20,Yes,10.263476376140497
ORD06244,2024-10-29,CUST2484,Furniture,South,2143.7,0.39,389.04,53,Yes,18.14806176237347
ORD06245,2024-03-29,CUST3879,Clothing,South,4902.81,0.12,1003.14,51,Yes,20.460511421001424
ORD06246,2025-09-17,CUST3940,Home,South,1387.31,0.39,250.42,65,Yes,18.050760104086326
ORD06247,2024-06-24,CUST5978,Office Supplies,South,2493.11,0.34,144.18,39,No,5.783138329235372
ORD06248,2025-10-13,CUST4803,Furniture,North,4868.33,0.24,978.43,53,Yes,20.097856965324866
ORD06249,2024-08-27,CUST9483,Office Supplies,West,4792.81,0.39,45.04,19,No,0.9397409870201404
ORD06250,2025-08-27,CUST5766,Home,East,4166.38,0.07,970.42,51,Yes,23.29168246775378
ORD06251,2024-04-09,CUST2500,Clothing,East,1989.61,0.25,199.66,21,Yes,10.03513251340715
ORD06252,2025-07-28,CUST5638,Furniture,South,1908.89,0.18,299.41,21,Yes,15.685031615231889
ORD06253,2025-10-01,CUST6866,Office Supplies,North,4781.74,0.1,1083.53,45,No,22.659743106065992
ORD06254,2025-09-22,CUST2454,Office Supplies,East,1849.54,0.33,280.99,23,No,15.192426224899164
ORD06255,2024-09-20,CUST8904,Electronics,East,2607.55,0.28,426.44,49,Yes,16.354048819773347
ORD06256,2024-01-21,CUST8527,Furniture,East,1215.68,0.31,246.11,49,No,20.24463674651224
ORD06257,2024-08-08,CUST5930,Office Supplies,North,1599.83,0.39,112.1,47,Yes,7.006994493164899
ORD06258,2025-09-24,CUST4746,Home,North,4496.41,0.0,423.81,44,Yes,9.42551946997716
ORD06259,2025-06-02,CUST7302,Office Supplies,East,3610.15,0.12,822.17,57,Yes,22.773845962079136
ORD06260,2025-05-07,CUST6379,Clothing,South,3023.6,0.11,565.43,18,Yes,18.70055562905146
ORD06261,2025-05-15,CUST8727,Office Supplies,West,2942.96,0.1,442.11,28,Yes,15.022630277000026
ORD06262,2025-09-02,CUST8708,Home,North,3609.21,0.02,850.61,19,Yes,23.567761366060715
ORD06263,2025-03-08,CUST2601,Furniture,North,2717.74,0.18,587.48,37,Yes,21.616490171981134
ORD06264,2024-09-28,CUST5502,Electronics,North,1681.73,0.13,239.26,44,Yes,14.227016227337325
ORD06265,2024-01-07,CUST5738,Furniture,East,3744.91,0.14,434.86,52,No,11.612028059419318
ORD06266,2025-06-21,CUST6447,Electronics,West,1221.24,0.23,251.39,63,Yes,20.584815433493826
ORD06267,2025-06-17,CUST5352,Office Supplies,West,4951.1,0.08,432.65,47,Yes,8.738462159924056
ORD06268,2024-09-19,CUST4486,Office Supplies,West,4029.43,0.24,433.94,22,No,10.769265131792835
ORD06269,2025-07-19,CUST8003,Home,East,776.83,0.24,120.94,56,Yes,15.568399778587336
ORD06270,2024-11-13,CUST7321,Clothing,East,1593.23,0.16,307.26,50,Yes,19.285351142019667
ORD06271,2024-09-10,CUST3143,Clothing,South,2444.04,0.09,396.32,54,No,16.215773882587847
ORD06272,2024-10-30,CUST2174,Clothing,South,1576.21,0.06,263.32,47,Yes,16.70589578799779
ORD06273,2025-09-06,CUST1114,Furniture,South,2834.46,0.3,73.53,35,No,2.5941449164920303
ORD06274,2024-10-30,CUST6664,Home,North,4726.46,0.21,1031.22,39,Yes,21.818020251943317
ORD06275,2024-11-08,CUST8428,Clothing,North,3229.46,0.04,793.49,47,No,24.57036160844228
ORD06276,2024-10-27,CUST1203,Clothing,East,3032.46,0.35,558.47,53,Yes,18.41640120562184
ORD06277,2024-03-26,CUST7177,Electronics,East,597.18,0.33,24.51,46,Yes,4.104290163769718
ORD06278,2024-03-14,CUST5055,Furniture,East,2327.96,0.15,556.27,24,Yes,23.895170020103436
ORD06279,2025-08-26,CUST1806,Clothing,North,1061.6,0.19,230.57,56,Yes,21.719103240391863
ORD06280,2025-09-12,CUST6362,Clothing,South,2193.33,0.23,384.74,22,Yes,17.54136404462621
ORD06281,2025-12-17,CUST5578,Office Supplies,West,2473.92,0.38,110.32,21,Yes,4.459319622299832
ORD06282,2024-06-06,CUST2100,Clothing,East,4187.01,0.08,955.13,62,No,22.811743941380602
ORD06283,2024-12-21,CUST9158,Furniture,North,3650.15,0.24,198.95,54,Yes,5.4504609399613715
ORD06284,2024-01-05,CUST3295,Home,North,3207.3,0.14,729.88,20,Yes,22.756835967948117
ORD06285,2025-04-02,CUST4043,Clothing,North,2672.37,0.23,136.51,60,Yes,5.108199837597339
ORD06286,2025-10-26,CUST1213,Home,East,379.49,0.08,61.23,23,Yes,16.13481251152863
ORD06287,2025-05-24,CUST6502,Electronics,North,2646.89,0.28,53.33,48,No,2.0148173894646173
ORD06288,2024-11-30,CUST6554,Electronics,North,1100.12,0.37,173.4,61,Yes,15.761916881794717
ORD06289,2024-01-12,CUST2997,Electronics,East,2267.66,0.05,537.05,42,Yes,23.683003624882037
ORD06290,2024-11-03,CUST8991,Office Supplies,East,4277.85,0.23,879.54,26,Yes,20.560328202251128
ORD06291,2025-02-01,CUST4651,Home,East,1348.18,0.18,260.03,62,Yes,19.2874838671394
ORD06292,2024-01-09,CUST7304,Clothing,East,3008.84,0.05,615.91,53,Yes,20.470015022400656
ORD06293,2025-05-19,CUST9651,Office Supplies,South,2152.28,0.13,524.73,27,Yes,24.380192168305236
ORD06294,2025-12-25,CUST2886,Furniture,West,1361.0,0.15,298.35,53,Yes,21.921381337252022
ORD06295,2024-12-30,CUST2910,Electronics,North,514.57,0.39,47.76,45,Yes,9.28153603980022
ORD06296,2024-10-01,CUST2618,Clothing,East,3384.55,0.32,428.62,25,Yes,12.664017373062888
ORD06297,2025-09-27,CUST6391,Electronics,South,2019.8,0.12,343.46,54,Yes,17.0046539261313
ORD06298,2025-12-07,CUST6249,Home,West,1681.27,0.0,292.93,64,Yes,17.423138460806413
ORD06299,2024-11-16,CUST2259,Home,West,1561.93,0.3,231.74,29,Yes,14.836772454591435
ORD06300,2024-02-09,CUST5882,Clothing,South,3329.22,0.24,553.8,26,Yes,16.634527006325804
ORD06301,2024-12-23,CUST4126,Furniture,North,3986.2,0.18,365.16,39,No,9.160604084090112
ORD06302,2025-10-30,CUST6603,Home,East,2417.22,0.14,515.98,30,Yes,21.346009051720575
ORD06303,2024-03-04,CUST8613,Furniture,North,2599.49,0.01,628.07,18,Yes,24.16127778910479
ORD06304,2025-09-20,CUST7097,Home,North,824.49,0.34,98.52,24,Yes,11.949204963068077
ORD06305,2025-12-29,CUST3865,Clothing,West,4280.79,0.38,736.6,57,Yes,17.207104296169636
ORD06306,2025-10-20,CUST7428,Electronics,East,2687.46,0.25,387.65,29,No,14.424400735266756
ORD06307,2025-07-29,CUST6009,Clothing,South,3813.5,0.25,574.31,29,Yes,15.059918709846595
ORD06308,2025-02-05,CUST3259,Furniture,West,4616.1,0.4,121.83,22,No,2.639240917657763
ORD06309,2024-01-27,CUST9910,Home,West,1600.66,0.27,296.28,50,Yes,18.50986468081916
ORD06310,2025-08-17,CUST1757,Office Supplies,West,3025.84,0.32,434.74,25,Yes,14.367580572667423
ORD06311,2024-03-12,CUST3310,Clothing,West,4925.98,0.05,758.09,19,No,15.389628053707083
ORD06312,2025-01-20,CUST3222,Electronics,West,4943.71,0.07,763.77,36,Yes,15.449328540711328
ORD06313,2024-02-27,CUST1205,Electronics,North,4692.25,0.06,680.55,60,Yes,14.503702914380092
ORD06314,2024-12-19,CUST1142,Clothing,East,1703.18,0.24,339.98,40,No,19.961483812632842
ORD06315,2025-03-04,CUST9724,Furniture,East,1191.86,0.33,203.49,63,Yes,17.073313979829848
ORD06316,2024-03-02,CUST1350,Home,West,155.39,0.35,11.81,56,No,7.600231675139972
ORD06317,2025-11-27,CUST5863,Furniture,North,3754.9,0.2,210.15,63,Yes,5.596686995659005
ORD06318,2025-05-22,CUST7250,Electronics,South,1250.74,0.39,115.39,20,Yes,9.225738362889171
ORD06319,2025-04-04,CUST6340,Electronics,West,1372.18,0.3,289.2,23,Yes,21.075952134559603
ORD06320,2024-04-18,CUST9637,Home,East,2263.6,0.06,377.88,37,Yes,16.69376214878954
ORD06321,2024-12-28,CUST7478,Furniture,South,417.79,0.26,70.38,41,No,16.84578376696426
ORD06322,2024-10-12,CUST5490,Furniture,South,4857.25,0.24,502.44,23,No,10.34412476195378
ORD06323,2025-03-13,CUST8158,Furniture,East,2816.87,0.28,83.05,27,Yes,2.9483078736327912
ORD06324,2024-09-07,CUST9891,Office Supplies,East,487.41,0.08,60.81,55,No,12.476149442974087
ORD06325,2025-04-14,CUST1480,Clothing,North,953.2,0.05,208.72,20,Yes,21.896768778850188
ORD06326,2024-07-09,CUST3513,Office Supplies,West,1131.29,0.15,81.48,43,Yes,7.2023972633011875
ORD06327,2024-03-17,CUST7055,Furniture,West,1916.57,0.23,203.13,26,Yes,10.598621495692827
ORD06328,2024-11-18,CUST1689,Home,West,3379.33,0.11,276.83,21,Yes,8.191860516729648
ORD06329,2024-11-01,CUST2069,Office Supplies,East,2864.14,0.12,455.8,21,Yes,15.914026548981544
ORD06330,2025-10-28,CUST8578,Clothing,East,3192.34,0.3,532.34,61,Yes,16.67554207885125
ORD06331,2025-01-11,CUST9424,Office Supplies,North,4506.08,0.07,698.35,40,No,15.497949437204845
ORD06332,2025-02-23,CUST9926,Electronics,North,4083.78,0.11,801.14,23,Yes,19.617609175812603
ORD06333,2024-05-08,CUST6062,Office Supplies,East,3365.02,0.06,353.84,42,Yes,10.515242108516443
ORD06334,2024-12-06,CUST5653,Office Supplies,East,1512.06,0.37,259.46,44,No,17.15937198259328
ORD06335,2025-03-22,CUST1275,Home,South,2299.28,0.04,421.35,58,Yes,18.32530183361748
ORD06336,2025-08-02,CUST4524,Home,North,3289.53,0.13,449.58,19,Yes,13.666998020993878
ORD06337,2024-03-22,CUST8198,Clothing,West,235.46,0.37,-0.03,47,Yes,-0.012741017582604264
ORD06338,2024-08-22,CUST3650,Clothing,East,238.52,0.08,16.76,63,Yes,7.0266644306557104
ORD06339,2024-05-05,CUST4649,Furniture,South,677.99,0.14,73.31,48,Yes,10.812843847254385
ORD06340,2025-07-17,CUST7330,Furniture,South,3894.48,0.14,696.04,26,No,17.872475914627884
ORD06341,2025-01-30,CUST6087,Office Supplies,West,3371.28,0.24,409.68,59,Yes,12.152060938278636
ORD06342,2025-11-02,CUST2321,Home,East,1744.73,0.02,209.67,47,Yes,12.017332194666222
ORD06343,2025-08-26,CUST6723,Home,North,1121.73,0.39,111.68,59,Yes,9.956050029864585
ORD06344,2025-08-27,CUST1053,Clothing,East,554.08,0.04,114.22,53,Yes,20.61435171816344
ORD06345,2025-01-28,CUST8057,Electronics,North,3941.67,0.36,652.97,48,Yes,16.565821085986396
ORD06346,2025-04-03,CUST2269,Electronics,West,3123.42,0.3,468.57,41,Yes,15.001824922680907
ORD06347,2024-02-06,CUST4501,Home,South,2979.52,0.09,615.5,56,Yes,20.657689829234236
ORD06348,2025-11-26,CUST1838,Furniture,South,812.07,0.34,109.16,18,No,13.44219094413043
ORD06349,2024-03-24,CUST3673,Home,North,423.69,0.33,31.15,28,Yes,7.352073449928014
ORD06350,2025-04-03,CUST2256,Office Supplies,North,408.02,0.1,25.58,64,Yes,6.269300524484094
ORD06351,2025-02-02,CUST2208,Clothing,South,4224.54,0.29,751.58,38,Yes,17.790812727539567
ORD06352,2025-11-05,CUST9591,Office Supplies,West,1950.91,0.15,280.28,18,No,14.366628906510293
ORD06353,2025-07-27,CUST5426,Furniture,East,1478.02,0.12,287.71,26,Yes,19.465907091920272
ORD06354,2024-04-14,CUST1561,Clothing,East,3674.49,0.13,602.18,36,Yes,16.388124610490163
ORD06355,2024-03-28,CUST5120,Furniture,West,4179.69,0.2,819.46,34,Yes,19.605760235806965
ORD06356,2025-01-06,CUST7136,Furniture,East,501.8,0.12,50.08,53,No,9.980071741729772
ORD06357,2025-10-21,CUST7884,Office Supplies,East,560.12,0.32,10.22,43,Yes,1.8246090123544956
ORD06358,2025-02-02,CUST6380,Office Supplies,North,1776.3,0.02,309.3,47,Yes,17.412599223104205
ORD06359,2025-03-06,CUST5567,Office Supplies,North,4362.41,0.36,446.11,59,Yes,10.226228162873275
ORD06360,2024-01-27,CUST5159,Home,East,4159.15,0.33,372.43,65,Yes,8.954473870863037
ORD06361,2025-04-13,CUST5829,Home,South,3486.89,0.34,596.36,19,No,17.102919793856415
ORD06362,2025-11-25,CUST9069,Office Supplies,North,2088.15,0.17,348.81,41,No,16.704259751454636
ORD06363,2025-09-12,CUST5262,Office Supplies,East,1850.61,0.24,199.34,43,Yes,10.77158342384403
ORD06364,2025-03-19,CUST2194,Home,West,4898.19,0.34,349.04,52,Yes,7.125897525412449
ORD06365,2024-04-04,CUST3073,Home,West,1869.21,0.06,467.47,62,Yes,25.008961004916518
ORD06366,2025-10-28,CUST6613,Clothing,West,3817.63,0.12,657.59,32,No,17.225084672951542
ORD06367,2025-12-16,CUST7531,Furniture,South,2943.16,0.25,193.52,62,Yes,6.575245654330721
ORD06368,2024-11-13,CUST7750,Furniture,East,2122.73,0.23,112.89,23,Yes,5.318151625501123
ORD06369,2024-12-18,CUST3500,Office Supplies,South,693.86,0.03,166.62,26,Yes,24.013489752976106
ORD06370,2024-09-28,CUST8090,Office Supplies,East,1405.11,0.16,145.45,32,Yes,10.351502729323684
ORD06371,2024-10-21,CUST1254,Home,East,2971.49,0.04,727.56,59,Yes,24.484686133892424
ORD06372,2024-11-29,CUST2835,Home,West,3555.09,0.06,299.28,35,No,8.4183522780014
ORD06373,2025-11-13,CUST5046,Office Supplies,East,3076.01,0.24,513.77,60,Yes,16.70248146137366
ORD06374,2024-01-29,CUST6523,Home,South,3297.05,0.38,619.23,39,No,18.78133482962042
ORD06375,2024-03-30,CUST5783,Clothing,East,3207.81,0.08,374.84,31,No,11.685230733740463
ORD06376,2025-09-29,CUST5686,Clothing,South,2639.75,0.28,331.47,29,Yes,12.556870915806423
ORD06377,2025-09-03,CUST1607,Furniture,South,4876.5,0.08,882.86,29,Yes,18.104378140059467
ORD06378,2024-12-27,CUST4711,Home,South,4197.31,0.34,88.49,64,Yes,2.1082550490671403
ORD06379,2025-08-20,CUST7227,Electronics,East,923.54,0.05,149.71,55,Yes,16.210451090369666
ORD06380,2025-01-09,CUST4899,Electronics,North,1138.81,0.31,199.31,20,Yes,17.501602550030295
ORD06381,2024-07-20,CUST8685,Electronics,West,2924.1,0.06,339.6,24,No,11.613829896378373
ORD06382,2025-04-07,CUST7470,Furniture,West,704.99,0.09,66.55,28,Yes,9.439850210641284
ORD06383,2024-05-19,CUST4386,Electronics,East,4561.88,0.2,286.21,56,Yes,6.273948459845502
ORD06384,2024-01-09,CUST6294,Clothing,North,672.9,0.24,121.95,49,No,18.123049487293805
ORD06385,2025-03-20,CUST6436,Electronics,South,687.52,0.4,124.32,53,Yes,18.082383057947403
ORD06386,2024-03-07,CUST6716,Electronics,West,1481.9,0.03,304.02,39,Yes,20.51555435589446
ORD06387,2024-11-21,CUST3080,Clothing,North,2203.33,0.29,165.57,49,Yes,7.514534817753129
ORD06388,2024-10-25,CUST2327,Office Supplies,South,4896.7,0.13,1046.53,61,No,21.372148589866647
ORD06389,2025-01-27,CUST9398,Home,West,2321.59,0.17,385.48,46,Yes,16.604137681502763
ORD06390,2024-02-20,CUST8232,Furniture,East,3189.03,0.04,336.5,51,Yes,10.551797882114624
ORD06391,2025-09-10,CUST8466,Office Supplies,North,391.74,0.33,76.59,29,No,19.551232960637158
ORD06392,2025-12-17,CUST7482,Clothing,North,1445.55,0.2,125.92,55,No,8.710871294662931
ORD06393,2025-11-13,CUST2939,Office Supplies,South,4716.44,0.3,636.3,31,Yes,13.491107699875329
ORD06394,2025-01-23,CUST5501,Electronics,West,4440.5,0.18,915.57,37,No,20.618624028825582
ORD06395,2024-10-26,CUST5300,Furniture,West,2282.86,0.18,433.81,52,Yes,19.002917393094627
ORD06396,2024-05-01,CUST7174,Electronics,West,1839.68,0.27,299.22,22,Yes,16.26478518003131
ORD06397,2024-02-15,CUST3468,Clothing,East,4628.68,0.09,673.85,20,Yes,14.558146166941762
ORD06398,2024-02-25,CUST3796,Home,South,2851.77,0.03,596.42,32,Yes,20.914028831217102
ORD06399,2024-10-20,CUST8867,Furniture,North,2872.7,0.04,549.95,62,Yes,19.144010860862608
ORD06400,2024-12-04,CUST9964,Electronics,South,690.6,0.08,167.57,24,No,24.264407761366925
ORD06401,2025-10-15,CUST1288,Clothing,East,4153.6,0.36,649.49,61,Yes,15.636796995377503
ORD06402,2025-12-31,CUST9559,Home,South,3715.99,0.38,144.51,34,No,3.888869453362361
ORD06403,2024-09-01,CUST4963,Home,North,2783.63,0.15,284.48,55,No,10.219749032737829
ORD06404,2024-05-31,CUST8839,Electronics,South,2952.7,0.11,459.35,33,Yes,15.556947878213162
ORD06405,2024-07-18,CUST5335,Electronics,North,400.92,0.07,38.7,20,Yes,9.652798563304401
ORD06406,2024-11-30,CUST4383,Office Supplies,West,444.35,0.32,37.91,56,No,8.531562957128388
ORD06407,2024-08-02,CUST6823,Electronics,West,426.49,0.01,61.54,61,Yes,14.429412178480153
ORD06408,2024-02-18,CUST6026,Electronics,West,2178.66,0.18,336.56,53,Yes,15.44802768674323
ORD06409,2025-02-17,CUST1881,Office Supplies,West,3297.15,0.03,682.63,57,Yes,20.703637990385634
ORD06410,2024-09-11,CUST6147,Clothing,West,4646.02,0.33,751.58,36,Yes,16.176856750509035
ORD06411,2025-08-21,CUST4620,Furniture,South,3711.26,0.05,819.3,22,Yes,22.076060421527995
ORD06412,2024-08-11,CUST9596,Home,West,2062.21,0.32,241.63,29,No,11.717041426430868
ORD06413,2024-04-08,CUST7385,Furniture,West,2270.5,0.05,461.68,18,Yes,20.333847170226825
ORD06414,2025-12-06,CUST5740,Electronics,South,1435.62,0.26,178.62,40,Yes,12.442011117147993
ORD06415,2025-12-07,CUST1123,Electronics,East,4490.48,0.38,311.1,20,Yes,6.927989880814524
ORD06416,2025-05-09,CUST4095,Electronics,South,3252.29,0.29,185.52,46,No,5.704288362968862
ORD06417,2025-03-31,CUST3713,Furniture,East,3861.62,0.0,888.9,20,Yes,23.018836654046748
ORD06418,2025-01-19,CUST2611,Electronics,East,1758.61,0.39,287.39,31,Yes,16.341883646743735
ORD06419,2025-01-05,CUST9322,Home,West,781.04,0.31,32.23,24,Yes,4.126549216429376
ORD06420,2025-03-07,CUST1465,Clothing,East,553.18,0.11,97.31,45,Yes,17.59101919809104
ORD06421,2025-05-18,CUST1865,Furniture,West,2260.98,0.04,433.11,41,Yes,19.155852771806916
ORD06422,2025-10-17,CUST6611,Furniture,South,2194.81,0.29,131.76,23,Yes,6.003253128972439
ORD06423,2025-02-27,CUST1791,Home,East,950.32,0.13,142.13,57,Yes,14.956014816061957
ORD06424,2024-06-02,CUST8027,Electronics,South,1929.69,0.25,98.98,62,No,5.129321289948127
ORD06425,2025-03-26,CUST7115,Clothing,North,3211.2,0.27,546.21,40,No,17.009529147982065
ORD06426,2025-02-13,CUST9195,Clothing,North,1650.53,0.08,422.1,63,Yes,25.57360363034904
ORD06427,2025-07-02,CUST2869,Electronics,West,2541.7,0.24,557.73,18,No,21.94318763032616
ORD06428,2024-01-14,CUST3428,Clothing,West,4867.09,0.12,640.84,22,Yes,13.166799874257515
ORD06429,2024-06-01,CUST8897,Furniture,North,4981.22,0.26,1107.21,41,Yes,22.227687193097275
ORD06430,2024-08-02,CUST6965,Furniture,South,4922.71,0.05,854.57,46,Yes,17.359746968641257
ORD06431,2024-06-30,CUST1578,Clothing,North,3061.68,0.21,262.35,62,Yes,8.568824958846125
ORD06432,2024-10-26,CUST6726,Electronics,West,2889.87,0.28,387.35,33,Yes,13.403717122223494
ORD06433,2024-02-24,CUST5519,Home,West,1412.94,0.13,204.24,28,Yes,14.454966240604698
ORD06434,2025-03-10,CUST1173,Electronics,West,2227.14,0.09,145.82,49,Yes,6.547410580385607
ORD06435,2025-12-01,CUST2399,Furniture,West,3671.39,0.04,709.12,63,Yes,19.314755446847105
ORD06436,2025-05-19,CUST3277,Home,North,1487.73,0.05,128.58,38,Yes,8.642697263616382
ORD06437,2024-07-31,CUST9950,Electronics,East,3186.93,0.33,393.59,65,No,12.350130062473918
ORD06438,2025-02-02,CUST3224,Electronics,East,2452.72,0.12,220.61,26,Yes,8.994504060797809
ORD06439,2025-08-26,CUST6218,Office Supplies,North,2031.17,0.03,554.97,22,Yes,27.322676093089203
ORD06440,2025-11-08,CUST2563,Clothing,North,581.87,0.11,145.75,48,Yes,25.04855036348325
ORD06441,2025-11-02,CUST1304,Furniture,North,4785.09,0.08,687.64,43,Yes,14.370471610774299
ORD06442,2025-06-17,CUST6260,Home,East,1591.78,0.18,265.59,23,No,16.685094673887093
ORD06443,2024-02-13,CUST3960,Furniture,East,2673.18,0.36,87.71,55,No,3.2811108866593344
ORD06444,2024-04-15,CUST6942,Office Supplies,South,2398.71,0.39,303.44,21,Yes,12.650132779702423
ORD06445,2025-06-17,CUST7019,Electronics,South,3451.96,0.31,318.68,37,Yes,9.231856684318474
ORD06446,2025-03-15,CUST9595,Office Supplies,West,4547.99,0.22,1015.3,36,Yes,22.324147590474034
ORD06447,2025-10-22,CUST3012,Electronics,West,427.13,0.17,101.89,47,Yes,23.854564184206215
ORD06448,2025-10-19,CUST7301,Furniture,South,4798.5,0.31,200.07,46,No,4.169427946233198
ORD06449,2024-06-25,CUST6241,Electronics,South,4858.44,0.15,839.87,20,Yes,17.28682457743638
ORD06450,2024-09-12,CUST5913,Furniture,East,2467.12,0.16,386.08,49,Yes,15.649015856545285
ORD06451,2024-06-02,CUST2815,Clothing,West,2113.11,0.0,241.18,20,No,11.413508998585023
ORD06452,2025-09-07,CUST4400,Electronics,West,2896.48,0.23,307.44,47,No,10.614262829365298
ORD06453,2025-01-31,CUST4090,Clothing,North,3463.03,0.23,445.6,22,Yes,12.867344493117299
ORD06454,2024-10-10,CUST6956,Office Supplies,East,3734.87,0.32,102.79,49,Yes,2.7521707582860984
ORD06455,2025-02-21,CUST9995,Furniture,South,1730.78,0.36,87.19,24,Yes,5.037613099296271
ORD06456,2024-09-14,CUST2149,Electronics,East,4346.34,0.14,746.03,18,Yes,17.164556845529802
ORD06457,2024-08-22,CUST6381,Home,East,1096.89,0.14,200.13,35,Yes,18.245220578180124
ORD06458,2024-11-18,CUST6289,Electronics,West,829.96,0.08,69.12,42,No,8.328112198178225
ORD06459,2025-06-13,CUST9215,Office Supplies,South,1359.41,0.06,290.52,21,Yes,21.371035964131497
ORD06460,2025-03-17,CUST9956,Office Supplies,North,3651.74,0.28,256.07,33,Yes,7.012273601077842
ORD06461,2024-06-30,CUST8509,Furniture,West,2842.15,0.08,628.27,65,Yes,22.105448340165015
ORD06462,2025-02-04,CUST2958,Electronics,North,1203.66,0.31,44.57,49,Yes,3.7028729043085256
ORD06463,2024-07-24,CUST8668,Electronics,East,1499.38,0.37,277.56,29,Yes,18.511651482612812
ORD06464,2025-08-14,CUST8928,Electronics,South,2673.42,0.25,131.87,54,No,4.93263310665739
ORD06465,2025-08-02,CUST3697,Office Supplies,North,3565.33,0.37,26.48,32,Yes,0.7427082486053185
ORD06466,2025-11-30,CUST2867,Home,North,399.2,0.39,75.54,19,No,18.92284569138277
ORD06467,2024-09-26,CUST3774,Office Supplies,East,1523.9,0.07,293.37,52,Yes,19.25126320624713
ORD06468,2025-05-31,CUST9257,Home,North,592.61,0.17,27.18,58,Yes,4.586490271848264
ORD06469,2024-12-21,CUST6503,Electronics,South,3128.12,0.36,326.85,36,No,10.448767950078643
ORD06470,2024-04-01,CUST5430,Office Supplies,South,3708.49,0.26,310.04,34,Yes,8.360276015305422
ORD06471,2025-10-11,CUST7336,Office Supplies,North,4491.02,0.27,271.19,35,Yes,6.038494595882449
ORD06472,2024-03-07,CUST8372,Electronics,North,2949.42,0.06,426.9,61,Yes,14.474032182598611
ORD06473,2025-04-07,CUST6262,Electronics,South,4518.56,0.19,1054.92,63,Yes,23.346375836549697
ORD06474,2025-05-31,CUST5623,Electronics,North,521.71,0.39,44.8,25,Yes,8.587146115658124
ORD06475,2024-04-22,CUST9681,Furniture,North,355.22,0.22,80.27,37,Yes,22.597263667586283
ORD06476,2025-01-22,CUST1928,Electronics,North,2764.88,0.07,330.92,50,Yes,11.968693035502445
ORD06477,2025-12-05,CUST7586,Furniture,South,637.44,0.37,31.9,42,Yes,5.004392570281124
ORD06478,2024-10-19,CUST6722,Furniture,East,2213.07,0.36,337.36,40,Yes,15.24398234127253
ORD06479,2024-01-12,CUST5426,Furniture,West,495.7,0.27,105.29,52,Yes,21.240669759935447
ORD06480,2024-03-19,CUST9494,Home,East,4145.6,0.23,425.54,33,No,10.264859127749904
ORD06481,2024-06-18,CUST7565,Furniture,West,2316.63,0.33,441.92,37,Yes,19.0759853753081
ORD06482,2025-10-21,CUST5956,Furniture,East,4233.21,0.09,700.06,33,Yes,16.537332189992934
ORD06483,2024-12-17,CUST7476,Clothing,West,4641.48,0.4,770.15,61,Yes,16.59276782405612
ORD06484,2024-09-15,CUST8344,Electronics,West,4618.81,0.22,1040.66,38,No,22.53091164174322
ORD06485,2024-07-17,CUST8282,Electronics,South,3838.41,0.17,509.04,51,No,13.261741189711366
ORD06486,2024-11-28,CUST7024,Electronics,South,2583.4,0.38,119.23,27,Yes,4.615235735851978
ORD06487,2025-07-13,CUST7873,Electronics,North,4081.9,0.08,584.0,50,Yes,14.307062887380875
ORD06488,2025-04-19,CUST7089,Office Supplies,North,1256.81,0.18,265.89,24,Yes,21.15594242566498
ORD06489,2025-03-20,CUST5466,Furniture,West,3493.25,0.11,668.13,54,Yes,19.12631503614113
ORD06490,2024-07-12,CUST5133,Office Supplies,South,1450.34,0.27,33.69,27,No,2.322903595019099
ORD06491,2025-09-24,CUST4910,Office Supplies,South,4749.1,0.12,394.65,46,Yes,8.309995578109536
ORD06492,2024-03-15,CUST9529,Electronics,North,1260.93,0.11,163.33,36,No,12.953137763396857
ORD06493,2025-07-30,CUST8288,Furniture,South,4513.64,0.18,506.64,35,No,11.224643524959898
ORD06494,2025-12-19,CUST8619,Home,North,2862.2,0.15,499.56,53,No,17.45370693871847
ORD06495,2025-06-02,CUST8762,Home,South,4963.97,0.36,889.26,54,Yes,17.91429037645272
ORD06496,2025-12-21,CUST8733,Office Supplies,West,4989.34,0.03,618.92,44,Yes,12.404847134089879
ORD06497,2025-04-27,CUST5879,Furniture,West,4114.23,0.31,66.19,64,Yes,1.6088065081436866
ORD06498,2024-05-02,CUST1703,Home,North,4362.76,0.01,610.44,49,Yes,13.992060072064474
ORD06499,2024-03-14,CUST2350,Office Supplies,North,2819.76,0.12,331.21,63,Yes,11.746035123556613
ORD06500,2025-06-23,CUST5189,Furniture,South,4320.57,0.31,581.38,42,Yes,13.45609491340263
ORD06501,2025-05-09,CUST9220,Home,North,3643.23,0.06,265.69,63,Yes,7.292704550632269
ORD06502,2025-08-02,CUST4129,Electronics,North,3236.8,0.02,721.12,57,Yes,22.278793870489373
ORD06503,2024-11-16,CUST7634,Electronics,South,2734.54,0.4,89.07,22,Yes,3.257220592860225
ORD06504,2024-04-22,CUST9220,Office Supplies,East,3191.99,0.29,568.96,18,No,17.824617245041495
ORD06505,2024-03-20,CUST8629,Electronics,West,4478.54,0.11,651.71,36,Yes,14.551840555180931
ORD06506,2025-12-05,CUST8186,Office Supplies,North,3465.48,0.2,151.45,51,Yes,4.370245968812401
ORD06507,2024-02-24,CUST4072,Office Supplies,East,743.17,0.16,123.04,34,Yes,16.556104256092148
ORD06508,2024-09-08,CUST3448,Furniture,West,2782.05,0.06,439.55,35,Yes,15.79950036843335
ORD06509,2025-06-20,CUST2175,Home,South,3681.2,0.07,600.25,24,Yes,16.305824187764863
ORD06510,2024-10-11,CUST6109,Electronics,East,1311.06,0.1,131.98,36,Yes,10.066663615700271
ORD06511,2024-05-07,CUST6134,Clothing,North,476.33,0.07,106.73,50,Yes,22.40673482669578
ORD06512,2024-10-17,CUST5378,Office Supplies,West,292.01,0.04,49.74,65,No,17.03366323071128
ORD06513,2025-12-10,CUST8874,Clothing,East,1167.27,0.39,132.53,60,Yes,11.353842727046871
ORD06514,2024-06-28,CUST5452,Home,West,1872.79,0.28,291.79,25,Yes,15.580497546441407
ORD06515,2025-05-16,CUST5489,Furniture,East,3106.03,0.36,383.15,23,No,12.335682527213192
ORD06516,2025-07-12,CUST1745,Office Supplies,North,1305.66,0.39,46.83,29,Yes,3.58669178806121
ORD06517,2025-05-07,CUST7484,Home,West,4088.4,0.31,167.85,55,Yes,4.105518051071323
ORD06518,2025-07-01,CUST7651,Clothing,South,3898.73,0.21,820.75,52,Yes,21.051727100876438
ORD06519,2024-04-22,CUST9942,Electronics,North,4952.22,0.13,1157.05,57,Yes,23.36426895412562
ORD06520,2024-01-31,CUST8460,Office Supplies,West,1864.33,0.12,112.53,38,Yes,6.03594857133662
ORD06521,2024-11-26,CUST5574,Home,East,726.86,0.21,46.06,18,Yes,6.336846160195911
ORD06522,2024-06-06,CUST8532,Home,East,4401.75,0.17,990.35,30,Yes,22.499006077128417
ORD06523,2024-10-28,CUST1763,Office Supplies,East,3036.86,0.23,125.86,45,No,4.14441232062064
ORD06524,2024-02-24,CUST1303,Office Supplies,West,1107.69,0.3,38.06,43,Yes,3.4359793805125984
ORD06525,2024-07-14,CUST9709,Home,West,589.42,0.15,108.71,54,Yes,18.443554680872722
ORD06526,2024-05-16,CUST9075,Electronics,West,4027.96,0.12,309.0,32,Yes,7.671377074250986
ORD06527,2024-09-27,CUST3965,Home,North,2829.36,0.15,337.29,42,Yes,11.921070489439307
ORD06528,2025-07-22,CUST1035,Office Supplies,North,1898.87,0.06,197.41,61,Yes,10.396182993043231
ORD06529,2025-05-10,CUST2514,Clothing,South,2510.65,0.13,144.89,38,Yes,5.771015474080417
ORD06530,2024-02-26,CUST1613,Home,East,4736.06,0.21,416.54,21,Yes,8.795074386726519
ORD06531,2024-03-23,CUST3535,Home,South,2263.14,0.05,355.21,24,Yes,15.695449684950995
ORD06532,2025-04-05,CUST5102,Clothing,North,4605.15,0.17,686.11,54,Yes,14.898754655114384
ORD06533,2025-06-24,CUST3705,Clothing,East,4089.23,0.02,434.98,51,Yes,10.637210428369155
ORD06534,2025-05-17,CUST2616,Office Supplies,West,3031.24,0.13,501.9,36,No,16.557580396141514
ORD06535,2025-01-19,CUST8526,Home,North,3379.73,0.34,253.45,54,No,7.499119752169552
ORD06536,2025-03-22,CUST6259,Furniture,South,329.35,0.05,45.41,21,Yes,13.787763777136783
ORD06537,2024-08-24,CUST6913,Clothing,South,3279.44,0.1,798.88,55,Yes,24.36025662918059
ORD06538,2024-02-21,CUST2988,Office Supplies,South,328.19,0.22,52.44,58,Yes,15.978549011243487
ORD06539,2025-01-16,CUST1232,Clothing,East,1451.88,0.16,313.48,37,Yes,21.59131608672893
ORD06540,2025-01-08,CUST3600,Electronics,North,1236.77,0.23,197.94,57,Yes,16.004592608164817
ORD06541,2024-06-14,CUST2824,Office Supplies,West,4063.6,0.11,566.98,29,No,13.952652820159464
ORD06542,2025-08-15,CUST5097,Furniture,West,3472.73,0.01,376.41,29,Yes,10.839022901290916
ORD06543,2025-01-14,CUST4996,Electronics,East,2228.33,0.3,80.0,46,No,3.590132520766673
ORD06544,2025-08-27,CUST5040,Clothing,South,3844.87,0.02,413.27,24,No,10.748607885312117
ORD06545,2024-04-23,CUST3531,Furniture,East,2478.01,0.08,585.99,19,Yes,23.64760432766615
ORD06546,2024-05-19,CUST8108,Electronics,West,3883.34,0.11,327.51,38,Yes,8.43371942709111
ORD06547,2025-11-19,CUST7359,Electronics,North,533.85,0.29,25.53,39,No,4.782242202865974
ORD06548,2025-04-30,CUST9364,Home,North,3677.96,0.27,540.18,61,No,14.686946024426584
ORD06549,2025-04-14,CUST1627,Office Supplies,East,2097.26,0.08,452.69,22,Yes,21.584829730219425
ORD06550,2025-12-01,CUST5631,Home,North,1578.8,0.3,22.73,33,Yes,1.439701038763618
ORD06551,2024-08-19,CUST7797,Office Supplies,East,1283.28,0.01,155.82,44,Yes,12.142322797830559
ORD06552,2025-06-28,CUST1903,Electronics,North,1448.56,0.13,352.67,31,No,24.346247307671067
ORD06553,2025-04-30,CUST2326,Home,West,3440.86,0.31,510.22,37,Yes,14.828269676766856
ORD06554,2025-04-09,CUST4506,Office Supplies,North,4895.65,0.23,882.56,56,Yes,18.0274325166219
ORD06555,2024-08-23,CUST9896,Electronics,East,4258.29,0.03,751.22,40,Yes,17.64135368892208
ORD06556,2024-06-02,CUST8953,Office Supplies,South,3238.25,0.37,421.62,22,Yes,13.019995367868448
ORD06557,2025-10-28,CUST3735,Electronics,West,4135.4,0.16,909.71,35,Yes,21.998113846302658
ORD06558,2024-05-15,CUST9657,Home,North,2869.72,0.12,709.09,19,No,24.7093793122674
ORD06559,2025-09-26,CUST3374,Office Supplies,East,3688.0,0.06,897.57,32,Yes,24.337581344902386
ORD06560,2024-09-19,CUST8713,Office Supplies,North,3863.6,0.22,552.47,32,Yes,14.299358111605756
ORD06561,2024-05-10,CUST8750,Clothing,East,1966.89,0.08,288.51,18,Yes,14.668334273904488
ORD06562,2025-12-04,CUST5564,Electronics,South,1207.3,0.12,152.73,41,No,12.650542532924709
ORD06563,2024-10-31,CUST5683,Electronics,North,2603.94,0.37,358.59,27,Yes,13.77105463259522
ORD06564,2024-10-16,CUST8130,Electronics,West,642.26,0.23,95.64,61,No,14.891165571575375
ORD06565,2025-02-23,CUST9963,Furniture,West,1750.74,0.36,13.13,50,Yes,0.7499685847127501
ORD06566,2024-01-11,CUST1492,Clothing,West,2801.59,0.35,123.57,49,Yes,4.410709632744263
ORD06567,2025-04-19,CUST1284,Electronics,West,2059.7,0.23,162.79,49,Yes,7.903578190998689
ORD06568,2024-11-11,CUST7361,Clothing,South,2690.42,0.09,650.81,21,No,24.189903435151386
ORD06569,2025-01-14,CUST4940,Home,West,200.29,0.3,25.88,48,Yes,12.92126416695791
ORD06570,2025-08-24,CUST6217,Clothing,South,618.72,0.28,39.47,27,Yes,6.37929919834497
ORD06571,2024-08-13,CUST2240,Clothing,South,2682.11,0.31,141.94,39,Yes,5.292102113634415
ORD06572,2025-01-19,CUST3813,Furniture,South,750.76,0.02,151.21,19,Yes,20.140923863818
ORD06573,2024-05-11,CUST8990,Electronics,East,2274.59,0.39,405.42,18,No,17.823871554873623
ORD06574,2024-03-25,CUST6408,Home,North,1581.3,0.08,110.03,37,Yes,6.958198950230823
ORD06575,2024-06-04,CUST3476,Office Supplies,East,477.66,0.03,46.88,34,Yes,9.814512414688272
ORD06576,2025-05-31,CUST5486,Furniture,North,2034.46,0.12,300.33,23,Yes,14.762148186742428
ORD06577,2024-11-28,CUST7016,Electronics,North,222.71,0.34,31.48,21,Yes,14.13497373265682
ORD06578,2025-11-13,CUST1251,Home,South,1393.21,0.18,74.37,18,Yes,5.338032313865103
ORD06579,2025-05-10,CUST8464,Home,North,830.31,0.36,165.37,62,No,19.916657633895777
ORD06580,2025-11-30,CUST9614,Clothing,South,4311.91,0.02,805.28,38,Yes,18.67571447456
ORD06581,2024-10-25,CUST3982,Clothing,East,540.04,0.01,132.78,26,Yes,24.587067624620403
ORD06582,2025-03-11,CUST9269,Electronics,South,2517.74,0.27,382.06,61,Yes,15.174720185563245
ORD06583,2024-10-21,CUST1278,Office Supplies,East,3743.36,0.18,740.45,20,Yes,19.78035775346213
ORD06584,2024-12-06,CUST7551,Electronics,East,4477.55,0.34,324.94,44,Yes,7.257093723129835
ORD06585,2024-12-28,CUST8788,Home,East,1657.14,0.39,212.68,47,Yes,12.834160058896654
ORD06586,2025-04-04,CUST4360,Furniture,North,2942.55,0.02,739.04,55,Yes,25.115631000322846
ORD06587,2024-05-02,CUST4369,Home,North,3830.01,0.09,389.95,24,Yes,10.18143555760951
ORD06588,2025-04-18,CUST2576,Furniture,South,732.35,0.17,69.72,18,No,9.520038233085273
ORD06589,2024-05-04,CUST7438,Clothing,East,4581.03,0.11,631.97,57,No,13.795369163703361
ORD06590,2025-07-09,CUST4535,Office Supplies,North,173.66,0.07,22.66,31,Yes,13.048485546470115
ORD06591,2024-08-06,CUST3330,Office Supplies,West,3676.68,0.35,273.09,57,Yes,7.427624922484415
ORD06592,2025-03-12,CUST9896,Furniture,East,3977.54,0.11,648.31,21,No,16.299270403314612
ORD06593,2025-11-04,CUST6674,Office Supplies,West,3169.8,0.32,406.95,56,Yes,12.83834942267651
ORD06594,2025-01-13,CUST7455,Office Supplies,West,1576.51,0.09,185.53,61,No,11.76839981985525
ORD06595,2025-11-13,CUST8377,Office Supplies,North,2599.97,0.4,453.06,23,No,17.425585679834768
ORD06596,2024-06-07,CUST4975,Clothing,East,2245.61,0.31,124.06,40,No,5.524556801938004
ORD06597,2024-02-22,CUST2742,Furniture,North,2760.09,0.01,246.83,31,Yes,8.942824328192197
ORD06598,2025-09-08,CUST9802,Furniture,East,1615.6,0.12,284.18,53,Yes,17.58974993810349
ORD06599,2025-07-20,CUST9649,Office Supplies,North,717.6,0.07,81.81,45,Yes,11.400501672240802
ORD06600,2025-03-19,CUST1675,Office Supplies,South,3824.32,0.18,401.63,47,Yes,10.50199774077483
ORD06601,2024-08-12,CUST5679,Office Supplies,North,4687.45,0.22,686.81,24,No,14.652102955764862
ORD06602,2025-07-24,CUST9954,Electronics,East,2069.45,0.18,448.96,51,Yes,21.69465316871633
ORD06603,2024-07-24,CUST4646,Clothing,East,3458.49,0.22,662.3,32,No,19.149975856515418
ORD06604,2024-08-04,CUST6789,Office Supplies,East,4338.15,0.12,589.91,36,Yes,13.598192778027501
ORD06605,2024-01-23,CUST4601,Furniture,North,1463.1,0.02,328.48,65,Yes,22.450960289795642
ORD06606,2024-12-20,CUST7159,Furniture,South,4245.33,0.36,810.95,26,Yes,19.102166380469836
ORD06607,2025-05-28,CUST6513,Furniture,South,1131.48,0.36,54.93,63,No,4.854703574079966
ORD06608,2025-08-29,CUST9705,Office Supplies,North,1666.76,0.19,319.16,29,No,19.148527682449785
ORD06609,2025-12-27,CUST4602,Furniture,West,2460.42,0.05,522.84,60,No,21.250030482600533
ORD06610,2024-05-26,CUST9608,Electronics,South,2276.38,0.26,487.92,40,Yes,21.434031225015154
ORD06611,2024-08-06,CUST5088,Electronics,East,372.84,0.24,45.48,53,No,12.198261989056968
ORD06612,2025-07-17,CUST2153,Electronics,West,2909.41,0.13,164.54,53,No,5.655442168687122
ORD06613,2025-07-10,CUST2853,Furniture,South,3084.41,0.3,343.59,48,Yes,11.139569642168194
ORD06614,2024-04-14,CUST6926,Furniture,South,3235.79,0.24,431.22,53,Yes,13.32657558123364
ORD06615,2024-02-07,CUST4673,Electronics,West,4943.22,0.02,534.96,43,No,10.82209571898479
ORD06616,2024-07-21,CUST3079,Office Supplies,West,993.22,0.2,90.79,18,Yes,9.140975816032702
ORD06617,2024-06-12,CUST6302,Furniture,North,4655.37,0.09,600.84,55,Yes,12.906385528969771
ORD06618,2024-07-24,CUST6529,Electronics,South,1062.65,0.01,111.23,23,Yes,10.467228156025032
ORD06619,2025-10-03,CUST6883,Electronics,East,4178.94,0.29,848.1,58,Yes,20.29462016683657
ORD06620,2024-10-14,CUST7023,Home,West,3539.29,0.22,796.98,46,Yes,22.518075659242392
ORD06621,2025-07-05,CUST2894,Home,West,3893.46,0.29,695.11,45,No,17.853271896975954
ORD06622,2025-12-22,CUST1030,Office Supplies,North,2041.86,0.28,196.44,52,Yes,9.620640004701595
ORD06623,2024-05-03,CUST2738,Furniture,West,2532.95,0.15,557.33,54,Yes,22.003197852306602
ORD06624,2025-04-22,CUST7322,Home,East,1335.26,0.03,139.55,63,Yes,10.451148091008495
ORD06625,2024-12-20,CUST9728,Furniture,South,170.27,0.26,11.39,63,No,6.689375697421742
ORD06626,2024-12-29,CUST5928,Electronics,East,1041.0,0.17,249.17,49,No,23.935638808837655
ORD06627,2025-10-20,CUST5579,Home,North,2101.48,0.24,166.23,60,Yes,7.910139520718731
ORD06628,2025-12-02,CUST9134,Office Supplies,South,2826.15,0.02,532.53,23,Yes,18.842948888063265
ORD06629,2024-09-09,CUST1183,Electronics,North,2903.89,0.18,501.44,42,Yes,17.26787171690388
ORD06630,2024-07-11,CUST4227,Office Supplies,South,3721.32,0.1,710.56,48,Yes,19.094299872088396
ORD06631,2024-02-02,CUST5372,Home,East,4709.63,0.0,1019.57,55,No,21.64862207859216
ORD06632,2024-07-05,CUST2354,Electronics,West,745.75,0.33,41.03,25,Yes,5.501843781428092
ORD06633,2024-07-03,CUST7066,Clothing,North,2168.37,0.31,57.04,27,No,2.6305473696832187
ORD06634,2025-07-06,CUST5713,Clothing,South,568.91,0.3,96.2,24,No,16.90952874795662
ORD06635,2025-10-16,CUST7633,Home,North,1760.51,0.34,285.11,55,Yes,16.194739024487223
ORD06636,2024-09-09,CUST7342,Office Supplies,North,824.54,0.36,23.04,59,No,2.7942852984694495
ORD06637,2024-11-19,CUST8124,Furniture,East,1072.23,0.34,87.75,43,No,8.183878458912734
ORD06638,2024-01-01,CUST2040,Home,East,4114.52,0.26,573.76,18,Yes,13.94476147886023
ORD06639,2024-12-15,CUST3828,Home,South,1738.7,0.22,66.3,36,Yes,3.81319376545695
ORD06640,2025-08-01,CUST2684,Office Supplies,West,3563.89,0.23,633.77,64,Yes,17.78309656021931
ORD06641,2024-06-25,CUST4233,Furniture,South,2141.92,0.35,173.08,44,Yes,8.080600582654816
ORD06642,2025-03-27,CUST2373,Home,West,3136.89,0.03,769.7,48,Yes,24.537041464635358
ORD06643,2025-12-18,CUST2507,Clothing,West,3360.63,0.24,411.92,23,No,12.257225579727612
ORD06644,2025-07-09,CUST8440,Home,East,2630.39,0.03,675.64,62,Yes,25.685924900870216
ORD06645,2025-03-31,CUST3751,Clothing,East,1088.7,0.04,291.35,33,Yes,26.76127491503628
ORD06646,2024-09-02,CUST9844,Electronics,North,4450.85,0.02,990.49,48,Yes,22.25395149241156
ORD06647,2025-01-22,CUST2552,Furniture,South,1457.68,0.19,311.8,39,Yes,21.39015421766094
ORD06648,2024-08-20,CUST6847,Furniture,South,3956.49,0.1,315.24,32,No,7.9676683120644824
ORD06649,2025-12-28,CUST2774,Furniture,South,1329.96,0.26,148.53,62,Yes,11.168005052783542
ORD06650,2025-07-05,CUST3360,Furniture,North,3289.66,0.11,708.87,50,Yes,21.548427497066566
ORD06651,2025-01-26,CUST9759,Electronics,East,2615.51,0.35,255.0,43,No,9.749532595937312
ORD06652,2025-09-04,CUST2447,Clothing,East,962.47,0.38,34.88,55,Yes,3.6240090600226504
ORD06653,2024-05-23,CUST1344,Home,East,1775.19,0.32,113.35,46,No,6.3852320033348535
ORD06654,2024-11-19,CUST5884,Clothing,West,3741.28,0.4,226.0,36,Yes,6.040713338750374
ORD06655,2025-08-08,CUST1972,Office Supplies,South,3686.47,0.09,339.74,31,Yes,9.215862329003086
ORD06656,2024-12-28,CUST4844,Furniture,East,2035.4,0.35,166.69,26,Yes,8.18954505256952
ORD06657,2024-07-18,CUST9141,Home,East,2834.55,0.08,459.48,54,Yes,16.209980420172514
ORD06658,2025-12-07,CUST1783,Home,South,3207.38,0.36,632.55,56,Yes,19.721704319413348
ORD06659,2024-04-17,CUST9679,Home,South,3212.32,0.33,116.44,36,Yes,3.6247945410170836
ORD06660,2025-08-06,CUST7777,Office Supplies,West,4691.82,0.09,522.85,40,Yes,11.143863149055164
ORD06661,2025-11-26,CUST4209,Office Supplies,North,446.43,0.27,52.04,44,Yes,11.656922697847365
ORD06662,2024-05-08,CUST3202,Clothing,South,4782.67,0.36,852.14,64,Yes,17.817244342595245
ORD06663,2024-02-12,CUST1410,Furniture,East,4396.42,0.33,592.75,41,Yes,13.482560810841548
ORD06664,2024-04-23,CUST3441,Home,East,2105.34,0.29,95.81,30,No,4.550808895475314
ORD06665,2025-09-05,CUST7795,Clothing,East,2035.22,0.22,277.76,25,No,13.647664625937244
ORD06666,2025-11-14,CUST9897,Electronics,West,3568.7,0.17,305.69,33,Yes,8.56586432034074
ORD06667,2024-04-11,CUST4149,Home,North,4840.52,0.01,1119.27,60,No,23.122928941518676
ORD06668,2025-09-24,CUST7715,Home,West,2841.02,0.07,494.49,35,No,17.405368494413977
ORD06669,2024-06-10,CUST7595,Furniture,South,3650.66,0.18,258.45,38,Yes,7.079541781486087
ORD06670,2024-10-31,CUST8149,Office Supplies,South,1086.73,0.14,227.47,38,No,20.9316021458872
ORD06671,2024-11-14,CUST1519,Electronics,North,3489.26,0.25,248.09,27,Yes,7.110103574970051
ORD06672,2025-01-20,CUST5418,Clothing,South,4993.56,0.16,1045.86,64,Yes,20.94417609881527
ORD06673,2025-12-16,CUST1451,Clothing,North,4444.06,0.08,1014.32,36,Yes,22.824174291076176
ORD06674,2025-06-02,CUST9677,Furniture,East,2219.18,0.22,486.04,58,Yes,21.901783541668546
ORD06675,2025-10-18,CUST6892,Electronics,South,1593.2,0.05,400.8,19,No,25.15691689681145
ORD06676,2024-03-28,CUST1453,Home,East,2449.34,0.32,506.18,65,Yes,20.665975323964823
ORD06677,2024-05-27,CUST9594,Furniture,East,3818.44,0.32,219.76,37,Yes,5.7552298844554315
ORD06678,2025-02-05,CUST1524,Home,South,4746.18,0.03,1027.91,47,No,21.657627818582522
ORD06679,2024-05-18,CUST4969,Electronics,South,2669.13,0.2,388.39,19,Yes,14.551183344385624
ORD06680,2025-07-17,CUST6674,Clothing,North,2097.48,0.07,402.79,38,Yes,19.20352041497416
ORD06681,2025-09-07,CUST2963,Electronics,East,197.03,0.25,29.92,56,Yes,15.185504745470233
ORD06682,2024-09-04,CUST6385,Electronics,East,578.03,0.38,65.55,33,No,11.340241855959034
ORD06683,2025-04-10,CUST3279,Clothing,East,3275.72,0.03,276.72,33,No,8.447608464703944
ORD06684,2024-07-03,CUST4401,Home,North,1424.13,0.31,26.59,56,Yes,1.8671048289130905
ORD06685,2024-11-06,CUST8909,Electronics,South,3048.28,0.04,652.83,41,Yes,21.41633970632619
ORD06686,2025-06-05,CUST9208,Office Supplies,East,4063.07,0.19,950.69,19,Yes,23.398317036132777
ORD06687,2024-04-26,CUST8732,Office Supplies,South,3941.74,0.01,837.15,59,Yes,21.23808267414898
ORD06688,2024-01-28,CUST1530,Home,South,359.78,0.16,83.75,29,Yes,23.27811440324643
ORD06689,2025-06-02,CUST6397,Office Supplies,East,1820.53,0.27,364.08,57,No,19.998571844462877
ORD06690,2025-12-29,CUST8575,Office Supplies,South,4214.84,0.11,893.65,37,Yes,21.202465574019417
ORD06691,2024-12-25,CUST5116,Clothing,South,4674.96,0.13,626.32,46,No,13.397333880931603
ORD06692,2024-07-02,CUST9008,Office Supplies,South,4343.28,0.33,254.89,25,Yes,5.868606214658047
ORD06693,2024-03-15,CUST9120,Office Supplies,East,1424.75,0.1,284.54,40,Yes,19.971223021582734
ORD06694,2025-02-23,CUST3990,Home,West,3696.13,0.05,964.29,37,Yes,26.089179763698784
ORD06695,2024-09-11,CUST2147,Home,South,2943.2,0.34,173.42,36,No,5.892226148409894
ORD06696,2024-04-10,CUST5704,Office Supplies,North,3199.92,0.1,424.77,65,No,13.274394359858995
ORD06697,2024-07-08,CUST4390,Electronics,North,4394.19,0.07,547.26,39,No,12.454172441337311
ORD06698,2025-10-03,CUST4326,Electronics,North,708.74,0.15,101.88,48,Yes,14.37480599373536
ORD06699,2025-01-25,CUST1874,Home,East,3673.05,0.08,255.26,61,Yes,6.949537850015654
ORD06700,2025-12-21,CUST1279,Office Supplies,West,1482.3,0.26,122.63,22,No,8.272954192808474
ORD06701,2025-09-10,CUST9227,Home,West,4299.31,0.4,755.21,57,Yes,17.565841960686715
ORD06702,2025-10-13,CUST7428,Home,West,4160.74,0.21,849.06,33,Yes,20.406466157462376
ORD06703,2024-11-06,CUST5915,Electronics,East,578.31,0.33,69.93,39,Yes,12.092130518234168
ORD06704,2024-02-13,CUST7145,Furniture,North,3659.3,0.29,456.55,32,No,12.476429918290382
ORD06705,2024-07-02,CUST1091,Furniture,East,4664.75,0.14,629.27,34,No,13.489897636529289
ORD06706,2025-08-10,CUST9043,Clothing,West,1067.39,0.3,182.34,53,No,17.082790732534498
ORD06707,2024-09-24,CUST9776,Home,West,2343.33,0.03,409.35,23,Yes,17.468730396487054
ORD06708,2024-10-10,CUST8323,Office Supplies,North,3168.9,0.32,172.42,31,Yes,5.4410047650604305
ORD06709,2025-12-02,CUST6248,Office Supplies,East,3037.72,0.37,69.73,22,Yes,2.295471603702777
ORD06710,2025-01-22,CUST6540,Furniture,East,4199.76,0.11,608.51,37,No,14.489161285406785
ORD06711,2025-01-18,CUST1717,Home,South,2777.19,0.3,289.19,49,Yes,10.413043399983437
ORD06712,2025-04-29,CUST6667,Home,South,1437.25,0.14,151.04,30,No,10.508958079666028
ORD06713,2024-07-03,CUST8967,Furniture,East,426.11,0.31,42.7,59,Yes,10.020886625519232
ORD06714,2025-11-09,CUST3001,Clothing,East,900.2,0.15,98.51,36,Yes,10.943123750277715
ORD06715,2025-05-07,CUST3016,Electronics,South,2957.4,0.1,236.74,57,Yes,8.005004395753026
ORD06716,2025-04-26,CUST3007,Office Supplies,West,302.02,0.36,50.87,23,Yes,16.84325541354877
ORD06717,2025-07-08,CUST5766,Clothing,East,2821.48,0.19,116.56,52,Yes,4.131165204077293
ORD06718,2025-10-26,CUST5728,Home,West,3036.67,0.13,479.39,50,No,15.786700563446143
ORD06719,2025-03-26,CUST3439,Furniture,East,1059.71,0.19,146.52,36,Yes,13.826424210397184
ORD06720,2024-03-05,CUST4630,Home,North,4132.41,0.05,660.82,24,Yes,15.991152862373289
ORD06721,2024-06-24,CUST8899,Furniture,East,1437.71,0.18,285.44,47,Yes,19.85379527164727
ORD06722,2024-03-28,CUST5941,Electronics,East,4807.56,0.11,598.2,44,No,12.442902428674838
ORD06723,2025-08-27,CUST8847,Electronics,South,3287.71,0.24,343.36,26,Yes,10.443743517524357
ORD06724,2024-06-01,CUST3145,Clothing,West,2635.21,0.23,542.22,32,Yes,20.57596927759078
ORD06725,2025-11-05,CUST6580,Home,East,4230.66,0.26,688.43,32,No,16.272401942013776
ORD06726,2025-12-04,CUST1380,Home,East,1217.61,0.05,179.39,48,Yes,14.732960471743825
ORD06727,2024-10-06,CUST2974,Clothing,West,3953.4,0.36,755.1,42,No,19.100015176809833
ORD06728,2024-03-07,CUST4423,Furniture,East,1294.11,0.18,281.42,38,Yes,21.746219409478332
ORD06729,2025-09-10,CUST9827,Electronics,East,3781.77,0.32,245.52,23,Yes,6.492198097716149
ORD06730,2024-01-08,CUST4545,Furniture,North,4014.62,0.25,452.32,65,No,11.266819773727029
ORD06731,2024-11-18,CUST6183,Electronics,North,1445.28,0.26,310.97,50,No,21.516245986936788
ORD06732,2025-03-01,CUST9595,Furniture,North,324.88,0.21,40.61,60,No,12.5
ORD06733,2025-05-10,CUST5794,Electronics,East,2114.45,0.17,289.93,61,Yes,13.711839958381614
ORD06734,2025-02-18,CUST4902,Clothing,South,3996.95,0.23,775.68,49,Yes,19.406797683233464
ORD06735,2025-12-22,CUST8119,Office Supplies,East,1503.64,0.05,375.54,52,No,24.97539304620787
ORD06736,2025-02-05,CUST4116,Furniture,West,931.94,0.23,211.77,37,Yes,22.723565894800092
ORD06737,2025-04-24,CUST9922,Clothing,South,3849.58,0.15,357.64,22,Yes,9.290364143620861
ORD06738,2025-07-17,CUST2008,Clothing,East,3527.31,0.16,456.06,22,Yes,12.929399457376869
ORD06739,2025-05-25,CUST3979,Electronics,East,1313.23,0.39,18.78,38,Yes,1.4300617561280202
ORD06740,2025-03-16,CUST5837,Office Supplies,East,657.9,0.26,103.1,24,No,15.671074631402949
ORD06741,2024-09-03,CUST6142,Clothing,North,3092.22,0.38,541.0,61,Yes,17.49552101726268
ORD06742,2025-03-27,CUST2348,Electronics,East,1119.56,0.37,98.4,54,Yes,8.789167172817894
ORD06743,2024-01-12,CUST7219,Office Supplies,North,1348.21,0.16,242.86,42,Yes,18.013514215144525
ORD06744,2024-09-18,CUST5014,Home,South,643.85,0.39,48.35,61,No,7.509513085345966
ORD06745,2024-02-24,CUST2953,Home,West,3269.1,0.24,620.53,42,No,18.981676914135388
ORD06746,2024-07-08,CUST6013,Office Supplies,West,2301.75,0.15,267.28,49,Yes,11.61203432171174
ORD06747,2025-06-19,CUST4469,Furniture,East,3640.01,0.39,539.59,47,Yes,14.823860374009962
ORD06748,2024-10-11,CUST4816,Furniture,East,4800.3,0.09,741.63,41,Yes,15.449659396287732
ORD06749,2025-03-30,CUST6160,Office Supplies,East,2535.79,0.16,349.17,26,Yes,13.769673356232182
ORD06750,2024-03-18,CUST1173,Office Supplies,West,4990.08,0.19,443.29,40,No,8.883424714633833
ORD06751,2025-04-19,CUST7940,Furniture,North,1553.38,0.06,403.18,19,Yes,25.95501422704039
ORD06752,2025-12-30,CUST2548,Home,North,1818.68,0.39,193.85,29,Yes,10.658829480722282
ORD06753,2024-04-01,CUST9996,Furniture,West,1742.44,0.36,186.22,44,No,10.687312045178025
ORD06754,2025-12-31,CUST9305,Clothing,West,4713.17,0.15,530.79,35,Yes,11.261847122000692
ORD06755,2025-04-24,CUST1034,Furniture,West,2510.2,0.28,425.05,27,No,16.932913712054816
ORD06756,2024-10-16,CUST1112,Office Supplies,South,4101.92,0.37,590.26,45,Yes,14.389846705932833
ORD06757,2025-09-10,CUST9030,Office Supplies,East,3885.09,0.05,1034.1,54,No,26.617144004385995
ORD06758,2025-11-21,CUST6524,Office Supplies,North,4471.26,0.26,410.59,28,No,9.182870152932281
ORD06759,2024-05-11,CUST9303,Furniture,North,4626.86,0.4,504.6,18,No,10.905884336245316
ORD06760,2025-11-11,CUST8802,Furniture,West,520.62,0.06,54.18,47,Yes,10.406822634551112
ORD06761,2025-07-20,CUST5239,Furniture,North,2753.68,0.2,343.47,25,Yes,12.473126870224574
ORD06762,2025-12-16,CUST3504,Clothing,North,1240.0,0.14,213.12,61,Yes,17.18709677419355
ORD06763,2024-08-20,CUST7040,Office Supplies,East,4546.95,0.32,278.47,40,Yes,6.124325097043074
ORD06764,2025-08-29,CUST4322,Office Supplies,South,1786.19,0.34,84.14,54,No,4.710585100129325
ORD06765,2025-11-09,CUST8515,Office Supplies,North,821.11,0.07,127.49,24,Yes,15.526543337677046
ORD06766,2024-10-28,CUST4152,Clothing,North,456.73,0.14,109.42,57,Yes,23.957261401703413
ORD06767,2025-06-22,CUST8377,Office Supplies,North,4851.66,0.38,191.91,37,Yes,3.955553356995338
ORD06768,2024-11-30,CUST9574,Clothing,West,3087.64,0.08,239.63,47,Yes,7.760943633325129
ORD06769,2024-04-11,CUST6453,Electronics,North,4300.58,0.32,363.43,22,Yes,8.450720600477144
ORD06770,2024-03-27,CUST4843,Home,North,4599.68,0.24,131.93,45,Yes,2.8682430082092667
ORD06771,2025-02-18,CUST3279,Electronics,South,3793.51,0.12,765.7,64,No,20.184472955125994
ORD06772,2024-08-03,CUST5685,Home,South,3537.19,0.37,296.04,36,No,8.369355335732601
ORD06773,2024-02-16,CUST7370,Home,East,1742.26,0.33,150.09,58,No,8.614672896123427
ORD06774,2025-02-14,CUST4371,Office Supplies,North,2920.65,0.27,150.77,60,No,5.162207042952768
ORD06775,2024-01-17,CUST2858,Home,North,3201.04,0.02,665.43,25,No,20.787931422287755
ORD06776,2025-03-26,CUST9313,Home,West,3285.65,0.1,571.0,38,Yes,17.378600885669503
ORD06777,2024-09-24,CUST5605,Furniture,North,3721.45,0.32,620.66,38,Yes,16.677907804753524
ORD06778,2024-11-05,CUST8330,Electronics,West,537.14,0.1,90.64,57,Yes,16.874557843392786
ORD06779,2025-10-27,CUST7686,Furniture,West,4067.75,0.04,328.53,29,No,8.07645504271403
ORD06780,2025-12-01,CUST3795,Clothing,West,1613.42,0.33,187.42,28,Yes,11.61631813167061
ORD06781,2024-01-23,CUST4533,Clothing,South,4479.15,0.07,698.24,29,Yes,15.588671957849145
ORD06782,2025-04-28,CUST7793,Furniture,South,1877.11,0.24,219.29,28,Yes,11.682320162377271
ORD06783,2025-11-18,CUST4592,Office Supplies,West,933.53,0.24,145.08,46,Yes,15.54101100125331
ORD06784,2024-04-14,CUST2734,Electronics,West,2225.38,0.26,216.84,44,No,9.743953841591098
ORD06785,2025-02-28,CUST1265,Electronics,East,2731.92,0.38,318.35,47,Yes,11.652976661102816
ORD06786,2024-02-02,CUST2055,Furniture,North,4681.25,0.17,994.61,26,Yes,21.24667556742323
ORD06787,2025-11-23,CUST2033,Home,North,3641.55,0.18,613.5,52,Yes,16.84722165012151
ORD06788,2024-01-28,CUST9247,Clothing,South,2772.16,0.21,508.83,49,No,18.355001154334527
ORD06789,2025-04-07,CUST1430,Home,North,4852.97,0.05,1181.16,65,Yes,24.338909987080076
ORD06790,2025-05-19,CUST1617,Clothing,East,219.72,0.34,17.25,40,No,7.8509011469142544
ORD06791,2025-12-28,CUST7650,Electronics,South,1229.55,0.28,225.49,56,Yes,18.33922979952015
ORD06792,2025-09-01,CUST6867,Furniture,North,3155.75,0.04,412.37,36,Yes,13.067258179513585
ORD06793,2024-03-24,CUST9405,Furniture,North,4905.59,0.03,974.08,33,Yes,19.856531018695
ORD06794,2025-08-21,CUST3937,Furniture,East,207.66,0.21,10.39,33,No,5.003370894731773
ORD06795,2024-08-10,CUST5163,Home,West,181.47,0.03,21.27,43,Yes,11.720945610844767
ORD06796,2024-09-16,CUST6914,Office Supplies,West,1381.57,0.22,95.35,53,No,6.9015685053960345
ORD06797,2024-03-16,CUST9765,Home,West,2483.52,0.34,329.1,36,Yes,13.251352918438347
ORD06798,2025-09-22,CUST7788,Clothing,North,3134.34,0.06,413.69,30,No,13.198631928890931
ORD06799,2025-05-21,CUST3417,Furniture,South,4723.51,0.25,889.0,19,Yes,18.820749823753946
ORD06800,2024-05-21,CUST2489,Furniture,West,4622.66,0.29,858.07,35,No,18.562256363219447
ORD06801,2024-03-29,CUST6684,Clothing,West,520.8,0.07,69.16,24,Yes,13.27956989247312
ORD06802,2024-09-02,CUST5922,Furniture,South,1334.0,0.34,94.71,20,Yes,7.099700149925036
ORD06803,2024-07-12,CUST8510,Electronics,East,4173.89,0.07,1062.96,50,Yes,25.466890598458512
ORD06804,2024-11-17,CUST8025,Furniture,West,2537.44,0.3,346.85,53,Yes,13.669288731950314
ORD06805,2024-03-13,CUST7893,Office Supplies,East,1023.92,0.22,53.35,23,Yes,5.210367997499805
ORD06806,2025-04-05,CUST2119,Electronics,South,277.77,0.15,22.7,19,Yes,8.172228822407028
ORD06807,2024-05-02,CUST3461,Office Supplies,West,2535.96,0.1,415.26,44,Yes,16.374863956844745
ORD06808,2025-08-19,CUST7902,Home,North,4941.39,0.32,723.85,46,Yes,14.648712204460686
ORD06809,2024-02-14,CUST4219,Home,East,959.68,0.02,124.55,29,Yes,12.978284428142715
ORD06810,2024-05-29,CUST5541,Furniture,East,377.22,0.35,45.79,22,Yes,12.138804941413497
ORD06811,2024-09-14,CUST5706,Electronics,South,905.1,0.29,120.57,21,Yes,13.321179980112694
ORD06812,2024-04-09,CUST8559,Electronics,South,1143.54,0.05,191.43,43,Yes,16.74012277664096
ORD06813,2024-05-05,CUST9981,Home,West,835.78,0.36,143.1,59,No,17.12173059896145
ORD06814,2024-04-06,CUST9963,Clothing,South,915.8,0.1,142.11,57,No,15.51758025769819
ORD06815,2024-10-05,CUST5290,Office Supplies,East,3972.07,0.31,625.91,45,Yes,15.757778689700835
ORD06816,2024-05-13,CUST6068,Home,West,3926.78,0.15,241.16,22,Yes,6.141418668731123
ORD06817,2025-12-11,CUST5847,Home,East,642.16,0.13,139.54,29,Yes,21.729786968979695
ORD06818,2024-06-20,CUST6177,Office Supplies,South,1043.34,0.26,99.81,62,Yes,9.56639254701248
ORD06819,2024-08-19,CUST8711,Office Supplies,North,3486.38,0.15,684.34,39,No,19.628956109202093
ORD06820,2025-04-19,CUST9961,Furniture,North,4156.32,0.21,679.73,19,Yes,16.354130577048927
ORD06821,2024-02-13,CUST4446,Home,West,3534.4,0.04,331.7,19,Yes,9.384902670891805
ORD06822,2025-11-23,CUST1517,Electronics,East,4319.07,0.1,344.25,24,No,7.970465864179095
ORD06823,2025-09-29,CUST8287,Furniture,West,486.37,0.27,11.91,44,Yes,2.4487530069700023
ORD06824,2024-05-20,CUST4747,Clothing,East,3732.35,0.17,762.34,41,Yes,20.42520128069447
ORD06825,2024-04-25,CUST2165,Electronics,South,1804.07,0.35,135.59,54,No,7.515783755619239
ORD06826,2025-09-19,CUST3388,Electronics,West,3691.46,0.23,512.89,27,Yes,13.893960655133741
ORD06827,2024-09-14,CUST1216,Clothing,West,438.27,0.29,7.11,20,No,1.6222876309124514
ORD06828,2024-11-06,CUST6703,Furniture,North,4793.36,0.16,1172.43,26,No,24.459460587145553
ORD06829,2025-01-20,CUST7035,Furniture,South,3475.11,0.36,73.05,35,No,2.1020917323480406
ORD06830,2024-04-17,CUST1928,Furniture,North,3635.76,0.31,53.03,31,No,1.4585671221422756
ORD06831,2025-08-08,CUST3693,Home,North,3030.27,0.1,523.81,53,Yes,17.285918416510736
ORD06832,2024-01-22,CUST3221,Furniture,South,3093.07,0.08,399.25,21,Yes,12.907887632675626
ORD06833,2025-11-04,CUST9054,Clothing,South,1157.46,0.05,281.5,28,Yes,24.3204948767128
ORD06834,2025-11-10,CUST1005,Office Supplies,North,2162.74,0.31,446.62,22,Yes,20.650656112154028
ORD06835,2024-03-21,CUST3778,Electronics,West,3077.6,0.33,47.95,35,No,1.5580322329087601
ORD06836,2024-03-07,CUST9180,Electronics,South,2580.62,0.39,304.62,56,No,11.804140090365882
ORD06837,2024-02-12,CUST7812,Clothing,North,2949.82,0.14,402.8,20,Yes,13.655070478876677
ORD06838,2024-12-21,CUST7498,Electronics,West,3040.27,0.38,446.63,61,No,14.690471569959247
ORD06839,2024-07-24,CUST5344,Electronics,North,1907.01,0.37,122.58,37,Yes,6.427863514087498
ORD06840,2024-11-27,CUST3446,Furniture,East,1667.43,0.3,182.13,39,Yes,10.922797358809664
ORD06841,2024-09-04,CUST7868,Office Supplies,West,1510.91,0.12,172.26,52,No,11.40107617263768
ORD06842,2025-09-24,CUST5582,Office Supplies,North,261.85,0.25,33.88,53,Yes,12.938705365667365
ORD06843,2025-04-25,CUST2575,Electronics,North,4116.94,0.25,806.26,50,Yes,19.58396284619159
ORD06844,2024-10-31,CUST2220,Home,South,2593.97,0.39,412.62,24,No,15.906891752795909
ORD06845,2025-03-15,CUST7617,Furniture,North,2118.44,0.09,405.25,62,Yes,19.12964256717207
ORD06846,2025-12-12,CUST2812,Furniture,South,293.06,0.03,67.08,43,Yes,22.88951068040674
ORD06847,2024-10-31,CUST8333,Home,East,1522.82,0.3,56.75,62,Yes,3.7266387360292095
ORD06848,2025-10-08,CUST3719,Home,South,3143.69,0.39,48.98,63,Yes,1.5580416644134758
ORD06849,2024-04-25,CUST6340,Home,West,3927.06,0.33,799.06,20,Yes,20.347537343457955
ORD06850,2025-07-01,CUST1337,Electronics,South,845.4,0.25,33.54,25,Yes,3.9673527324343505
ORD06851,2025-02-15,CUST7458,Clothing,South,3045.24,0.25,350.66,31,Yes,11.515020162614443
ORD06852,2024-05-08,CUST4679,Electronics,South,2233.02,0.02,358.86,43,Yes,16.07061289195798
ORD06853,2025-12-16,CUST6967,Furniture,South,913.0,0.08,174.09,61,No,19.06790799561884
ORD06854,2024-04-08,CUST5489,Office Supplies,South,1158.01,0.38,188.05,62,Yes,16.23906529304583
ORD06855,2025-11-24,CUST1662,Furniture,West,361.08,0.35,72.98,42,No,20.211587459842693
ORD06856,2025-03-01,CUST6468,Electronics,South,2515.81,0.26,195.74,37,Yes,7.780396770821326
ORD06857,2024-05-25,CUST8948,Clothing,West,877.79,0.11,194.75,40,Yes,22.186399936203422
ORD06858,2025-08-24,CUST5796,Electronics,South,1819.73,0.23,92.34,56,No,5.074379166140032
ORD06859,2024-03-10,CUST9870,Clothing,West,4549.84,0.02,873.75,50,Yes,19.203972007806865
ORD06860,2025-12-26,CUST7814,Clothing,North,2897.79,0.15,459.69,63,Yes,15.86346836727299
ORD06861,2024-10-04,CUST4580,Clothing,West,1181.76,0.18,78.65,42,No,6.655327646899541
ORD06862,2024-06-25,CUST5464,Home,North,1578.71,0.25,181.02,42,No,11.466323770673526
ORD06863,2025-08-16,CUST3942,Furniture,East,2458.85,0.39,15.1,21,Yes,0.6141082213229762
ORD06864,2025-07-22,CUST4224,Electronics,South,3202.06,0.15,436.64,60,No,13.636221682292025
ORD06865,2024-05-18,CUST5327,Clothing,North,3108.84,0.21,675.16,52,Yes,21.717425148930143
ORD06866,2024-12-25,CUST9519,Furniture,South,472.77,0.14,88.6,54,Yes,18.740613829134674
ORD06867,2024-10-23,CUST9321,Office Supplies,North,897.87,0.38,145.11,31,Yes,16.16158241170771
ORD06868,2025-11-18,CUST8527,Office Supplies,North,4554.25,0.15,983.06,49,Yes,21.585551956963275
ORD06869,2025-02-03,CUST2994,Home,North,3133.35,0.22,588.24,56,Yes,18.773517162142756
ORD06870,2025-07-26,CUST7501,Electronics,North,2893.05,0.09,563.2,40,Yes,19.46734415236515
ORD06871,2025-05-18,CUST8544,Furniture,West,4153.5,0.11,632.24,59,Yes,15.22186108101601
ORD06872,2024-11-14,CUST8102,Electronics,South,453.29,0.37,58.85,56,Yes,12.982858655606785
ORD06873,2024-12-30,CUST1409,Home,West,4128.28,0.16,900.2,48,Yes,21.805691474415497
ORD06874,2025-03-13,CUST6699,Clothing,North,697.77,0.08,180.7,36,Yes,25.896785473723433
ORD06875,2025-06-09,CUST2347,Office Supplies,East,2394.62,0.24,238.17,43,No,9.94604571915377
ORD06876,2025-09-03,CUST5808,Home,East,4703.69,0.17,610.12,57,No,12.971092907908474
ORD06877,2025-12-21,CUST6884,Clothing,East,2560.31,0.3,345.9,54,Yes,13.510082763415369
ORD06878,2025-05-27,CUST8372,Clothing,East,4965.37,0.39,604.16,55,No,12.167471910451788
ORD06879,2024-01-18,CUST5546,Furniture,North,4106.84,0.34,354.22,52,Yes,8.625122965589114
ORD06880,2024-10-20,CUST1577,Furniture,West,1710.92,0.24,320.81,51,No,18.75073060108012
ORD06881,2025-08-19,CUST4948,Office Supplies,North,1091.53,0.3,30.07,30,No,2.7548486986157044
ORD06882,2024-02-20,CUST7804,Electronics,North,1155.12,0.18,236.79,41,Yes,20.499168917515064
ORD06883,2024-11-04,CUST7932,Office Supplies,North,2911.85,0.29,66.95,56,Yes,2.2992255782406374
ORD06884,2024-02-03,CUST1042,Office Supplies,South,1487.1,0.03,336.26,24,No,22.611794768341067
ORD06885,2024-07-24,CUST4723,Furniture,South,2513.62,0.15,319.56,20,No,12.71313881971022
ORD06886,2025-04-17,CUST7043,Furniture,South,2580.85,0.22,529.9,54,Yes,20.531995272875214
ORD06887,2025-06-19,CUST3523,Clothing,West,1289.81,0.23,128.27,57,Yes,9.94487560183283
ORD06888,2024-11-30,CUST6432,Office Supplies,North,1693.42,0.29,364.86,45,No,21.545747658584403
ORD06889,2025-01-06,CUST6781,Office Supplies,North,2644.8,0.08,199.73,45,Yes,7.551799758015728
ORD06890,2024-06-12,CUST9079,Clothing,East,4785.24,0.16,678.46,44,Yes,14.178181240648327
ORD06891,2025-06-24,CUST8445,Office Supplies,East,1624.66,0.26,308.59,59,Yes,18.994128002166605
ORD06892,2025-09-02,CUST1931,Clothing,East,4966.36,0.29,609.63,50,Yes,12.275187461239218
ORD06893,2024-10-24,CUST7853,Electronics,North,3877.37,0.33,537.54,37,Yes,13.863520891738471
ORD06894,2024-12-24,CUST6991,Furniture,North,4891.8,0.19,394.08,53,Yes,8.055930332392984
ORD06895,2024-08-27,CUST6190,Electronics,East,1211.07,0.24,178.55,36,Yes,14.743161006382788
ORD06896,2025-06-08,CUST9841,Home,East,1669.81,0.19,368.93,41,Yes,22.094130469933706
ORD06897,2024-11-16,CUST6314,Home,North,1362.93,0.36,236.86,46,No,17.37873551833183
ORD06898,2024-09-20,CUST8658,Electronics,South,4635.78,0.09,1064.36,46,Yes,22.95967453157829
ORD06899,2024-01-24,CUST4713,Home,South,3051.84,0.05,480.93,63,No,15.758689839572193
ORD06900,2024-02-09,CUST1476,Office Supplies,East,1190.18,0.38,131.9,58,No,11.082357290493874
ORD06901,2024-05-18,CUST5547,Home,North,2400.56,0.07,326.93,39,Yes,13.61890558869597
ORD06902,2024-03-03,CUST8805,Furniture,North,2496.29,0.13,291.16,54,Yes,11.663708944073004
ORD06903,2025-11-24,CUST8239,Clothing,South,1634.88,0.29,347.79,42,No,21.27312096300646
ORD06904,2024-08-25,CUST2635,Office Supplies,East,2832.85,0.26,127.97,22,Yes,4.517358843567433
ORD06905,2024-12-30,CUST7875,Furniture,North,2031.6,0.35,10.21,51,Yes,0.5025595589683008
ORD06906,2024-05-15,CUST1531,Electronics,East,4077.9,0.16,894.81,43,Yes,21.942911792834547
ORD06907,2025-03-02,CUST4673,Office Supplies,West,2853.27,0.18,605.6,39,Yes,21.224770175973536
ORD06908,2025-06-27,CUST3784,Office Supplies,East,1906.54,0.4,205.64,57,Yes,10.78603123983761
ORD06909,2024-06-03,CUST5587,Office Supplies,West,1888.52,0.33,133.21,56,No,7.053671658229725
ORD06910,2024-02-05,CUST4633,Office Supplies,South,1762.43,0.31,209.54,58,Yes,11.88926652406053
ORD06911,2024-12-04,CUST2046,Home,South,4924.89,0.11,397.58,50,Yes,8.072870663101105
ORD06912,2024-01-13,CUST8555,Furniture,East,3147.9,0.03,474.58,60,Yes,15.076082467676862
ORD06913,2024-11-21,CUST1625,Electronics,East,2857.15,0.05,275.99,65,No,9.659625850935374
ORD06914,2025-07-30,CUST6886,Office Supplies,West,3130.24,0.15,466.37,37,No,14.898857595583726
ORD06915,2024-09-14,CUST8961,Electronics,East,1723.34,0.34,221.79,29,Yes,12.869776132394072
ORD06916,2025-03-24,CUST2951,Office Supplies,South,4547.61,0.4,152.84,36,No,3.360886267731842
ORD06917,2024-05-06,CUST7346,Electronics,West,3924.78,0.04,545.52,38,Yes,13.899377799519971
ORD06918,2025-01-19,CUST6806,Home,South,476.02,0.37,17.54,24,Yes,3.6847191294483426
ORD06919,2025-09-05,CUST9576,Electronics,South,1039.12,0.06,232.98,29,Yes,22.420894603125724
ORD06920,2025-06-02,CUST4946,Clothing,South,3860.27,0.2,319.57,27,No,8.278436482422213
ORD06921,2024-12-20,CUST8632,Electronics,North,2455.67,0.1,278.64,58,Yes,11.34680148391274
ORD06922,2024-09-12,CUST6953,Furniture,East,598.96,0.2,79.87,50,Yes,13.33478028582877
ORD06923,2025-12-29,CUST7372,Electronics,East,2558.92,0.14,613.54,55,No,23.976521344942395
ORD06924,2024-08-11,CUST8452,Clothing,North,669.11,0.08,155.14,39,Yes,23.18602322488081
ORD06925,2024-05-02,CUST5151,Clothing,East,1072.69,0.18,66.93,45,Yes,6.239454082726604
ORD06926,2025-04-24,CUST9205,Clothing,West,2760.26,0.25,513.48,52,Yes,18.602595407678983
ORD06927,2024-02-21,CUST5899,Home,East,4865.55,0.3,989.33,27,Yes,20.33336416232492
ORD06928,2024-11-15,CUST1654,Clothing,North,3955.57,0.0,382.25,36,Yes,9.66358830712135
ORD06929,2024-01-09,CUST2693,Home,North,2966.08,0.34,278.71,40,Yes,9.396577300679684
ORD06930,2025-12-08,CUST7775,Clothing,East,2261.0,0.08,351.79,21,Yes,15.55904467049978
ORD06931,2025-12-03,CUST9142,Home,West,2979.81,0.38,-4.55,19,No,-0.15269429930096215
ORD06932,2024-10-06,CUST1778,Furniture,East,3864.87,0.06,1025.12,46,No,26.52404867434092
ORD06933,2024-04-05,CUST5013,Furniture,South,3845.51,0.34,237.17,32,Yes,6.167452431537038
ORD06934,2024-09-02,CUST3855,Furniture,South,2793.42,0.06,241.5,39,Yes,8.645316493760337
ORD06935,2024-01-11,CUST7898,Home,East,2874.25,0.21,190.2,20,Yes,6.617378446551274
ORD06936,2025-03-03,CUST9725,Home,West,4231.83,0.38,65.94,33,Yes,1.5581911371676083
ORD06937,2025-11-26,CUST8437,Office Supplies,South,3510.64,0.07,852.36,26,Yes,24.279333682747307
ORD06938,2024-03-20,CUST5059,Electronics,West,4824.72,0.0,1081.23,62,Yes,22.41021240610854
ORD06939,2025-09-15,CUST1589,Home,North,3755.18,0.34,70.97,38,No,1.8899227200826592
ORD06940,2025-05-15,CUST1828,Home,West,3081.01,0.19,298.84,33,Yes,9.699416749702207
ORD06941,2025-02-03,CUST9512,Electronics,South,967.01,0.07,205.32,63,Yes,21.232458816351432
ORD06942,2024-03-05,CUST6862,Clothing,West,3634.19,0.09,474.63,54,Yes,13.06013169371992
ORD06943,2024-10-06,CUST7339,Clothing,South,3638.1,0.01,704.79,41,Yes,19.372474643357794
ORD06944,2024-11-01,CUST1340,Home,South,1034.69,0.08,219.38,43,Yes,21.20248576868434
ORD06945,2025-02-08,CUST3317,Home,South,1713.69,0.09,396.17,19,Yes,23.1179501543453
ORD06946,2025-03-08,CUST1301,Electronics,South,1662.97,0.15,399.6,18,No,24.0292969807032
ORD06947,2024-07-21,CUST3233,Electronics,East,3811.34,0.27,227.06,57,Yes,5.957484769136314
ORD06948,2025-10-23,CUST2344,Furniture,North,4651.02,0.13,623.84,62,No,13.41297177823359
ORD06949,2024-08-29,CUST7260,Home,East,1036.26,0.12,213.77,41,Yes,20.62899272383379
ORD06950,2025-06-25,CUST8455,Home,North,1351.32,0.22,60.09,57,Yes,4.446763164905426
ORD06951,2025-01-23,CUST2310,Home,West,4148.87,0.34,817.42,46,Yes,19.702232174061855
ORD06952,2025-10-06,CUST9319,Office Supplies,East,1059.11,0.04,189.05,28,No,17.849892834549767
ORD06953,2024-08-30,CUST6175,Home,North,3496.48,0.35,506.35,51,Yes,14.481707317073173
ORD06954,2025-10-17,CUST9319,Electronics,West,1199.61,0.11,276.87,47,Yes,23.080001000325108
ORD06955,2025-11-16,CUST8961,Clothing,South,4423.49,0.18,249.41,19,No,5.638308213650308
ORD06956,2024-07-25,CUST3369,Home,East,2049.69,0.29,412.77,34,Yes,20.138167235045298
ORD06957,2025-04-26,CUST8558,Home,West,2669.59,0.2,157.66,25,Yes,5.905775793286609
ORD06958,2024-07-02,CUST1173,Office Supplies,East,4239.92,0.07,885.72,56,Yes,20.890016792769675
ORD06959,2024-07-13,CUST8926,Furniture,East,568.97,0.09,136.31,55,Yes,23.957326396822324
ORD06960,2025-12-09,CUST4251,Office Supplies,East,4155.81,0.07,835.02,51,Yes,20.092833887978514
ORD06961,2024-12-10,CUST1962,Electronics,North,4800.6,0.34,596.19,50,Yes,12.41907261592301
ORD06962,2025-06-18,CUST1256,Electronics,North,1739.78,0.16,353.46,43,Yes,20.316361838853187
ORD06963,2025-01-31,CUST6306,Furniture,West,3506.79,0.0,807.48,37,Yes,23.026186341354915
ORD06964,2025-04-10,CUST2400,Home,South,3504.55,0.13,631.72,55,Yes,18.025709434877516
ORD06965,2025-04-14,CUST3176,Home,East,1179.67,0.14,270.99,21,Yes,22.971678520264142
ORD06966,2024-04-04,CUST6132,Furniture,North,1198.28,0.1,156.3,47,Yes,13.043695964215377
ORD06967,2024-03-21,CUST1954,Home,South,2816.1,0.27,264.0,31,Yes,9.374667092787899
ORD06968,2025-12-07,CUST8266,Furniture,South,3189.0,0.0,607.64,50,Yes,19.054248980871748
ORD06969,2024-06-30,CUST3407,Home,West,2655.61,0.07,645.12,64,Yes,24.292723705664613
ORD06970,2025-11-05,CUST4892,Furniture,East,1919.63,0.17,298.86,44,Yes,15.568625203815317
ORD06971,2025-02-07,CUST6428,Home,North,1095.6,0.18,191.94,49,Yes,17.519167579408546
ORD06972,2025-01-20,CUST7005,Home,East,3245.83,0.07,398.57,57,Yes,12.279447783771793
ORD06973,2025-04-14,CUST6893,Clothing,South,712.21,0.33,20.27,64,Yes,2.846070681400149
ORD06974,2024-01-16,CUST7481,Office Supplies,East,3093.02,0.2,714.86,49,Yes,23.112039366056475
ORD06975,2024-06-03,CUST3607,Office Supplies,West,4661.2,0.19,473.87,21,Yes,10.166266197545697
ORD06976,2024-01-15,CUST8909,Office Supplies,North,2975.9,0.33,178.25,52,Yes,5.989784602977251
ORD06977,2025-10-10,CUST2861,Electronics,West,811.05,0.27,128.92,57,Yes,15.89544417730103
ORD06978,2025-06-28,CUST5591,Home,South,2191.76,0.05,580.87,46,Yes,26.50244552323247
ORD06979,2025-04-16,CUST7450,Furniture,East,3925.17,0.24,733.31,27,Yes,18.682248157404647
ORD06980,2024-06-27,CUST9041,Furniture,East,2739.94,0.03,700.57,18,Yes,25.56880807608926
ORD06981,2025-01-18,CUST4510,Office Supplies,South,4850.43,0.15,1028.01,33,Yes,21.19420340052325
ORD06982,2025-12-12,CUST8186,Home,South,852.98,0.08,99.35,34,Yes,11.647400876925602
ORD06983,2025-06-09,CUST9398,Furniture,North,3088.71,0.23,482.85,25,No,15.632739881698186
ORD06984,2024-07-06,CUST1480,Home,East,420.18,0.02,110.95,53,Yes,26.4053500880575
ORD06985,2025-02-12,CUST8103,Electronics,South,3132.37,0.38,331.91,43,No,10.596130086803285
ORD06986,2024-10-10,CUST8388,Home,East,833.8,0.23,46.35,50,Yes,5.558887023266971
ORD06987,2025-12-09,CUST6162,Clothing,West,1310.51,0.15,230.01,62,No,17.551182364117786
ORD06988,2024-09-18,CUST5940,Office Supplies,West,194.75,0.27,34.59,54,Yes,17.7612323491656
ORD06989,2024-08-29,CUST7640,Clothing,South,3870.9,0.05,1006.35,65,No,25.997829962024337
ORD06990,2025-04-11,CUST1665,Office Supplies,East,1851.07,0.07,218.21,36,No,11.78831702744899
ORD06991,2024-12-13,CUST4917,Furniture,North,4520.58,0.26,749.84,41,Yes,16.587252078273142
ORD06992,2024-01-14,CUST8864,Office Supplies,South,857.07,0.02,82.57,44,Yes,9.633985555438878
ORD06993,2024-01-12,CUST3560,Office Supplies,North,2936.12,0.19,422.63,37,Yes,14.394166450962494
ORD06994,2024-10-08,CUST6337,Office Supplies,East,2408.53,0.05,432.43,58,No,17.954104785906754
ORD06995,2025-08-10,CUST3266,Office Supplies,West,4011.93,0.3,84.96,31,Yes,2.117684007447787
ORD06996,2024-08-17,CUST7159,Home,West,1218.79,0.34,221.49,58,Yes,18.17294201626203
ORD06997,2025-02-28,CUST5999,Furniture,West,1990.02,0.12,219.66,24,No,11.038080019296288
ORD06998,2025-02-13,CUST5988,Electronics,East,2564.23,0.15,525.93,62,Yes,20.510250640543163
ORD06999,2025-05-04,CUST1113,Electronics,East,1091.05,0.37,166.68,39,No,15.27702671738234
ORD07000,2024-12-26,CUST4282,Office Supplies,South,225.29,0.35,34.65,24,Yes,15.380176661192241
ORD07001,2025-06-30,CUST6626,Home,South,4106.73,0.21,335.64,25,Yes,8.172925904551798
ORD07002,2024-11-16,CUST2054,Home,North,3785.3,0.22,760.03,59,Yes,20.078461416532374
ORD07003,2025-08-22,CUST1531,Electronics,East,3814.66,0.13,378.7,60,Yes,9.927490261255263
ORD07004,2025-08-31,CUST2228,Office Supplies,South,3389.36,0.29,93.84,44,Yes,2.7686642906035357
ORD07005,2024-02-26,CUST9391,Clothing,South,403.42,0.33,31.35,45,Yes,7.771057458727877
ORD07006,2024-10-29,CUST5742,Office Supplies,South,4000.48,0.11,621.06,58,Yes,15.524637043554772
ORD07007,2025-03-03,CUST2319,Electronics,South,3824.57,0.35,480.59,52,Yes,12.565857076743267
ORD07008,2024-07-15,CUST7279,Office Supplies,West,2673.46,0.08,198.77,46,No,7.434934504350169
ORD07009,2025-01-04,CUST8227,Furniture,East,888.86,0.23,96.17,63,Yes,10.819476632990572
ORD07010,2024-12-12,CUST2957,Furniture,East,211.29,0.35,19.16,32,No,9.068105447489232
ORD07011,2025-04-19,CUST1173,Clothing,North,2946.87,0.08,320.1,38,Yes,10.862372619083978
ORD07012,2025-03-28,CUST7469,Office Supplies,East,1642.14,0.33,236.17,57,Yes,14.381843204598876
ORD07013,2025-10-30,CUST4434,Furniture,North,1491.55,0.34,213.64,49,No,14.323354899265864
ORD07014,2025-10-12,CUST8287,Clothing,West,1146.48,0.28,246.33,35,No,21.48576512455516
ORD07015,2025-06-28,CUST1085,Home,South,3007.27,0.31,341.99,22,Yes,11.372108257655615
ORD07016,2025-10-18,CUST4108,Office Supplies,West,233.53,0.04,59.3,23,Yes,25.392883141352286
ORD07017,2024-05-17,CUST9019,Office Supplies,West,4258.96,0.21,390.75,57,Yes,9.174775062456563
ORD07018,2025-12-23,CUST3556,Furniture,West,4317.34,0.06,977.98,60,No,22.652373915420142
ORD07019,2024-09-28,CUST4768,Clothing,West,1082.58,0.37,168.18,58,Yes,15.535110569195812
ORD07020,2024-08-28,CUST3660,Clothing,North,1506.41,0.09,355.19,57,Yes,23.57857422614029
ORD07021,2025-09-29,CUST5288,Office Supplies,East,2402.89,0.09,520.85,38,Yes,21.6759818385361
ORD07022,2024-07-22,CUST6684,Office Supplies,North,1212.85,0.14,227.6,50,Yes,18.76571711258606
ORD07023,2024-02-22,CUST1581,Clothing,South,1366.62,0.36,97.43,65,No,7.129267828657565
ORD07024,2024-03-17,CUST3790,Furniture,North,3318.67,0.18,620.93,26,No,18.71020619706087
ORD07025,2025-11-22,CUST5891,Office Supplies,West,3654.78,0.13,205.98,30,No,5.635906949255495
ORD07026,2024-09-10,CUST1392,Furniture,North,4440.08,0.06,407.67,55,Yes,9.181591322678871
ORD07027,2025-12-03,CUST7396,Furniture,East,1184.37,0.34,174.13,60,Yes,14.70233119717656
ORD07028,2024-08-07,CUST2969,Office Supplies,West,290.06,0.32,31.8,56,No,10.963248982969041
ORD07029,2024-08-08,CUST1143,Electronics,North,3092.77,0.05,470.88,47,Yes,15.22518648331431
ORD07030,2025-02-12,CUST6478,Home,East,2951.87,0.21,427.58,43,No,14.485055236172325
ORD07031,2024-12-25,CUST6298,Electronics,East,3367.98,0.07,558.55,61,No,16.584124608815966
ORD07032,2025-03-17,CUST6667,Office Supplies,West,473.15,0.36,3.4,48,Yes,0.7185881855648314
ORD07033,2024-12-21,CUST5898,Office Supplies,West,3093.97,0.39,315.84,24,Yes,10.208243777412191
ORD07034,2025-06-17,CUST8507,Electronics,East,1099.37,0.13,64.48,54,Yes,5.865177328833788
ORD07035,2024-02-01,CUST9311,Electronics,North,4390.43,0.09,483.23,19,Yes,11.006439004835517
ORD07036,2025-08-09,CUST8677,Electronics,South,850.8,0.02,229.71,49,Yes,26.999294781382233
ORD07037,2024-04-04,CUST6533,Electronics,East,4510.13,0.22,246.2,65,Yes,5.458822694689509
ORD07038,2024-12-17,CUST7585,Furniture,South,4672.02,0.05,333.69,48,Yes,7.142306753823827
ORD07039,2025-12-16,CUST6093,Office Supplies,West,3337.85,0.32,386.01,49,Yes,11.564629926449662
ORD07040,2025-01-16,CUST4471,Furniture,North,1381.84,0.05,245.93,25,Yes,17.797284779714005
ORD07041,2024-06-14,CUST1783,Furniture,South,2037.11,0.33,312.46,54,Yes,15.33839606108654
ORD07042,2025-06-13,CUST1667,Electronics,North,1406.27,0.2,208.73,28,No,14.842811124464006
ORD07043,2025-09-30,CUST5591,Home,West,587.64,0.05,64.71,34,Yes,11.011843986113947
ORD07044,2025-08-23,CUST6016,Clothing,South,3439.72,0.1,316.83,38,Yes,9.210924144988546
ORD07045,2024-06-02,CUST6042,Home,South,1633.72,0.22,102.43,32,No,6.269740224763118
ORD07046,2024-05-02,CUST8848,Office Supplies,East,1484.05,0.2,87.7,37,No,5.909504396752132
ORD07047,2025-08-18,CUST4704,Home,South,444.53,0.09,74.23,40,Yes,16.698535531910107
ORD07048,2025-05-03,CUST1131,Home,East,1856.65,0.03,237.02,20,Yes,12.766003285487301
ORD07049,2025-04-11,CUST1855,Office Supplies,South,2447.3,0.19,229.71,20,No,9.386262411637315
ORD07050,2024-04-07,CUST6348,Office Supplies,East,1938.49,0.32,99.79,33,No,5.147821242307157
ORD07051,2025-03-04,CUST2503,Office Supplies,West,3692.42,0.39,11.61,52,Yes,0.3144279361502754
ORD07052,2024-08-08,CUST6505,Home,South,1139.85,0.22,161.36,21,Yes,14.156248629205601
ORD07053,2024-02-06,CUST3166,Furniture,West,745.24,0.15,78.35,25,Yes,10.513391659062851
ORD07054,2024-07-24,CUST9086,Office Supplies,North,568.77,0.37,33.8,62,Yes,5.94264817061378
ORD07055,2025-09-02,CUST1819,Clothing,North,4229.64,0.08,619.45,48,Yes,14.645454459481186
ORD07056,2024-03-24,CUST2976,Furniture,East,1536.59,0.16,209.5,24,Yes,13.634085865455328
ORD07057,2024-03-03,CUST3726,Home,West,4506.16,0.16,1095.45,64,Yes,24.31005556837751
ORD07058,2025-07-14,CUST5780,Furniture,East,1655.62,0.09,384.97,27,Yes,23.25231635278627
ORD07059,2025-06-01,CUST8016,Furniture,North,4113.53,0.03,1004.49,33,Yes,24.419172827231115
ORD07060,2025-06-20,CUST7408,Furniture,North,704.91,0.2,26.05,38,Yes,3.695507227873062
ORD07061,2024-05-27,CUST3145,Office Supplies,South,4576.86,0.17,615.15,26,Yes,13.440437330396824
ORD07062,2024-03-10,CUST7580,Clothing,West,4400.06,0.07,587.63,62,Yes,13.355045158475109
ORD07063,2025-03-08,CUST6026,Office Supplies,North,3942.93,0.28,181.65,57,Yes,4.60698008841141
ORD07064,2024-03-06,CUST8381,Clothing,North,3355.46,0.2,391.61,41,No,11.670829036853368
ORD07065,2024-06-07,CUST4114,Furniture,South,1046.22,0.33,136.4,46,Yes,13.037410869606775
ORD07066,2025-03-09,CUST5022,Home,North,2254.43,0.27,241.13,54,Yes,10.695829988067938
ORD07067,2025-03-04,CUST3637,Furniture,East,1806.39,0.17,363.12,38,Yes,20.10197133509375
ORD07068,2024-09-03,CUST9347,Electronics,South,984.76,0.13,144.74,43,Yes,14.697997481619888
ORD07069,2024-01-27,CUST9336,Furniture,East,2309.63,0.24,507.14,49,Yes,21.957629577031817
ORD07070,2024-03-23,CUST5552,Electronics,West,1738.75,0.28,264.77,59,Yes,15.22760603882099
ORD07071,2025-09-09,CUST8256,Clothing,North,1913.37,0.11,308.95,55,No,16.14690310812859
ORD07072,2025-06-16,CUST6496,Home,South,4050.85,0.22,373.91,50,Yes,9.230408432798056
ORD07073,2024-02-23,CUST7069,Electronics,North,2289.48,0.23,165.38,44,Yes,7.223474326047836
ORD07074,2024-02-28,CUST6044,Electronics,North,2295.52,0.04,406.13,44,Yes,17.692287586254967
ORD07075,2025-02-04,CUST6752,Home,North,936.19,0.39,131.24,19,No,14.018521881242055
ORD07076,2025-08-23,CUST5487,Furniture,West,3609.94,0.14,508.13,52,Yes,14.075857216463431
ORD07077,2024-07-26,CUST4905,Electronics,South,1067.45,0.29,185.45,51,Yes,17.373179071619276
ORD07078,2024-08-25,CUST9335,Clothing,South,1849.01,0.21,77.4,65,Yes,4.1860238722343315
ORD07079,2025-06-03,CUST3736,Office Supplies,South,3304.43,0.31,201.86,30,No,6.108769137188562
ORD07080,2024-11-09,CUST7098,Electronics,South,1724.51,0.1,199.54,63,Yes,11.570823016393062
ORD07081,2024-11-17,CUST2060,Furniture,North,986.97,0.31,152.17,54,Yes,15.417895174118765
ORD07082,2024-11-26,CUST6051,Home,North,3769.86,0.27,269.07,38,Yes,7.137400327863634
ORD07083,2025-02-19,CUST2748,Furniture,East,3713.32,0.0,987.28,60,Yes,26.58752814193229
ORD07084,2024-03-24,CUST9194,Electronics,West,4240.71,0.23,858.36,30,No,20.240950218241757
ORD07085,2025-07-21,CUST9569,Electronics,East,2790.44,0.12,365.53,32,No,13.09936784163071
ORD07086,2024-01-21,CUST1135,Clothing,North,3042.43,0.36,159.79,63,No,5.252051813846169
ORD07087,2025-01-10,CUST4356,Clothing,East,4025.07,0.03,423.63,26,Yes,10.52478590434452
ORD07088,2024-03-01,CUST9384,Office Supplies,East,3074.38,0.33,607.65,22,Yes,19.764960740051652
ORD07089,2024-04-06,CUST4784,Clothing,South,4337.36,0.34,43.54,34,Yes,1.0038364350664921
ORD07090,2025-07-02,CUST2815,Home,West,1447.43,0.02,331.71,43,Yes,22.91717043311248
ORD07091,2024-04-25,CUST9781,Clothing,West,699.6,0.02,82.94,18,Yes,11.855345911949684
ORD07092,2025-04-03,CUST5466,Furniture,East,3147.48,0.13,293.54,61,Yes,9.326191111619455
ORD07093,2024-09-14,CUST9775,Office Supplies,East,2377.55,0.13,410.02,36,Yes,17.245483796344974
ORD07094,2025-09-21,CUST7395,Clothing,East,1975.51,0.01,243.44,52,Yes,12.322893835009694
ORD07095,2024-03-27,CUST9575,Electronics,South,3436.27,0.17,231.62,24,Yes,6.74044821856257
ORD07096,2025-06-23,CUST2592,Office Supplies,North,3208.65,0.28,243.64,37,No,7.5932245648481445
ORD07097,2024-01-30,CUST3946,Office Supplies,East,4011.05,0.34,665.21,65,No,16.584435496939705
ORD07098,2024-06-09,CUST8627,Home,West,3334.89,0.02,547.45,21,No,16.41583380561278
ORD07099,2025-05-26,CUST7851,Home,West,1167.94,0.39,74.38,57,Yes,6.368477832765381
ORD07100,2025-04-09,CUST9040,Home,South,2365.17,0.32,233.03,26,Yes,9.852568737130946
ORD07101,2024-09-07,CUST3382,Office Supplies,North,3001.66,0.15,456.34,63,Yes,15.202921050352138
ORD07102,2024-12-18,CUST4970,Clothing,North,1392.51,0.36,82.89,42,Yes,5.9525604843053195
ORD07103,2024-11-06,CUST5594,Electronics,South,2691.02,0.1,625.68,43,No,23.250663317255167
ORD07104,2024-09-16,CUST4179,Furniture,North,1583.56,0.03,126.12,58,Yes,7.964333526989821
ORD07105,2025-09-29,CUST7250,Furniture,South,1840.55,0.24,101.65,27,Yes,5.522805683083861
ORD07106,2025-11-11,CUST7501,Clothing,West,2415.54,0.01,667.01,61,Yes,27.613287298078276
ORD07107,2024-10-05,CUST4544,Home,North,3136.27,0.11,431.31,64,No,13.752323620096485
ORD07108,2024-11-25,CUST1913,Clothing,North,954.73,0.35,141.72,55,Yes,14.84398730531145
ORD07109,2024-06-05,CUST5851,Office Supplies,West,4857.73,0.37,483.14,43,Yes,9.945797728568694
ORD07110,2025-07-20,CUST8458,Office Supplies,West,805.77,0.11,140.1,45,No,17.38709557317845
ORD07111,2024-10-21,CUST6096,Clothing,North,4104.7,0.26,782.57,52,No,19.06521792091992
ORD07112,2025-07-24,CUST7301,Electronics,North,1506.03,0.32,81.23,24,Yes,5.393650856888641
ORD07113,2024-03-05,CUST2200,Home,East,341.31,0.03,60.53,31,Yes,17.734610764407723
ORD07114,2025-08-26,CUST8043,Clothing,West,2659.58,0.17,382.35,21,Yes,14.3763300972334
ORD07115,2025-03-05,CUST1318,Electronics,East,2651.65,0.24,589.46,53,No,22.22993230629985
ORD07116,2024-03-27,CUST2928,Office Supplies,South,1994.72,0.15,102.57,48,No,5.142075078206465
ORD07117,2024-10-24,CUST5017,Electronics,North,3460.68,0.36,106.72,63,Yes,3.0837870013985693
ORD07118,2025-01-24,CUST5912,Clothing,East,4558.82,0.1,309.89,44,Yes,6.797592359426343
ORD07119,2025-08-31,CUST4978,Home,West,1200.14,0.33,104.14,46,Yes,8.67732097921909
ORD07120,2024-12-06,CUST4044,Furniture,East,1582.19,0.09,203.81,53,Yes,12.881512334169726
ORD07121,2025-05-29,CUST3911,Furniture,South,3695.56,0.16,641.36,21,No,17.35487990994599
ORD07122,2025-12-09,CUST8498,Home,East,4305.95,0.03,1170.69,42,Yes,27.18772860808881
ORD07123,2025-09-16,CUST6294,Office Supplies,East,1305.29,0.04,316.83,65,Yes,24.27276697132438
ORD07124,2025-12-20,CUST8572,Office Supplies,South,3087.8,0.32,489.54,23,Yes,15.854006088477233
ORD07125,2025-09-05,CUST8632,Electronics,West,4837.49,0.29,373.0,47,No,7.710610254491483
ORD07126,2024-10-30,CUST8174,Electronics,East,3679.1,0.01,601.6,34,Yes,16.351825174635103
ORD07127,2025-07-27,CUST5189,Furniture,West,2141.52,0.27,252.5,49,Yes,11.790690724345325
ORD07128,2025-08-07,CUST8049,Home,North,4823.99,0.37,799.84,33,No,16.58046554822875
ORD07129,2025-12-18,CUST3368,Furniture,East,523.41,0.26,29.18,52,No,5.574979461607535
ORD07130,2024-05-04,CUST8583,Electronics,North,2660.27,0.02,265.74,60,Yes,9.989211621376779
ORD07131,2024-03-29,CUST1834,Electronics,West,1022.76,0.19,135.51,46,No,13.249442684500762
ORD07132,2024-08-01,CUST1829,Clothing,East,2878.64,0.38,87.26,34,Yes,3.031292554817553
ORD07133,2025-06-18,CUST1231,Home,South,1579.57,0.11,184.39,56,Yes,11.673430110726336
ORD07134,2024-06-04,CUST2345,Electronics,East,1287.68,0.12,307.86,46,No,23.908113817097416
ORD07135,2024-06-18,CUST5074,Furniture,East,932.93,0.1,63.26,56,Yes,6.780787411702914
ORD07136,2024-12-31,CUST6636,Electronics,East,2162.36,0.1,494.13,64,Yes,22.851421594924062
ORD07137,2024-02-04,CUST7971,Electronics,East,4523.81,0.12,848.51,31,Yes,18.756534867733173
ORD07138,2024-11-05,CUST3144,Office Supplies,West,2293.61,0.2,201.32,40,Yes,8.777429467084637
ORD07139,2024-09-01,CUST1981,Furniture,South,440.87,0.01,59.4,63,No,13.47335949372831
ORD07140,2025-07-17,CUST5290,Office Supplies,East,4281.75,0.12,1015.79,55,Yes,23.723711099433643
ORD07141,2024-11-28,CUST9793,Clothing,North,2890.02,0.21,410.54,21,Yes,14.205438024650348
ORD07142,2024-12-05,CUST2613,Home,West,3452.72,0.28,314.39,61,Yes,9.10557473528117
ORD07143,2024-02-10,CUST4149,Clothing,South,2169.78,0.34,94.85,21,Yes,4.371410926453372
ORD07144,2025-03-16,CUST9618,Home,South,1616.98,0.07,306.57,44,No,18.959418174621824
ORD07145,2025-08-23,CUST8166,Clothing,South,830.47,0.03,80.13,23,Yes,9.648753115705563
ORD07146,2025-04-09,CUST2687,Clothing,North,2554.27,0.08,249.12,35,No,9.75308013639905
ORD07147,2025-09-27,CUST3561,Electronics,West,2522.31,0.09,193.77,51,Yes,7.682243657599582
ORD07148,2024-06-25,CUST3196,Home,North,3936.79,0.35,791.47,41,Yes,20.104450580295115
ORD07149,2024-06-11,CUST9973,Home,South,2014.19,0.19,254.84,19,Yes,12.652232411043645
ORD07150,2024-06-27,CUST6976,Clothing,South,365.1,0.23,23.51,34,Yes,6.439331689947959
ORD07151,2025-06-10,CUST6738,Office Supplies,East,1814.32,0.02,269.51,33,Yes,14.854601172891222
ORD07152,2025-02-19,CUST4780,Office Supplies,West,4978.95,0.13,1102.67,65,Yes,22.146637343214937
ORD07153,2025-05-18,CUST5734,Clothing,North,3378.69,0.32,554.4,39,No,16.408726459071417
ORD07154,2024-04-26,CUST4360,Clothing,North,3548.72,0.22,399.75,44,Yes,11.264624991546249
ORD07155,2025-02-19,CUST2627,Clothing,West,3571.31,0.2,759.89,27,No,21.27762641719705
ORD07156,2025-06-01,CUST8318,Electronics,East,3998.9,0.29,328.64,64,Yes,8.218260021505913
ORD07157,2024-07-07,CUST8669,Home,East,3876.33,0.25,482.53,23,No,12.448114582607776
ORD07158,2024-06-23,CUST6894,Office Supplies,North,4445.47,0.27,222.03,55,Yes,4.99452251392991
ORD07159,2024-01-19,CUST3994,Home,West,3818.0,0.36,332.46,33,Yes,8.707700366684128
ORD07160,2024-05-26,CUST1014,Office Supplies,East,4463.6,0.29,380.97,35,Yes,8.535038981987633
ORD07161,2025-04-25,CUST3168,Electronics,West,1549.61,0.08,223.35,60,No,14.413303992617498
ORD07162,2025-10-11,CUST7062,Office Supplies,South,4846.53,0.29,927.94,41,Yes,19.14648212226067
ORD07163,2024-10-22,CUST4778,Office Supplies,South,2202.28,0.13,484.16,37,No,21.98448880251376
ORD07164,2024-10-09,CUST8828,Office Supplies,West,2895.89,0.36,339.46,58,Yes,11.722130329535997
ORD07165,2025-11-12,CUST6944,Home,South,1611.58,0.22,240.46,26,Yes,14.9207609923181
ORD07166,2024-08-08,CUST4994,Furniture,North,2004.78,0.12,337.95,32,Yes,16.857211265076465
ORD07167,2025-06-19,CUST1854,Clothing,North,2519.7,0.04,552.45,23,Yes,21.925229193951665
ORD07168,2025-12-12,CUST7619,Clothing,South,3600.78,0.18,262.0,56,No,7.2762012675031515
ORD07169,2025-12-21,CUST1859,Office Supplies,West,2514.37,0.06,614.08,31,No,24.42281764418125
ORD07170,2024-04-27,CUST7934,Home,West,427.12,0.26,80.52,29,No,18.851844914778045
ORD07171,2025-10-20,CUST1034,Office Supplies,South,2089.34,0.38,1.42,64,No,0.0679640460623929
ORD07172,2025-01-06,CUST3074,Furniture,North,1179.24,0.28,184.67,44,Yes,15.660086157185981
ORD07173,2025-01-22,CUST6154,Office Supplies,West,3773.49,0.15,194.43,63,Yes,5.152524585993338
ORD07174,2024-04-16,CUST6309,Office Supplies,East,1070.5,0.29,58.92,46,Yes,5.503970107426436
ORD07175,2024-09-29,CUST8253,Home,East,4472.64,0.07,1058.14,41,Yes,23.658063246762538
ORD07176,2024-07-03,CUST7400,Clothing,East,1610.47,0.32,103.34,55,Yes,6.416760324625731
ORD07177,2025-05-19,CUST6017,Office Supplies,North,1924.46,0.16,283.35,19,No,14.723610779127652
ORD07178,2025-02-24,CUST7186,Furniture,North,2071.6,0.12,218.23,64,No,10.534369569414945
ORD07179,2025-08-20,CUST5520,Clothing,South,3957.72,0.0,1033.36,26,Yes,26.10998251518551
ORD07180,2024-11-24,CUST7175,Clothing,West,201.65,0.31,25.19,25,Yes,12.49194148276717
ORD07181,2024-10-16,CUST5020,Furniture,North,1289.75,0.02,188.79,30,Yes,14.637720488466757
ORD07182,2024-01-29,CUST9493,Home,East,956.13,0.33,87.64,27,Yes,9.1661175781536
ORD07183,2024-05-11,CUST7185,Clothing,South,1452.29,0.36,183.02,52,Yes,12.602166234016623
ORD07184,2025-12-01,CUST9836,Home,West,364.7,0.15,31.86,42,Yes,8.73594735398958
ORD07185,2025-04-12,CUST4670,Furniture,South,686.71,0.34,135.59,33,Yes,19.74487046933931
ORD07186,2025-06-19,CUST8429,Electronics,North,2857.71,0.31,391.77,22,Yes,13.709228718099457
ORD07187,2024-07-24,CUST7734,Office Supplies,West,2787.44,0.09,605.27,61,No,21.714189363717246
ORD07188,2024-09-16,CUST9784,Office Supplies,North,2780.75,0.11,541.75,53,Yes,19.482154095118222
ORD07189,2024-01-27,CUST1620,Clothing,East,430.58,0.21,15.15,21,Yes,3.5185099168563334
ORD07190,2025-02-21,CUST6591,Office Supplies,South,2679.71,0.19,311.87,63,Yes,11.638199655932919
ORD07191,2024-10-10,CUST5144,Electronics,East,4200.74,0.35,116.62,33,Yes,2.776177530625557
ORD07192,2025-10-30,CUST7958,Furniture,South,2577.06,0.13,351.24,53,No,13.629484761705198
ORD07193,2024-06-16,CUST2900,Furniture,West,1379.4,0.26,122.48,62,Yes,8.879222850514717
ORD07194,2024-12-18,CUST3234,Home,South,4734.82,0.26,195.52,44,Yes,4.129407242513972
ORD07195,2025-11-13,CUST5087,Home,North,1508.68,0.05,315.38,19,Yes,20.904366731182225
ORD07196,2025-11-14,CUST1076,Office Supplies,North,2272.61,0.22,371.5,47,No,16.34684349712445
ORD07197,2025-06-18,CUST5726,Clothing,South,1482.31,0.38,62.91,64,No,4.244051514190689
ORD07198,2024-09-03,CUST4732,Electronics,East,1950.15,0.13,174.93,34,Yes,8.970079224675025
ORD07199,2025-07-22,CUST3983,Furniture,West,3958.86,0.11,1003.92,52,Yes,25.35881541655931
ORD07200,2024-11-09,CUST5087,Office Supplies,East,4387.04,0.16,334.45,27,Yes,7.623591305299245
ORD07201,2024-12-07,CUST6185,Home,North,2750.3,0.36,62.95,18,Yes,2.2888412173217465
ORD07202,2025-06-04,CUST2870,Electronics,North,4498.85,0.14,1019.72,61,No,22.66623692721473
ORD07203,2024-12-13,CUST3977,Electronics,East,438.48,0.38,49.18,37,No,11.216018974639663
ORD07204,2025-05-28,CUST4884,Clothing,East,3383.16,0.18,700.29,63,No,20.699287057070904
ORD07205,2024-06-06,CUST7517,Office Supplies,North,1961.05,0.16,314.52,61,Yes,16.038346804008054
ORD07206,2024-08-13,CUST9391,Office Supplies,West,4107.6,0.25,394.95,31,Yes,9.615103710195735
ORD07207,2024-03-08,CUST1202,Electronics,West,1897.68,0.19,299.36,61,Yes,15.775051642004975
ORD07208,2024-07-10,CUST6422,Furniture,North,413.77,0.01,106.88,22,Yes,25.830775551634964
ORD07209,2025-10-04,CUST8454,Electronics,West,785.82,0.16,116.75,18,Yes,14.85709195490061
ORD07210,2025-10-31,CUST8147,Electronics,South,3079.85,0.14,752.33,45,Yes,24.427488351705442
ORD07211,2025-01-28,CUST2436,Furniture,North,1601.48,0.39,168.31,45,Yes,10.509653570447336
ORD07212,2025-10-15,CUST7438,Electronics,West,3061.34,0.18,566.84,36,Yes,18.516074660116157
ORD07213,2024-05-23,CUST9690,Electronics,South,692.01,0.13,64.86,50,No,9.372696926344995
ORD07214,2025-09-06,CUST8406,Electronics,South,4142.85,0.14,819.58,23,Yes,19.78299962586142
ORD07215,2025-08-31,CUST6776,Home,East,4759.03,0.02,541.63,31,Yes,11.381100770535173
ORD07216,2025-03-06,CUST6870,Home,North,507.93,0.23,112.09,26,Yes,22.068001496269172
ORD07217,2025-03-01,CUST1781,Office Supplies,South,387.23,0.14,51.93,18,No,13.41063450662397
ORD07218,2025-03-29,CUST8645,Furniture,East,1177.44,0.21,49.7,26,No,4.221021877972551
ORD07219,2024-05-17,CUST8357,Electronics,West,2751.2,0.19,210.51,58,Yes,7.651570223902297
ORD07220,2025-12-22,CUST8751,Furniture,East,2433.75,0.2,253.79,62,Yes,10.42794042116076
ORD07221,2025-04-25,CUST5434,Clothing,East,1877.69,0.14,155.73,27,No,8.293701303197013
ORD07222,2025-10-17,CUST8702,Office Supplies,East,4835.67,0.1,865.44,29,Yes,17.897002897220034
ORD07223,2025-09-05,CUST8569,Electronics,West,1288.8,0.17,194.61,37,Yes,15.100093109869647
ORD07224,2025-09-13,CUST6259,Clothing,West,1449.26,0.38,68.99,55,No,4.760360459820874
ORD07225,2024-02-21,CUST3660,Home,North,2020.19,0.0,246.9,58,No,12.221622718655176
ORD07226,2024-01-31,CUST2552,Furniture,West,2759.42,0.22,228.61,46,Yes,8.28471200469664
ORD07227,2025-11-04,CUST6969,Office Supplies,East,3231.21,0.16,535.55,28,No,16.574286412829867
ORD07228,2024-03-28,CUST1542,Home,South,2856.38,0.13,635.68,57,No,22.2547420161183
ORD07229,2025-01-04,CUST3913,Electronics,West,2979.64,0.17,368.51,29,Yes,12.367601455209353
ORD07230,2025-01-13,CUST2961,Clothing,West,1224.7,0.09,315.19,34,Yes,25.73609863640075
ORD07231,2024-03-01,CUST1101,Office Supplies,South,1667.97,0.09,273.99,43,Yes,16.426554434432276
ORD07232,2024-05-22,CUST5136,Clothing,North,560.84,0.15,115.47,44,No,20.588759717566507
ORD07233,2024-12-11,CUST9785,Electronics,East,3557.59,0.15,605.09,46,Yes,17.008424242253888
ORD07234,2024-11-05,CUST9312,Office Supplies,South,2869.6,0.31,390.61,32,Yes,13.612001672706997
ORD07235,2024-04-09,CUST9142,Office Supplies,North,2743.45,0.24,458.67,18,Yes,16.718730066157576
ORD07236,2025-08-31,CUST1805,Home,West,1980.52,0.04,509.76,61,Yes,25.738694888211178
ORD07237,2024-04-26,CUST2984,Furniture,West,4689.93,0.28,825.83,19,No,17.608578379634665
ORD07238,2024-10-10,CUST3522,Furniture,West,4789.32,0.24,289.04,21,Yes,6.035094752490959
ORD07239,2025-01-14,CUST5321,Office Supplies,East,3830.91,0.22,297.4,30,Yes,7.763168542200156
ORD07240,2025-05-15,CUST1348,Clothing,North,1831.38,0.08,454.95,31,Yes,24.84192248468368
ORD07241,2025-02-17,CUST9566,Clothing,West,4878.3,0.01,588.17,58,No,12.056864071500316
ORD07242,2024-04-16,CUST3855,Home,South,4737.27,0.21,529.68,28,Yes,11.181123305194763
ORD07243,2025-10-26,CUST2469,Clothing,North,1212.26,0.39,157.35,18,Yes,12.979888802732088
ORD07244,2025-04-29,CUST3211,Furniture,West,1558.5,0.21,340.11,48,Yes,21.822906641000962
ORD07245,2024-11-22,CUST3139,Office Supplies,South,2824.52,0.18,197.67,30,No,6.99835724300058
ORD07246,2025-06-04,CUST1134,Office Supplies,East,4266.18,0.06,758.39,27,Yes,17.776793290484694
ORD07247,2025-05-12,CUST7966,Furniture,West,1979.93,0.09,305.01,33,Yes,15.405090078942186
ORD07248,2025-12-23,CUST7082,Home,South,574.81,0.04,107.08,64,No,18.628764287329727
ORD07249,2025-07-21,CUST8807,Electronics,North,2622.93,0.3,204.98,55,Yes,7.814924530963465
ORD07250,2025-10-13,CUST7179,Electronics,West,4769.07,0.37,-0.9,47,Yes,-0.018871603897615257
ORD07251,2024-09-12,CUST2339,Furniture,East,2492.86,0.28,304.83,27,No,12.228123520775332
ORD07252,2024-11-19,CUST2009,Home,North,493.8,0.16,119.47,39,Yes,24.194005670311867
ORD07253,2025-12-29,CUST9206,Office Supplies,South,3358.49,0.11,572.39,43,No,17.04307590613639
ORD07254,2024-05-13,CUST5734,Furniture,West,1112.0,0.01,288.79,42,No,25.970323741007196
ORD07255,2025-09-17,CUST2866,Office Supplies,North,704.27,0.39,113.97,52,Yes,16.182714015931392
ORD07256,2025-10-27,CUST7442,Office Supplies,East,2246.95,0.15,162.17,26,Yes,7.217339059614143
ORD07257,2024-03-20,CUST1735,Furniture,East,3612.36,0.02,594.92,22,Yes,16.469011947867873
ORD07258,2024-12-08,CUST2061,Electronics,North,4210.99,0.17,363.05,20,No,8.621488058627543
ORD07259,2025-07-25,CUST1120,Clothing,East,1007.24,0.07,208.05,25,Yes,20.65545450935229
ORD07260,2025-10-25,CUST1263,Furniture,West,757.06,0.35,142.42,24,No,18.812247378014952
ORD07261,2025-04-18,CUST3129,Office Supplies,East,285.6,0.32,42.42,30,Yes,14.852941176470589
ORD07262,2024-06-24,CUST6996,Clothing,West,4573.37,0.18,228.9,46,Yes,5.005061912768921
ORD07263,2024-12-30,CUST2969,Electronics,North,3538.47,0.0,830.18,29,Yes,23.461552591939455
ORD07264,2025-01-22,CUST3967,Furniture,East,3577.71,0.39,609.42,64,Yes,17.033800950887578
ORD07265,2024-03-03,CUST1735,Electronics,North,4031.67,0.03,426.74,51,Yes,10.584695672016807
ORD07266,2025-09-15,CUST8984,Office Supplies,South,1175.91,0.34,16.67,20,No,1.4176254985500591
ORD07267,2024-09-25,CUST6746,Clothing,West,4225.94,0.34,72.73,58,Yes,1.7210372130224285
ORD07268,2025-05-12,CUST5005,Furniture,East,1944.42,0.25,232.81,46,Yes,11.97323623496981
ORD07269,2024-01-20,CUST9271,Clothing,North,2185.13,0.2,507.53,33,Yes,23.22653572098685
ORD07270,2024-11-14,CUST1511,Electronics,South,3261.63,0.23,331.07,38,Yes,10.150446249268004
ORD07271,2024-08-22,CUST4991,Furniture,East,1158.99,0.12,152.4,48,Yes,13.149380063676134
ORD07272,2025-05-31,CUST6341,Office Supplies,South,1969.14,0.37,33.86,33,No,1.719532384695857
ORD07273,2025-08-26,CUST9903,Office Supplies,North,1198.13,0.12,148.22,25,Yes,12.370944722192082
ORD07274,2025-01-03,CUST9010,Office Supplies,North,437.74,0.1,42.88,40,No,9.795769178050898
ORD07275,2025-03-06,CUST6240,Home,West,4753.08,0.06,864.88,33,Yes,18.196201200063957
ORD07276,2025-03-29,CUST6664,Office Supplies,South,2559.87,0.34,299.22,33,No,11.688874825674743
ORD07277,2025-09-16,CUST8634,Furniture,West,1986.66,0.22,98.52,43,Yes,4.959077043882697
ORD07278,2024-05-21,CUST9462,Home,East,4147.09,0.23,489.94,58,Yes,11.814067213395417
ORD07279,2024-01-13,CUST5201,Furniture,East,2693.79,0.23,152.26,63,No,5.652259456008077
ORD07280,2025-03-02,CUST8619,Clothing,East,2028.16,0.05,483.43,50,Yes,23.835890659514043
ORD07281,2024-05-15,CUST6132,Office Supplies,West,4228.39,0.06,1038.36,45,No,24.556864433034793
ORD07282,2025-11-28,CUST7123,Home,South,1635.27,0.15,248.14,39,Yes,15.174252569912003
ORD07283,2025-10-14,CUST5746,Home,West,2554.85,0.07,535.13,65,No,20.94565238663718
ORD07284,2024-12-08,CUST3832,Clothing,North,4627.8,0.39,161.38,61,No,3.4871861359609317
ORD07285,2025-03-02,CUST1331,Office Supplies,South,644.59,0.23,96.11,55,Yes,14.91025302905723
ORD07286,2025-05-10,CUST3107,Clothing,North,275.14,0.28,38.86,35,Yes,14.123718834048121
ORD07287,2025-02-16,CUST8133,Office Supplies,South,4025.79,0.29,331.99,36,Yes,8.246580174326033
ORD07288,2024-04-24,CUST9337,Home,South,4230.82,0.32,741.3,28,Yes,17.521426106523087
ORD07289,2024-02-16,CUST7974,Home,West,2145.44,0.12,509.23,53,Yes,23.735457528525615
ORD07290,2025-06-28,CUST5927,Electronics,South,2172.62,0.29,275.51,50,Yes,12.681002660382395
ORD07291,2024-07-20,CUST5105,Furniture,West,3143.82,0.18,452.31,32,Yes,14.38727408057713
ORD07292,2025-10-21,CUST4864,Furniture,North,2988.06,0.19,371.98,57,No,12.448879875236777
ORD07293,2024-01-04,CUST8264,Furniture,North,3326.36,0.36,108.36,64,Yes,3.257614930434469
ORD07294,2025-06-04,CUST8294,Electronics,West,2157.85,0.06,159.18,32,Yes,7.376787079732142
ORD07295,2024-07-13,CUST9777,Electronics,East,721.34,0.14,142.53,48,No,19.75905952810048
ORD07296,2025-12-17,CUST3344,Clothing,East,2825.12,0.24,147.78,48,Yes,5.230928243756018
ORD07297,2024-08-01,CUST5099,Office Supplies,North,4897.56,0.28,544.76,49,No,11.123089865157343
ORD07298,2025-01-03,CUST4138,Furniture,North,234.86,0.37,36.2,37,Yes,15.413437792727583
ORD07299,2024-10-08,CUST9533,Home,South,1479.58,0.25,238.09,35,Yes,16.09172873382987
ORD07300,2024-03-02,CUST1447,Electronics,East,3773.31,0.07,974.68,64,No,25.83090178119476
ORD07301,2024-03-05,CUST2791,Office Supplies,East,2695.9,0.09,664.4,37,Yes,24.64483103972699
ORD07302,2025-03-29,CUST9555,Office Supplies,North,1564.88,0.4,273.25,58,Yes,17.461402791268338
ORD07303,2024-06-17,CUST8606,Office Supplies,South,3074.58,0.04,758.78,51,Yes,24.67914316752207
ORD07304,2024-05-31,CUST9168,Home,North,927.71,0.23,56.98,55,Yes,6.142005583641439
ORD07305,2024-08-25,CUST3948,Clothing,East,567.53,0.11,43.78,53,Yes,7.714129649533946
ORD07306,2025-03-06,CUST6069,Furniture,East,3564.67,0.25,229.39,19,Yes,6.43509777903705
ORD07307,2024-05-14,CUST7945,Clothing,East,2747.4,0.24,422.53,61,Yes,15.37926767125282
ORD07308,2025-10-25,CUST5825,Office Supplies,North,4672.29,0.36,132.36,18,No,2.832872103401116
ORD07309,2025-05-28,CUST6253,Clothing,North,4413.99,0.08,915.12,21,Yes,20.732262646720994
ORD07310,2024-07-28,CUST2014,Home,North,1586.58,0.26,329.59,37,Yes,20.7736136847811
ORD07311,2025-03-02,CUST4143,Furniture,West,4531.12,0.19,394.88,37,Yes,8.714843129292538
ORD07312,2025-10-01,CUST8599,Clothing,West,4307.32,0.37,655.48,65,Yes,15.21781525403267
ORD07313,2024-04-03,CUST5380,Office Supplies,West,4931.14,0.38,349.81,37,Yes,7.093897151571442
ORD07314,2025-03-09,CUST2426,Electronics,South,4879.43,0.23,845.46,44,Yes,17.327023853195968
ORD07315,2025-09-19,CUST8953,Office Supplies,North,2063.02,0.16,264.55,48,Yes,12.823433607042103
ORD07316,2024-02-03,CUST2323,Clothing,East,1613.81,0.27,240.42,61,No,14.897664532999547
ORD07317,2025-12-05,CUST1657,Office Supplies,North,2994.69,0.34,385.45,34,No,12.871115207250167
ORD07318,2024-06-30,CUST9804,Furniture,North,483.96,0.16,84.48,56,Yes,17.455988098189934
ORD07319,2025-05-12,CUST9684,Clothing,East,3475.5,0.32,207.33,48,Yes,5.965472593871386
ORD07320,2024-06-07,CUST3763,Electronics,North,633.1,0.38,53.46,32,No,8.444163639235509
ORD07321,2024-08-16,CUST7371,Electronics,East,2588.33,0.3,133.71,47,Yes,5.165879157603552
ORD07322,2025-12-15,CUST2105,Clothing,North,4910.48,0.05,406.77,46,Yes,8.283711571984817
ORD07323,2024-04-07,CUST1450,Home,West,2317.34,0.11,144.16,35,No,6.220925716554325
ORD07324,2025-01-20,CUST4021,Home,North,1576.01,0.19,243.39,21,Yes,15.443429927475078
ORD07325,2025-07-25,CUST7399,Clothing,North,1860.85,0.07,398.08,60,Yes,21.392374452535133
ORD07326,2025-07-04,CUST1011,Electronics,West,969.69,0.32,141.05,35,No,14.545885798554178
ORD07327,2025-06-26,CUST2551,Furniture,North,4291.61,0.16,791.22,50,No,18.436437607331516
ORD07328,2025-01-25,CUST5183,Office Supplies,West,1483.62,0.29,164.57,61,Yes,11.092463029616749
ORD07329,2025-12-29,CUST8292,Clothing,East,974.61,0.09,197.6,27,Yes,20.274776577297583
ORD07330,2025-02-14,CUST6944,Office Supplies,North,3188.03,0.27,646.37,24,Yes,20.274903310194695
ORD07331,2025-07-26,CUST6968,Clothing,East,596.59,0.4,38.59,31,Yes,6.468428904272616
ORD07332,2025-10-14,CUST8301,Office Supplies,East,2996.23,0.09,593.62,18,Yes,19.812230703250417
ORD07333,2024-03-15,CUST8734,Furniture,South,1611.48,0.04,292.16,23,Yes,18.129917839501577
ORD07334,2025-02-19,CUST1684,Clothing,South,1470.39,0.38,82.72,63,Yes,5.625718346833153
ORD07335,2025-09-10,CUST8943,Clothing,South,2719.54,0.13,651.71,29,Yes,23.963979202365106
ORD07336,2024-08-13,CUST4353,Furniture,East,505.26,0.09,68.82,37,Yes,13.620710129438308
ORD07337,2024-12-29,CUST3987,Furniture,South,2449.99,0.12,175.04,24,Yes,7.1445189572202334
ORD07338,2024-01-16,CUST2228,Office Supplies,West,803.48,0.37,22.89,36,No,2.8488574700054765
ORD07339,2024-02-23,CUST5369,Clothing,West,3811.7,0.3,471.9,18,No,12.38030275205289
ORD07340,2025-02-25,CUST6529,Furniture,West,1145.66,0.13,248.08,46,Yes,21.653893825393222
ORD07341,2025-04-26,CUST9397,Home,East,268.44,0.03,41.1,59,No,15.310683951721055
ORD07342,2025-11-01,CUST7954,Office Supplies,East,3015.34,0.02,261.32,27,Yes,8.666352716443253
ORD07343,2025-01-12,CUST2196,Furniture,West,4615.5,0.03,1122.0,32,No,24.30939226519337
ORD07344,2024-08-23,CUST6073,Clothing,East,3146.14,0.08,626.94,36,Yes,19.9272759635617
ORD07345,2025-06-09,CUST5164,Electronics,South,2861.35,0.25,445.73,63,No,15.577611966379507
ORD07346,2024-08-12,CUST5984,Clothing,South,2688.08,0.13,153.4,33,Yes,5.706675396565579
ORD07347,2025-04-16,CUST8580,Furniture,West,2591.99,0.09,189.1,31,Yes,7.295552837781011
ORD07348,2025-01-21,CUST9029,Home,West,1839.6,0.28,387.96,47,Yes,21.089367253750815
ORD07349,2025-03-15,CUST4497,Furniture,West,2259.15,0.15,355.43,35,Yes,15.732908394750236
ORD07350,2025-04-15,CUST4043,Home,West,4036.84,0.17,588.74,40,Yes,14.584179704917707
ORD07351,2024-07-07,CUST1489,Office Supplies,South,1590.13,0.11,335.93,20,No,21.125945677397446
ORD07352,2025-01-02,CUST8830,Office Supplies,East,3004.49,0.34,145.01,18,Yes,4.826443090175038
ORD07353,2024-01-27,CUST3553,Home,West,1413.11,0.19,292.35,28,No,20.688410668666986
ORD07354,2025-10-03,CUST7290,Clothing,South,941.36,0.01,261.51,38,Yes,27.780020396022774
ORD07355,2025-01-07,CUST7875,Office Supplies,South,3294.15,0.23,341.34,50,Yes,10.362005373161512
ORD07356,2024-09-08,CUST1736,Electronics,South,3785.61,0.26,506.49,56,Yes,13.379349695293493
ORD07357,2024-01-07,CUST5253,Office Supplies,South,3605.88,0.39,132.49,19,Yes,3.6742764595604958
ORD07358,2025-08-18,CUST3850,Home,North,3233.83,0.35,178.12,28,Yes,5.508019902097513
ORD07359,2024-03-17,CUST9606,Home,South,2630.64,0.38,134.3,54,Yes,5.10522154304656
ORD07360,2025-06-08,CUST7018,Clothing,South,3644.37,0.06,577.18,34,Yes,15.837579609095673
ORD07361,2025-09-08,CUST7676,Furniture,North,1783.05,0.14,332.8,58,Yes,18.664647654300218
ORD07362,2024-06-20,CUST2362,Furniture,North,2809.31,0.1,249.0,52,Yes,8.863386383133225
ORD07363,2025-10-03,CUST1377,Electronics,West,1294.13,0.27,120.81,61,Yes,9.335229072813394
ORD07364,2024-01-15,CUST2775,Electronics,East,411.12,0.09,64.01,45,Yes,15.569663358630084
ORD07365,2024-09-08,CUST1762,Furniture,North,1797.92,0.32,279.42,61,Yes,15.541292159829137
ORD07366,2024-03-29,CUST4312,Furniture,East,473.85,0.36,45.56,54,No,9.61485702226443
ORD07367,2024-11-22,CUST5807,Electronics,East,3536.04,0.02,329.24,22,No,9.310980645015327
ORD07368,2024-08-22,CUST7369,Electronics,North,1096.98,0.29,127.07,38,No,11.583620485332457
ORD07369,2024-02-26,CUST5011,Furniture,West,3978.24,0.28,131.51,44,Yes,3.3057331885456884
ORD07370,2025-06-10,CUST3680,Home,East,2092.38,0.1,535.6,25,Yes,25.597644787275737
ORD07371,2025-10-12,CUST1865,Home,East,4098.71,0.36,107.05,39,No,2.6117973703921478
ORD07372,2024-12-08,CUST3708,Clothing,West,3712.75,0.05,563.86,50,Yes,15.187125446097907
ORD07373,2024-03-10,CUST7669,Electronics,North,805.27,0.33,134.79,45,No,16.738485228556883
ORD07374,2024-03-24,CUST5184,Office Supplies,North,4605.92,0.02,715.86,36,Yes,15.542171813665892
ORD07375,2025-09-26,CUST3383,Clothing,East,1296.27,0.13,277.91,23,Yes,21.43920633818572
ORD07376,2024-06-17,CUST1367,Electronics,East,161.26,0.32,18.65,34,No,11.565174252759519
ORD07377,2024-01-09,CUST5709,Furniture,South,1653.66,0.36,51.11,49,Yes,3.090719978713883
ORD07378,2025-03-28,CUST3357,Electronics,South,433.17,0.03,99.31,45,Yes,22.9263337719602
ORD07379,2025-03-20,CUST4879,Clothing,South,2890.03,0.15,313.94,55,Yes,10.862863015262816
ORD07380,2024-10-29,CUST6022,Home,East,906.98,0.16,48.7,20,No,5.369467904474189
ORD07381,2024-08-18,CUST6468,Furniture,South,4289.41,0.08,1034.33,47,Yes,24.11357272911659
ORD07382,2025-12-29,CUST3534,Furniture,South,1578.64,0.04,112.6,42,Yes,7.132721836517508
ORD07383,2024-03-24,CUST9253,Home,West,3041.91,0.02,591.74,21,Yes,19.452909520663006
ORD07384,2025-04-01,CUST5915,Home,North,2045.84,0.17,400.33,58,Yes,19.56800140773472
ORD07385,2024-06-02,CUST1604,Furniture,East,3060.41,0.21,417.27,41,Yes,13.634447672043942
ORD07386,2024-07-08,CUST5719,Office Supplies,West,4460.14,0.13,822.06,44,Yes,18.43126000529131
ORD07387,2025-12-09,CUST9878,Home,North,4046.07,0.15,664.34,20,Yes,16.419389679367878
ORD07388,2025-09-26,CUST8793,Electronics,North,3002.33,0.35,248.85,29,Yes,8.288562549753026
ORD07389,2024-04-21,CUST7144,Home,West,2940.93,0.39,365.94,38,Yes,12.443002723628242
ORD07390,2024-06-11,CUST5931,Home,East,4076.7,0.36,207.26,31,No,5.084014030956411
ORD07391,2024-09-04,CUST9058,Furniture,East,820.84,0.33,85.4,46,Yes,10.403976414404756
ORD07392,2025-03-05,CUST9376,Clothing,North,172.0,0.15,28.58,60,No,16.61627906976744
ORD07393,2024-08-17,CUST1970,Furniture,West,3228.45,0.06,583.41,27,Yes,18.07090089671514
ORD07394,2025-09-19,CUST4328,Electronics,West,2857.13,0.17,259.56,63,Yes,9.084640880883963
ORD07395,2024-03-10,CUST7635,Office Supplies,South,4215.28,0.24,796.8,50,Yes,18.90265889810404
ORD07396,2024-11-12,CUST9555,Electronics,South,999.26,0.12,134.41,33,Yes,13.450953705742249
ORD07397,2025-10-09,CUST8269,Office Supplies,North,1747.8,0.01,359.76,31,Yes,20.583590799862684
ORD07398,2025-05-16,CUST4430,Furniture,North,4676.45,0.12,1114.17,32,Yes,23.825123758406484
ORD07399,2024-12-10,CUST6374,Office Supplies,South,1965.02,0.15,96.85,50,Yes,4.928703015745387
ORD07400,2025-11-14,CUST9493,Home,East,663.65,0.37,60.03,31,Yes,9.045430573344383
ORD07401,2024-03-02,CUST5772,Electronics,East,1484.26,0.1,160.73,27,Yes,10.828965275625563
ORD07402,2025-01-14,CUST3877,Office Supplies,South,1388.39,0.28,190.94,27,Yes,13.752619941082836
ORD07403,2025-03-19,CUST7108,Furniture,East,4602.84,0.32,437.56,60,No,9.506304803121552
ORD07404,2024-07-16,CUST5223,Electronics,South,3351.15,0.32,43.66,35,Yes,1.3028363397639615
ORD07405,2025-03-04,CUST9707,Office Supplies,East,3097.24,0.39,518.15,35,No,16.72941070114037
ORD07406,2024-12-20,CUST5715,Clothing,North,2544.2,0.06,581.44,28,Yes,22.85354924927286
ORD07407,2024-07-08,CUST5089,Office Supplies,East,511.83,0.2,58.83,42,Yes,11.49405075904109
ORD07408,2024-12-09,CUST2616,Furniture,South,1682.64,0.08,136.28,64,Yes,8.099177483002899
ORD07409,2024-06-28,CUST6181,Home,North,526.33,0.31,52.56,37,No,9.986130374479888
ORD07410,2025-05-06,CUST7071,Furniture,East,4492.05,0.28,953.08,43,No,21.21703899110651
ORD07411,2025-01-06,CUST3623,Furniture,East,4177.63,0.04,530.07,24,Yes,12.688294559355425
ORD07412,2025-08-10,CUST9794,Clothing,West,663.02,0.06,171.61,55,Yes,25.88308045006184
ORD07413,2024-12-24,CUST6810,Electronics,North,4337.13,0.12,562.46,22,Yes,12.968483766914987
ORD07414,2025-12-04,CUST3054,Furniture,North,1257.98,0.18,181.09,44,Yes,14.39530040223215
ORD07415,2025-11-05,CUST5854,Office Supplies,North,630.45,0.36,97.65,38,No,15.488936473947179
ORD07416,2024-04-24,CUST8713,Electronics,North,1056.61,0.14,121.54,32,Yes,11.502825072637966
ORD07417,2024-10-28,CUST4708,Clothing,West,475.89,0.15,77.32,41,Yes,16.247452142301793
ORD07418,2025-06-17,CUST6237,Electronics,West,2152.95,0.16,322.99,44,No,15.002206275110897
ORD07419,2024-06-02,CUST1830,Home,North,3210.63,0.26,697.34,30,Yes,21.719724789215825
ORD07420,2024-04-09,CUST2032,Electronics,West,2597.82,0.29,472.8,22,Yes,18.199875280042495
ORD07421,2025-04-08,CUST6560,Home,West,2072.13,0.12,347.32,35,Yes,16.761496624246547
ORD07422,2024-05-21,CUST2198,Clothing,East,4789.15,0.25,900.73,22,Yes,18.807721620746896
ORD07423,2025-10-25,CUST1857,Home,West,4481.35,0.4,16.21,24,Yes,0.3617213562877258
ORD07424,2025-11-16,CUST3399,Office Supplies,East,841.95,0.2,170.27,34,Yes,20.22329116930934
ORD07425,2025-04-04,CUST2029,Electronics,North,3560.04,0.14,728.15,37,Yes,20.45342187166436
ORD07426,2024-08-13,CUST4665,Clothing,North,3492.33,0.25,529.94,38,Yes,15.174396463106296
ORD07427,2024-04-02,CUST2577,Furniture,West,812.2,0.03,215.13,26,Yes,26.487318394484117
ORD07428,2025-05-17,CUST9500,Electronics,North,1611.39,0.35,161.44,23,Yes,10.018679525130477
ORD07429,2024-06-07,CUST2287,Office Supplies,West,398.86,0.07,51.59,52,No,12.934362934362934
ORD07430,2024-03-24,CUST5383,Electronics,East,2112.51,0.01,387.34,30,Yes,18.33553450634553
ORD07431,2025-05-29,CUST6183,Furniture,East,2591.66,0.23,280.12,25,Yes,10.808516549238712
ORD07432,2024-06-07,CUST5072,Office Supplies,South,3080.33,0.37,211.33,18,No,6.860628569016956
ORD07433,2025-09-01,CUST8897,Home,South,4208.32,0.0,1166.96,23,Yes,27.729830431145924
ORD07434,2024-07-05,CUST8228,Home,East,2985.54,0.24,671.9,54,Yes,22.50514144844819
ORD07435,2025-03-24,CUST5344,Office Supplies,East,4507.05,0.26,283.69,53,No,6.294361056566935
ORD07436,2025-06-10,CUST8133,Electronics,West,1505.15,0.05,105.02,30,No,6.977377669999667
ORD07437,2024-07-09,CUST9544,Furniture,North,2171.14,0.09,409.04,29,Yes,18.839872140902937
ORD07438,2025-12-19,CUST1697,Office Supplies,West,2572.55,0.37,477.77,33,Yes,18.571845056461488
ORD07439,2025-02-25,CUST7206,Clothing,South,4197.73,0.06,353.11,49,No,8.411927398856049
ORD07440,2025-08-11,CUST4648,Home,East,3984.41,0.29,554.19,37,No,13.908960172271428
ORD07441,2025-08-31,CUST7437,Office Supplies,East,1951.13,0.16,178.74,61,No,9.160845253776015
ORD07442,2024-04-24,CUST6916,Home,West,1196.26,0.37,175.7,27,Yes,14.687442529216055
ORD07443,2024-12-27,CUST1795,Office Supplies,East,2430.98,0.3,321.88,45,Yes,13.240750643773294
ORD07444,2025-12-10,CUST4276,Furniture,East,1756.79,0.16,199.05,63,Yes,11.33032405694477
ORD07445,2025-05-04,CUST3708,Electronics,North,3314.17,0.36,506.3,22,No,15.276826475407116
ORD07446,2024-11-18,CUST3367,Clothing,East,2345.05,0.08,494.2,39,Yes,21.074177522867313
ORD07447,2024-03-26,CUST4008,Office Supplies,East,4293.28,0.25,277.96,62,No,6.474304028621473
ORD07448,2024-11-26,CUST3729,Clothing,North,4393.86,0.39,404.71,37,Yes,9.210807809079032
ORD07449,2025-05-15,CUST8173,Electronics,South,865.99,0.12,134.35,36,Yes,15.51403595884479
ORD07450,2024-09-15,CUST6534,Office Supplies,South,4228.14,0.25,170.87,49,Yes,4.041256912022781
ORD07451,2025-02-19,CUST5705,Office Supplies,South,2303.51,0.23,228.23,38,No,9.907923126012042
ORD07452,2024-12-21,CUST6177,Home,South,4147.98,0.18,507.14,45,No,12.226192025998198
ORD07453,2025-08-21,CUST1205,Office Supplies,South,2507.62,0.26,184.56,24,No,7.359966821129199
ORD07454,2025-01-08,CUST3133,Home,North,3247.07,0.33,169.82,56,Yes,5.229945766491021
ORD07455,2025-11-09,CUST2002,Home,West,2632.19,0.31,54.13,53,Yes,2.056462489409959
ORD07456,2025-09-07,CUST2257,Office Supplies,South,2277.36,0.32,289.99,57,Yes,12.733603821969297
ORD07457,2025-08-27,CUST9036,Clothing,West,4849.78,0.12,1011.04,49,No,20.84713121007551
ORD07458,2025-11-02,CUST3800,Electronics,South,3641.01,0.02,619.99,53,Yes,17.027967514508337
ORD07459,2024-07-11,CUST9864,Clothing,North,1896.25,0.34,10.2,61,Yes,0.5379037574159525
ORD07460,2025-05-14,CUST4649,Home,East,4251.08,0.25,504.81,40,Yes,11.87486474025424
ORD07461,2024-12-02,CUST8726,Office Supplies,East,4704.4,0.22,155.43,48,Yes,3.30392823739478
ORD07462,2025-11-20,CUST7282,Office Supplies,East,4186.54,0.22,493.65,18,Yes,11.7913599296794
ORD07463,2024-04-11,CUST5526,Home,North,632.73,0.33,22.6,46,No,3.571823684668026
ORD07464,2024-07-09,CUST2220,Furniture,North,778.35,0.07,164.4,47,No,21.121603391790327
ORD07465,2024-02-19,CUST1106,Home,West,4335.72,0.18,818.83,44,No,18.885675274233577
ORD07466,2025-08-11,CUST5690,Electronics,West,534.73,0.21,63.9,54,Yes,11.949956052587286
ORD07467,2024-09-16,CUST2164,Office Supplies,West,1416.71,0.26,68.66,37,No,4.846439991247326
ORD07468,2024-08-02,CUST4197,Office Supplies,West,1408.86,0.1,92.5,25,Yes,6.56559203895348
ORD07469,2025-04-12,CUST3596,Furniture,East,4788.13,0.07,958.7,35,Yes,20.02243046867984
ORD07470,2025-02-18,CUST9313,Furniture,West,4879.0,0.09,830.7,39,Yes,17.02602992416479
ORD07471,2024-08-18,CUST1950,Clothing,East,3477.86,0.17,787.67,28,No,22.648122696140728
ORD07472,2025-10-01,CUST1991,Furniture,North,2873.81,0.25,330.56,31,Yes,11.502500165285806
ORD07473,2024-01-13,CUST3182,Furniture,South,1964.36,0.05,342.09,45,Yes,17.414832311796207
ORD07474,2025-04-08,CUST1800,Home,West,4205.01,0.11,796.71,34,Yes,18.94668502571932
ORD07475,2025-12-09,CUST1582,Electronics,South,225.07,0.06,25.91,32,Yes,11.511974052516996
ORD07476,2025-09-09,CUST2993,Clothing,North,194.43,0.21,22.35,56,Yes,11.495139638944607
ORD07477,2024-09-23,CUST8405,Electronics,West,2477.67,0.13,299.33,35,Yes,12.081108460771611
ORD07478,2025-04-01,CUST6336,Home,West,2083.09,0.26,64.48,24,Yes,3.0954015429002104
ORD07479,2025-11-16,CUST8196,Home,West,238.45,0.02,43.95,34,Yes,18.43153700985532
ORD07480,2024-07-10,CUST6873,Office Supplies,North,3814.98,0.03,833.6,29,Yes,21.850704328725186
ORD07481,2024-10-27,CUST2580,Electronics,South,1993.12,0.17,400.62,30,No,20.100144497069923
ORD07482,2025-05-26,CUST1789,Furniture,East,4981.65,0.15,455.47,26,Yes,9.142954643541799
ORD07483,2024-07-15,CUST9251,Electronics,North,4188.99,0.25,313.05,52,Yes,7.473161788402456
ORD07484,2025-05-07,CUST1821,Electronics,East,4041.6,0.23,680.13,58,Yes,16.828236342042754
ORD07485,2024-06-25,CUST5153,Office Supplies,West,4105.4,0.26,469.35,59,No,11.432503531933552
ORD07486,2024-11-21,CUST6007,Home,South,633.78,0.15,64.81,48,Yes,10.225945911830605
ORD07487,2024-05-11,CUST5552,Home,South,1702.76,0.17,123.33,20,No,7.242946745284128
ORD07488,2025-09-20,CUST4532,Home,West,4494.93,0.37,368.53,31,No,8.198792862180278
ORD07489,2025-12-11,CUST1636,Electronics,East,1778.92,0.14,287.18,22,Yes,16.143502799451355
ORD07490,2024-03-17,CUST6644,Clothing,South,1886.39,0.06,380.88,64,No,20.19094672893728
ORD07491,2025-01-31,CUST2153,Office Supplies,East,1815.39,0.16,166.67,28,Yes,9.180947344647706
ORD07492,2025-12-12,CUST7832,Electronics,South,4413.89,0.39,144.32,51,No,3.2696782203453187
ORD07493,2024-01-29,CUST2595,Home,East,4152.01,0.12,431.27,27,Yes,10.387017372308833
ORD07494,2025-03-27,CUST1213,Clothing,North,4676.78,0.01,800.76,61,Yes,17.122036957051648
ORD07495,2025-09-04,CUST3333,Clothing,West,4221.54,0.09,519.67,32,Yes,12.309962715028163
ORD07496,2025-10-12,CUST3634,Electronics,South,4512.96,0.23,734.17,33,Yes,16.268036942494504
ORD07497,2024-11-04,CUST9324,Office Supplies,East,2305.28,0.17,181.65,52,Yes,7.879736951693503
ORD07498,2024-08-11,CUST9735,Home,South,2483.95,0.15,370.6,60,Yes,14.919785019827291
ORD07499,2024-09-20,CUST1648,Furniture,West,293.23,0.35,36.12,44,No,12.317975650513247
ORD07500,2025-09-19,CUST3409,Home,North,1292.63,0.17,210.68,46,Yes,16.2985541106117
ORD07501,2025-01-20,CUST2170,Home,East,2663.05,0.18,438.95,61,Yes,16.48298004168153
ORD07502,2025-12-15,CUST5397,Clothing,West,2727.96,0.03,520.0,30,Yes,19.06186307717122
ORD07503,2024-10-07,CUST7222,Electronics,North,1067.58,0.38,73.23,37,Yes,6.859439105266117
ORD07504,2025-11-21,CUST3746,Electronics,North,370.91,0.23,45.83,32,Yes,12.356097166428512
ORD07505,2025-05-10,CUST4629,Electronics,South,325.97,0.2,76.0,59,No,23.315028990397888
ORD07506,2024-01-07,CUST9536,Electronics,North,996.63,0.07,128.33,45,Yes,12.876393445912726
ORD07507,2024-11-17,CUST8944,Furniture,North,1562.06,0.25,325.3,63,Yes,20.825064338117617
ORD07508,2025-03-18,CUST6259,Furniture,West,1533.27,0.0,169.53,29,Yes,11.056761040129919
ORD07509,2025-02-20,CUST5299,Electronics,East,242.31,0.27,10.4,25,Yes,4.292022615657628
ORD07510,2024-08-03,CUST9396,Home,South,761.65,0.03,156.63,59,Yes,20.564563776012605
ORD07511,2025-11-26,CUST7021,Electronics,South,2629.72,0.39,44.43,25,No,1.689533486454832
ORD07512,2025-06-15,CUST5690,Home,West,725.47,0.2,75.62,24,No,10.423587467434904
ORD07513,2025-07-02,CUST1018,Home,East,2052.92,0.3,33.58,19,No,1.635718878475537
ORD07514,2025-07-16,CUST5879,Electronics,North,709.47,0.19,53.9,45,No,7.597220460343636
ORD07515,2024-10-26,CUST2778,Home,North,1708.74,0.0,312.06,39,Yes,18.262579444502965
ORD07516,2024-01-22,CUST2935,Clothing,South,1411.86,0.15,335.21,49,Yes,23.742439052030655
ORD07517,2024-03-28,CUST5441,Furniture,East,1474.33,0.14,305.02,45,Yes,20.68871962179431
ORD07518,2025-03-05,CUST3596,Office Supplies,South,2519.25,0.06,671.38,62,Yes,26.649995038205816
ORD07519,2024-02-02,CUST2115,Office Supplies,North,2309.89,0.3,110.03,39,Yes,4.763430293217427
ORD07520,2024-08-23,CUST5527,Home,North,4397.49,0.2,880.8,49,Yes,20.029607798994427
ORD07521,2025-01-12,CUST8564,Electronics,North,2368.47,0.29,230.62,24,No,9.737087655744006
ORD07522,2025-04-01,CUST4763,Furniture,North,965.17,0.06,129.71,27,Yes,13.439083270304714
ORD07523,2025-02-25,CUST6310,Clothing,West,2567.61,0.27,250.93,62,Yes,9.772901647835926
ORD07524,2024-06-27,CUST5505,Electronics,West,4006.71,0.35,29.44,29,No,0.7347674276401337
ORD07525,2024-02-21,CUST1537,Electronics,East,935.86,0.02,170.47,62,No,18.215331352980147
ORD07526,2024-03-17,CUST7558,Office Supplies,West,4014.26,0.05,417.81,19,Yes,10.40814496320617
ORD07527,2024-09-22,CUST9419,Office Supplies,East,3922.95,0.35,58.7,32,No,1.4963229202513415
ORD07528,2025-02-16,CUST3577,Electronics,North,4830.11,0.26,498.2,31,Yes,10.314464887963215
ORD07529,2024-01-16,CUST6476,Home,South,3977.97,0.08,335.92,19,No,8.444508128517812
ORD07530,2024-09-21,CUST3313,Furniture,South,1030.25,0.33,44.84,57,Yes,4.352341664644504
ORD07531,2025-03-02,CUST2458,Furniture,East,2264.54,0.04,380.04,30,Yes,16.78221625584004
ORD07532,2024-09-13,CUST9908,Home,South,1758.09,0.26,331.18,65,Yes,18.83748841071845
ORD07533,2024-07-27,CUST2632,Clothing,North,2137.81,0.38,255.11,62,Yes,11.933240091495504
ORD07534,2024-02-25,CUST6422,Home,East,4964.11,0.02,489.67,54,Yes,9.864205265395007
ORD07535,2025-12-20,CUST3190,Office Supplies,North,4294.47,0.3,361.76,35,Yes,8.423856727372643
ORD07536,2024-09-07,CUST7961,Furniture,East,426.75,0.21,47.18,29,Yes,11.055653192735795
ORD07537,2025-03-03,CUST7132,Home,South,4366.36,0.09,942.83,60,Yes,21.593043175551262
ORD07538,2025-02-05,CUST3691,Home,West,4593.08,0.3,362.66,61,Yes,7.895791059593998
ORD07539,2024-09-19,CUST5173,Electronics,West,1278.78,0.12,260.57,41,No,20.376452556342763
ORD07540,2024-07-20,CUST5398,Office Supplies,West,2214.65,0.22,103.79,61,Yes,4.686519314564378
ORD07541,2025-04-09,CUST7992,Clothing,North,4879.2,0.0,1014.94,45,Yes,20.801360878832597
ORD07542,2024-07-20,CUST2228,Electronics,East,4246.75,0.39,129.55,45,No,3.050568081474069
ORD07543,2025-08-12,CUST7087,Furniture,East,4473.56,0.13,305.48,24,Yes,6.828566063716593
ORD07544,2025-10-24,CUST8305,Furniture,West,2694.97,0.32,522.14,39,No,19.374612704408584
ORD07545,2025-10-09,CUST3019,Clothing,North,4654.06,0.29,380.49,44,No,8.17544251685625
ORD07546,2025-06-11,CUST4302,Furniture,South,3927.62,0.15,471.86,46,Yes,12.013891364235848
ORD07547,2024-11-27,CUST6736,Office Supplies,North,1168.06,0.38,87.54,39,Yes,7.4944780233892105
ORD07548,2024-08-09,CUST5651,Clothing,North,2558.81,0.38,428.03,38,Yes,16.727697640700168
ORD07549,2024-06-19,CUST9849,Furniture,North,1589.53,0.07,222.2,31,Yes,13.978974917113863
ORD07550,2024-04-06,CUST8169,Office Supplies,East,4056.63,0.24,364.26,60,No,8.979374505439242
ORD07551,2025-05-02,CUST4537,Office Supplies,North,2610.05,0.35,318.19,30,No,12.190954196279764
ORD07552,2025-08-17,CUST3183,Electronics,East,3984.5,0.25,712.83,43,Yes,17.890074036892962
ORD07553,2024-05-23,CUST6561,Electronics,West,4957.39,0.14,686.55,27,Yes,13.849021360030175
ORD07554,2024-06-26,CUST9634,Electronics,North,490.47,0.31,50.06,53,Yes,10.206536587354986
ORD07555,2024-02-20,CUST1856,Clothing,North,4330.9,0.27,258.84,20,No,5.976586852617239
ORD07556,2024-04-22,CUST6558,Home,West,4241.29,0.28,734.6,29,No,17.320202108320817
ORD07557,2025-10-05,CUST3572,Office Supplies,South,3421.59,0.16,462.81,20,Yes,13.526167658895424
ORD07558,2024-06-23,CUST9414,Furniture,South,2695.03,0.28,459.03,42,Yes,17.032463460518063
ORD07559,2024-03-10,CUST8415,Furniture,West,1680.01,0.34,320.56,59,No,19.080838804530924
ORD07560,2024-05-25,CUST7265,Clothing,North,2227.82,0.32,449.61,57,No,20.181612518066988
ORD07561,2025-03-26,CUST1475,Home,North,3259.22,0.34,407.4,20,No,12.499923294530593
ORD07562,2024-06-09,CUST8577,Electronics,East,3478.08,0.34,88.51,30,Yes,2.5447948293311256
ORD07563,2024-11-17,CUST9505,Office Supplies,East,4516.18,0.21,310.21,18,Yes,6.8688581943146625
ORD07564,2024-11-02,CUST2490,Furniture,West,3145.32,0.05,525.69,45,Yes,16.71340276982946
ORD07565,2024-07-29,CUST1024,Home,North,2018.06,0.27,282.71,22,Yes,14.008998741365469
ORD07566,2024-08-14,CUST8812,Home,North,4373.24,0.25,599.98,33,Yes,13.719347669005133
ORD07567,2024-04-16,CUST1844,Electronics,South,286.73,0.31,32.43,56,Yes,11.310291912251943
ORD07568,2024-05-18,CUST1392,Electronics,East,2960.86,0.37,112.27,23,Yes,3.791803732699283
ORD07569,2024-08-21,CUST8807,Office Supplies,East,484.18,0.06,58.43,22,Yes,12.067826015118344
ORD07570,2024-10-24,CUST5801,Furniture,North,1358.52,0.36,256.48,55,No,18.87936872478874
ORD07571,2025-05-25,CUST4437,Home,East,3688.33,0.22,353.9,37,No,9.59512841855257
ORD07572,2024-01-30,CUST8737,Office Supplies,West,3030.92,0.38,404.14,60,Yes,13.33390521689784
ORD07573,2025-07-16,CUST6583,Office Supplies,West,4487.52,0.05,758.94,46,No,16.912236602845223
ORD07574,2024-12-20,CUST4787,Electronics,South,1106.25,0.04,191.2,39,Yes,17.28361581920904
ORD07575,2025-02-06,CUST5989,Furniture,South,3357.43,0.37,542.11,26,No,16.14657639921011
ORD07576,2024-08-07,CUST4008,Clothing,East,1628.15,0.21,368.47,55,Yes,22.631207198353962
ORD07577,2024-11-29,CUST2418,Clothing,West,4928.35,0.25,571.19,20,Yes,11.589883023730053
ORD07578,2024-05-22,CUST6795,Office Supplies,North,579.22,0.33,34.44,57,Yes,5.945927281516521
ORD07579,2024-06-05,CUST9101,Clothing,North,344.9,0.37,49.1,38,No,14.23601043780806
ORD07580,2024-12-14,CUST7389,Clothing,South,391.9,0.16,29.22,21,No,7.455983669303394
ORD07581,2024-11-12,CUST5358,Home,South,392.67,0.36,55.67,29,No,14.177299004252935
ORD07582,2025-05-31,CUST4236,Furniture,West,1991.57,0.4,251.32,49,Yes,12.619189885366822
ORD07583,2024-09-06,CUST1850,Electronics,South,3473.44,0.17,196.75,47,No,5.6644133769404394
ORD07584,2025-09-24,CUST2823,Office Supplies,North,1142.32,0.17,79.26,50,No,6.938511100217102
ORD07585,2024-08-15,CUST8156,Electronics,South,765.93,0.25,146.56,39,Yes,19.134907889754942
ORD07586,2025-03-08,CUST3169,Electronics,South,1685.6,0.28,308.62,49,Yes,18.30920740389179
ORD07587,2024-03-19,CUST2122,Home,West,1896.33,0.27,173.64,56,No,9.156634130135577
ORD07588,2025-11-13,CUST1785,Clothing,North,636.35,0.24,143.17,34,Yes,22.49862497053508
ORD07589,2024-04-18,CUST3396,Office Supplies,East,3023.75,0.34,90.39,19,No,2.9893344357172382
ORD07590,2025-07-11,CUST2564,Electronics,South,1112.62,0.23,151.77,22,Yes,13.640775826427715
ORD07591,2024-11-13,CUST8070,Home,East,3329.84,0.04,485.97,52,Yes,14.594394925882327
ORD07592,2024-10-07,CUST7283,Furniture,West,3443.51,0.32,56.72,62,Yes,1.6471565350470885
ORD07593,2025-07-16,CUST2559,Electronics,North,4456.76,0.01,834.43,18,Yes,18.72279413744514
ORD07594,2024-12-12,CUST1305,Electronics,West,2240.86,0.16,233.85,22,Yes,10.435725569647367
ORD07595,2024-12-15,CUST2092,Clothing,North,4027.81,0.37,348.96,38,Yes,8.66376517263724
ORD07596,2024-08-07,CUST6473,Clothing,West,3181.22,0.33,607.25,65,Yes,19.08858865466708
ORD07597,2024-03-03,CUST3296,Clothing,West,1836.49,0.21,245.79,19,No,13.383683003991308
ORD07598,2024-12-04,CUST7687,Clothing,North,4821.29,0.39,910.07,51,Yes,18.876068438115112
ORD07599,2025-07-09,CUST4648,Furniture,South,1464.52,0.4,258.57,35,Yes,17.65561412613006
ORD07600,2025-05-10,CUST8876,Office Supplies,East,3198.8,0.16,569.32,50,Yes,17.797924221583095
ORD07601,2024-06-10,CUST2804,Clothing,North,3894.82,0.39,214.93,46,Yes,5.518355148633313
ORD07602,2024-02-06,CUST4187,Clothing,North,699.13,0.16,158.48,32,Yes,22.668173301102797
ORD07603,2025-06-29,CUST5779,Office Supplies,East,2504.58,0.33,378.11,47,Yes,15.096742767250399
ORD07604,2025-04-10,CUST1826,Electronics,East,2824.8,0.24,464.05,32,Yes,16.427711696403286
ORD07605,2024-05-28,CUST6831,Office Supplies,East,577.59,0.02,124.68,47,No,21.586246299278034
ORD07606,2025-11-12,CUST2206,Home,North,2447.66,0.24,145.02,23,No,5.924842502635171
ORD07607,2025-05-27,CUST6996,Furniture,East,3302.7,0.31,242.28,44,Yes,7.335816150422382
ORD07608,2025-08-15,CUST8232,Home,West,1331.63,0.23,86.1,49,Yes,6.465760008410744
ORD07609,2024-04-04,CUST7046,Electronics,West,1162.32,0.32,199.25,42,Yes,17.142439259412214
ORD07610,2025-10-14,CUST1043,Clothing,East,1996.23,0.12,122.42,18,No,6.132559875365063
ORD07611,2025-09-28,CUST3582,Office Supplies,West,1092.44,0.04,99.54,33,Yes,9.111713229101827
ORD07612,2024-07-20,CUST4492,Electronics,West,540.07,0.38,43.32,45,Yes,8.021182439313423
ORD07613,2024-12-17,CUST7561,Electronics,North,4225.43,0.29,101.05,63,Yes,2.3914725838553705
ORD07614,2024-06-08,CUST9225,Electronics,North,1468.88,0.31,196.78,31,No,13.396601492293447
ORD07615,2024-01-07,CUST2534,Office Supplies,East,1967.0,0.09,376.3,49,Yes,19.13065582104728
ORD07616,2025-03-07,CUST6058,Furniture,South,156.91,0.39,3.96,26,Yes,2.5237397234083234
ORD07617,2025-04-24,CUST8575,Electronics,West,3153.55,0.06,425.11,39,Yes,13.4803633999778
ORD07618,2024-09-20,CUST5394,Office Supplies,West,815.46,0.35,127.16,34,Yes,15.59365266230103
ORD07619,2024-12-08,CUST7124,Electronics,East,1778.15,0.29,294.21,31,No,16.545848213030396
ORD07620,2025-07-27,CUST7328,Electronics,West,2829.09,0.37,17.15,36,No,0.6062019942808464
ORD07621,2024-04-21,CUST9334,Clothing,North,1118.5,0.36,76.93,27,Yes,6.877961555654896
ORD07622,2025-08-28,CUST1233,Office Supplies,West,901.16,0.13,121.49,52,Yes,13.481512716942607
ORD07623,2024-04-22,CUST5885,Home,North,363.93,0.37,13.58,53,No,3.731486824389305
ORD07624,2024-07-11,CUST6120,Office Supplies,North,4192.67,0.19,323.07,22,Yes,7.705590948011648
ORD07625,2025-03-02,CUST2546,Office Supplies,West,1854.45,0.28,237.77,26,Yes,12.821591307395725
ORD07626,2024-09-30,CUST7218,Office Supplies,East,4993.32,0.04,380.66,41,Yes,7.623384842149113
ORD07627,2025-07-10,CUST6688,Office Supplies,East,422.1,0.39,27.6,62,No,6.538734896943852
ORD07628,2025-06-26,CUST9137,Electronics,South,4305.19,0.15,808.2,56,Yes,18.77269063618563
ORD07629,2025-08-13,CUST3146,Furniture,West,1679.2,0.22,365.84,24,Yes,21.786565030967125
ORD07630,2024-05-02,CUST8244,Clothing,West,4167.24,0.06,1108.05,58,Yes,26.589541279119995
ORD07631,2024-11-02,CUST6067,Office Supplies,South,3299.38,0.14,437.12,24,Yes,13.248549727524564
ORD07632,2025-08-13,CUST8022,Office Supplies,East,3006.44,0.28,222.88,29,Yes,7.413419193464696
ORD07633,2024-01-26,CUST3944,Home,East,4511.53,0.31,904.48,64,Yes,20.04818764365969
ORD07634,2025-08-12,CUST2398,Office Supplies,West,638.32,0.17,129.02,62,Yes,20.21243263566863
ORD07635,2025-11-06,CUST1878,Electronics,East,1563.01,0.16,319.96,38,No,20.470758344476362
ORD07636,2025-07-28,CUST3275,Home,South,3397.66,0.36,502.64,19,Yes,14.793710965782333
ORD07637,2024-12-26,CUST2388,Electronics,East,3735.16,0.18,689.56,47,No,18.46132428061984
ORD07638,2025-02-23,CUST7785,Clothing,South,4610.13,0.04,1203.41,52,Yes,26.103602284534276
ORD07639,2025-01-05,CUST9993,Office Supplies,East,2544.42,0.25,296.7,27,No,11.660810715212111
ORD07640,2024-10-28,CUST2608,Office Supplies,West,1506.72,0.14,303.64,28,Yes,20.15238398640756
ORD07641,2025-04-22,CUST7254,Office Supplies,South,1900.59,0.1,287.48,59,Yes,15.125829347728864
ORD07642,2025-11-09,CUST2288,Home,West,1366.67,0.23,54.38,21,Yes,3.979014685330036
ORD07643,2025-06-04,CUST1391,Electronics,West,2281.48,0.15,441.37,47,Yes,19.3457755492049
ORD07644,2025-02-19,CUST8697,Clothing,South,1331.17,0.01,205.52,48,Yes,15.439049858395245
ORD07645,2025-07-10,CUST9865,Electronics,East,385.52,0.2,61.19,53,Yes,15.872068893961403
ORD07646,2025-02-13,CUST7048,Office Supplies,West,3900.9,0.17,271.09,62,Yes,6.949421928272962
ORD07647,2024-02-10,CUST7046,Office Supplies,West,3574.55,0.21,227.54,23,No,6.3655565036158395
ORD07648,2024-02-17,CUST1495,Electronics,North,2127.96,0.35,94.27,49,Yes,4.430064474896144
ORD07649,2024-07-01,CUST6580,Clothing,West,1826.59,0.26,396.8,20,No,21.723539491621
ORD07650,2025-03-16,CUST3770,Office Supplies,North,3234.72,0.07,790.42,28,Yes,24.43549982687837
ORD07651,2024-09-11,CUST5554,Furniture,South,3131.85,0.25,520.88,52,Yes,16.631703306352474
ORD07652,2025-04-01,CUST3926,Home,West,1663.35,0.26,72.56,51,No,4.362280939068747
ORD07653,2025-01-09,CUST3387,Clothing,West,1249.01,0.31,81.91,30,Yes,6.557993931193505
ORD07654,2024-08-01,CUST8527,Office Supplies,West,3976.16,0.11,951.53,48,Yes,23.930878033077143
ORD07655,2024-07-28,CUST8440,Electronics,East,2853.62,0.04,492.24,27,Yes,17.249668841681796
ORD07656,2024-12-11,CUST9957,Electronics,South,2020.49,0.09,235.21,20,No,11.641235541873506
ORD07657,2025-05-11,CUST1870,Electronics,South,4274.01,0.34,279.61,34,Yes,6.542099807908731
ORD07658,2024-10-21,CUST8527,Clothing,West,2991.7,0.36,308.95,50,Yes,10.326904435605174
ORD07659,2024-10-07,CUST8891,Home,East,2522.1,0.18,193.31,25,Yes,7.66464454224654
ORD07660,2025-04-25,CUST8323,Clothing,North,3187.15,0.38,435.32,58,Yes,13.658597806818005
ORD07661,2024-05-07,CUST1856,Clothing,South,4093.91,0.01,336.54,48,No,8.220503137587295
ORD07662,2025-08-07,CUST2252,Office Supplies,East,1785.06,0.18,323.41,57,Yes,18.11759828801273
ORD07663,2024-01-08,CUST9753,Home,North,1690.33,0.16,88.73,50,Yes,5.249270852437098
ORD07664,2025-01-15,CUST4912,Furniture,North,4056.16,0.25,593.54,32,Yes,14.633051950613387
ORD07665,2024-07-13,CUST2267,Home,North,3824.35,0.4,360.39,42,No,9.423562173964203
ORD07666,2024-01-02,CUST2155,Home,West,2851.55,0.24,381.18,54,Yes,13.367466816292891
ORD07667,2025-02-07,CUST5397,Furniture,East,3029.03,0.36,508.1,24,Yes,16.774346903134006
ORD07668,2024-08-21,CUST8225,Office Supplies,South,2839.33,0.23,199.55,23,Yes,7.028066480472507
ORD07669,2024-11-08,CUST3645,Home,East,4701.15,0.13,628.2,44,Yes,13.362687852972147
ORD07670,2024-07-20,CUST9696,Electronics,West,4399.06,0.0,933.86,32,Yes,21.228626115579235
ORD07671,2024-08-20,CUST5452,Electronics,East,2557.76,0.38,466.91,38,Yes,18.254644689102964
ORD07672,2024-06-01,CUST9523,Furniture,North,4369.0,0.18,999.0,45,Yes,22.86564431219959
ORD07673,2024-07-08,CUST5823,Clothing,East,1937.51,0.17,454.8,27,Yes,23.473427233923953
ORD07674,2025-06-21,CUST6017,Clothing,South,1134.05,0.19,141.16,58,Yes,12.447422953132579
ORD07675,2024-05-25,CUST2284,Office Supplies,West,2901.14,0.19,354.61,41,Yes,12.223126081471422
ORD07676,2025-02-21,CUST5453,Furniture,North,174.49,0.08,43.74,33,Yes,25.067339102527363
ORD07677,2024-02-26,CUST2536,Home,North,3343.65,0.2,347.13,21,Yes,10.381768426719304
ORD07678,2025-12-06,CUST2706,Electronics,North,4547.09,0.17,518.82,25,Yes,11.409934705492965
ORD07679,2024-06-12,CUST7494,Office Supplies,North,4019.44,0.05,674.2,28,No,16.773480882909062
ORD07680,2025-11-24,CUST9949,Electronics,South,4758.87,0.31,966.03,33,Yes,20.299566913994287
ORD07681,2025-06-05,CUST2633,Home,West,1132.09,0.38,136.87,35,No,12.090028177971718
ORD07682,2025-07-25,CUST7106,Clothing,South,411.77,0.28,10.76,35,No,2.6131092600237995
ORD07683,2025-08-07,CUST7745,Furniture,East,3611.29,0.07,448.27,47,Yes,12.413015847522631
ORD07684,2025-11-09,CUST7324,Office Supplies,East,188.87,0.37,14.9,65,No,7.8890241965373
ORD07685,2025-07-23,CUST1435,Furniture,East,1615.28,0.08,132.52,34,No,8.204150364023576
ORD07686,2024-05-09,CUST8535,Clothing,East,2961.17,0.13,434.23,42,No,14.664136135378921
ORD07687,2024-06-25,CUST9123,Home,North,1684.26,0.23,379.57,24,Yes,22.536306745989336
ORD07688,2025-07-11,CUST9609,Electronics,West,1111.35,0.24,141.13,63,Yes,12.698969721509876
ORD07689,2025-10-10,CUST9900,Clothing,South,1293.65,0.23,136.38,39,Yes,10.542264136358364
ORD07690,2025-07-18,CUST9865,Clothing,East,1497.59,0.33,255.71,52,Yes,17.074766791979116
ORD07691,2024-01-08,CUST7873,Home,North,4590.02,0.1,929.56,51,Yes,20.251763608873162
ORD07692,2024-07-01,CUST2002,Office Supplies,North,630.99,0.16,125.44,53,Yes,19.879871313333016
ORD07693,2024-11-30,CUST4802,Furniture,South,724.05,0.26,60.78,24,Yes,8.394447897244667
ORD07694,2024-06-23,CUST1685,Electronics,North,4730.91,0.33,710.57,52,Yes,15.019731933179875
ORD07695,2024-10-07,CUST9833,Furniture,East,4889.19,0.21,920.51,46,No,18.82745403635367
ORD07696,2025-03-02,CUST1071,Office Supplies,East,3072.12,0.31,454.16,31,No,14.783276694920772
ORD07697,2024-01-18,CUST2708,Electronics,South,2081.83,0.1,376.2,61,Yes,18.070639773660673
ORD07698,2025-11-30,CUST8592,Office Supplies,South,4798.86,0.23,518.43,63,Yes,10.803190757804979
ORD07699,2025-03-17,CUST5835,Electronics,South,815.08,0.17,156.08,30,Yes,19.149040584973253
ORD07700,2024-01-17,CUST3708,Home,East,2860.43,0.08,708.52,41,Yes,24.76970245732285
ORD07701,2024-06-09,CUST5828,Furniture,East,1618.13,0.12,99.74,50,Yes,6.16390524865122
ORD07702,2025-10-21,CUST3390,Home,South,4103.57,0.01,887.2,37,Yes,21.620198997458314
ORD07703,2025-06-18,CUST9735,Home,East,2192.22,0.05,181.14,20,Yes,8.262856830062676
ORD07704,2025-04-08,CUST4198,Clothing,East,3676.11,0.33,694.11,31,No,18.881643911634853
ORD07705,2025-05-03,CUST7074,Electronics,South,2129.89,0.4,194.21,42,No,9.118311274291163
ORD07706,2024-03-13,CUST1689,Furniture,East,3128.61,0.38,509.02,35,Yes,16.269845074969393
ORD07707,2024-08-01,CUST1616,Office Supplies,West,4357.0,0.11,743.87,19,No,17.07298599954097
ORD07708,2025-09-26,CUST8365,Clothing,East,2420.93,0.13,575.82,29,Yes,23.78507433093894
ORD07709,2024-07-16,CUST8875,Home,South,4977.47,0.21,243.26,55,Yes,4.887221821527804
ORD07710,2025-11-06,CUST5101,Clothing,South,4314.27,0.2,458.81,34,Yes,10.634707609862154
ORD07711,2024-03-09,CUST1629,Furniture,South,3136.07,0.01,835.97,40,Yes,26.656611619000852
ORD07712,2025-11-28,CUST5859,Office Supplies,East,959.74,0.33,56.46,36,No,5.882843270052305
ORD07713,2024-09-29,CUST4485,Office Supplies,West,3059.7,0.25,282.29,62,Yes,9.226067915155081
ORD07714,2024-01-26,CUST5166,Electronics,West,4318.96,0.25,956.0,28,Yes,22.134958415914944
ORD07715,2025-02-13,CUST8504,Furniture,East,712.26,0.1,131.48,62,Yes,18.45955128745121
ORD07716,2024-04-17,CUST6635,Office Supplies,South,1216.74,0.22,209.27,27,Yes,17.199237306244555
ORD07717,2025-11-15,CUST9869,Home,East,636.37,0.16,81.02,44,Yes,12.731586969844585
ORD07718,2025-11-06,CUST4701,Furniture,East,3941.9,0.05,711.75,22,Yes,18.056013597503743
ORD07719,2025-10-15,CUST8401,Clothing,South,2115.73,0.02,454.21,52,Yes,21.46824027640578
ORD07720,2024-08-11,CUST6634,Home,West,1008.44,0.04,228.64,26,Yes,22.67264289397485
ORD07721,2024-03-08,CUST6650,Electronics,East,914.21,0.02,190.19,55,Yes,20.803754060883165
ORD07722,2024-02-04,CUST4907,Furniture,South,2752.64,0.21,466.91,28,Yes,16.96226168332946
ORD07723,2024-11-26,CUST7464,Office Supplies,North,695.16,0.02,79.48,18,Yes,11.43333908740434
ORD07724,2024-11-19,CUST9692,Office Supplies,North,1116.34,0.05,101.92,44,Yes,9.129834996506442
ORD07725,2025-03-05,CUST2115,Home,South,1533.76,0.31,39.22,18,No,2.5571145420404755
ORD07726,2025-05-10,CUST7209,Home,North,4924.43,0.06,740.68,40,No,15.040928594781528
ORD07727,2025-08-27,CUST3134,Office Supplies,South,2442.3,0.04,422.74,26,Yes,17.309093886909878
ORD07728,2024-10-03,CUST6872,Clothing,East,3438.51,0.13,529.58,34,Yes,15.40143841373153
ORD07729,2025-11-04,CUST8839,Electronics,West,3766.42,0.05,298.73,52,Yes,7.931404357453498
ORD07730,2024-07-05,CUST6477,Clothing,West,797.31,0.22,156.6,50,Yes,19.641043007111413
ORD07731,2024-10-06,CUST6412,Home,East,4346.47,0.29,934.67,38,Yes,21.504117134134134
ORD07732,2024-07-22,CUST7754,Office Supplies,North,4065.6,0.22,897.1,57,Yes,22.065623770169225
ORD07733,2024-01-27,CUST2954,Office Supplies,North,3977.56,0.2,316.48,62,Yes,7.9566367320668965
ORD07734,2024-09-14,CUST2033,Clothing,South,2779.27,0.29,98.82,19,Yes,3.555609926347566
ORD07735,2025-08-28,CUST2502,Clothing,East,2562.87,0.18,215.93,55,Yes,8.425320051348685
ORD07736,2024-08-12,CUST3404,Home,West,3162.2,0.24,636.52,30,Yes,20.129024097147553
ORD07737,2024-05-30,CUST2524,Furniture,East,4222.62,0.19,289.08,57,No,6.8459866149452235
ORD07738,2024-01-20,CUST4590,Home,South,2104.42,0.19,186.58,25,Yes,8.866100873399798
ORD07739,2024-11-16,CUST8911,Furniture,East,2648.02,0.26,100.38,37,Yes,3.790756867395261
ORD07740,2025-09-05,CUST7049,Home,West,3926.87,0.04,863.93,48,No,22.000473659683156
ORD07741,2025-02-08,CUST1496,Clothing,North,3790.47,0.29,740.02,58,No,19.523172588095935
ORD07742,2024-11-13,CUST8009,Electronics,East,490.2,0.23,49.14,32,Yes,10.024479804161567
ORD07743,2024-02-04,CUST6689,Home,South,4357.33,0.12,729.6,35,No,16.74419885572128
ORD07744,2025-10-06,CUST1957,Office Supplies,North,4669.67,0.21,1019.44,61,Yes,21.831092989440368
ORD07745,2024-07-14,CUST1825,Clothing,East,3913.52,0.14,221.8,40,Yes,5.66753204276457
ORD07746,2024-05-02,CUST4096,Clothing,East,3098.59,0.3,254.14,59,No,8.201795009988414
ORD07747,2025-06-29,CUST4972,Electronics,North,4934.79,0.35,401.95,35,Yes,8.145230090844798
ORD07748,2024-09-05,CUST9180,Office Supplies,North,4015.14,0.39,700.09,43,Yes,17.4362537794448
ORD07749,2024-06-24,CUST6800,Furniture,North,3382.15,0.23,290.54,52,No,8.590393684490635
ORD07750,2025-07-10,CUST4884,Home,East,4934.59,0.09,587.24,46,Yes,11.900482106922764
ORD07751,2025-03-12,CUST6606,Clothing,South,4966.97,0.37,312.72,31,Yes,6.2959913186510095
ORD07752,2024-04-06,CUST9230,Furniture,West,4501.94,0.33,451.45,48,Yes,10.027899083506222
ORD07753,2025-06-28,CUST2668,Furniture,South,2019.82,0.36,198.34,33,Yes,9.819686902793318
ORD07754,2024-01-25,CUST8499,Furniture,West,4943.76,0.36,413.07,32,No,8.355381329190736
ORD07755,2024-05-05,CUST9543,Home,West,990.09,0.02,258.47,31,Yes,26.105707561938818
ORD07756,2024-05-28,CUST4998,Office Supplies,South,3308.31,0.23,440.14,29,Yes,13.304073681124198
ORD07757,2024-05-27,CUST3330,Clothing,East,3193.52,0.23,711.31,31,No,22.27354142137829
ORD07758,2025-03-15,CUST9927,Electronics,East,3735.98,0.33,143.82,46,Yes,3.849592342571427
ORD07759,2024-08-10,CUST4884,Home,South,3973.67,0.3,133.05,22,Yes,3.3482901197130115
ORD07760,2025-06-24,CUST1441,Furniture,North,2252.68,0.39,70.63,27,No,3.1353765292895575
ORD07761,2024-11-03,CUST3065,Furniture,East,2020.7,0.36,135.74,52,No,6.717474142623843
ORD07762,2025-06-18,CUST5137,Office Supplies,North,573.44,0.23,124.66,44,Yes,21.738978794642854
ORD07763,2024-06-22,CUST2474,Electronics,North,2976.37,0.2,387.28,56,Yes,13.01182312682899
ORD07764,2025-12-08,CUST8795,Furniture,North,4010.04,0.39,689.05,49,No,17.18312036787663
ORD07765,2025-01-11,CUST4465,Furniture,South,3185.03,0.14,371.45,34,Yes,11.662370527122192
ORD07766,2025-10-08,CUST8743,Electronics,South,3632.59,0.36,9.81,43,Yes,0.2700552498355168
ORD07767,2024-06-29,CUST7718,Home,East,2363.9,0.24,308.19,28,Yes,13.037353525952874
ORD07768,2024-11-26,CUST7734,Office Supplies,West,845.91,0.07,128.99,24,Yes,15.248667115887034
ORD07769,2024-12-19,CUST1662,Office Supplies,South,3283.71,0.15,313.41,29,Yes,9.544387293640426
ORD07770,2024-01-24,CUST3059,Furniture,North,1960.32,0.06,495.6,39,No,25.28158667972576
ORD07771,2024-07-15,CUST1497,Office Supplies,North,1804.87,0.15,138.57,42,Yes,7.677561264800235
ORD07772,2025-08-23,CUST5899,Clothing,East,1058.99,0.02,284.04,54,Yes,26.821783019669688
ORD07773,2025-09-16,CUST5990,Clothing,North,1019.69,0.38,73.58,49,No,7.21591856348498
ORD07774,2024-03-17,CUST1055,Clothing,North,3095.37,0.01,556.96,51,Yes,17.99332551520497
ORD07775,2024-07-03,CUST3557,Office Supplies,South,1699.07,0.24,65.94,18,Yes,3.8809466355123687
ORD07776,2024-10-07,CUST2045,Furniture,North,1797.71,0.34,302.87,59,No,16.847544932163697
ORD07777,2024-09-27,CUST6423,Clothing,South,1937.44,0.15,175.16,45,No,9.04079610207284
ORD07778,2024-08-09,CUST8921,Office Supplies,East,3873.48,0.4,69.83,43,No,1.8027716678542292
ORD07779,2024-06-10,CUST6976,Furniture,East,4654.34,0.23,443.67,56,Yes,9.532393422053396
ORD07780,2024-08-12,CUST7658,Home,West,4029.31,0.1,509.29,29,Yes,12.639633088543697
ORD07781,2024-02-26,CUST9768,Home,East,3542.91,0.22,391.82,64,Yes,11.05927048669032
ORD07782,2025-02-06,CUST3918,Furniture,North,1662.11,0.1,117.71,34,Yes,7.081962084338582
ORD07783,2024-07-03,CUST7321,Electronics,East,2078.16,0.12,496.55,44,No,23.89373291758094
ORD07784,2025-10-22,CUST1219,Electronics,South,3812.51,0.22,307.35,56,Yes,8.061618199034232
ORD07785,2025-06-07,CUST4819,Electronics,West,1954.07,0.16,174.07,47,Yes,8.908073917515749
ORD07786,2025-02-08,CUST3255,Furniture,South,4411.69,0.13,1085.4,19,Yes,24.60281660769456
ORD07787,2024-11-10,CUST2806,Home,South,4360.38,0.0,651.69,59,Yes,14.945715740371254
ORD07788,2025-12-11,CUST7129,Furniture,East,3342.03,0.08,827.56,42,No,24.7621954321176
ORD07789,2024-02-16,CUST8974,Clothing,West,1562.34,0.22,297.45,45,Yes,19.038749567955758
ORD07790,2024-09-08,CUST1924,Electronics,West,410.97,0.19,72.33,34,Yes,17.59982480473027
ORD07791,2025-02-04,CUST5686,Electronics,West,4495.79,0.1,391.63,29,Yes,8.711038549398436
ORD07792,2024-10-19,CUST5458,Clothing,West,2995.25,0.02,771.22,48,Yes,25.748101160170272
ORD07793,2024-09-15,CUST6610,Electronics,East,563.92,0.38,77.74,44,Yes,13.785643353667187
ORD07794,2024-07-25,CUST2320,Home,West,3735.15,0.04,377.77,55,Yes,10.113917781079742
ORD07795,2025-12-18,CUST9782,Office Supplies,South,3547.78,0.32,679.29,38,Yes,19.14690313379071
ORD07796,2025-10-03,CUST8918,Office Supplies,West,4413.86,0.32,359.81,31,Yes,8.15182176145143
ORD07797,2025-12-06,CUST2033,Clothing,East,2642.56,0.13,643.15,49,Yes,24.338141801889076
ORD07798,2025-04-25,CUST3163,Clothing,West,700.09,0.22,28.63,40,Yes,4.089474210458655
ORD07799,2024-08-10,CUST3091,Furniture,West,4616.16,0.17,395.08,34,Yes,8.558628817025406
ORD07800,2025-06-21,CUST5461,Electronics,South,883.21,0.1,59.48,22,No,6.734525197857813
ORD07801,2024-07-07,CUST7839,Home,West,3665.45,0.18,174.67,29,No,4.765308488725804
ORD07802,2024-01-07,CUST6823,Home,East,3128.58,0.39,288.7,59,Yes,9.227828599556348
ORD07803,2025-04-25,CUST6006,Clothing,South,1996.12,0.11,148.16,19,No,7.42239945494259
ORD07804,2024-05-10,CUST7125,Office Supplies,North,1651.11,0.38,223.7,62,Yes,13.548461338130108
ORD07805,2025-01-19,CUST8742,Home,North,3838.26,0.03,444.33,31,Yes,11.576339278735675
ORD07806,2025-08-16,CUST5454,Electronics,West,4350.31,0.39,583.54,45,Yes,13.413756720785413
ORD07807,2025-06-18,CUST2498,Furniture,West,2152.07,0.22,446.69,20,No,20.756295101925122
ORD07808,2024-09-15,CUST6702,Clothing,North,4206.21,0.09,1002.49,57,Yes,23.833569888331777
ORD07809,2024-04-30,CUST2229,Furniture,West,341.46,0.07,59.49,22,No,17.42224565102794
ORD07810,2024-01-28,CUST2499,Home,South,275.73,0.18,21.67,35,No,7.859137562107859
ORD07811,2025-12-27,CUST3286,Furniture,North,3513.99,0.04,342.76,39,Yes,9.754154109715737
ORD07812,2025-02-24,CUST8845,Office Supplies,North,2711.95,0.34,401.58,46,Yes,14.807795128966243
ORD07813,2025-02-07,CUST8926,Home,East,2905.33,0.13,408.53,38,Yes,14.061397500456058
ORD07814,2025-11-25,CUST5288,Electronics,East,275.77,0.06,23.46,55,Yes,8.507089241034196
ORD07815,2024-07-15,CUST3466,Clothing,West,4517.32,0.22,745.85,55,Yes,16.510895840896815
ORD07816,2024-07-30,CUST6210,Clothing,South,4200.84,0.01,848.34,34,Yes,20.194532522067014
ORD07817,2025-01-14,CUST1244,Office Supplies,North,4064.42,0.02,405.55,25,Yes,9.978053449200624
ORD07818,2024-07-09,CUST7685,Clothing,West,4447.27,0.13,320.25,41,No,7.201046934411447
ORD07819,2025-09-04,CUST1663,Furniture,North,4651.42,0.33,577.74,24,No,12.42072313401069
ORD07820,2025-11-03,CUST5613,Furniture,North,1431.74,0.05,142.19,24,Yes,9.931272437733107
ORD07821,2025-07-05,CUST4118,Office Supplies,West,2696.8,0.09,542.56,53,No,20.118659151587064
ORD07822,2024-12-10,CUST2353,Clothing,South,4278.52,0.13,1011.31,42,Yes,23.636911829324156
ORD07823,2024-02-16,CUST9565,Electronics,North,1301.92,0.35,140.35,26,No,10.78023227233624
ORD07824,2024-06-12,CUST8132,Clothing,South,4924.81,0.01,544.8,55,Yes,11.06235570509319
ORD07825,2024-09-03,CUST7272,Office Supplies,North,1158.88,0.11,184.14,21,Yes,15.889479497445807
ORD07826,2024-10-31,CUST3020,Clothing,East,1374.48,0.24,300.27,42,Yes,21.84607997206216
ORD07827,2025-10-08,CUST8713,Furniture,South,754.36,0.16,174.71,31,Yes,23.160029694045285
ORD07828,2025-09-20,CUST5066,Clothing,East,2113.77,0.34,324.03,25,Yes,15.329482394016377
ORD07829,2024-03-15,CUST6642,Furniture,North,3659.71,0.22,454.78,50,No,12.426667686783926
ORD07830,2025-01-11,CUST2285,Office Supplies,East,4840.81,0.02,978.83,26,Yes,20.220376341975825
ORD07831,2025-02-03,CUST5527,Furniture,West,1303.28,0.02,246.91,57,Yes,18.94527653305506
ORD07832,2025-07-04,CUST2095,Home,South,896.84,0.26,86.56,59,Yes,9.651665848980866
ORD07833,2025-03-30,CUST5123,Furniture,North,2249.85,0.07,184.51,57,Yes,8.20099117718959
ORD07834,2024-01-26,CUST2972,Office Supplies,West,552.92,0.17,115.57,45,Yes,20.901757939665774
ORD07835,2024-11-27,CUST5144,Office Supplies,West,3409.03,0.24,148.19,55,Yes,4.346984332786746
ORD07836,2025-10-19,CUST5327,Furniture,East,2313.5,0.39,195.87,43,No,8.466392911173546
ORD07837,2024-11-18,CUST3069,Electronics,South,4156.63,0.35,379.83,39,Yes,9.137931449275014
ORD07838,2025-07-15,CUST5594,Furniture,East,4160.77,0.1,499.49,31,Yes,12.004749120955976
ORD07839,2024-02-13,CUST1886,Home,South,3022.66,0.26,148.46,44,Yes,4.911567956700391
ORD07840,2024-04-16,CUST1273,Electronics,East,1763.89,0.35,7.04,33,Yes,0.39911785882339595
ORD07841,2024-07-31,CUST7979,Office Supplies,East,1038.45,0.3,47.93,57,Yes,4.615532765178872
ORD07842,2024-11-13,CUST1166,Office Supplies,East,2187.6,0.39,116.94,45,No,5.345584201865058
ORD07843,2024-05-22,CUST9458,Home,South,2574.66,0.23,507.28,60,Yes,19.702795708947978
ORD07844,2025-09-08,CUST4283,Electronics,West,4820.95,0.38,227.19,29,No,4.71255665377156
ORD07845,2025-10-30,CUST9586,Furniture,West,4448.24,0.28,656.27,58,No,14.75347553189576
ORD07846,2024-08-24,CUST2125,Office Supplies,North,2970.69,0.2,305.94,36,No,10.298617492905688
ORD07847,2024-08-09,CUST9311,Office Supplies,East,4532.04,0.31,337.85,63,No,7.454700311559474
ORD07848,2024-10-17,CUST5422,Home,South,3242.45,0.36,181.81,21,Yes,5.607179756048667
ORD07849,2025-01-05,CUST6190,Home,West,1735.79,0.2,302.75,36,Yes,17.44162600314554
ORD07850,2025-06-15,CUST4840,Home,South,1297.64,0.04,289.45,27,Yes,22.305878363798897
ORD07851,2024-11-13,CUST1252,Home,North,2377.05,0.27,202.77,26,Yes,8.530321196440967
ORD07852,2024-08-13,CUST5514,Furniture,East,1563.01,0.31,229.03,51,Yes,14.653137216012693
ORD07853,2025-04-07,CUST7499,Office Supplies,East,663.07,0.15,118.54,57,Yes,17.87744883647277
ORD07854,2024-11-01,CUST8825,Electronics,East,1157.43,0.29,235.29,61,No,20.328659184572714
ORD07855,2025-06-10,CUST7372,Electronics,North,4670.75,0.02,1100.33,20,Yes,23.55788684900712
ORD07856,2025-08-24,CUST3953,Office Supplies,West,3596.2,0.38,65.44,29,No,1.8196985707135311
ORD07857,2025-03-05,CUST2463,Office Supplies,South,387.56,0.39,-0.26,28,Yes,-0.06708638662400661
ORD07858,2024-01-22,CUST8512,Clothing,North,4915.64,0.1,946.84,43,No,19.26178483371443
ORD07859,2025-09-14,CUST2489,Office Supplies,North,2376.0,0.21,213.86,55,Yes,9.00084175084175
ORD07860,2025-11-14,CUST6440,Office Supplies,West,346.07,0.24,34.05,21,No,9.839049903198774
ORD07861,2024-06-20,CUST2906,Office Supplies,West,2842.1,0.34,263.0,40,Yes,9.253720840223778
ORD07862,2024-12-20,CUST8078,Home,East,3902.02,0.12,631.65,48,No,16.187769411740586
ORD07863,2024-06-23,CUST6694,Office Supplies,East,3390.28,0.29,630.16,52,Yes,18.587255329943247
ORD07864,2025-01-07,CUST7616,Furniture,North,4187.95,0.1,847.62,28,Yes,20.23949665110615
ORD07865,2025-02-24,CUST4683,Home,East,4463.8,0.26,575.55,62,Yes,12.893722837044669
ORD07866,2025-10-25,CUST4048,Home,South,1651.3,0.33,279.8,48,Yes,16.944225761521224
ORD07867,2025-08-27,CUST1887,Clothing,East,4041.14,0.0,939.28,34,Yes,23.24294629733194
ORD07868,2025-05-21,CUST8520,Office Supplies,East,2127.98,0.01,374.25,36,Yes,17.58710138253179
ORD07869,2025-05-21,CUST9163,Electronics,West,2410.9,0.24,125.21,43,No,5.19349620473682
ORD07870,2025-03-07,CUST9648,Home,East,3653.92,0.13,601.25,33,Yes,16.45493059508692
ORD07871,2025-10-30,CUST9242,Home,West,3708.96,0.17,288.61,18,Yes,7.781426599370174
ORD07872,2024-11-14,CUST6687,Office Supplies,South,4146.8,0.18,433.12,55,Yes,10.444680235362206
ORD07873,2025-06-19,CUST1718,Home,West,3456.66,0.16,600.6,48,Yes,17.375154050441758
ORD07874,2025-05-08,CUST6201,Clothing,West,3850.38,0.05,451.63,43,Yes,11.72949163459191
ORD07875,2024-12-19,CUST2531,Electronics,West,3535.82,0.0,541.39,19,Yes,15.311582603186814
ORD07876,2025-08-02,CUST5266,Furniture,North,2728.14,0.2,203.21,36,No,7.448664657972098
ORD07877,2025-09-20,CUST4885,Furniture,North,357.45,0.35,8.37,64,No,2.34158623583718
ORD07878,2024-03-31,CUST9003,Clothing,West,3565.28,0.21,631.68,57,Yes,17.717542521204503
ORD07879,2025-10-14,CUST9730,Clothing,West,4622.3,0.08,311.97,35,Yes,6.749237392640028
ORD07880,2024-08-30,CUST8734,Furniture,West,3049.51,0.34,150.61,52,Yes,4.938826237657853
ORD07881,2024-05-02,CUST3109,Electronics,East,1849.84,0.31,150.34,23,No,8.127189378540848
ORD07882,2025-02-14,CUST4870,Electronics,East,557.22,0.21,57.41,34,Yes,10.302932414486198
ORD07883,2024-05-20,CUST9138,Furniture,East,1229.79,0.38,216.68,31,Yes,17.619268330365347
ORD07884,2025-08-16,CUST7618,Furniture,South,600.08,0.18,45.57,50,No,7.593987468337554
ORD07885,2024-03-16,CUST7676,Office Supplies,South,1836.82,0.34,285.44,32,Yes,15.539900480177698
ORD07886,2024-04-09,CUST2928,Clothing,East,4847.75,0.21,710.78,56,Yes,14.662059718426073
ORD07887,2025-04-14,CUST5184,Furniture,West,3068.35,0.21,224.88,59,Yes,7.329020483321655
ORD07888,2025-08-24,CUST9622,Home,North,2003.55,0.29,134.73,22,Yes,6.7245638990791345
ORD07889,2024-04-16,CUST4194,Home,West,2737.77,0.28,582.06,37,No,21.260368840333555
ORD07890,2025-09-19,CUST3491,Office Supplies,East,2334.52,0.07,258.46,54,Yes,11.0712266333122
ORD07891,2025-01-01,CUST3083,Office Supplies,South,4843.58,0.38,68.48,56,No,1.4138302660428859
ORD07892,2025-10-03,CUST1537,Furniture,West,327.66,0.04,69.94,50,Yes,21.3452969541598
ORD07893,2024-05-14,CUST5838,Home,North,4417.8,0.24,523.48,37,Yes,11.84933677395989
ORD07894,2024-11-18,CUST9630,Clothing,East,1899.29,0.28,154.15,58,No,8.116190787083594
ORD07895,2025-02-15,CUST3342,Office Supplies,North,1548.96,0.2,134.61,30,Yes,8.690347071583515
ORD07896,2025-09-19,CUST7112,Furniture,North,3805.03,0.07,893.33,53,Yes,23.4776072724788
ORD07897,2024-02-18,CUST2997,Clothing,West,513.15,0.1,47.87,31,Yes,9.32865633830264
ORD07898,2025-05-05,CUST9281,Home,North,1416.15,0.13,126.63,19,Yes,8.94184938036225
ORD07899,2024-03-06,CUST6202,Office Supplies,West,4052.16,0.18,523.81,34,No,12.926686014372581
ORD07900,2025-04-02,CUST9298,Clothing,South,1411.22,0.15,262.2,28,No,18.579668655489577
ORD07901,2025-09-22,CUST6043,Electronics,East,3268.68,0.02,540.14,64,Yes,16.524713339941506
ORD07902,2024-10-09,CUST2829,Clothing,North,1743.95,0.16,88.15,49,Yes,5.054617391553657
ORD07903,2024-04-10,CUST1141,Electronics,West,2152.44,0.05,262.22,30,Yes,12.182453401720839
ORD07904,2025-05-22,CUST2781,Clothing,West,2344.13,0.15,200.82,46,Yes,8.566931014918113
ORD07905,2024-06-16,CUST2480,Electronics,North,2843.91,0.27,449.35,43,No,15.800429690109743
ORD07906,2024-05-23,CUST3522,Electronics,North,229.1,0.26,11.31,25,No,4.936708860759494
ORD07907,2025-02-12,CUST1066,Furniture,South,3381.96,0.11,407.68,24,Yes,12.054548250127144
ORD07908,2024-02-06,CUST4308,Home,South,1413.56,0.04,299.0,64,No,21.15226803248536
ORD07909,2025-07-05,CUST8360,Furniture,East,2100.22,0.02,542.4,35,No,25.825865861671637
ORD07910,2024-06-15,CUST5561,Furniture,West,1586.83,0.35,237.7,24,Yes,14.979550424431098
ORD07911,2025-03-12,CUST4999,Electronics,West,2216.64,0.05,521.15,53,Yes,23.51080915259131
ORD07912,2024-04-23,CUST7884,Clothing,South,466.47,0.16,55.48,46,Yes,11.893583724569638
ORD07913,2024-08-05,CUST8626,Home,East,1197.13,0.26,30.03,47,No,2.508499494624644
ORD07914,2025-10-05,CUST9024,Clothing,West,4941.81,0.02,1166.48,57,Yes,23.60430692398129
ORD07915,2025-02-06,CUST9055,Home,North,349.08,0.19,75.89,19,Yes,21.740002291738282
ORD07916,2025-09-16,CUST9977,Electronics,West,4727.65,0.01,464.6,23,Yes,9.827292629530529
ORD07917,2025-07-03,CUST6472,Home,West,1841.09,0.26,164.78,30,Yes,8.950132801764173
ORD07918,2025-06-04,CUST3631,Home,West,3987.63,0.36,378.46,33,No,9.490850455032186
ORD07919,2024-06-13,CUST5369,Electronics,West,3883.58,0.38,71.54,57,No,1.842114749792717
ORD07920,2025-10-20,CUST6745,Home,East,3310.67,0.02,455.83,54,No,13.768512113862148
ORD07921,2025-03-21,CUST4733,Furniture,South,877.74,0.36,90.77,41,No,10.341331145897417
ORD07922,2025-04-11,CUST1748,Office Supplies,East,1716.97,0.24,246.53,26,Yes,14.358433752482572
ORD07923,2025-03-16,CUST4906,Clothing,North,1359.06,0.31,210.43,44,Yes,15.483495945727194
ORD07924,2025-06-23,CUST4850,Electronics,East,1033.9,0.34,57.86,43,Yes,5.596285907728019
ORD07925,2025-02-20,CUST9558,Home,North,4307.85,0.11,455.59,57,Yes,10.575809278410341
ORD07926,2025-05-25,CUST4501,Furniture,East,1117.73,0.33,202.76,55,Yes,18.14033800649531
ORD07927,2024-10-05,CUST1987,Clothing,West,4811.03,0.12,932.88,39,Yes,19.390442379282607
ORD07928,2024-07-06,CUST9495,Home,West,2151.64,0.12,323.49,56,Yes,15.034578275176147
ORD07929,2025-12-26,CUST3850,Clothing,South,1749.25,0.05,311.82,42,No,17.825925396598542
ORD07930,2024-02-24,CUST5382,Furniture,West,769.6,0.11,92.35,42,Yes,11.999740124740125
ORD07931,2025-08-29,CUST1529,Clothing,South,494.09,0.24,86.89,30,Yes,17.585864923394524
ORD07932,2025-02-25,CUST5894,Clothing,North,3154.05,0.33,488.89,21,Yes,15.50038838953092
ORD07933,2025-04-21,CUST1890,Office Supplies,West,2064.53,0.06,155.8,19,Yes,7.546511796873864
ORD07934,2024-12-13,CUST8274,Electronics,East,4119.26,0.36,817.12,32,No,19.83657258828042
ORD07935,2025-09-09,CUST5984,Home,South,229.58,0.08,55.56,55,Yes,24.200714347939716
ORD07936,2024-04-14,CUST3107,Home,South,3213.84,0.18,291.49,53,Yes,9.069835461628458
ORD07937,2025-01-16,CUST3344,Home,West,551.47,0.04,136.38,30,Yes,24.7302663789508
ORD07938,2024-02-05,CUST6206,Electronics,South,399.32,0.22,62.36,29,Yes,15.616548131824102
ORD07939,2024-09-14,CUST4156,Home,East,4937.56,0.2,306.97,24,Yes,6.217038375229871
ORD07940,2025-04-19,CUST6312,Office Supplies,South,2827.3,0.27,496.94,25,No,17.57648640045273
ORD07941,2024-06-30,CUST1544,Clothing,North,4812.12,0.14,1169.87,49,Yes,24.3109066274324
ORD07942,2025-07-29,CUST8976,Clothing,South,4307.64,0.26,915.76,50,No,21.25897243037951
ORD07943,2025-04-14,CUST7260,Furniture,West,4524.26,0.4,470.8,34,Yes,10.406121664095345
ORD07944,2024-07-23,CUST2337,Clothing,East,714.18,0.07,149.38,48,No,20.91629561175054
ORD07945,2024-02-12,CUST2405,Home,North,206.62,0.28,33.81,47,Yes,16.363372374407128
ORD07946,2024-09-09,CUST6538,Office Supplies,West,3483.02,0.2,514.14,27,Yes,14.761327813219562
ORD07947,2025-04-19,CUST4069,Furniture,North,1565.29,0.32,94.06,34,No,6.009110132946611
ORD07948,2025-10-14,CUST7872,Furniture,South,2851.61,0.02,533.43,27,Yes,18.706274700958403
ORD07949,2025-05-07,CUST1640,Office Supplies,East,4234.7,0.39,27.47,28,Yes,0.648688218764021
ORD07950,2025-03-10,CUST8376,Electronics,South,1758.19,0.05,297.9,40,Yes,16.943561276085063
ORD07951,2024-11-27,CUST2723,Office Supplies,South,3790.64,0.39,642.68,57,Yes,16.954392925732854
ORD07952,2024-03-30,CUST3036,Electronics,West,1420.72,0.15,323.55,18,Yes,22.773664057660906
ORD07953,2024-08-01,CUST3358,Furniture,South,4894.97,0.2,1129.53,42,Yes,23.075320175608837
ORD07954,2025-02-19,CUST7054,Home,West,2536.71,0.25,189.88,54,Yes,7.485286059502267
ORD07955,2025-03-11,CUST1257,Furniture,West,1513.54,0.21,295.42,39,Yes,19.518479855173965
ORD07956,2024-02-26,CUST1773,Home,North,3625.63,0.16,522.45,59,Yes,14.409909450219688
ORD07957,2025-02-15,CUST9128,Home,South,3993.55,0.38,214.5,64,Yes,5.371160997107836
ORD07958,2025-09-06,CUST5907,Electronics,West,231.14,0.17,37.61,19,Yes,16.271523751838714
ORD07959,2025-08-13,CUST1675,Electronics,East,3779.48,0.11,621.15,32,Yes,16.434800554573645
ORD07960,2025-04-25,CUST6921,Office Supplies,South,2708.38,0.37,374.1,48,Yes,13.812685073734116
ORD07961,2025-08-29,CUST9463,Clothing,East,4756.59,0.38,928.3,46,Yes,19.51608189900748
ORD07962,2024-01-22,CUST8843,Furniture,East,4222.34,0.28,693.39,64,No,16.42193665124078
ORD07963,2025-07-18,CUST1872,Office Supplies,East,3553.51,0.13,469.35,37,Yes,13.208067516342997
ORD07964,2024-08-30,CUST4182,Furniture,North,2586.46,0.19,559.45,22,No,21.62994981557805
ORD07965,2024-03-15,CUST6031,Home,North,4844.1,0.24,620.35,19,No,12.806300447967631
ORD07966,2025-01-26,CUST7444,Office Supplies,South,259.46,0.01,53.42,63,Yes,20.588915439759504
ORD07967,2025-11-05,CUST6225,Furniture,South,2965.02,0.15,610.94,31,Yes,20.604920034266215
ORD07968,2025-12-02,CUST4368,Clothing,North,3434.63,0.1,472.81,57,Yes,13.765966057479261
ORD07969,2024-04-13,CUST1241,Electronics,South,3979.05,0.18,292.06,43,Yes,7.339942951206946
ORD07970,2025-02-15,CUST1450,Clothing,South,510.95,0.02,81.05,28,No,15.862608865838142
ORD07971,2024-04-16,CUST6331,Office Supplies,West,698.68,0.29,125.94,29,No,18.025419362225914
ORD07972,2024-01-09,CUST1819,Clothing,South,1617.3,0.35,303.96,19,Yes,18.794286774253386
ORD07973,2025-09-21,CUST3422,Office Supplies,East,2928.5,0.17,419.01,50,Yes,14.308007512378351
ORD07974,2024-04-25,CUST3635,Clothing,North,3319.92,0.35,147.66,39,Yes,4.4476975348803585
ORD07975,2025-09-30,CUST6262,Office Supplies,South,1940.91,0.15,350.01,38,Yes,18.033293661220767
ORD07976,2025-03-17,CUST8981,Clothing,South,332.93,0.38,54.29,37,Yes,16.30673114468507
ORD07977,2024-10-30,CUST6981,Clothing,South,4139.77,0.07,611.13,28,No,14.762414337028385
ORD07978,2025-04-24,CUST3970,Office Supplies,South,697.92,0.2,149.62,34,Yes,21.437987161852362
ORD07979,2024-02-02,CUST3754,Home,West,1808.51,0.28,339.37,64,Yes,18.765171328883998
ORD07980,2024-05-20,CUST7557,Clothing,West,4646.88,0.31,572.01,46,Yes,12.309549633302344
ORD07981,2024-04-23,CUST3142,Furniture,North,261.1,0.25,6.83,56,Yes,2.6158559938720796
ORD07982,2024-02-06,CUST7550,Home,North,1414.55,0.36,35.2,36,Yes,2.4884238803859886
ORD07983,2024-04-11,CUST5954,Furniture,South,183.57,0.21,6.24,55,Yes,3.39924824317699
ORD07984,2024-03-10,CUST3899,Furniture,West,2477.64,0.09,536.62,21,Yes,21.658513746952746
ORD07985,2024-02-06,CUST6897,Clothing,East,1102.51,0.11,170.99,49,Yes,15.509156379533973
ORD07986,2025-09-25,CUST5705,Clothing,South,919.96,0.15,45.34,20,Yes,4.928475151093526
ORD07987,2024-03-24,CUST7122,Home,South,408.72,0.1,81.8,24,Yes,20.013701311411232
ORD07988,2024-07-14,CUST5366,Electronics,East,3195.2,0.25,600.65,51,Yes,18.798510265398097
ORD07989,2024-09-25,CUST2510,Clothing,West,4222.97,0.22,603.32,43,Yes,14.286627657785871
ORD07990,2024-09-12,CUST8163,Electronics,East,1251.3,0.25,81.88,52,Yes,6.543594661551985
ORD07991,2025-09-11,CUST2485,Home,North,879.64,0.17,105.65,28,Yes,12.010595243508709
ORD07992,2025-08-29,CUST2682,Office Supplies,West,508.02,0.05,86.4,63,Yes,17.00720444077005
ORD07993,2025-11-27,CUST4880,Office Supplies,East,2033.21,0.36,347.82,32,Yes,17.10693927336576
ORD07994,2024-10-09,CUST1147,Clothing,West,3879.75,0.33,573.34,54,No,14.77775629873059
ORD07995,2025-05-12,CUST7343,Clothing,South,1990.71,0.16,205.21,34,Yes,10.308382436417157
ORD07996,2025-11-17,CUST5617,Home,North,500.78,0.08,129.48,25,Yes,25.855665162346735
ORD07997,2024-01-10,CUST5812,Clothing,South,4314.72,0.31,879.44,26,Yes,20.382319130789483
ORD07998,2024-12-06,CUST7642,Electronics,East,844.77,0.19,81.51,37,No,9.648780141340248
ORD07999,2025-09-15,CUST4125,Clothing,North,4774.43,0.22,953.42,57,Yes,19.969294763982294
ORD08000,2024-05-15,CUST2562,Clothing,South,3880.08,0.24,618.04,55,Yes,15.928537555926681
ORD08001,2025-01-01,CUST7007,Furniture,West,2725.54,0.1,636.42,61,Yes,23.350235182752773
ORD08002,2024-05-22,CUST2215,Clothing,North,4844.61,0.36,226.1,24,Yes,4.6670423419016185
ORD08003,2025-01-27,CUST6699,Home,South,4346.51,0.07,1112.42,23,No,25.593407124336537
ORD08004,2024-03-20,CUST8543,Home,East,503.49,0.22,96.84,34,Yes,19.2337484359173
ORD08005,2024-03-23,CUST1089,Clothing,North,3203.15,0.36,84.75,52,No,2.6458330081326196
ORD08006,2024-01-03,CUST7001,Office Supplies,East,3833.11,0.38,715.44,41,No,18.664739597872224
ORD08007,2024-04-28,CUST5270,Clothing,West,3045.9,0.14,588.65,53,Yes,19.325979185134113
ORD08008,2024-04-14,CUST1723,Clothing,East,3614.95,0.18,358.32,65,Yes,9.912170292811796
ORD08009,2025-10-26,CUST7730,Furniture,West,633.43,0.14,106.97,45,No,16.887422446047708
ORD08010,2025-05-04,CUST4477,Electronics,North,3380.41,0.16,310.75,47,No,9.192671894829326
ORD08011,2025-09-28,CUST3162,Electronics,West,2771.84,0.32,572.0,33,Yes,20.636111752482105
ORD08012,2024-02-07,CUST5658,Furniture,East,1894.9,0.18,118.22,39,No,6.238851654440867
ORD08013,2025-10-07,CUST1186,Electronics,North,695.36,0.08,58.11,58,Yes,8.356822365393466
ORD08014,2025-03-12,CUST6282,Clothing,West,2814.08,0.36,418.38,60,Yes,14.867381168978849
ORD08015,2024-07-28,CUST5819,Furniture,North,3341.07,0.12,408.57,59,Yes,12.228717147500651
ORD08016,2025-08-10,CUST8088,Clothing,North,1365.36,0.19,282.31,21,Yes,20.6765981133181
ORD08017,2025-04-11,CUST5895,Clothing,West,2790.89,0.04,635.01,52,Yes,22.752956942050744
ORD08018,2025-10-27,CUST3295,Furniture,North,2781.67,0.39,354.09,24,No,12.729403559732102
ORD08019,2024-03-17,CUST9728,Office Supplies,North,2932.81,0.37,204.21,57,Yes,6.962946798462907
ORD08020,2024-05-03,CUST9016,Furniture,West,946.78,0.2,136.17,64,No,14.382433088996388
ORD08021,2024-09-07,CUST9727,Electronics,West,4439.95,0.05,562.62,35,Yes,12.67176432167029
ORD08022,2025-11-02,CUST8266,Furniture,North,2957.31,0.34,130.07,24,Yes,4.398253818503979
ORD08023,2025-05-05,CUST4832,Clothing,South,2475.78,0.27,170.73,53,No,6.896008530644887
ORD08024,2024-06-29,CUST2203,Clothing,East,543.23,0.06,55.91,45,Yes,10.292141450214457
ORD08025,2025-10-01,CUST9759,Office Supplies,West,4077.9,0.16,560.7,29,Yes,13.74972412271022
ORD08026,2024-06-07,CUST3257,Home,South,574.75,0.08,90.19,53,No,15.69204001739887
ORD08027,2025-09-01,CUST4369,Clothing,West,3242.07,0.33,342.9,55,No,10.576576076395634
ORD08028,2025-01-12,CUST6731,Clothing,North,3551.54,0.32,66.54,52,Yes,1.8735534444212936
ORD08029,2025-12-05,CUST9473,Furniture,North,689.03,0.02,150.32,26,No,21.81617636387385
ORD08030,2024-07-28,CUST2772,Furniture,North,321.76,0.31,59.49,40,No,18.488935852809547
ORD08031,2024-10-18,CUST4548,Clothing,East,4517.38,0.33,317.15,48,Yes,7.020662419366977
ORD08032,2025-02-15,CUST7984,Office Supplies,West,3527.96,0.14,484.53,21,No,13.733999251692195
ORD08033,2025-08-01,CUST2671,Electronics,South,4739.25,0.04,686.13,46,Yes,14.477607216331698
ORD08034,2025-09-25,CUST9793,Office Supplies,South,707.66,0.23,142.32,47,Yes,20.11135290958935
ORD08035,2025-06-01,CUST5018,Furniture,East,4085.83,0.26,350.31,21,Yes,8.573778155234066
ORD08036,2025-08-25,CUST7167,Home,North,3409.28,0.13,759.84,60,No,22.287403792003
ORD08037,2025-11-06,CUST4792,Home,East,4954.15,0.24,919.32,35,Yes,18.556563689028394
ORD08038,2024-04-17,CUST3507,Clothing,North,4648.77,0.37,345.27,65,Yes,7.427125884911491
ORD08039,2024-05-03,CUST4189,Clothing,North,2089.74,0.01,571.96,42,Yes,27.36991204647469
ORD08040,2024-07-26,CUST4763,Electronics,East,2712.43,0.0,465.99,62,Yes,17.179798188340346
ORD08041,2025-04-05,CUST7974,Office Supplies,North,1562.29,0.06,144.77,37,Yes,9.266525421016587
ORD08042,2025-05-26,CUST3759,Clothing,West,4936.77,0.03,384.05,63,No,7.779378014369718
ORD08043,2024-12-05,CUST3271,Home,North,3212.19,0.07,693.18,32,Yes,21.57966994480401
ORD08044,2024-06-26,CUST1419,Home,East,2018.89,0.24,150.11,53,Yes,7.435273838594475
ORD08045,2024-07-01,CUST9784,Clothing,North,199.93,0.02,19.2,25,Yes,9.603361176411743
ORD08046,2025-08-29,CUST1868,Clothing,East,4112.02,0.05,427.7,35,Yes,10.40121400187742
ORD08047,2024-02-23,CUST5702,Furniture,North,2086.92,0.19,432.89,31,Yes,20.74300883598796
ORD08048,2024-08-15,CUST5760,Home,North,1083.57,0.27,186.86,40,No,17.24484804858016
ORD08049,2025-12-25,CUST9814,Clothing,South,2083.75,0.0,192.54,37,Yes,9.24007198560288
ORD08050,2024-10-10,CUST5705,Home,South,3054.16,0.0,718.09,30,Yes,23.5118657830631
ORD08051,2025-12-01,CUST7273,Furniture,West,418.51,0.22,91.23,53,Yes,21.798762275692336
ORD08052,2025-11-09,CUST8416,Clothing,West,2259.24,0.07,222.74,48,Yes,9.859067651068502
ORD08053,2025-01-14,CUST2492,Furniture,North,4422.87,0.24,866.92,40,Yes,19.60084741355726
ORD08054,2024-05-26,CUST4054,Office Supplies,South,1036.34,0.06,110.7,55,Yes,10.68182256788313
ORD08055,2024-01-09,CUST8537,Clothing,North,1130.15,0.39,5.25,27,Yes,0.4645401052957572
ORD08056,2025-03-24,CUST1215,Home,North,3936.32,0.16,221.62,28,Yes,5.630131696610031
ORD08057,2024-12-22,CUST5418,Office Supplies,West,4485.3,0.08,892.31,29,Yes,19.89409849954295
ORD08058,2024-08-05,CUST4445,Clothing,North,3379.92,0.01,447.7,21,Yes,13.24587564202703
ORD08059,2024-10-13,CUST7160,Furniture,North,3421.49,0.14,233.27,44,Yes,6.817789910243784
ORD08060,2024-11-15,CUST8926,Home,South,4742.09,0.15,362.26,50,Yes,7.639247673494176
ORD08061,2025-05-01,CUST6973,Furniture,West,1896.4,0.25,109.73,23,Yes,5.786226534486396
ORD08062,2024-05-26,CUST3160,Clothing,South,2410.85,0.24,217.67,49,Yes,9.028765788000083
ORD08063,2024-10-27,CUST9544,Clothing,North,2287.06,0.04,468.89,41,Yes,20.501867025788567
ORD08064,2024-06-24,CUST4067,Office Supplies,South,1500.19,0.11,100.53,33,Yes,6.701151187516248
ORD08065,2025-05-05,CUST4021,Clothing,West,3672.74,0.08,897.47,58,Yes,24.43597967729815
ORD08066,2025-12-12,CUST1091,Furniture,West,4114.98,0.08,476.58,36,Yes,11.581587273814211
ORD08067,2025-09-13,CUST8002,Furniture,East,3012.42,0.06,768.48,59,Yes,25.510386997828988
ORD08068,2024-11-17,CUST8640,Furniture,East,3027.04,0.1,757.65,28,No,25.029401659707172
ORD08069,2024-05-24,CUST1746,Home,East,1435.29,0.25,193.39,18,Yes,13.47393209734618
ORD08070,2024-05-13,CUST9137,Home,East,997.89,0.27,163.06,21,No,16.340478409443925
ORD08071,2024-03-06,CUST9925,Furniture,South,1528.07,0.37,273.13,35,Yes,17.874181156622406
ORD08072,2025-07-31,CUST5456,Furniture,North,1244.17,0.29,235.67,29,No,18.94194523256468
ORD08073,2024-02-01,CUST8626,Furniture,West,3831.3,0.21,568.31,21,Yes,14.833346383733979
ORD08074,2024-12-21,CUST7336,Home,South,3262.77,0.12,183.0,34,Yes,5.608731231438318
ORD08075,2024-12-25,CUST4409,Electronics,South,716.24,0.08,151.24,19,Yes,21.11582709706244
ORD08076,2025-03-04,CUST5459,Electronics,West,2429.69,0.38,-2.86,18,Yes,-0.11771048981557317
ORD08077,2025-12-28,CUST4671,Clothing,East,624.89,0.16,108.26,36,Yes,17.324649138248333
ORD08078,2024-01-20,CUST4467,Electronics,North,2383.24,0.21,440.54,39,Yes,18.484919689162655
ORD08079,2025-10-11,CUST4514,Office Supplies,South,1981.48,0.19,95.87,21,No,4.8383026828431275
ORD08080,2025-09-30,CUST5891,Furniture,East,4310.0,0.01,1155.98,46,Yes,26.82088167053364
ORD08081,2025-04-05,CUST8143,Clothing,West,1805.82,0.05,451.95,32,Yes,25.02741136990398
ORD08082,2025-09-14,CUST7810,Home,East,973.03,0.08,75.45,59,Yes,7.75412885522543
ORD08083,2025-08-31,CUST1145,Clothing,West,2060.64,0.19,449.93,28,No,21.834478608587624
ORD08084,2025-06-30,CUST8732,Furniture,North,4925.78,0.38,587.61,62,No,11.929278205685192
ORD08085,2025-12-05,CUST5599,Furniture,West,1230.58,0.2,214.36,41,Yes,17.419428237091456
ORD08086,2024-06-07,CUST3850,Home,East,3253.54,0.37,81.67,21,Yes,2.5101889019345083
ORD08087,2025-07-11,CUST9913,Clothing,East,4194.18,0.04,732.57,43,Yes,17.46634622262278
ORD08088,2024-07-07,CUST1832,Furniture,West,4484.43,0.03,476.64,46,Yes,10.628775563449535
ORD08089,2024-01-01,CUST7304,Furniture,North,3813.11,0.03,744.62,44,Yes,19.527891930733706
ORD08090,2025-08-06,CUST6997,Electronics,West,1349.54,0.12,260.57,40,No,19.30806052432681
ORD08091,2025-02-14,CUST5007,Electronics,North,4095.11,0.37,652.51,37,No,15.933882117940664
ORD08092,2025-02-07,CUST2664,Clothing,West,3099.49,0.09,452.83,21,Yes,14.609822906349109
ORD08093,2024-12-21,CUST6109,Electronics,North,1610.04,0.11,173.3,29,Yes,10.763707733969344
ORD08094,2024-07-28,CUST7532,Clothing,West,3890.65,0.15,522.54,44,Yes,13.430660686517676
ORD08095,2025-01-30,CUST6127,Clothing,West,1489.63,0.1,305.2,33,No,20.488309177446745
ORD08096,2025-01-26,CUST5325,Furniture,East,1839.58,0.32,330.14,60,No,17.94648778525533
ORD08097,2025-09-03,CUST1029,Home,North,1076.71,0.08,176.41,42,Yes,16.38417029655153
ORD08098,2024-09-10,CUST2262,Home,North,2540.06,0.37,189.86,25,No,7.474626583624009
ORD08099,2024-01-08,CUST7736,Furniture,West,490.9,0.19,47.44,34,Yes,9.663882664493787
ORD08100,2024-02-19,CUST9788,Clothing,East,1736.79,0.06,346.72,26,Yes,19.96326556463361
ORD08101,2025-04-04,CUST3977,Office Supplies,West,4799.02,0.29,936.66,24,Yes,19.517734870869464
ORD08102,2024-05-31,CUST8677,Furniture,East,840.82,0.09,110.29,42,Yes,13.116957256011988
ORD08103,2024-06-15,CUST7250,Clothing,East,166.73,0.26,16.27,57,Yes,9.758291849097343
ORD08104,2025-09-30,CUST2120,Office Supplies,West,2784.96,0.25,475.45,40,No,17.072058485579685
ORD08105,2024-12-01,CUST8610,Furniture,East,3517.26,0.03,504.18,21,No,14.334453523481347
ORD08106,2025-08-11,CUST1787,Furniture,East,3717.56,0.38,89.67,42,Yes,2.4120659787602623
ORD08107,2025-06-09,CUST4169,Furniture,South,519.01,0.22,42.87,51,No,8.259956455559623
ORD08108,2024-04-08,CUST4147,Home,North,1615.89,0.07,356.76,61,Yes,22.07823552345766
ORD08109,2024-08-21,CUST5410,Electronics,North,4575.55,0.39,571.74,39,Yes,12.495546983422757
ORD08110,2024-05-18,CUST5312,Furniture,East,3288.57,0.32,556.84,45,Yes,16.932587720498578
ORD08111,2024-03-30,CUST6794,Clothing,East,695.93,0.31,87.36,63,No,12.552986650956274
ORD08112,2025-08-02,CUST3236,Home,East,3799.53,0.21,453.03,62,Yes,11.92331683129229
ORD08113,2024-08-03,CUST4221,Home,East,3726.67,0.14,626.26,60,Yes,16.80481502252681
ORD08114,2024-11-25,CUST9215,Clothing,East,3836.62,0.23,704.87,52,Yes,18.37216091246983
ORD08115,2024-07-19,CUST3861,Clothing,South,3930.03,0.16,904.31,20,Yes,23.010256919158376
ORD08116,2024-11-14,CUST9066,Clothing,West,1139.21,0.33,160.96,60,Yes,14.129089456728785
ORD08117,2024-01-10,CUST6851,Office Supplies,East,1559.58,0.03,147.74,44,Yes,9.473063260621451
ORD08118,2025-05-04,CUST7664,Furniture,East,1514.65,0.3,285.82,23,Yes,18.870366091176177
ORD08119,2025-05-03,CUST8009,Home,South,1167.41,0.08,290.62,33,Yes,24.89442440959046
ORD08120,2024-11-27,CUST7654,Furniture,East,1430.1,0.35,32.08,38,Yes,2.2431997762394236
ORD08121,2024-12-22,CUST2131,Electronics,West,2570.81,0.02,208.54,65,Yes,8.111840237123708
ORD08122,2025-05-20,CUST6501,Office Supplies,West,3057.56,0.18,547.04,25,No,17.891390520545794
ORD08123,2025-06-13,CUST5784,Clothing,East,2299.16,0.26,229.91,44,Yes,9.999739035125872
ORD08124,2025-03-08,CUST2540,Office Supplies,West,3041.82,0.07,718.3,44,No,23.614152053704686
ORD08125,2025-12-10,CUST9221,Electronics,South,699.06,0.04,137.02,25,No,19.600606528767205
ORD08126,2024-05-02,CUST8719,Office Supplies,North,2302.32,0.19,100.41,18,Yes,4.361252996976962
ORD08127,2024-08-31,CUST7453,Electronics,North,1723.92,0.24,58.26,27,Yes,3.3795071697062506
ORD08128,2024-06-02,CUST1856,Clothing,South,1066.13,0.29,89.47,46,No,8.39203474247981
ORD08129,2025-10-30,CUST4829,Home,North,2441.68,0.32,416.76,30,Yes,17.068575734740016
ORD08130,2024-12-13,CUST2487,Electronics,West,935.46,0.11,55.53,43,Yes,5.936116990571484
ORD08131,2024-03-31,CUST2195,Clothing,East,2097.93,0.39,196.05,50,Yes,9.344925712488026
ORD08132,2024-03-22,CUST8127,Clothing,South,703.6,0.35,81.82,56,Yes,11.628766344513927
ORD08133,2024-02-02,CUST4042,Furniture,South,4431.43,0.25,455.73,62,Yes,10.284039237898375
ORD08134,2024-10-30,CUST6026,Office Supplies,East,3880.3,0.19,813.38,41,Yes,20.961781305569154
ORD08135,2024-05-26,CUST2959,Office Supplies,North,2938.99,0.06,715.93,59,Yes,24.359729022555367
ORD08136,2025-11-10,CUST7693,Electronics,East,4704.53,0.38,100.63,52,Yes,2.1390021957560053
ORD08137,2024-01-17,CUST2131,Office Supplies,North,2412.71,0.37,105.46,20,Yes,4.371018481292819
ORD08138,2024-08-05,CUST3037,Electronics,North,1997.45,0.13,123.32,19,Yes,6.17387168640016
ORD08139,2024-04-10,CUST7792,Clothing,East,4997.17,0.23,329.28,58,No,6.58932956053126
ORD08140,2025-10-12,CUST9052,Furniture,South,3368.71,0.3,457.3,64,No,13.574929275598077
ORD08141,2025-04-06,CUST3431,Office Supplies,South,2850.21,0.21,300.39,44,Yes,10.539223425642321
ORD08142,2024-12-02,CUST8245,Clothing,West,3784.14,0.38,673.14,56,Yes,17.788453915552807
ORD08143,2025-03-11,CUST4803,Home,South,601.04,0.21,132.91,24,Yes,22.11333688273659
ORD08144,2024-11-18,CUST3212,Clothing,West,1811.73,0.39,291.63,58,Yes,16.096769386166812
ORD08145,2025-01-20,CUST5199,Home,North,257.82,0.35,8.15,28,No,3.1611201613528825
ORD08146,2025-04-14,CUST3822,Electronics,South,4324.44,0.03,872.87,52,Yes,20.18457881251677
ORD08147,2024-04-18,CUST8791,Furniture,South,210.57,0.14,19.42,29,Yes,9.222586313339983
ORD08148,2025-06-09,CUST7040,Furniture,North,1372.83,0.39,4.4,28,Yes,0.3205058164521464
ORD08149,2025-01-15,CUST1132,Furniture,North,673.89,0.37,4.22,53,No,0.6262149608986629
ORD08150,2024-10-19,CUST8604,Furniture,South,3834.86,0.28,597.36,51,No,15.577100598196544
ORD08151,2025-08-26,CUST8676,Office Supplies,North,4171.13,0.34,647.74,55,No,15.529125201084598
ORD08152,2025-03-26,CUST8379,Clothing,East,1645.31,0.21,92.26,40,Yes,5.60745391445989
ORD08153,2025-07-18,CUST6231,Home,North,3813.15,0.32,211.85,47,No,5.555774097530913
ORD08154,2024-07-03,CUST9488,Electronics,West,308.15,0.35,47.14,58,No,15.297744604900213
ORD08155,2025-11-29,CUST7234,Home,North,1426.94,0.31,51.73,59,Yes,3.6252400241075304
ORD08156,2025-04-07,CUST5678,Electronics,North,4444.69,0.37,598.19,31,Yes,13.45853141613926
ORD08157,2024-06-15,CUST6447,Home,South,322.8,0.07,52.67,20,Yes,16.316604708798017
ORD08158,2024-01-01,CUST2584,Office Supplies,South,2413.98,0.18,495.32,61,No,20.5188112577569
ORD08159,2024-09-29,CUST4759,Clothing,East,322.23,0.26,50.4,23,No,15.641001768922818
ORD08160,2024-08-02,CUST2019,Office Supplies,West,2925.05,0.06,713.73,36,Yes,24.40060853660621
ORD08161,2025-12-16,CUST9346,Furniture,West,4460.87,0.24,802.29,32,Yes,17.985056726602657
ORD08162,2025-02-26,CUST1472,Home,North,1502.41,0.19,226.88,30,Yes,15.101070946013403
ORD08163,2024-11-20,CUST3427,Electronics,South,3972.59,0.17,202.08,24,No,5.0868576923367375
ORD08164,2024-06-11,CUST6686,Clothing,South,1937.14,0.0,334.23,40,Yes,17.253786510009604
ORD08165,2024-06-09,CUST6578,Office Supplies,South,1119.25,0.21,202.84,61,Yes,18.122850122850124
ORD08166,2024-02-07,CUST7445,Home,South,1169.48,0.1,278.49,53,No,23.81314772377467
ORD08167,2024-04-28,CUST6684,Furniture,North,1651.99,0.28,310.5,45,Yes,18.795513290032023
ORD08168,2024-03-14,CUST3281,Home,South,2119.57,0.38,25.91,58,No,1.2224177545445536
ORD08169,2024-05-16,CUST1523,Furniture,South,4502.12,0.08,689.16,64,Yes,15.307455154460564
ORD08170,2024-08-18,CUST3430,Clothing,East,1205.88,0.03,161.38,56,Yes,13.382757820015257
ORD08171,2024-07-21,CUST9158,Furniture,North,1505.93,0.39,179.67,43,Yes,11.930833438473234
ORD08172,2025-08-31,CUST1575,Electronics,West,4356.94,0.08,810.07,56,No,18.59263611617328
ORD08173,2025-01-30,CUST1576,Clothing,North,2278.08,0.14,260.6,48,No,11.439457789015313
ORD08174,2024-05-09,CUST3577,Home,East,4420.54,0.38,513.95,34,Yes,11.626407633456546
ORD08175,2025-09-26,CUST5494,Clothing,North,2260.22,0.26,292.04,18,Yes,12.920866110378636
ORD08176,2025-04-29,CUST5738,Clothing,South,1337.23,0.37,51.78,53,Yes,3.872183543593847
ORD08177,2025-02-23,CUST3533,Office Supplies,West,4037.17,0.34,738.09,44,Yes,18.282361158930637
ORD08178,2024-09-07,CUST6581,Electronics,West,827.26,0.14,62.88,32,Yes,7.600996059280034
ORD08179,2024-12-19,CUST6250,Office Supplies,North,4642.1,0.35,388.26,36,Yes,8.363887033885526
ORD08180,2025-07-30,CUST6210,Clothing,East,1546.92,0.24,288.47,21,Yes,18.648023168618934
ORD08181,2025-12-21,CUST7474,Electronics,South,3084.56,0.28,347.93,29,Yes,11.279728713333506
ORD08182,2024-08-03,CUST2084,Clothing,North,2174.8,0.02,234.8,63,Yes,10.796395070811108
ORD08183,2025-07-17,CUST2077,Home,East,1955.43,0.14,125.89,56,No,6.43797016512992
ORD08184,2024-06-08,CUST9376,Clothing,East,2680.79,0.28,98.77,46,Yes,3.684361699349818
ORD08185,2024-04-17,CUST2859,Furniture,North,3842.55,0.29,618.16,30,Yes,16.087233738012515
ORD08186,2024-08-31,CUST6645,Home,North,419.01,0.22,32.21,64,No,7.687167370707143
ORD08187,2025-01-15,CUST2612,Electronics,North,3797.68,0.17,857.48,55,Yes,22.579048261043585
ORD08188,2024-09-18,CUST6828,Furniture,East,3595.32,0.11,614.3,20,Yes,17.086100819954826
ORD08189,2025-03-08,CUST7050,Office Supplies,South,2648.16,0.31,498.52,58,Yes,18.82514651682678
ORD08190,2024-06-01,CUST8799,Office Supplies,East,4310.37,0.05,341.3,42,Yes,7.918113758215653
ORD08191,2024-04-14,CUST4074,Clothing,East,1183.08,0.09,194.9,65,No,16.473949352537446
ORD08192,2024-01-26,CUST9368,Clothing,North,4857.14,0.14,497.58,31,Yes,10.244300143705965
ORD08193,2025-03-07,CUST6968,Home,West,2839.26,0.05,512.12,45,Yes,18.03709417242521
ORD08194,2024-03-04,CUST7474,Electronics,West,206.92,0.16,45.76,43,Yes,22.11482698627489
ORD08195,2025-05-31,CUST7883,Home,South,4707.37,0.13,994.77,23,Yes,21.132182088937135
ORD08196,2024-02-03,CUST6443,Furniture,South,588.28,0.03,108.26,22,Yes,18.402801387094584
ORD08197,2024-05-01,CUST3518,Electronics,West,4903.41,0.31,790.76,51,Yes,16.12673629168273
ORD08198,2025-08-17,CUST1667,Office Supplies,West,1818.79,0.08,456.98,43,Yes,25.125495521747975
ORD08199,2024-05-05,CUST8813,Furniture,South,615.98,0.32,6.9,36,Yes,1.1201662391636094
ORD08200,2024-01-06,CUST6360,Furniture,West,694.82,0.06,156.26,64,Yes,22.489277798566533
ORD08201,2025-01-05,CUST8844,Clothing,North,1466.34,0.36,119.82,60,Yes,8.171365440484472
ORD08202,2025-02-24,CUST3601,Furniture,South,3503.4,0.25,438.4,32,Yes,12.513558257692525
ORD08203,2025-06-24,CUST6482,Clothing,West,1568.65,0.09,141.28,43,Yes,9.006470531986102
ORD08204,2024-04-03,CUST1040,Furniture,South,4535.05,0.4,601.42,25,Yes,13.261595792769649
ORD08205,2024-12-01,CUST7912,Clothing,North,218.9,0.03,37.48,55,No,17.12197350388305
ORD08206,2024-06-28,CUST6627,Home,North,689.78,0.34,34.64,18,No,5.021891037722172
ORD08207,2025-07-24,CUST8758,Electronics,West,4396.41,0.18,528.18,47,No,12.01389315373225
ORD08208,2025-01-15,CUST5814,Home,North,1571.7,0.11,127.5,60,No,8.112235159381562
ORD08209,2025-01-27,CUST6176,Home,West,3881.58,0.18,400.23,64,Yes,10.311007373286136
ORD08210,2024-10-27,CUST5713,Clothing,East,4980.6,0.17,1134.01,61,Yes,22.768541942737823
ORD08211,2025-03-12,CUST8751,Electronics,East,292.82,0.17,57.52,30,No,19.643466976299433
ORD08212,2024-11-27,CUST4572,Clothing,North,2440.09,0.14,258.97,20,Yes,10.613133122138937
ORD08213,2024-11-09,CUST8650,Clothing,East,684.82,0.39,49.46,62,No,7.222335796267632
ORD08214,2025-12-15,CUST7243,Office Supplies,West,1523.69,0.32,80.05,58,Yes,5.253693336571088
ORD08215,2024-06-20,CUST5713,Home,South,329.65,0.32,39.29,31,Yes,11.91870165326862
ORD08216,2025-05-23,CUST7666,Home,South,2604.8,0.29,265.97,43,No,10.210764742014742
ORD08217,2024-03-24,CUST6419,Furniture,East,4667.67,0.21,174.43,48,Yes,3.736982263099148
ORD08218,2025-02-06,CUST3237,Electronics,West,4076.37,0.16,528.31,50,Yes,12.96030536972846
ORD08219,2024-05-20,CUST5259,Office Supplies,West,1593.16,0.08,329.21,43,Yes,20.663963443721908
ORD08220,2024-11-24,CUST8637,Electronics,North,853.53,0.21,132.96,51,Yes,15.577659836209627
ORD08221,2025-05-10,CUST6977,Electronics,West,287.34,0.29,27.46,27,Yes,9.55662281617596
ORD08222,2025-03-21,CUST5874,Electronics,East,420.65,0.05,50.4,42,Yes,11.981457268513015
ORD08223,2025-02-08,CUST5672,Home,East,4686.14,0.31,493.02,49,No,10.520812438382121
ORD08224,2024-05-23,CUST3330,Furniture,East,4189.71,0.34,491.54,56,Yes,11.732076921791723
ORD08225,2025-09-15,CUST8614,Furniture,East,2580.66,0.15,537.79,23,No,20.839242674354622
ORD08226,2024-10-11,CUST4690,Clothing,South,2277.34,0.17,296.94,33,Yes,13.0388962561585
ORD08227,2025-11-20,CUST4854,Electronics,South,3912.26,0.05,995.23,39,No,25.438748958402556
ORD08228,2025-10-04,CUST4020,Electronics,West,1138.93,0.14,253.44,55,No,22.25246503296954
ORD08229,2025-06-01,CUST1363,Office Supplies,West,1844.64,0.04,475.07,24,Yes,25.75407667620782
ORD08230,2024-09-01,CUST1162,Furniture,North,283.99,0.39,42.01,30,Yes,14.792774393464558
ORD08231,2025-03-26,CUST7259,Electronics,East,2083.9,0.25,217.79,37,No,10.451077306972504
ORD08232,2025-09-08,CUST3670,Clothing,East,2242.91,0.14,321.08,48,Yes,14.315331422125722
ORD08233,2024-10-09,CUST9970,Electronics,North,3260.71,0.09,377.12,60,Yes,11.565579275679223
ORD08234,2024-01-28,CUST5991,Furniture,South,4438.39,0.3,597.76,38,Yes,13.46794671040625
ORD08235,2024-09-01,CUST1364,Electronics,West,4015.79,0.34,785.52,20,No,19.560783805926107
ORD08236,2025-08-17,CUST5662,Home,West,3320.33,0.09,415.41,57,Yes,12.511105823818719
ORD08237,2024-06-14,CUST9473,Home,South,4553.96,0.01,383.83,38,Yes,8.428488612109021
ORD08238,2024-02-19,CUST5962,Furniture,South,3713.12,0.39,43.92,54,Yes,1.1828327659757834
ORD08239,2025-05-19,CUST5750,Electronics,West,1670.6,0.17,207.51,56,Yes,12.4212857655932
ORD08240,2024-02-23,CUST7987,Office Supplies,East,1752.31,0.36,270.22,62,Yes,15.420787417751427
ORD08241,2025-12-12,CUST7644,Clothing,West,1570.37,0.23,97.39,26,No,6.201723160783764
ORD08242,2024-02-05,CUST4943,Clothing,West,4285.59,0.19,266.98,23,Yes,6.22971399503919
ORD08243,2025-10-03,CUST7213,Home,South,177.6,0.2,10.61,41,No,5.974099099099099
ORD08244,2025-03-02,CUST1316,Office Supplies,West,2397.82,0.25,219.13,56,No,9.13871766854893
ORD08245,2025-09-14,CUST9310,Office Supplies,South,2034.55,0.17,461.92,40,Yes,22.703791993315477
ORD08246,2024-10-04,CUST9786,Furniture,North,955.88,0.14,196.45,22,Yes,20.5517428965979
ORD08247,2024-03-07,CUST9620,Home,North,3104.79,0.4,421.55,25,No,13.577407811800477
ORD08248,2025-08-14,CUST2056,Clothing,South,920.14,0.34,93.42,32,No,10.152802834351295
ORD08249,2024-09-28,CUST7361,Electronics,South,550.41,0.24,54.37,58,Yes,9.878090877709344
ORD08250,2025-05-21,CUST4952,Electronics,West,1404.0,0.35,20.82,35,No,1.482905982905983
ORD08251,2025-08-29,CUST4674,Clothing,North,2604.6,0.11,596.8,41,Yes,22.913307225677645
ORD08252,2025-02-20,CUST7844,Home,West,3899.96,0.19,669.94,32,Yes,17.17812490384517
ORD08253,2024-09-05,CUST1411,Electronics,East,279.57,0.21,63.32,65,Yes,22.649068211896843
ORD08254,2024-05-01,CUST6601,Home,South,4459.49,0.03,420.79,56,Yes,9.4358323485421
ORD08255,2025-02-27,CUST3636,Furniture,South,3170.89,0.0,427.42,55,Yes,13.479496292838919
ORD08256,2025-03-23,CUST9661,Furniture,North,2484.94,0.31,37.05,47,No,1.4909816736017771
ORD08257,2025-12-31,CUST4628,Electronics,South,744.58,0.0,126.14,65,No,16.941094308200597
ORD08258,2025-06-17,CUST5100,Office Supplies,South,1035.09,0.19,95.19,51,Yes,9.196301770860506
ORD08259,2024-01-26,CUST8244,Furniture,South,4967.07,0.22,1016.34,38,Yes,20.461559833060537
ORD08260,2025-08-15,CUST6642,Electronics,South,823.74,0.31,102.11,37,Yes,12.395901619443029
ORD08261,2024-03-23,CUST6056,Office Supplies,West,236.77,0.15,30.45,20,Yes,12.860581999408707
ORD08262,2025-06-08,CUST9169,Home,West,1707.76,0.12,388.84,22,Yes,22.76900735466342
ORD08263,2024-10-25,CUST8588,Home,North,3917.05,0.18,826.56,59,Yes,21.10159431204605
ORD08264,2024-10-14,CUST8759,Furniture,South,1520.39,0.06,223.82,54,Yes,14.721222844138673
ORD08265,2025-08-15,CUST2589,Office Supplies,North,510.64,0.13,29.41,46,Yes,5.759439135202883
ORD08266,2024-05-01,CUST5089,Electronics,West,3004.18,0.35,52.4,20,Yes,1.7442363639994942
ORD08267,2024-04-26,CUST9316,Office Supplies,South,2987.95,0.36,528.65,32,No,17.69273247544303
ORD08268,2024-08-30,CUST6436,Office Supplies,South,326.11,0.37,-0.15,48,Yes,-0.045996749563030875
ORD08269,2024-08-01,CUST9015,Home,West,488.74,0.01,116.35,32,Yes,23.806113680075295
ORD08270,2025-01-16,CUST5721,Office Supplies,North,4136.44,0.3,489.47,33,Yes,11.833122201700014
ORD08271,2024-06-11,CUST9445,Electronics,West,2139.91,0.19,122.76,34,Yes,5.736689860788538
ORD08272,2025-12-24,CUST6890,Furniture,East,4342.27,0.05,785.31,59,Yes,18.085241129639563
ORD08273,2025-08-31,CUST9964,Office Supplies,East,1246.72,0.26,69.27,45,No,5.556179414784394
ORD08274,2025-01-10,CUST7349,Home,North,342.5,0.3,34.42,53,No,10.04963503649635
ORD08275,2024-11-26,CUST5304,Home,West,3402.62,0.24,150.36,28,No,4.41894775202638
ORD08276,2024-05-12,CUST3163,Electronics,West,1549.91,0.17,296.65,42,Yes,19.13982102186578
ORD08277,2025-12-17,CUST1339,Clothing,South,2081.89,0.35,219.61,31,Yes,10.548588061809221
ORD08278,2025-09-25,CUST1379,Office Supplies,West,1215.29,0.38,185.62,56,No,15.27372067572349
ORD08279,2025-01-24,CUST8817,Clothing,East,4930.97,0.27,616.1,33,Yes,12.494499053938677
ORD08280,2024-06-08,CUST7255,Home,North,944.63,0.01,220.13,49,Yes,23.30330393910843
ORD08281,2024-10-30,CUST3934,Electronics,West,2895.0,0.34,325.64,53,Yes,11.248359240069083
ORD08282,2025-06-27,CUST3979,Office Supplies,South,3298.08,0.04,660.0,19,Yes,20.011643137825644
ORD08283,2024-07-22,CUST5065,Furniture,East,383.25,0.18,42.18,27,No,11.00587084148728
ORD08284,2024-03-13,CUST2292,Home,East,1848.0,0.35,238.97,44,Yes,12.931277056277057
ORD08285,2024-10-15,CUST4894,Electronics,East,2894.94,0.14,668.29,60,Yes,23.084761687634284
ORD08286,2025-05-08,CUST4175,Furniture,South,3605.68,0.05,933.31,57,Yes,25.88443788688957
ORD08287,2025-12-19,CUST8701,Home,West,4533.7,0.29,737.3,49,Yes,16.26265522641551
ORD08288,2025-08-09,CUST4735,Electronics,North,2781.16,0.26,525.04,32,No,18.878453594902847
ORD08289,2025-06-27,CUST5264,Furniture,West,3820.55,0.38,256.26,41,Yes,6.707411236602059
ORD08290,2025-02-03,CUST2243,Home,East,2180.06,0.2,221.26,58,Yes,10.149261946918891
ORD08291,2025-08-15,CUST9239,Office Supplies,East,4002.05,0.38,627.71,20,Yes,15.684711585312527
ORD08292,2024-12-13,CUST9657,Home,North,1937.08,0.05,474.19,63,Yes,24.479629132508727
ORD08293,2024-03-03,CUST7456,Electronics,West,4583.04,0.38,276.81,37,Yes,6.0398774612484285
ORD08294,2024-05-26,CUST1975,Furniture,North,4613.09,0.23,542.72,49,Yes,11.764782390978715
ORD08295,2024-11-19,CUST8615,Furniture,South,2433.77,0.06,194.62,52,Yes,7.99664717701344
ORD08296,2024-11-11,CUST5989,Clothing,West,4544.1,0.12,431.12,32,Yes,9.487467265245042
ORD08297,2025-02-18,CUST3754,Furniture,East,529.65,0.17,57.82,55,Yes,10.916643066175777
ORD08298,2025-06-04,CUST7861,Furniture,East,4191.37,0.35,226.24,59,No,5.397757773711221
ORD08299,2024-06-29,CUST9706,Furniture,East,1476.65,0.19,306.37,32,No,20.747638235194525
ORD08300,2024-03-16,CUST2230,Electronics,South,4038.18,0.39,25.46,42,Yes,0.6304820488437861
ORD08301,2024-08-04,CUST7233,Electronics,North,2525.98,0.28,510.75,26,Yes,20.21987505839318
ORD08302,2024-10-20,CUST2342,Office Supplies,West,3554.86,0.25,796.82,34,Yes,22.41494742408984
ORD08303,2024-04-07,CUST3554,Furniture,West,3685.89,0.24,267.13,35,No,7.247367664254767
ORD08304,2025-08-16,CUST1203,Home,East,3227.75,0.06,232.27,21,No,7.1960343892804595
ORD08305,2025-08-10,CUST6576,Office Supplies,East,4183.23,0.14,381.86,41,Yes,9.128352971268615
ORD08306,2025-11-01,CUST5588,Home,West,3055.38,0.28,112.13,37,Yes,3.669919944491356
ORD08307,2024-03-13,CUST1677,Home,East,4630.54,0.37,292.9,31,No,6.3253961740963245
ORD08308,2025-08-07,CUST5556,Clothing,North,4659.36,0.21,294.79,60,No,6.326834586724357
ORD08309,2025-06-27,CUST8040,Home,North,4477.06,0.26,852.44,58,No,19.04017368540962
ORD08310,2025-08-09,CUST7033,Home,North,251.33,0.06,59.94,50,Yes,23.849122667409382
ORD08311,2024-10-28,CUST1907,Electronics,West,697.61,0.23,118.17,44,No,16.939264058714755
ORD08312,2024-05-09,CUST7503,Clothing,South,3865.79,0.33,743.22,51,Yes,19.225565796383144
ORD08313,2025-05-22,CUST6977,Electronics,East,2033.39,0.23,238.32,62,No,11.720329105582303
ORD08314,2025-07-27,CUST8339,Office Supplies,East,1335.01,0.01,340.87,47,Yes,25.533142073842146
ORD08315,2024-05-10,CUST3511,Office Supplies,West,3974.83,0.05,963.14,44,Yes,24.230973400120256
ORD08316,2024-09-17,CUST3893,Clothing,West,2815.77,0.16,326.71,50,Yes,11.602865290844067
ORD08317,2024-01-29,CUST6041,Home,East,1846.72,0.31,138.3,30,Yes,7.488953387627795
ORD08318,2024-05-17,CUST6560,Clothing,South,2212.72,0.17,439.19,55,Yes,19.848421851838463
ORD08319,2025-03-25,CUST7019,Furniture,East,1565.46,0.21,236.31,45,No,15.095243570579894
ORD08320,2024-05-21,CUST8419,Furniture,South,2662.27,0.37,334.77,18,Yes,12.574607383924244
ORD08321,2024-11-24,CUST6724,Furniture,East,404.29,0.33,23.92,31,No,5.916545054292711
ORD08322,2024-10-28,CUST8398,Electronics,North,3238.56,0.13,795.46,31,Yes,24.56215107949212
ORD08323,2024-03-07,CUST1445,Furniture,East,3243.98,0.13,402.46,62,Yes,12.40636502074612
ORD08324,2025-02-22,CUST6669,Office Supplies,North,3163.03,0.06,709.82,60,Yes,22.441140299017082
ORD08325,2024-05-06,CUST8398,Furniture,East,2526.38,0.29,300.62,40,Yes,11.899239227669629
ORD08326,2025-10-04,CUST1373,Furniture,West,1958.24,0.29,359.66,51,Yes,18.36649236048697
ORD08327,2025-03-29,CUST4478,Home,South,3020.36,0.15,448.18,43,Yes,14.83862850785999
ORD08328,2024-07-24,CUST2737,Clothing,North,1309.13,0.05,334.62,45,Yes,25.56048673546554
ORD08329,2024-05-22,CUST6803,Home,West,2187.85,0.23,331.37,21,Yes,15.145919510021255
ORD08330,2024-07-01,CUST3650,Electronics,South,1462.31,0.13,191.52,23,Yes,13.097086117170779
ORD08331,2024-01-05,CUST8860,Home,West,2844.16,0.03,440.04,58,Yes,15.471703420342036
ORD08332,2025-04-09,CUST4622,Clothing,South,3696.14,0.37,582.16,20,Yes,15.750485641777637
ORD08333,2024-01-22,CUST5288,Home,East,3902.76,0.35,343.45,54,No,8.80018243499472
ORD08334,2024-03-15,CUST8916,Office Supplies,South,3190.26,0.38,100.04,26,Yes,3.135794574736855
ORD08335,2024-02-16,CUST1365,Electronics,West,3532.64,0.36,216.1,50,Yes,6.11723809955161
ORD08336,2025-07-16,CUST3072,Home,North,1909.34,0.14,455.98,36,Yes,23.881550692909595
ORD08337,2025-10-28,CUST5850,Home,North,2817.42,0.22,499.01,25,Yes,17.711594295490197
ORD08338,2024-09-12,CUST8302,Furniture,North,1198.51,0.14,297.28,47,Yes,24.80413179698125
ORD08339,2024-09-28,CUST1289,Office Supplies,South,243.69,0.25,51.13,50,Yes,20.981574951783006
ORD08340,2024-06-17,CUST6839,Electronics,East,1344.04,0.17,105.99,31,No,7.8859260141067224
ORD08341,2025-12-30,CUST7758,Furniture,North,386.18,0.08,75.27,30,Yes,19.490910974157128
ORD08342,2024-09-16,CUST8920,Home,West,1578.75,0.27,251.2,21,Yes,15.91132224861441
ORD08343,2024-12-16,CUST3189,Home,West,1023.25,0.2,145.45,20,Yes,14.214512582457854
ORD08344,2025-11-09,CUST8400,Home,South,3812.66,0.3,753.4,43,No,19.76048218304281
ORD08345,2024-06-19,CUST7067,Office Supplies,East,4206.59,0.31,631.92,49,No,15.022143826709994
ORD08346,2025-05-26,CUST5131,Home,East,2089.56,0.24,354.57,53,Yes,16.96864411646471
ORD08347,2025-09-17,CUST8304,Furniture,West,4454.9,0.04,556.25,28,Yes,12.486251094300659
ORD08348,2025-06-24,CUST7827,Home,West,1868.91,0.17,298.45,57,No,15.96920129915298
ORD08349,2025-05-28,CUST5061,Office Supplies,North,1670.12,0.08,188.53,43,Yes,11.288410413622973
ORD08350,2024-12-04,CUST3495,Clothing,West,3864.55,0.15,480.0,46,Yes,12.42059230699564
ORD08351,2025-02-20,CUST6774,Furniture,South,811.41,0.15,55.03,31,No,6.78202141950432
ORD08352,2025-10-31,CUST1975,Electronics,South,2698.12,0.13,227.0,60,No,8.41326553303782
ORD08353,2024-05-30,CUST5694,Office Supplies,South,1320.73,0.08,94.74,58,Yes,7.173305671863288
ORD08354,2024-01-04,CUST8290,Office Supplies,West,4059.67,0.21,362.31,59,Yes,8.92461702552178
ORD08355,2025-07-16,CUST4770,Clothing,West,2569.01,0.4,277.4,60,Yes,10.797933834434275
ORD08356,2025-11-30,CUST1113,Electronics,South,4303.87,0.3,223.43,56,No,5.191374274780604
ORD08357,2024-07-01,CUST3467,Electronics,North,3543.6,0.21,726.42,53,No,20.499492041991193
ORD08358,2024-10-19,CUST7426,Furniture,North,2934.59,0.18,350.78,57,No,11.953288193580704
ORD08359,2024-03-16,CUST7760,Home,East,4519.05,0.31,103.13,53,Yes,2.282116816587557
ORD08360,2025-01-16,CUST2852,Furniture,East,1435.01,0.32,172.24,38,Yes,12.002703813910705
ORD08361,2024-02-05,CUST2738,Home,South,2816.19,0.04,336.55,59,Yes,11.950543109662345
ORD08362,2024-11-01,CUST1537,Electronics,East,3227.63,0.06,462.19,52,No,14.319795019875265
ORD08363,2025-09-27,CUST9818,Clothing,North,1018.37,0.2,232.94,34,Yes,22.8738081443876
ORD08364,2025-10-05,CUST4051,Electronics,South,4393.71,0.05,871.04,35,Yes,19.82470395178562
ORD08365,2025-08-19,CUST7069,Furniture,South,2731.85,0.0,596.2,51,Yes,21.82403865512382
ORD08366,2025-01-21,CUST8574,Home,South,1470.76,0.2,285.1,29,Yes,19.384535886208493
ORD08367,2025-09-19,CUST1352,Office Supplies,West,2968.66,0.11,546.28,59,Yes,18.401568384388916
ORD08368,2024-08-20,CUST7045,Home,North,878.06,0.04,151.91,53,No,17.300640047377172
ORD08369,2024-01-03,CUST7327,Clothing,West,2172.59,0.09,179.35,26,No,8.255124068508094
ORD08370,2025-06-23,CUST7805,Furniture,North,687.54,0.05,157.24,20,Yes,22.86994211245891
ORD08371,2024-10-19,CUST3665,Electronics,West,894.86,0.26,122.05,52,No,13.639004984019845
ORD08372,2024-03-16,CUST3075,Electronics,West,4414.8,0.3,633.88,36,Yes,14.358068315665488
ORD08373,2024-11-11,CUST5802,Electronics,East,4118.52,0.11,811.56,48,No,19.70513679671338
ORD08374,2025-03-06,CUST7312,Clothing,North,227.58,0.15,36.13,55,Yes,15.875736004921345
ORD08375,2025-03-03,CUST9164,Clothing,West,2597.66,0.26,139.22,64,No,5.359438879607032
ORD08376,2024-01-04,CUST1030,Office Supplies,East,3622.75,0.05,391.58,19,Yes,10.808915878821338
ORD08377,2025-11-09,CUST8873,Clothing,East,2676.22,0.13,239.92,33,Yes,8.964883305557839
ORD08378,2024-06-26,CUST1486,Clothing,West,2332.03,0.26,381.64,36,Yes,16.365141100243132
ORD08379,2025-04-12,CUST1410,Office Supplies,West,3990.65,0.08,259.04,62,Yes,6.491173117161366
ORD08380,2024-06-26,CUST6133,Furniture,North,3999.31,0.12,1011.93,46,Yes,25.30261470103593
ORD08381,2024-05-26,CUST2402,Electronics,East,1040.29,0.13,228.65,49,No,21.979448038527718
ORD08382,2024-08-17,CUST3846,Home,South,4257.6,0.4,250.39,43,Yes,5.881012777151446
ORD08383,2025-03-24,CUST2042,Office Supplies,East,3223.46,0.37,148.15,47,Yes,4.595993125399415
ORD08384,2025-09-25,CUST1164,Furniture,West,2021.46,0.25,151.16,48,Yes,7.4777635966083915
ORD08385,2024-10-04,CUST8238,Office Supplies,North,2781.59,0.1,373.82,58,Yes,13.439076211806917
ORD08386,2024-07-12,CUST7697,Electronics,West,3547.52,0.3,222.46,55,No,6.270859642792711
ORD08387,2025-02-13,CUST9800,Home,East,4629.96,0.31,699.48,18,No,15.107689915247649
ORD08388,2025-01-05,CUST5179,Furniture,East,373.78,0.14,81.22,19,No,21.72935951629301
ORD08389,2025-01-17,CUST3201,Clothing,East,4020.23,0.23,828.75,26,Yes,20.614492205669823
ORD08390,2024-01-27,CUST9254,Home,West,3200.31,0.16,506.9,50,Yes,15.839090588099278
ORD08391,2024-05-09,CUST9387,Clothing,East,4875.33,0.09,1240.0,18,Yes,25.434175737847493
ORD08392,2025-04-15,CUST1930,Electronics,East,1967.71,0.11,500.42,63,Yes,25.431593070117042
ORD08393,2025-08-04,CUST3165,Clothing,South,1596.22,0.24,234.75,55,Yes,14.70661938830487
ORD08394,2024-10-02,CUST2957,Furniture,West,4727.0,0.15,1086.32,41,Yes,22.98117199069177
ORD08395,2025-05-30,CUST4528,Home,West,4448.24,0.08,1037.12,63,No,23.315288743413124
ORD08396,2025-05-24,CUST6675,Home,East,3345.9,0.32,196.53,43,No,5.8737559401058
ORD08397,2025-01-20,CUST2509,Home,South,1495.68,0.22,72.4,37,No,4.840607616602481
ORD08398,2025-09-22,CUST9237,Clothing,West,4708.13,0.22,929.62,21,Yes,19.74499429709885
ORD08399,2025-02-20,CUST1621,Electronics,North,465.38,0.33,88.97,45,Yes,19.117710258283555
ORD08400,2024-09-08,CUST3111,Office Supplies,East,296.95,0.37,28.84,55,Yes,9.712072739518437
ORD08401,2024-12-10,CUST6991,Electronics,North,3713.35,0.25,549.39,59,Yes,14.794996431793395
ORD08402,2024-07-29,CUST5517,Home,East,1955.22,0.1,241.86,61,Yes,12.36996348237027
ORD08403,2025-12-18,CUST1875,Clothing,East,1369.8,0.2,86.8,36,Yes,6.336691487808439
ORD08404,2025-03-14,CUST2817,Home,South,2769.27,0.02,369.96,48,Yes,13.359477407403395
ORD08405,2024-07-30,CUST2767,Electronics,West,2430.05,0.21,142.63,40,Yes,5.869426555009156
ORD08406,2025-06-07,CUST3456,Office Supplies,North,2493.27,0.38,173.29,49,No,6.950310235153031
ORD08407,2024-05-31,CUST3849,Furniture,South,4658.1,0.1,508.86,28,Yes,10.924196560829522
ORD08408,2025-03-01,CUST4909,Home,South,1927.56,0.02,188.26,55,Yes,9.766751748324307
ORD08409,2025-06-30,CUST2988,Office Supplies,East,4201.98,0.08,315.03,36,No,7.497179900903859
ORD08410,2025-09-11,CUST5108,Office Supplies,North,4617.4,0.13,751.5,56,Yes,16.275393078355783
ORD08411,2025-12-20,CUST1162,Home,West,1317.99,0.16,183.81,23,Yes,13.946236314387816
ORD08412,2024-05-24,CUST6243,Office Supplies,East,528.73,0.26,43.75,24,Yes,8.274544663627937
ORD08413,2024-10-24,CUST7091,Furniture,North,1940.95,0.16,324.39,58,Yes,16.712949844148483
ORD08414,2024-03-12,CUST1872,Electronics,South,3344.55,0.1,198.98,62,No,5.949380335172145
ORD08415,2024-11-27,CUST3568,Office Supplies,South,3712.17,0.34,328.84,35,No,8.85843051368876
ORD08416,2025-05-11,CUST1110,Office Supplies,East,4042.23,0.03,891.96,55,No,22.066037805864585
ORD08417,2025-06-24,CUST9764,Office Supplies,South,1090.53,0.33,67.65,36,No,6.203405683475008
ORD08418,2025-02-20,CUST1075,Clothing,North,4609.35,0.39,-18.58,51,Yes,-0.4030937116947074
ORD08419,2024-07-21,CUST1343,Furniture,North,3878.41,0.04,618.23,38,Yes,15.940295120938735
ORD08420,2025-10-19,CUST8866,Electronics,North,2152.78,0.37,366.09,44,Yes,17.005453413725505
ORD08421,2024-09-21,CUST1116,Clothing,West,2649.75,0.12,288.62,55,No,10.892348334748561
ORD08422,2025-08-17,CUST7192,Home,North,1889.21,0.17,359.55,62,Yes,19.031764600017997
ORD08423,2025-03-26,CUST6241,Electronics,West,4774.03,0.03,757.85,32,Yes,15.874428941586041
ORD08424,2024-03-23,CUST7790,Office Supplies,South,4644.73,0.2,913.55,52,No,19.668527557037763
ORD08425,2025-03-13,CUST5711,Office Supplies,East,3110.47,0.34,636.18,25,Yes,20.452857606728244
ORD08426,2024-09-01,CUST3281,Office Supplies,South,3770.95,0.05,373.07,45,No,9.89326297086941
ORD08427,2025-09-05,CUST5476,Electronics,North,1406.24,0.13,307.92,40,No,21.896689043122088
ORD08428,2025-07-12,CUST7818,Clothing,East,4411.98,0.04,562.52,23,Yes,12.749831141573626
ORD08429,2024-08-29,CUST8571,Electronics,North,2410.83,0.05,308.61,38,No,12.800985552693472
ORD08430,2025-03-14,CUST5499,Clothing,North,1113.21,0.2,76.88,31,Yes,6.906154274575327
ORD08431,2024-09-08,CUST1409,Office Supplies,South,3068.01,0.16,523.56,50,Yes,17.06513342524959
ORD08432,2025-03-09,CUST2137,Home,East,1858.65,0.13,174.99,19,Yes,9.414897909773222
ORD08433,2025-01-30,CUST4037,Electronics,West,263.99,0.08,55.28,27,Yes,20.940187128300312
ORD08434,2025-08-11,CUST8370,Office Supplies,East,3744.44,0.0,1029.79,20,Yes,27.501842732157545
ORD08435,2025-10-20,CUST2871,Clothing,East,2390.92,0.2,275.55,51,Yes,11.5248523580881
ORD08436,2024-08-15,CUST7486,Furniture,West,4837.08,0.25,1019.25,19,Yes,21.071596913840583
ORD08437,2024-09-13,CUST5922,Clothing,West,1203.59,0.07,119.85,28,Yes,9.957709851361345
ORD08438,2025-07-31,CUST5413,Furniture,West,1229.08,0.1,259.45,35,Yes,21.10928499365379
ORD08439,2024-12-01,CUST3115,Furniture,East,4827.84,0.2,263.42,42,Yes,5.456270298932856
ORD08440,2024-11-19,CUST3520,Home,North,3522.48,0.04,386.55,18,No,10.973802548204674
ORD08441,2025-03-07,CUST5780,Electronics,North,3852.04,0.26,678.16,50,Yes,17.60521697594002
ORD08442,2025-09-29,CUST2967,Clothing,West,4226.2,0.15,642.99,64,Yes,15.214376981685676
ORD08443,2024-11-01,CUST1410,Clothing,East,2918.23,0.39,156.16,48,No,5.351188905603739
ORD08444,2025-06-28,CUST1278,Clothing,West,4075.33,0.31,160.98,65,Yes,3.9501095616796675
ORD08445,2025-01-02,CUST8255,Home,West,4008.01,0.01,320.33,65,No,7.992245528329519
ORD08446,2024-04-12,CUST4462,Furniture,North,1065.38,0.37,128.02,25,Yes,12.01636974600612
ORD08447,2025-11-07,CUST8815,Furniture,North,1554.92,0.14,194.37,54,Yes,12.500321559951638
ORD08448,2025-12-21,CUST9324,Electronics,North,3533.38,0.09,543.18,23,Yes,15.37281583073431
ORD08449,2025-12-19,CUST2976,Home,South,1121.09,0.05,149.95,40,Yes,13.375375750385784
ORD08450,2025-01-28,CUST5568,Home,East,3423.62,0.15,328.76,36,Yes,9.602701234365965
ORD08451,2025-01-28,CUST4814,Furniture,North,773.96,0.08,115.52,37,Yes,14.925835960514755
ORD08452,2025-04-09,CUST9250,Clothing,East,3690.3,0.11,764.99,29,Yes,20.729750968755926
ORD08453,2024-05-28,CUST4111,Furniture,South,4196.14,0.22,271.36,51,Yes,6.466895766108852
ORD08454,2024-01-23,CUST8618,Clothing,East,3433.7,0.3,190.93,32,Yes,5.560474124122667
ORD08455,2024-10-16,CUST8196,Home,West,3559.67,0.4,-28.28,25,Yes,-0.7944556658341925
ORD08456,2024-04-03,CUST2843,Home,South,1232.44,0.35,199.54,47,Yes,16.190646197786503
ORD08457,2025-12-28,CUST5939,Electronics,South,2645.52,0.12,155.95,61,Yes,5.894871329644078
ORD08458,2024-03-08,CUST3703,Clothing,South,3939.66,0.02,629.8,58,Yes,15.986151089180284
ORD08459,2025-07-26,CUST1512,Electronics,South,4149.01,0.37,624.75,33,No,15.057808971296765
ORD08460,2025-01-01,CUST5559,Office Supplies,North,3015.7,0.38,252.43,54,Yes,8.370527572371257
ORD08461,2024-07-28,CUST6886,Office Supplies,South,4535.92,0.15,504.2,29,No,11.115716326566606
ORD08462,2025-05-01,CUST5424,Office Supplies,South,3604.7,0.27,695.33,45,Yes,19.289538657863346
ORD08463,2024-11-03,CUST3303,Electronics,West,4184.33,0.24,342.22,50,No,8.178609239711019
ORD08464,2025-06-19,CUST2036,Electronics,North,3849.34,0.25,700.8,46,Yes,18.20571838289161
ORD08465,2025-02-13,CUST2805,Electronics,West,4592.23,0.05,1002.03,50,Yes,21.820117894791856
ORD08466,2024-06-18,CUST5265,Electronics,East,4255.79,0.26,754.6,40,Yes,17.731138049574817
ORD08467,2025-01-26,CUST3010,Home,West,3268.93,0.4,75.74,54,Yes,2.31696610205786
ORD08468,2024-07-15,CUST6620,Office Supplies,South,2909.94,0.36,367.36,38,Yes,12.62431527797824
ORD08469,2025-09-06,CUST5480,Office Supplies,East,686.32,0.14,49.85,39,Yes,7.263375684811749
ORD08470,2025-02-11,CUST9183,Furniture,North,1960.94,0.29,76.23,61,Yes,3.8874213387457037
ORD08471,2025-07-27,CUST6221,Home,South,2268.74,0.29,194.54,34,Yes,8.574803635498117
ORD08472,2024-01-21,CUST9521,Furniture,South,1224.33,0.27,152.7,59,Yes,12.472127612653452
ORD08473,2024-12-18,CUST8512,Office Supplies,South,318.01,0.24,43.18,35,Yes,13.578189365114305
ORD08474,2025-09-17,CUST9164,Furniture,West,4064.08,0.25,441.13,18,No,10.854363103088522
ORD08475,2024-05-03,CUST1796,Clothing,North,4963.63,0.22,967.25,29,No,19.486746594730068
ORD08476,2025-07-09,CUST6708,Furniture,East,2998.68,0.2,227.02,30,Yes,7.570664425680633
ORD08477,2025-11-13,CUST6210,Clothing,East,4592.93,0.16,944.98,34,Yes,20.574665845114122
ORD08478,2024-12-27,CUST4720,Office Supplies,North,3809.17,0.19,262.68,49,No,6.895990465114448
ORD08479,2025-03-03,CUST8956,Furniture,North,265.01,0.25,27.19,41,No,10.259990189049471
ORD08480,2024-10-03,CUST9399,Home,West,4041.74,0.36,450.04,64,Yes,11.13480827564366
ORD08481,2025-08-02,CUST5896,Clothing,North,3075.71,0.21,603.14,34,No,19.60978115622084
ORD08482,2024-03-13,CUST7793,Furniture,East,1219.19,0.18,120.97,23,Yes,9.92216143505114
ORD08483,2024-02-21,CUST7851,Clothing,West,389.16,0.08,73.26,62,Yes,18.825161887141537
ORD08484,2024-09-29,CUST9542,Office Supplies,South,688.01,0.31,52.45,57,Yes,7.6234357058763695
ORD08485,2024-01-16,CUST5837,Clothing,North,3355.51,0.21,347.62,34,No,10.359677068463512
ORD08486,2024-05-10,CUST8555,Office Supplies,North,1756.9,0.27,196.98,22,No,11.211793499914622
ORD08487,2024-11-07,CUST6228,Electronics,East,4922.19,0.13,327.03,43,Yes,6.643993832013799
ORD08488,2024-09-14,CUST3172,Furniture,West,494.6,0.03,93.96,41,Yes,18.997169429842295
ORD08489,2025-10-02,CUST5196,Home,South,2508.0,0.1,606.78,42,Yes,24.19377990430622
ORD08490,2024-12-30,CUST5087,Home,North,434.5,0.24,68.49,47,Yes,15.762945914844648
ORD08491,2025-04-23,CUST5655,Office Supplies,South,1045.57,0.36,186.91,28,Yes,17.876373652648795
ORD08492,2024-03-11,CUST2820,Electronics,East,1604.37,0.01,431.62,62,No,26.902771804508934
ORD08493,2024-07-10,CUST7306,Furniture,West,3565.09,0.28,743.78,52,No,20.862867417091856
ORD08494,2024-09-01,CUST4936,Electronics,West,3817.72,0.39,577.44,31,Yes,15.125258007397088
ORD08495,2025-08-11,CUST2069,Furniture,North,4530.93,0.06,620.06,36,Yes,13.685049206233597
ORD08496,2025-03-13,CUST9655,Clothing,East,545.55,0.07,86.18,24,Yes,15.796902208780134
ORD08497,2025-08-07,CUST4711,Furniture,South,4981.41,0.16,1157.2,31,Yes,23.23037051758438
ORD08498,2025-02-24,CUST1662,Office Supplies,East,2080.63,0.03,351.54,20,Yes,16.89584404723569
ORD08499,2024-05-01,CUST4268,Electronics,South,3551.62,0.28,99.22,21,Yes,2.793654726575478
ORD08500,2024-12-04,CUST5923,Electronics,West,2866.87,0.34,309.41,56,Yes,10.792606570929273
ORD08501,2025-10-23,CUST2713,Home,West,2628.74,0.03,626.41,26,Yes,23.8292870348532
ORD08502,2025-07-06,CUST7566,Furniture,West,2174.17,0.04,412.77,63,Yes,18.98517595220245
ORD08503,2024-09-08,CUST6389,Furniture,West,3643.24,0.28,317.53,22,Yes,8.715593812101316
ORD08504,2024-03-18,CUST9896,Home,East,4694.35,0.4,-2.65,36,Yes,-0.05645083983938137
ORD08505,2024-09-09,CUST7537,Electronics,South,641.77,0.31,18.18,44,Yes,2.8327905635975505
ORD08506,2025-05-18,CUST9440,Electronics,North,4530.24,0.32,252.09,52,Yes,5.5646058486967584
ORD08507,2024-09-25,CUST4004,Home,North,2011.45,0.25,260.68,31,Yes,12.959805115712545
ORD08508,2025-05-09,CUST2946,Electronics,West,1931.78,0.07,457.1,57,Yes,23.662114733561797
ORD08509,2024-05-20,CUST8773,Furniture,South,4547.42,0.26,356.19,58,Yes,7.832793100263446
ORD08510,2025-04-21,CUST2939,Clothing,South,609.37,0.07,93.39,39,Yes,15.325664210578138
ORD08511,2025-03-18,CUST4003,Clothing,North,3086.85,0.24,189.65,61,No,6.143803553784602
ORD08512,2024-12-09,CUST2687,Furniture,North,1464.68,0.2,268.04,57,Yes,18.30024305650381
ORD08513,2025-03-09,CUST7646,Clothing,East,764.87,0.27,119.04,59,Yes,15.56342907945141
ORD08514,2024-07-11,CUST5330,Furniture,East,1775.74,0.12,339.03,51,Yes,19.092322074177524
ORD08515,2025-03-30,CUST5306,Home,West,2091.73,0.27,355.15,61,Yes,16.978768770347987
ORD08516,2024-11-15,CUST6131,Electronics,East,2245.26,0.12,411.11,61,No,18.310128893758407
ORD08517,2025-06-16,CUST5519,Office Supplies,East,1272.08,0.09,98.51,63,Yes,7.744009810703731
ORD08518,2024-12-21,CUST7593,Office Supplies,South,4799.85,0.06,987.04,19,Yes,20.563975957582006
ORD08519,2024-05-04,CUST1475,Home,East,372.68,0.16,82.53,43,Yes,22.145003756574006
ORD08520,2024-03-25,CUST4851,Clothing,North,2295.9,0.26,167.28,35,Yes,7.2860316215863055
ORD08521,2025-10-30,CUST8282,Office Supplies,West,4833.39,0.14,616.74,63,Yes,12.75998833117129
ORD08522,2024-10-14,CUST1108,Home,East,4864.41,0.28,405.41,46,Yes,8.334207026134722
ORD08523,2024-11-06,CUST4932,Office Supplies,West,996.82,0.13,225.01,28,Yes,22.572781444995083
ORD08524,2024-08-25,CUST7994,Electronics,North,4257.84,0.03,870.44,44,Yes,20.443229430885143
ORD08525,2024-09-27,CUST6152,Electronics,North,2331.66,0.16,280.19,37,Yes,12.016760591166808
ORD08526,2024-08-01,CUST4978,Electronics,East,4558.84,0.05,790.37,29,No,17.33708574988374
ORD08527,2025-04-09,CUST7743,Home,West,1705.42,0.26,231.09,65,No,13.550327778494447
ORD08528,2024-08-08,CUST4616,Office Supplies,West,866.09,0.14,189.35,53,Yes,21.862623976722972
ORD08529,2025-05-12,CUST4948,Electronics,East,1276.11,0.19,194.85,47,No,15.269059877283306
ORD08530,2025-05-31,CUST6672,Home,West,4322.75,0.34,256.52,28,Yes,5.9341854143774215
ORD08531,2024-01-01,CUST6660,Clothing,North,2501.65,0.31,122.73,38,Yes,4.905962065037076
ORD08532,2025-08-24,CUST8277,Office Supplies,North,3691.16,0.13,884.94,40,Yes,23.97457709771454
ORD08533,2025-12-07,CUST5422,Home,North,1570.76,0.07,335.3,26,Yes,21.346354630879322
ORD08534,2025-03-08,CUST3780,Clothing,West,705.92,0.25,66.38,30,Yes,9.40333182230281
ORD08535,2025-03-03,CUST8754,Office Supplies,North,1889.5,0.35,324.12,45,Yes,17.15374437681926
ORD08536,2024-01-27,CUST5259,Electronics,West,4901.23,0.24,1001.43,24,No,20.43221803506467
ORD08537,2025-03-19,CUST6676,Electronics,South,3684.29,0.01,784.2,50,Yes,21.284969424230994
ORD08538,2025-08-09,CUST4914,Electronics,North,1693.02,0.31,195.08,48,Yes,11.522604576437374
ORD08539,2024-07-12,CUST4359,Electronics,West,3023.47,0.21,140.15,58,Yes,4.635402368801411
ORD08540,2025-09-16,CUST6668,Clothing,North,365.52,0.35,66.77,21,No,18.267126285839353
ORD08541,2025-01-05,CUST9984,Office Supplies,West,3500.74,0.26,434.61,22,Yes,12.414803727211963
ORD08542,2025-10-07,CUST3584,Home,North,320.92,0.06,71.17,48,Yes,22.176866508787235
ORD08543,2024-03-30,CUST2028,Home,North,4203.02,0.33,592.06,47,Yes,14.086537775218769
ORD08544,2025-01-25,CUST9773,Home,West,1829.01,0.36,306.09,26,No,16.7352830219627
ORD08545,2025-11-20,CUST5879,Home,East,950.82,0.34,104.6,44,Yes,11.00103068929976
ORD08546,2024-07-18,CUST3551,Electronics,South,3039.89,0.03,572.73,28,Yes,18.840484359631436
ORD08547,2024-09-05,CUST7934,Furniture,North,925.97,0.33,141.96,19,No,15.330950246768255
ORD08548,2024-01-27,CUST6943,Office Supplies,South,953.54,0.01,117.12,58,Yes,12.282652012500787
ORD08549,2024-04-26,CUST9814,Furniture,North,4079.02,0.06,1045.8,32,Yes,25.638511211026177
ORD08550,2025-12-07,CUST4090,Home,South,2404.88,0.01,415.64,50,Yes,17.28319084528126
ORD08551,2024-03-13,CUST6624,Clothing,South,2353.0,0.36,70.51,34,Yes,2.9966000849978753
ORD08552,2025-10-07,CUST8580,Office Supplies,South,2442.33,0.04,205.17,62,Yes,8.400584687572932
ORD08553,2024-11-09,CUST5843,Clothing,East,1477.03,0.23,156.79,37,Yes,10.615221085556827
ORD08554,2024-06-06,CUST4474,Clothing,North,1070.2,0.22,190.76,40,Yes,17.82470566249299
ORD08555,2025-07-27,CUST7133,Clothing,South,2851.81,0.29,556.75,57,No,19.522689099203664
ORD08556,2025-01-18,CUST8619,Office Supplies,South,3533.83,0.1,314.46,32,No,8.898560485365737
ORD08557,2025-05-15,CUST3920,Electronics,East,4830.38,0.04,1086.05,59,Yes,22.483738339426708
ORD08558,2024-10-23,CUST6162,Home,West,4580.78,0.39,497.57,43,Yes,10.862123917760732
ORD08559,2025-03-31,CUST4880,Home,North,258.45,0.37,16.03,19,Yes,6.202360224414781
ORD08560,2024-12-13,CUST1980,Electronics,West,3246.37,0.04,579.26,42,Yes,17.843314224811095
ORD08561,2025-12-09,CUST9551,Home,North,4381.3,0.16,601.61,57,No,13.731312624107
ORD08562,2024-02-04,CUST9019,Electronics,West,2149.95,0.4,-12.86,64,Yes,-0.5981534454289634
ORD08563,2024-07-21,CUST8812,Furniture,East,210.27,0.08,46.37,25,No,22.05259903933038
ORD08564,2025-10-15,CUST6208,Office Supplies,East,4201.11,0.22,218.88,26,Yes,5.21005162921228
ORD08565,2025-08-05,CUST1192,Furniture,South,464.73,0.35,28.74,35,No,6.184236008004648
ORD08566,2025-08-08,CUST9277,Office Supplies,East,2422.18,0.4,4.92,43,No,0.2031228067278237
ORD08567,2025-12-17,CUST6139,Office Supplies,South,3129.61,0.04,731.43,34,Yes,23.371282683784877
ORD08568,2024-06-18,CUST9959,Electronics,West,3792.88,0.29,546.46,54,Yes,14.407521461264263
ORD08569,2025-02-08,CUST2031,Home,South,2157.46,0.03,509.57,50,Yes,23.61897787212741
ORD08570,2024-08-05,CUST2602,Clothing,West,299.68,0.35,56.9,31,No,18.986919380672717
ORD08571,2025-01-19,CUST8459,Electronics,East,1406.75,0.0,365.11,38,No,25.95414963568509
ORD08572,2024-08-16,CUST6159,Furniture,North,2777.85,0.05,675.02,20,Yes,24.30008819770686
ORD08573,2025-03-18,CUST9281,Office Supplies,East,934.02,0.26,160.06,42,Yes,17.136678015460056
ORD08574,2024-01-14,CUST1680,Electronics,West,1527.59,0.1,188.11,65,Yes,12.314168068657168
ORD08575,2025-02-16,CUST6228,Furniture,North,4508.37,0.32,167.54,55,Yes,3.716198981006439
ORD08576,2025-06-06,CUST3921,Clothing,West,4451.74,0.11,641.73,57,Yes,14.415262346857634
ORD08577,2024-08-21,CUST5197,Electronics,West,4355.29,0.03,539.15,33,Yes,12.379198629712372
ORD08578,2024-07-29,CUST5252,Office Supplies,South,3904.39,0.3,236.77,48,Yes,6.064199529247847
ORD08579,2025-02-06,CUST1690,Electronics,West,3812.59,0.2,153.22,19,Yes,4.01879037609604
ORD08580,2025-09-24,CUST2604,Home,North,4772.37,0.05,666.89,19,No,13.973979385504476
ORD08581,2025-01-27,CUST2834,Clothing,East,1891.04,0.35,205.98,23,Yes,10.892418986377866
ORD08582,2025-12-05,CUST6628,Furniture,East,1775.07,0.17,212.77,21,Yes,11.986569543736305
ORD08583,2024-02-20,CUST6988,Furniture,West,3173.28,0.34,419.41,37,Yes,13.21692381384561
ORD08584,2025-02-10,CUST6238,Electronics,South,1004.22,0.09,192.09,63,Yes,19.128278664037758
ORD08585,2025-07-09,CUST4925,Clothing,North,1394.73,0.36,130.25,32,Yes,9.33872505789651
ORD08586,2025-12-22,CUST1963,Office Supplies,North,2298.51,0.07,156.78,35,Yes,6.820940522338384
ORD08587,2024-02-11,CUST3345,Clothing,West,3756.85,0.01,363.97,61,Yes,9.688169610178742
ORD08588,2025-07-11,CUST2463,Furniture,West,769.75,0.21,47.27,26,Yes,6.140954855472557
ORD08589,2025-02-09,CUST4903,Clothing,South,1113.93,0.1,180.99,28,Yes,16.24787913064555
ORD08590,2024-09-23,CUST5776,Office Supplies,South,2684.47,0.33,455.69,34,Yes,16.97504535345897
ORD08591,2024-04-25,CUST6957,Electronics,East,4705.38,0.38,183.23,27,Yes,3.894053190178051
ORD08592,2024-11-28,CUST8549,Furniture,West,4675.79,0.21,192.61,31,No,4.119303903725361
ORD08593,2024-02-29,CUST4315,Office Supplies,North,4822.22,0.24,1075.21,29,Yes,22.296991841931725
ORD08594,2024-03-27,CUST4954,Furniture,South,1641.52,0.38,54.63,34,Yes,3.328013061065354
ORD08595,2024-08-24,CUST9347,Office Supplies,East,1119.23,0.02,288.86,53,No,25.808814988876282
ORD08596,2025-09-26,CUST2623,Home,North,4335.05,0.13,378.36,41,Yes,8.727927013529255
ORD08597,2024-07-16,CUST6019,Electronics,North,4293.43,0.05,552.25,24,Yes,12.862676228563174
ORD08598,2024-07-07,CUST5209,Home,North,775.3,0.3,31.32,21,Yes,4.039726557461628
ORD08599,2024-11-14,CUST2633,Electronics,South,3814.33,0.11,401.14,58,Yes,10.516656922709885
ORD08600,2025-07-21,CUST4014,Furniture,West,1035.15,0.26,194.55,31,Yes,18.794377626430954
ORD08601,2025-05-30,CUST7889,Furniture,West,3639.09,0.39,259.84,59,No,7.140246600111564
ORD08602,2024-03-06,CUST6183,Electronics,South,3474.06,0.08,619.57,30,Yes,17.834176726941966
ORD08603,2025-11-11,CUST9360,Home,West,4931.85,0.08,1289.76,21,Yes,26.151646947899877
ORD08604,2024-01-07,CUST4629,Office Supplies,North,718.34,0.12,166.88,46,Yes,23.23133892028844
ORD08605,2025-04-10,CUST2817,Office Supplies,West,2389.47,0.34,30.31,64,Yes,1.2684821320209083
ORD08606,2024-03-11,CUST8481,Home,East,4321.79,0.25,522.16,55,Yes,12.082030825190488
ORD08607,2025-02-02,CUST3125,Office Supplies,West,3881.67,0.26,137.2,43,No,3.534561155378999
ORD08608,2024-02-11,CUST9597,Office Supplies,West,1390.56,0.01,267.24,25,Yes,19.218156713841907
ORD08609,2025-02-02,CUST4456,Electronics,South,2464.65,0.22,287.68,42,Yes,11.67224555210679
ORD08610,2024-07-18,CUST5638,Office Supplies,North,1959.49,0.22,182.06,42,No,9.291193116576252
ORD08611,2025-06-24,CUST3839,Office Supplies,East,4938.0,0.24,949.87,53,Yes,19.235925475901176
ORD08612,2024-05-27,CUST3380,Furniture,East,2051.34,0.17,140.4,65,Yes,6.844306648337184
ORD08613,2024-01-31,CUST8855,Clothing,East,4807.49,0.02,790.02,63,Yes,16.433107505163818
ORD08614,2025-01-03,CUST9816,Office Supplies,South,4978.04,0.05,1168.8,28,Yes,23.47912029634153
ORD08615,2024-03-11,CUST7811,Furniture,South,4110.41,0.29,215.12,38,No,5.2335411795903575
ORD08616,2025-09-09,CUST5179,Office Supplies,South,2430.19,0.03,566.68,36,No,23.318341364255467
ORD08617,2025-10-19,CUST8939,Home,South,1297.95,0.17,191.66,46,Yes,14.766362340614045
ORD08618,2025-04-18,CUST6618,Furniture,South,2691.67,0.33,27.78,54,Yes,1.032073025296563
ORD08619,2025-04-22,CUST4569,Home,North,2166.86,0.3,231.46,56,No,10.681816084103264
ORD08620,2024-06-09,CUST9083,Home,South,2824.59,0.4,189.83,40,Yes,6.720621399919989
ORD08621,2025-06-06,CUST3838,Office Supplies,West,2991.76,0.13,511.4,61,Yes,17.093617135064306
ORD08622,2024-12-07,CUST4522,Office Supplies,West,4610.91,0.09,1193.61,44,Yes,25.886647104367682
ORD08623,2025-08-11,CUST6195,Clothing,South,3981.41,0.06,762.6,52,Yes,19.15401830004948
ORD08624,2025-11-18,CUST4679,Clothing,West,4453.27,0.25,407.94,24,Yes,9.160459617314915
ORD08625,2024-10-21,CUST5692,Home,South,187.34,0.06,37.03,63,Yes,19.766200491085726
ORD08626,2025-07-11,CUST2601,Furniture,East,3648.91,0.38,351.09,22,Yes,9.621777462310662
ORD08627,2025-05-14,CUST7037,Furniture,North,1647.28,0.25,284.02,43,No,17.241756107037055
ORD08628,2024-07-16,CUST7496,Office Supplies,South,2952.82,0.17,674.07,42,Yes,22.82800848002926
ORD08629,2024-08-15,CUST7857,Home,South,3400.44,0.27,102.17,34,Yes,3.0046111679664986
ORD08630,2025-04-06,CUST2142,Furniture,North,3031.97,0.33,206.05,60,No,6.795911569045869
ORD08631,2025-03-16,CUST1390,Clothing,North,4202.3,0.23,746.28,55,Yes,17.75884634604859
ORD08632,2024-10-10,CUST1987,Furniture,East,1854.42,0.13,255.84,24,Yes,13.796227391852977
ORD08633,2025-11-13,CUST3815,Office Supplies,West,3376.67,0.13,768.95,19,Yes,22.772435565216618
ORD08634,2024-04-07,CUST9250,Electronics,North,4795.26,0.01,1050.14,32,Yes,21.899542464850708
ORD08635,2025-06-16,CUST1357,Home,South,3275.53,0.27,586.14,44,No,17.894508674931995
ORD08636,2025-05-05,CUST9222,Home,South,3102.58,0.05,823.16,46,Yes,26.53146735942345
ORD08637,2024-12-04,CUST1504,Home,East,1254.29,0.19,134.7,52,Yes,10.739143260330545
ORD08638,2025-04-28,CUST8423,Furniture,East,3510.3,0.16,483.13,65,Yes,13.763211121556562
ORD08639,2024-08-09,CUST4447,Electronics,West,4198.86,0.09,987.23,57,Yes,23.51185798049947
ORD08640,2025-09-10,CUST4513,Electronics,West,3395.12,0.13,659.32,55,Yes,19.419637597492876
ORD08641,2024-01-18,CUST7291,Home,South,2001.44,0.06,239.14,21,No,11.948397154049085
ORD08642,2025-02-26,CUST7240,Electronics,West,2779.14,0.17,373.31,41,Yes,13.432572666364415
ORD08643,2024-09-10,CUST1876,Furniture,South,3315.23,0.04,562.37,35,No,16.96322728739786
ORD08644,2025-01-29,CUST3802,Office Supplies,East,2116.14,0.38,49.7,60,Yes,2.348615876076252
ORD08645,2024-02-09,CUST4261,Clothing,North,4225.28,0.14,862.81,53,Yes,20.420185171160256
ORD08646,2024-05-07,CUST7904,Electronics,West,1933.91,0.3,344.79,30,Yes,17.828647661990477
ORD08647,2025-06-26,CUST2822,Clothing,South,3340.19,0.12,409.07,54,Yes,12.246908110017692
ORD08648,2025-08-26,CUST1945,Home,East,3964.72,0.28,208.35,49,Yes,5.255099981839828
ORD08649,2025-01-09,CUST9450,Home,North,580.15,0.23,121.9,56,Yes,21.011807291217792
ORD08650,2024-10-10,CUST7342,Home,East,590.02,0.07,130.52,40,Yes,22.121284024270366
ORD08651,2024-08-25,CUST7425,Home,West,3999.38,0.19,359.45,23,Yes,8.987643084678124
ORD08652,2024-11-13,CUST3019,Home,South,2744.66,0.29,558.19,52,Yes,20.337309539250768
ORD08653,2025-02-03,CUST5264,Electronics,North,440.85,0.08,84.65,18,Yes,19.20154247476466
ORD08654,2025-11-26,CUST9967,Office Supplies,South,3277.92,0.06,859.91,42,Yes,26.233404109923363
ORD08655,2025-05-11,CUST7091,Electronics,North,3951.8,0.18,299.92,57,Yes,7.589452907535807
ORD08656,2025-04-01,CUST7207,Furniture,South,2706.06,0.06,379.78,63,Yes,14.034426435481844
ORD08657,2024-10-21,CUST4644,Office Supplies,South,4274.14,0.25,311.98,31,Yes,7.299246164140623
ORD08658,2025-01-19,CUST5894,Furniture,North,999.64,0.3,56.02,40,Yes,5.604017446280662
ORD08659,2024-12-13,CUST7166,Clothing,East,891.32,0.18,173.62,61,Yes,19.478975003365797
ORD08660,2024-09-06,CUST4382,Clothing,North,1705.7,0.2,87.49,19,Yes,5.129272439467667
ORD08661,2025-04-27,CUST7866,Office Supplies,East,1487.11,0.19,116.38,21,Yes,7.8259173833811895
ORD08662,2025-10-19,CUST3870,Home,East,669.01,0.4,83.0,31,No,12.406391533758839
ORD08663,2024-11-11,CUST8175,Furniture,North,2903.78,0.13,200.07,44,Yes,6.889984778461178
ORD08664,2025-03-11,CUST5836,Electronics,West,3869.94,0.03,742.51,40,Yes,19.18660237626423
ORD08665,2024-04-07,CUST4299,Furniture,East,2042.8,0.36,22.57,30,Yes,1.1048560798903466
ORD08666,2025-05-25,CUST8959,Office Supplies,West,1143.18,0.09,224.35,26,Yes,19.625080914641615
ORD08667,2025-01-19,CUST6494,Furniture,East,353.26,0.28,34.07,34,No,9.644454509426485
ORD08668,2025-05-02,CUST6647,Clothing,West,4204.01,0.29,767.38,60,No,18.25352461102614
ORD08669,2025-07-22,CUST8975,Office Supplies,North,1893.29,0.39,250.34,27,No,13.2224857259057
ORD08670,2024-04-18,CUST6995,Home,East,4900.8,0.15,699.53,33,Yes,14.273792033953638
ORD08671,2024-04-13,CUST6917,Home,North,1267.95,0.27,258.19,25,Yes,20.362790330849005
ORD08672,2025-04-04,CUST3645,Office Supplies,North,2220.69,0.25,369.11,47,No,16.621410462513904
ORD08673,2024-02-24,CUST4002,Home,East,157.98,0.38,30.48,64,Yes,19.29358146600836
ORD08674,2024-03-13,CUST1854,Office Supplies,West,3871.75,0.25,528.37,35,Yes,13.646800542390391
ORD08675,2024-09-09,CUST2887,Furniture,South,4504.53,0.12,921.28,28,Yes,20.45230023998064
ORD08676,2025-08-22,CUST2676,Home,North,1857.59,0.23,370.87,28,Yes,19.96511609127956
ORD08677,2024-01-17,CUST6250,Furniture,North,3571.55,0.25,798.41,43,Yes,22.354719939522056
ORD08678,2025-07-30,CUST6696,Furniture,West,4933.11,0.06,345.63,32,Yes,7.006330691997544
ORD08679,2024-05-29,CUST5147,Clothing,West,1784.76,0.38,185.03,42,No,10.367220242497591
ORD08680,2025-12-29,CUST9762,Home,West,2490.32,0.37,21.67,43,Yes,0.8701692955122233
ORD08681,2025-10-25,CUST5175,Clothing,South,4466.72,0.1,308.32,62,Yes,6.902604148010171
ORD08682,2024-09-18,CUST3522,Clothing,North,2791.07,0.18,640.98,61,Yes,22.96538603474653
ORD08683,2025-03-19,CUST2258,Office Supplies,South,533.48,0.07,52.74,55,Yes,9.88603134138112
ORD08684,2025-09-06,CUST3818,Furniture,North,1500.48,0.16,272.53,21,No,18.162854553209637
ORD08685,2025-05-26,CUST4183,Electronics,East,3850.54,0.09,277.1,40,Yes,7.1963932331569085
ORD08686,2024-08-05,CUST6865,Office Supplies,East,3382.49,0.39,434.4,36,No,12.842610029889222
ORD08687,2025-04-09,CUST7914,Electronics,East,1605.09,0.37,250.46,34,Yes,15.60410942688572
ORD08688,2025-12-15,CUST4130,Office Supplies,South,1684.35,0.31,134.65,27,No,7.994181731825334
ORD08689,2025-01-31,CUST3441,Home,West,1704.55,0.01,394.29,22,Yes,23.131618315684495
ORD08690,2025-08-30,CUST1023,Electronics,North,3692.15,0.08,428.95,41,Yes,11.617892014138103
ORD08691,2024-11-29,CUST5135,Home,East,4881.8,0.35,608.21,50,Yes,12.458724241058626
ORD08692,2024-07-25,CUST2064,Electronics,North,2716.45,0.19,564.79,63,Yes,20.791474166651327
ORD08693,2025-05-04,CUST1266,Clothing,North,1518.92,0.2,89.06,48,Yes,5.863376609696362
ORD08694,2025-02-04,CUST2833,Office Supplies,West,470.77,0.24,38.28,43,No,8.131359262484866
ORD08695,2024-04-19,CUST4557,Electronics,South,3776.14,0.21,236.54,40,Yes,6.264068599151515
ORD08696,2025-07-27,CUST7563,Electronics,West,1224.4,0.35,63.63,26,Yes,5.196831100947403
ORD08697,2025-12-29,CUST4368,Electronics,West,4017.22,0.01,577.13,40,Yes,14.366402636649225
ORD08698,2025-02-07,CUST7616,Furniture,South,681.68,0.08,68.23,25,Yes,10.009095176622465
ORD08699,2025-11-30,CUST5977,Electronics,North,1977.18,0.16,221.22,64,Yes,11.188662640730737
ORD08700,2025-07-03,CUST5131,Office Supplies,South,2703.35,0.33,163.78,34,Yes,6.058409011041856
ORD08701,2024-05-05,CUST1418,Office Supplies,West,1413.75,0.19,293.12,46,Yes,20.73351016799293
ORD08702,2024-06-15,CUST2514,Clothing,South,3609.62,0.36,117.87,64,No,3.265440683506851
ORD08703,2025-02-06,CUST2064,Furniture,West,675.15,0.15,93.66,31,Yes,13.872472783825817
ORD08704,2024-04-24,CUST1897,Office Supplies,West,2911.85,0.25,599.69,38,No,20.59481085907585
ORD08705,2024-06-16,CUST9734,Office Supplies,West,2470.69,0.28,61.04,31,Yes,2.470564902921856
ORD08706,2025-08-08,CUST2327,Office Supplies,South,3908.31,0.29,749.19,41,Yes,19.169154954443226
ORD08707,2024-02-06,CUST8395,Clothing,South,2888.23,0.19,332.91,58,Yes,11.526436606502946
ORD08708,2025-01-31,CUST7893,Electronics,South,1786.55,0.4,173.78,20,Yes,9.72712770423442
ORD08709,2025-04-26,CUST9271,Furniture,North,3119.19,0.24,251.2,54,Yes,8.05337283076696
ORD08710,2025-03-31,CUST4157,Electronics,West,2128.63,0.23,166.94,40,No,7.842602988776819
ORD08711,2024-10-07,CUST3018,Electronics,West,3142.62,0.28,337.18,56,Yes,10.729264117201572
ORD08712,2025-11-11,CUST4043,Office Supplies,East,2032.65,0.33,280.5,24,Yes,13.79971957789093
ORD08713,2024-10-25,CUST4559,Home,South,1662.33,0.09,125.34,48,No,7.540019129775677
ORD08714,2025-09-05,CUST5902,Clothing,North,4684.79,0.26,221.36,40,No,4.725078391987688
ORD08715,2024-12-17,CUST7001,Clothing,North,2770.63,0.12,344.06,65,Yes,12.418114291695389
ORD08716,2025-08-03,CUST6439,Clothing,West,4071.06,0.38,521.18,41,Yes,12.80207120504242
ORD08717,2025-12-22,CUST6765,Clothing,East,3900.22,0.17,524.36,47,Yes,13.444369804780242
ORD08718,2024-04-06,CUST6782,Clothing,West,2470.98,0.17,523.05,42,No,21.16771483379064
ORD08719,2024-10-04,CUST9734,Electronics,West,3482.91,0.3,312.92,20,Yes,8.984441171319386
ORD08720,2025-10-06,CUST9216,Home,West,3368.84,0.04,823.53,27,Yes,24.445506465133395
ORD08721,2024-07-02,CUST3261,Clothing,West,2526.29,0.33,479.82,42,No,18.993068887578225
ORD08722,2024-02-20,CUST2614,Electronics,North,3905.54,0.35,261.51,29,Yes,6.695873041884093
ORD08723,2024-06-04,CUST3438,Clothing,South,4632.49,0.03,585.16,26,Yes,12.631651660338179
ORD08724,2025-07-19,CUST6392,Electronics,West,1688.2,0.23,305.69,21,Yes,18.107451723729415
ORD08725,2025-10-12,CUST3096,Home,East,736.07,0.23,35.37,32,Yes,4.805249500726832
ORD08726,2025-05-17,CUST4014,Home,East,4044.63,0.0,689.29,62,Yes,17.042102738693032
ORD08727,2024-03-15,CUST9329,Home,North,3810.92,0.01,612.04,46,Yes,16.060163949912358
ORD08728,2024-09-27,CUST4858,Office Supplies,South,1897.5,0.19,407.8,64,Yes,21.491436100131754
ORD08729,2024-11-16,CUST6512,Home,East,2072.15,0.07,291.95,41,Yes,14.089230991964866
ORD08730,2025-03-13,CUST4546,Office Supplies,West,3139.71,0.31,528.37,53,Yes,16.828624299696468
ORD08731,2025-10-05,CUST5957,Home,East,1191.36,0.13,199.11,19,Yes,16.712832393231267
ORD08732,2024-10-21,CUST5020,Electronics,North,2802.66,0.16,669.85,49,No,23.900508802352054
ORD08733,2024-08-30,CUST9099,Furniture,South,274.26,0.37,29.67,22,No,10.818201706409978
ORD08734,2025-10-26,CUST9651,Office Supplies,East,2137.36,0.09,337.19,35,Yes,15.776004042370026
ORD08735,2025-05-24,CUST9924,Home,South,290.24,0.04,72.05,20,Yes,24.824283351708928
ORD08736,2025-12-30,CUST2211,Furniture,East,1316.74,0.32,40.91,41,No,3.106915564196424
ORD08737,2025-04-01,CUST6596,Electronics,East,4388.2,0.02,456.97,53,Yes,10.413609224739075
ORD08738,2025-09-10,CUST4062,Furniture,South,1424.98,0.2,197.63,51,No,13.868966581987117
ORD08739,2025-01-02,CUST5646,Home,East,1938.49,0.21,232.82,48,No,12.010379212686162
ORD08740,2025-02-17,CUST6473,Clothing,South,3460.58,0.35,34.91,48,No,1.0087904339734957
ORD08741,2025-07-27,CUST1149,Office Supplies,North,3479.44,0.31,240.87,46,No,6.922665716322167
ORD08742,2025-10-13,CUST9264,Electronics,West,4646.19,0.28,104.69,49,No,2.2532440558823468
ORD08743,2024-05-27,CUST6415,Furniture,North,638.54,0.23,45.03,36,Yes,7.052024931875843
ORD08744,2025-12-27,CUST9620,Office Supplies,North,2195.13,0.39,124.72,45,No,5.681668056106017
ORD08745,2025-07-21,CUST8612,Clothing,South,2142.41,0.15,303.64,52,No,14.172824062621068
ORD08746,2025-06-22,CUST6560,Office Supplies,West,4111.95,0.15,544.46,26,Yes,13.240919758265546
ORD08747,2024-03-09,CUST2679,Office Supplies,South,1399.15,0.01,207.74,52,Yes,14.847586034378017
ORD08748,2024-10-12,CUST3994,Office Supplies,North,4049.77,0.04,1073.38,59,Yes,26.50471508258494
ORD08749,2024-05-13,CUST7498,Electronics,South,535.81,0.06,121.75,41,Yes,22.722606894234897
ORD08750,2024-03-26,CUST6804,Clothing,South,2701.96,0.21,527.46,35,Yes,19.52138447645413
ORD08751,2024-05-30,CUST2948,Furniture,West,1200.87,0.11,77.62,51,Yes,6.463647189121222
ORD08752,2024-08-06,CUST6363,Office Supplies,East,387.73,0.11,29.85,21,Yes,7.698656281432956
ORD08753,2024-03-11,CUST8705,Electronics,North,168.03,0.27,30.46,42,Yes,18.1277152889365
ORD08754,2024-07-09,CUST3097,Clothing,South,4294.5,0.14,722.91,25,Yes,16.833391547327977
ORD08755,2024-07-08,CUST3425,Home,West,3893.75,0.12,837.49,57,Yes,21.50857142857143
ORD08756,2024-11-09,CUST4610,Home,South,2854.02,0.28,405.25,29,Yes,14.199269801893468
ORD08757,2024-10-14,CUST8999,Clothing,West,1360.84,0.29,81.68,44,No,6.002175127127363
ORD08758,2025-08-15,CUST7800,Office Supplies,West,3925.47,0.06,275.77,21,Yes,7.025146033468603
ORD08759,2025-05-31,CUST3691,Furniture,North,4555.57,0.07,409.32,21,No,8.985044681565645
ORD08760,2025-06-21,CUST9534,Clothing,East,1666.34,0.09,160.8,18,No,9.649891378710228
ORD08761,2025-08-05,CUST8387,Clothing,South,4323.37,0.22,579.4,21,No,13.401582561751596
ORD08762,2024-05-29,CUST5192,Clothing,North,3188.83,0.36,578.0,31,Yes,18.125770266837684
ORD08763,2024-05-30,CUST8183,Office Supplies,East,4852.47,0.34,847.62,53,No,17.467805055981795
ORD08764,2025-07-23,CUST5930,Electronics,North,334.18,0.19,18.28,49,Yes,5.470105930935424
ORD08765,2025-04-03,CUST5663,Electronics,South,1818.03,0.06,258.48,45,Yes,14.217587168528572
ORD08766,2024-04-17,CUST5169,Office Supplies,South,968.43,0.1,169.34,33,Yes,17.48603409642411
ORD08767,2025-11-29,CUST6591,Furniture,East,846.8,0.07,106.17,62,Yes,12.537789324515824
ORD08768,2025-02-22,CUST7680,Home,North,1183.08,0.17,56.08,37,No,4.740169726476654
ORD08769,2024-04-30,CUST6882,Clothing,East,2051.81,0.01,347.2,42,Yes,16.921644791671746
ORD08770,2025-06-05,CUST5851,Office Supplies,West,1584.1,0.35,19.8,57,Yes,1.2499210908402247
ORD08771,2025-02-28,CUST4553,Electronics,South,4373.79,0.4,700.38,51,Yes,16.013114484234496
ORD08772,2024-10-10,CUST9733,Clothing,South,3691.97,0.28,497.4,21,Yes,13.472482170765202
ORD08773,2025-11-27,CUST8179,Furniture,South,4013.27,0.31,85.78,20,Yes,2.1374091451609285
ORD08774,2024-12-15,CUST7275,Home,South,3649.63,0.05,839.95,60,Yes,23.014661760233228
ORD08775,2024-11-25,CUST8525,Furniture,West,2984.52,0.35,529.82,30,Yes,17.75226837146342
ORD08776,2025-08-08,CUST9458,Furniture,West,3691.87,0.14,281.5,41,Yes,7.624862197206294
ORD08777,2024-12-04,CUST2289,Office Supplies,North,3929.18,0.07,416.57,30,Yes,10.601957660376975
ORD08778,2024-10-17,CUST1862,Home,East,3863.1,0.18,630.44,25,Yes,16.319536123838372
ORD08779,2025-08-04,CUST6775,Home,South,1991.96,0.05,478.87,41,Yes,24.040141368300567
ORD08780,2025-08-20,CUST5348,Home,East,4537.69,0.06,733.94,44,Yes,16.174308954556174
ORD08781,2024-03-01,CUST6501,Home,South,1890.3,0.37,133.26,21,Yes,7.0496746548166955
ORD08782,2024-10-04,CUST3395,Clothing,South,526.85,0.17,28.55,23,Yes,5.418999715288981
ORD08783,2025-11-04,CUST7042,Clothing,South,2937.71,0.33,318.48,36,Yes,10.841097317298168
ORD08784,2024-05-27,CUST1217,Office Supplies,North,1228.75,0.22,156.4,52,Yes,12.728382502543237
ORD08785,2024-06-05,CUST1276,Home,East,4464.47,0.01,975.06,45,Yes,21.84044242653663
ORD08786,2024-11-15,CUST7027,Clothing,North,1867.17,0.0,470.89,62,Yes,25.21944975551235
ORD08787,2024-08-06,CUST4400,Electronics,North,2686.62,0.2,104.94,57,No,3.9060231815440964
ORD08788,2025-04-17,CUST8270,Furniture,East,4920.06,0.26,378.43,46,Yes,7.691572866997556
ORD08789,2024-06-24,CUST5525,Office Supplies,East,2520.52,0.14,511.62,30,No,20.29819243648136
ORD08790,2024-05-29,CUST8590,Electronics,East,3428.65,0.26,317.06,40,No,9.247371414405087
ORD08791,2024-06-28,CUST6221,Electronics,South,3292.08,0.02,544.12,52,Yes,16.52815241427912
ORD08792,2024-06-17,CUST3480,Clothing,South,176.99,0.04,14.62,57,Yes,8.260353692298999
ORD08793,2025-03-30,CUST4457,Furniture,North,895.4,0.17,73.22,36,Yes,8.177350904623632
ORD08794,2025-09-15,CUST6350,Clothing,North,2770.24,0.25,88.63,18,Yes,3.1993617881483196
ORD08795,2025-03-15,CUST9604,Clothing,East,3964.85,0.27,90.69,36,No,2.2873500889062637
ORD08796,2025-09-09,CUST8362,Office Supplies,North,2635.18,0.03,288.15,63,Yes,10.934736906017806
ORD08797,2024-03-22,CUST2497,Office Supplies,South,3146.78,0.29,637.54,47,No,20.26007537864102
ORD08798,2025-02-09,CUST4072,Office Supplies,West,3261.16,0.34,523.45,38,Yes,16.051037054299698
ORD08799,2024-11-13,CUST9674,Electronics,West,3118.09,0.31,91.89,52,Yes,2.946996398436222
ORD08800,2024-07-07,CUST4639,Furniture,North,4196.32,0.25,338.29,22,No,8.061587295535137
ORD08801,2025-04-07,CUST5407,Electronics,East,3909.44,0.35,382.25,61,No,9.77761520831628
ORD08802,2024-11-07,CUST5858,Electronics,North,330.98,0.1,23.83,32,Yes,7.1998308054867355
ORD08803,2025-04-30,CUST4846,Office Supplies,West,1064.5,0.35,58.36,36,Yes,5.482386096759042
ORD08804,2024-06-21,CUST8369,Home,East,3693.02,0.11,839.41,30,Yes,22.729635907739464
ORD08805,2024-09-29,CUST1063,Electronics,East,2493.16,0.08,628.55,28,No,25.210977233711436
ORD08806,2025-03-05,CUST7773,Furniture,North,3030.21,0.1,685.29,45,No,22.61526428861366
ORD08807,2024-02-21,CUST7492,Electronics,East,3833.69,0.15,362.93,60,No,9.466858301010255
ORD08808,2024-10-10,CUST4234,Electronics,South,1547.12,0.35,245.15,36,No,15.845571125704536
ORD08809,2024-07-14,CUST4446,Home,West,3294.38,0.05,574.24,20,Yes,17.430897467808816
ORD08810,2024-09-30,CUST8700,Clothing,East,3087.6,0.1,746.48,29,Yes,24.17670682730924
ORD08811,2025-12-25,CUST5593,Clothing,South,2550.25,0.19,418.43,33,Yes,16.407411038133514
ORD08812,2025-03-12,CUST7169,Electronics,South,3963.22,0.29,300.88,59,Yes,7.591806662259476
ORD08813,2025-08-31,CUST2845,Electronics,North,3216.93,0.3,255.8,23,Yes,7.951680639616033
ORD08814,2024-11-27,CUST1108,Furniture,East,4349.4,0.17,612.15,55,Yes,14.074355083459789
ORD08815,2024-10-26,CUST3502,Clothing,East,301.99,0.32,56.95,42,Yes,18.858240339084077
ORD08816,2024-11-16,CUST7223,Furniture,East,3442.43,0.13,465.79,58,Yes,13.530848848052104
ORD08817,2025-01-15,CUST7241,Home,West,1120.02,0.09,108.51,44,No,9.688219853216907
ORD08818,2025-09-18,CUST7870,Office Supplies,South,1809.29,0.36,170.14,19,No,9.403688739781902
ORD08819,2024-08-10,CUST2340,Furniture,East,3773.99,0.36,570.43,60,No,15.114772429179727
ORD08820,2025-10-26,CUST4278,Electronics,East,900.88,0.12,103.15,38,No,11.449915638042803
ORD08821,2025-06-25,CUST5571,Electronics,North,1137.25,0.2,264.93,24,Yes,23.29566937788525
ORD08822,2024-02-10,CUST7571,Office Supplies,North,4132.49,0.19,752.18,50,Yes,18.201616942811718
ORD08823,2025-09-10,CUST8352,Furniture,South,3023.31,0.12,335.72,40,No,11.104385590627492
ORD08824,2025-01-13,CUST9781,Home,South,237.41,0.16,56.41,58,Yes,23.760582957752412
ORD08825,2024-05-04,CUST1050,Electronics,North,4044.38,0.39,19.98,19,Yes,0.4940188607400887
ORD08826,2025-02-24,CUST5772,Office Supplies,East,271.99,0.38,5.99,55,Yes,2.2022868487812053
ORD08827,2025-05-23,CUST6038,Clothing,South,2761.15,0.07,281.47,27,Yes,10.19394093040943
ORD08828,2025-06-13,CUST9905,Clothing,East,2352.25,0.02,291.13,59,Yes,12.376660644064193
ORD08829,2024-05-08,CUST3040,Home,South,2195.33,0.07,568.4,46,No,25.891323855639016
ORD08830,2024-06-15,CUST4605,Electronics,South,2333.4,0.02,394.88,55,Yes,16.922945058712607
ORD08831,2025-08-02,CUST6620,Furniture,North,4856.52,0.15,575.5,23,No,11.850049006284333
ORD08832,2024-10-01,CUST7007,Office Supplies,South,4977.69,0.2,614.18,38,Yes,12.33865507896233
ORD08833,2024-11-29,CUST2899,Furniture,North,2433.98,0.19,232.8,57,Yes,9.564581467390857
ORD08834,2025-06-14,CUST6494,Clothing,West,3296.04,0.07,739.93,42,Yes,22.44906008422228
ORD08835,2024-08-27,CUST9136,Clothing,North,885.79,0.02,133.07,41,Yes,15.022748055408167
ORD08836,2025-03-16,CUST9780,Electronics,North,4956.93,0.21,762.6,62,Yes,15.384522274875778
ORD08837,2024-05-01,CUST9371,Electronics,South,741.34,0.11,161.5,61,Yes,21.78487603528745
ORD08838,2025-03-28,CUST2129,Clothing,East,4964.03,0.09,376.35,30,No,7.581541610344821
ORD08839,2025-06-20,CUST5962,Clothing,West,349.47,0.27,17.82,37,Yes,5.099150141643059
ORD08840,2025-09-17,CUST2308,Office Supplies,North,2306.63,0.13,438.38,19,No,19.005215400822845
ORD08841,2025-07-28,CUST1837,Home,East,3172.98,0.32,583.51,38,No,18.389967790531298
ORD08842,2025-05-18,CUST4642,Electronics,South,1546.08,0.36,308.25,31,Yes,19.93751940391183
ORD08843,2024-11-25,CUST5215,Office Supplies,South,2365.41,0.09,183.51,41,Yes,7.758063084201047
ORD08844,2025-01-21,CUST1649,Home,South,3281.39,0.25,561.89,31,Yes,17.123536062461337
ORD08845,2024-11-17,CUST9444,Furniture,West,219.74,0.06,46.74,59,Yes,21.270592518430874
ORD08846,2025-12-23,CUST6700,Home,West,2239.63,0.37,62.07,33,Yes,2.7714399253448114
ORD08847,2024-04-15,CUST8443,Clothing,South,3338.05,0.29,93.21,65,Yes,2.7923488264106284
ORD08848,2024-09-27,CUST6895,Clothing,East,4717.51,0.06,715.59,65,Yes,15.168807273328513
ORD08849,2024-08-19,CUST4151,Clothing,West,2810.36,0.17,506.35,38,No,18.01726469206792
ORD08850,2025-07-03,CUST1469,Furniture,West,3965.93,0.22,721.39,63,Yes,18.18968060454925
ORD08851,2025-12-05,CUST2135,Furniture,South,4862.13,0.22,914.92,43,No,18.8172673293392
ORD08852,2025-05-20,CUST3902,Clothing,North,917.29,0.03,183.32,33,Yes,19.98495568467987
ORD08853,2025-11-17,CUST5613,Furniture,West,2777.82,0.17,251.48,24,No,9.053142392235637
ORD08854,2025-12-10,CUST4971,Furniture,East,552.61,0.28,57.0,36,Yes,10.31468847831201
ORD08855,2025-01-19,CUST5728,Office Supplies,East,1685.49,0.04,365.48,40,Yes,21.683902010691252
ORD08856,2025-09-11,CUST3199,Clothing,North,1549.73,0.14,356.51,63,Yes,23.004652423325354
ORD08857,2024-08-22,CUST1280,Office Supplies,North,573.07,0.17,62.3,57,Yes,10.871272270403265
ORD08858,2024-05-22,CUST7924,Clothing,West,341.64,0.26,26.65,64,Yes,7.800608828006088
ORD08859,2024-12-11,CUST3132,Home,East,4814.28,0.3,737.67,47,No,15.3225404421845
ORD08860,2025-07-24,CUST6572,Furniture,North,2374.54,0.1,375.89,39,No,15.830013392067515
ORD08861,2025-02-14,CUST9903,Electronics,West,3960.14,0.23,617.9,27,No,15.602983732898332
ORD08862,2025-10-07,CUST5986,Electronics,South,3458.21,0.38,348.49,37,Yes,10.0771786560099
ORD08863,2025-06-04,CUST8544,Office Supplies,West,3058.76,0.15,344.91,50,No,11.276138042867045
ORD08864,2025-06-18,CUST1327,Clothing,West,2505.08,0.22,194.5,38,No,7.764223098663516
ORD08865,2025-03-04,CUST1703,Office Supplies,North,787.34,0.16,140.12,60,No,17.796631696598673
ORD08866,2024-01-18,CUST8211,Home,South,3270.92,0.28,521.09,60,No,15.930991892189352
ORD08867,2025-07-02,CUST7021,Office Supplies,East,3240.49,0.05,685.03,24,Yes,21.139704180540598
ORD08868,2025-11-02,CUST7565,Home,South,1305.85,0.11,165.72,18,Yes,12.690584676647395
ORD08869,2025-07-14,CUST6112,Office Supplies,North,3413.75,0.28,310.5,32,Yes,9.09556938850238
ORD08870,2025-09-03,CUST4215,Electronics,East,562.02,0.05,129.55,57,Yes,23.050781110992492
ORD08871,2024-01-21,CUST7794,Home,West,889.98,0.22,74.49,47,Yes,8.369851007887817
ORD08872,2024-10-26,CUST4224,Furniture,South,2836.72,0.2,525.23,40,Yes,18.515398065371276
ORD08873,2025-10-09,CUST7097,Furniture,East,4378.87,0.13,331.95,20,Yes,7.5807228805605105
ORD08874,2025-09-09,CUST5354,Furniture,East,2358.97,0.34,235.94,23,Yes,10.001822829455229
ORD08875,2024-12-02,CUST7718,Clothing,East,4977.92,0.29,736.05,28,Yes,14.786296284391872
ORD08876,2024-12-05,CUST1811,Clothing,West,3817.47,0.17,760.15,45,No,19.91240271698271
ORD08877,2025-05-13,CUST9170,Home,East,876.35,0.02,201.11,36,Yes,22.94859359844811
ORD08878,2024-04-06,CUST7741,Furniture,North,2766.6,0.34,65.03,35,Yes,2.3505385671943904
ORD08879,2025-12-23,CUST1671,Furniture,North,1317.99,0.34,112.49,59,No,8.534966122656469
ORD08880,2024-06-15,CUST9447,Office Supplies,North,3661.43,0.03,650.26,28,Yes,17.75972775664153
ORD08881,2025-05-14,CUST6311,Furniture,North,1692.92,0.38,240.25,48,Yes,14.191456182217706
ORD08882,2025-06-04,CUST4149,Office Supplies,West,384.56,0.37,73.15,38,No,19.021739130434785
ORD08883,2024-04-19,CUST1861,Electronics,South,3107.86,0.2,501.27,23,Yes,16.129104914635796
ORD08884,2025-01-19,CUST8015,Office Supplies,West,4734.35,0.14,318.45,51,Yes,6.726372152460209
ORD08885,2024-05-08,CUST9857,Electronics,South,2976.04,0.13,639.59,29,Yes,21.491310600663972
ORD08886,2024-01-14,CUST7176,Home,West,751.59,0.01,182.83,33,Yes,24.32576271637462
ORD08887,2025-10-07,CUST4023,Electronics,South,3983.2,0.25,535.79,44,Yes,13.451245229965854
ORD08888,2024-09-13,CUST8785,Office Supplies,East,967.12,0.19,189.68,25,Yes,19.612871205227894
ORD08889,2025-05-06,CUST9582,Office Supplies,North,1277.06,0.02,329.25,22,No,25.781873991824973
ORD08890,2024-12-08,CUST1933,Home,North,4381.61,0.11,407.16,54,Yes,9.292474683963201
ORD08891,2024-12-24,CUST2568,Furniture,North,1930.86,0.07,189.95,45,Yes,9.837585324673979
ORD08892,2024-07-21,CUST5743,Clothing,North,1730.54,0.39,57.28,30,Yes,3.309949495533186
ORD08893,2024-06-04,CUST6590,Clothing,East,4303.54,0.09,1071.81,62,Yes,24.905310511811205
ORD08894,2025-12-18,CUST8597,Home,South,2682.18,0.17,310.04,45,No,11.559254039624486
ORD08895,2025-05-30,CUST4305,Home,North,3186.17,0.19,733.89,19,No,23.03361088705248
ORD08896,2024-07-21,CUST2266,Office Supplies,East,589.94,0.08,153.98,38,Yes,26.10095941960199
ORD08897,2025-02-03,CUST4457,Clothing,South,1051.68,0.14,230.03,53,No,21.872622851057354
ORD08898,2025-10-27,CUST7385,Electronics,South,4792.81,0.03,488.11,45,No,10.184213436376572
ORD08899,2025-06-08,CUST8197,Office Supplies,West,1888.2,0.17,95.6,45,Yes,5.0630229848532995
ORD08900,2024-10-22,CUST2572,Office Supplies,West,1943.78,0.39,104.53,33,Yes,5.377666196791818
ORD08901,2024-10-19,CUST8326,Home,South,4248.89,0.39,343.9,32,No,8.093878636538014
ORD08902,2025-10-24,CUST4075,Clothing,West,940.52,0.17,75.34,64,Yes,8.010462297452474
ORD08903,2025-12-25,CUST1054,Office Supplies,North,4146.68,0.32,539.89,61,Yes,13.019813441114337
ORD08904,2025-02-18,CUST1055,Electronics,North,2624.47,0.35,136.29,45,No,5.1930485012212
ORD08905,2025-05-24,CUST5187,Furniture,West,2709.23,0.1,332.97,38,Yes,12.290207918855174
ORD08906,2025-11-20,CUST5082,Electronics,East,2240.61,0.33,251.32,65,Yes,11.216588339782469
ORD08907,2024-11-18,CUST4304,Clothing,South,610.06,0.3,84.94,20,Yes,13.923220666819658
ORD08908,2024-04-19,CUST4838,Clothing,North,2400.48,0.01,631.64,57,Yes,26.313070719189497
ORD08909,2025-04-28,CUST1206,Electronics,East,2764.26,0.14,433.68,26,Yes,15.688828113129732
ORD08910,2025-12-05,CUST4036,Office Supplies,South,2070.86,0.18,110.49,26,Yes,5.335464493012564
ORD08911,2024-12-20,CUST7688,Home,East,3373.92,0.39,522.13,44,No,15.47547066913264
ORD08912,2025-11-19,CUST6903,Furniture,North,3028.33,0.24,537.26,55,Yes,17.74113125055724
ORD08913,2024-08-30,CUST4623,Clothing,East,3347.56,0.36,437.05,32,Yes,13.055777939753135
ORD08914,2024-12-17,CUST7233,Electronics,South,1491.67,0.17,132.25,22,Yes,8.865901975638042
ORD08915,2025-03-08,CUST9080,Clothing,East,1962.96,0.36,258.61,54,Yes,13.17449158413824
ORD08916,2025-05-20,CUST3859,Home,South,1249.24,0.04,106.03,65,Yes,8.487560436745541
ORD08917,2025-04-16,CUST6697,Electronics,West,2873.93,0.37,503.53,57,Yes,17.520607669637048
ORD08918,2025-11-18,CUST9318,Home,East,4755.28,0.01,1081.92,57,Yes,22.7519725442035
ORD08919,2024-05-09,CUST8038,Furniture,West,3152.73,0.38,589.09,35,Yes,18.685076108642352
ORD08920,2025-09-13,CUST2555,Furniture,West,3201.22,0.14,576.54,47,Yes,18.010008684189152
ORD08921,2025-08-13,CUST5338,Clothing,North,1755.62,0.06,334.8,34,Yes,19.070186031145695
ORD08922,2024-02-05,CUST7799,Electronics,North,3015.69,0.01,304.61,19,Yes,10.100839277246667
ORD08923,2025-10-11,CUST4726,Furniture,South,2450.89,0.36,396.31,63,Yes,16.170044351235674
ORD08924,2024-10-14,CUST6814,Home,East,1991.99,0.27,178.6,51,Yes,8.9659084633959
ORD08925,2024-11-27,CUST3641,Clothing,South,2829.8,0.31,484.43,58,Yes,17.118877659198528
ORD08926,2024-02-29,CUST8952,Electronics,West,342.56,0.03,59.42,31,No,17.345866417561886
ORD08927,2024-07-25,CUST6046,Office Supplies,South,931.64,0.03,202.67,64,Yes,21.754111030011593
ORD08928,2025-10-01,CUST7869,Office Supplies,West,2220.37,0.19,142.81,38,No,6.43181091439715
ORD08929,2024-10-02,CUST8115,Clothing,East,1351.46,0.01,172.32,37,Yes,12.750654847350273
ORD08930,2025-12-01,CUST7188,Furniture,East,3028.09,0.09,241.85,56,Yes,7.986882820523827
ORD08931,2025-01-19,CUST9746,Office Supplies,South,1335.83,0.3,259.92,50,No,19.457565708211376
ORD08932,2024-03-15,CUST9991,Furniture,West,1780.17,0.23,81.38,28,Yes,4.571473510956818
ORD08933,2024-09-08,CUST9855,Furniture,North,1038.44,0.16,180.88,22,Yes,17.41843534532568
ORD08934,2025-08-21,CUST7539,Electronics,South,866.83,0.03,91.54,33,Yes,10.560317478629027
ORD08935,2025-02-05,CUST7823,Furniture,South,4054.28,0.03,433.85,42,Yes,10.701036928875164
ORD08936,2025-09-14,CUST5968,Office Supplies,West,3964.67,0.24,443.83,33,No,11.194626538904878
ORD08937,2024-09-08,CUST6368,Clothing,East,3429.44,0.25,552.06,27,Yes,16.09767192311281
ORD08938,2024-02-01,CUST9296,Electronics,South,1388.27,0.16,322.87,26,Yes,23.257003320679694
ORD08939,2024-06-01,CUST5817,Furniture,South,4006.0,0.01,946.68,37,Yes,23.631552670993507
ORD08940,2024-09-25,CUST9722,Furniture,West,840.82,0.31,36.28,26,Yes,4.314835517708903
ORD08941,2024-04-17,CUST9495,Furniture,South,4660.24,0.27,527.34,44,Yes,11.315726228692085
ORD08942,2024-06-03,CUST8043,Electronics,South,2815.81,0.22,633.32,45,No,22.491574360485973
ORD08943,2025-11-18,CUST2749,Home,South,1521.58,0.39,33.62,57,Yes,2.20954534102709
ORD08944,2025-12-11,CUST4681,Office Supplies,West,2487.79,0.38,360.69,28,No,14.498410235590626
ORD08945,2024-05-16,CUST5094,Home,West,230.74,0.09,23.7,20,Yes,10.271301031463985
ORD08946,2024-08-29,CUST1520,Clothing,South,4447.19,0.3,335.96,26,Yes,7.554433248860517
ORD08947,2025-09-17,CUST8636,Furniture,South,287.19,0.08,20.63,19,No,7.183397750618058
ORD08948,2024-08-15,CUST4889,Furniture,West,382.31,0.19,52.72,62,Yes,13.789856399257147
ORD08949,2024-09-24,CUST5304,Office Supplies,North,1885.02,0.38,261.41,53,No,13.867757371274578
ORD08950,2025-05-27,CUST4580,Furniture,West,3865.17,0.37,531.17,45,Yes,13.742474457785814
ORD08951,2025-03-31,CUST9940,Furniture,West,4767.66,0.35,620.7,53,No,13.018965278564329
ORD08952,2024-01-23,CUST8576,Furniture,West,2562.0,0.39,81.63,32,No,3.186182669789227
ORD08953,2024-07-02,CUST9993,Electronics,West,2896.06,0.36,105.98,19,Yes,3.6594545693114093
ORD08954,2025-07-21,CUST3957,Clothing,West,4993.04,0.12,706.18,63,Yes,14.143287456138944
ORD08955,2024-12-06,CUST3215,Clothing,South,2220.95,0.24,324.68,38,Yes,14.618969359958578
ORD08956,2024-10-17,CUST4933,Clothing,North,590.55,0.23,60.32,30,Yes,10.214207095080857
ORD08957,2025-03-14,CUST9480,Electronics,South,4502.0,0.08,1085.82,18,No,24.11861394935584
ORD08958,2024-11-20,CUST3272,Office Supplies,West,2870.33,0.26,291.23,43,Yes,10.146220121031382
ORD08959,2025-09-11,CUST7747,Home,South,2099.89,0.27,185.81,63,Yes,8.848558734028925
ORD08960,2024-10-08,CUST5103,Office Supplies,North,3104.25,0.16,659.51,64,Yes,21.245389385519854
ORD08961,2025-04-30,CUST5814,Electronics,North,2867.01,0.35,11.67,42,No,0.4070442726045601
ORD08962,2024-06-20,CUST4153,Furniture,South,3081.44,0.21,712.98,48,No,23.13788358689444
ORD08963,2025-01-16,CUST1543,Clothing,South,1132.81,0.0,212.06,43,Yes,18.71982062305241
ORD08964,2024-02-20,CUST7869,Furniture,North,3163.44,0.03,597.06,63,Yes,18.873757681511265
ORD08965,2025-04-16,CUST4534,Electronics,South,337.87,0.3,15.07,29,No,4.4602953798798355
ORD08966,2024-08-13,CUST1928,Furniture,East,408.58,0.07,44.04,40,Yes,10.778794850457682
ORD08967,2025-12-24,CUST5936,Furniture,South,3603.13,0.3,727.84,32,Yes,20.200214813231828
ORD08968,2025-11-14,CUST7151,Furniture,East,375.84,0.32,48.49,51,No,12.901766709237975
ORD08969,2024-03-13,CUST5049,Furniture,West,478.56,0.11,46.26,56,Yes,9.666499498495487
ORD08970,2024-12-02,CUST8773,Office Supplies,West,2202.93,0.28,102.22,65,Yes,4.640183755271389
ORD08971,2024-03-26,CUST3160,Home,West,2459.33,0.28,530.73,52,Yes,21.580267796513684
ORD08972,2024-05-01,CUST7865,Office Supplies,East,3089.3,0.24,542.81,60,No,17.570647072152266
ORD08973,2024-04-11,CUST4177,Electronics,West,1577.68,0.14,338.25,61,Yes,21.43970893970894
ORD08974,2025-01-24,CUST7988,Electronics,South,1070.44,0.18,181.03,24,Yes,16.911737229550464
ORD08975,2025-11-01,CUST6932,Clothing,East,1210.88,0.25,225.03,43,Yes,18.584005021141646
ORD08976,2024-06-01,CUST9460,Home,South,4172.71,0.22,871.73,63,Yes,20.891219375417894
ORD08977,2024-05-08,CUST5755,Furniture,East,315.48,0.3,9.81,40,No,3.109547356409281
ORD08978,2024-11-01,CUST7230,Electronics,East,2383.66,0.12,143.61,55,Yes,6.024768633110428
ORD08979,2025-10-14,CUST8279,Office Supplies,North,2586.55,0.27,90.67,23,Yes,3.505441611412886
ORD08980,2025-07-29,CUST3657,Home,East,660.44,0.14,115.76,47,No,17.527708800193807
ORD08981,2024-03-29,CUST3232,Clothing,North,680.48,0.04,50.73,61,Yes,7.455031742299553
ORD08982,2024-05-31,CUST2308,Office Supplies,East,2567.06,0.16,467.8,18,No,18.223181382593317
ORD08983,2024-01-02,CUST7986,Home,East,2029.67,0.07,276.21,41,No,13.608616178984759
ORD08984,2025-08-25,CUST6410,Furniture,North,1694.42,0.14,400.48,25,Yes,23.635226213099468
ORD08985,2025-01-05,CUST2288,Home,East,1361.22,0.24,233.51,61,Yes,17.154464377543675
ORD08986,2024-07-24,CUST2622,Clothing,West,4409.34,0.06,547.51,43,No,12.417051077939101
ORD08987,2025-10-17,CUST6007,Electronics,North,3954.92,0.29,770.67,60,Yes,19.48636129175811
ORD08988,2025-04-18,CUST5169,Office Supplies,North,4382.89,0.1,294.8,51,Yes,6.726155573149223
ORD08989,2024-10-15,CUST9989,Office Supplies,North,1055.23,0.1,90.22,31,No,8.549794831458545
ORD08990,2024-10-12,CUST8866,Furniture,South,1469.0,0.03,204.74,51,Yes,13.937372362151123
ORD08991,2025-07-14,CUST9831,Clothing,South,256.29,0.4,3.13,38,Yes,1.221272776932381
ORD08992,2025-04-29,CUST7001,Home,East,1981.42,0.0,379.4,51,Yes,19.14788384088179
ORD08993,2025-01-12,CUST6936,Furniture,South,283.21,0.19,55.51,24,Yes,19.60029659969634
ORD08994,2025-01-10,CUST5993,Furniture,East,3448.66,0.05,617.35,29,Yes,17.901155811242628
ORD08995,2024-06-21,CUST8806,Home,North,2081.81,0.09,262.65,54,Yes,12.616425130055095
ORD08996,2025-09-26,CUST7462,Electronics,East,4496.94,0.1,771.76,38,Yes,17.16189230899234
ORD08997,2024-06-20,CUST9092,Clothing,East,2074.27,0.03,296.57,57,Yes,14.297560105482892
ORD08998,2024-10-10,CUST8320,Clothing,North,2863.47,0.03,534.31,65,Yes,18.6595284741939
ORD08999,2024-09-19,CUST7174,Electronics,North,669.73,0.29,103.04,41,No,15.385304525704388
ORD09000,2025-10-24,CUST5715,Clothing,North,2457.52,0.39,381.7,24,Yes,15.531918356717341
ORD09001,2024-08-03,CUST2076,Office Supplies,West,1180.62,0.18,253.87,51,Yes,21.50310853619285
ORD09002,2024-12-25,CUST6889,Clothing,North,2164.97,0.05,335.96,20,Yes,15.517997939925266
ORD09003,2025-08-23,CUST6675,Home,North,530.99,0.21,111.08,54,Yes,20.919414678242525
ORD09004,2025-04-13,CUST8501,Furniture,East,1832.12,0.0,433.68,57,No,23.670938584808855
ORD09005,2024-06-17,CUST9238,Furniture,East,3959.46,0.3,645.45,59,No,16.30146535133579
ORD09006,2024-07-05,CUST2704,Office Supplies,South,1255.8,0.39,-0.59,61,Yes,-0.04698200350374263
ORD09007,2024-08-23,CUST3291,Furniture,West,4747.71,0.35,228.17,18,No,4.805895895073625
ORD09008,2025-09-02,CUST1573,Office Supplies,East,1222.18,0.14,122.88,27,Yes,10.054165507535714
ORD09009,2024-04-24,CUST5965,Office Supplies,North,1996.35,0.02,347.74,49,Yes,17.41878929045508
ORD09010,2024-02-20,CUST1150,Office Supplies,West,1251.94,0.14,93.65,55,No,7.4803904340463605
ORD09011,2025-06-25,CUST5817,Clothing,North,3478.75,0.05,602.03,62,No,17.30592885375494
ORD09012,2024-03-13,CUST5427,Clothing,West,4645.52,0.03,940.65,24,Yes,20.248540529370228
ORD09013,2024-04-16,CUST1127,Electronics,West,1354.63,0.31,136.54,18,No,10.07950510471494
ORD09014,2025-06-04,CUST6187,Electronics,East,1365.01,0.14,262.22,50,No,19.210115676808233
ORD09015,2024-01-09,CUST5413,Home,South,3405.26,0.05,365.84,43,Yes,10.74337936016633
ORD09016,2024-08-02,CUST2325,Furniture,North,1523.64,0.39,14.59,50,Yes,0.9575752802499277
ORD09017,2024-05-03,CUST3990,Electronics,East,2227.11,0.32,77.91,62,Yes,3.4982555868367524
ORD09018,2024-08-16,CUST8321,Home,West,3071.48,0.22,556.66,23,Yes,18.12351049005691
ORD09019,2025-02-03,CUST1246,Furniture,West,995.27,0.37,46.43,59,Yes,4.665065761049766
ORD09020,2024-05-20,CUST9687,Electronics,South,2685.61,0.38,297.07,24,Yes,11.061546538775175
ORD09021,2025-04-20,CUST8620,Clothing,North,2581.77,0.12,404.08,33,Yes,15.6512779992021
ORD09022,2024-08-22,CUST5605,Furniture,South,1452.6,0.26,114.26,62,No,7.865895635412365
ORD09023,2024-02-19,CUST8452,Office Supplies,West,3482.05,0.01,338.93,52,Yes,9.733633922545625
ORD09024,2025-05-10,CUST1951,Electronics,West,4317.08,0.33,398.27,29,No,9.22544868290604
ORD09025,2024-11-06,CUST4338,Electronics,North,248.52,0.1,42.27,23,Yes,17.008691453404154
ORD09026,2024-06-22,CUST4107,Clothing,North,4205.42,0.28,251.37,48,Yes,5.977286454147268
ORD09027,2025-11-21,CUST3403,Office Supplies,South,2987.88,0.03,800.15,40,Yes,26.77985729011875
ORD09028,2025-09-12,CUST9155,Clothing,South,1652.9,0.28,208.76,18,Yes,12.629923165345755
ORD09029,2024-09-25,CUST6072,Home,North,3202.76,0.14,555.39,38,Yes,17.340980903970323
ORD09030,2024-08-17,CUST9291,Furniture,North,3434.9,0.22,200.12,62,Yes,5.826079361844595
ORD09031,2024-12-26,CUST2314,Home,West,1151.73,0.12,149.03,39,No,12.939664678353433
ORD09032,2025-01-21,CUST7198,Clothing,North,1176.51,0.21,156.56,33,Yes,13.307154210333955
ORD09033,2025-04-05,CUST9459,Home,East,3892.75,0.32,559.59,49,No,14.375184638109307
ORD09034,2025-07-09,CUST4313,Electronics,South,886.94,0.04,239.08,45,Yes,26.95560015333619
ORD09035,2025-06-21,CUST2491,Clothing,West,969.01,0.08,169.81,47,Yes,17.52407095902003
ORD09036,2025-07-01,CUST7562,Electronics,South,1016.12,0.09,144.49,56,Yes,14.219777191670277
ORD09037,2024-02-01,CUST5595,Office Supplies,West,356.5,0.38,10.91,54,No,3.0603085553997196
ORD09038,2024-12-30,CUST2616,Furniture,South,2335.38,0.15,313.18,42,No,13.410237306134334
ORD09039,2024-03-23,CUST4380,Office Supplies,South,1085.7,0.22,101.9,21,No,9.385649811181725
ORD09040,2025-11-19,CUST7188,Office Supplies,East,2692.1,0.1,602.92,21,Yes,22.395899112217226
ORD09041,2024-10-24,CUST7332,Home,West,1942.36,0.36,57.57,61,Yes,2.963920179575362
ORD09042,2025-11-19,CUST1911,Clothing,West,1256.68,0.3,66.04,34,No,5.255116656587198
ORD09043,2024-07-16,CUST3240,Home,South,1291.7,0.16,107.72,28,No,8.339397692962763
ORD09044,2025-01-04,CUST8600,Office Supplies,North,2290.91,0.34,241.28,56,Yes,10.532059312674876
ORD09045,2024-06-03,CUST3672,Furniture,East,2587.44,0.17,428.3,20,Yes,16.553040843459172
ORD09046,2024-07-15,CUST5439,Electronics,West,4397.44,0.1,943.69,51,Yes,21.459985809925776
ORD09047,2024-02-04,CUST7133,Clothing,South,1032.45,0.17,49.43,18,Yes,4.787641047992638
ORD09048,2025-05-16,CUST5141,Electronics,West,1192.14,0.28,178.51,53,No,14.973912459945979
ORD09049,2024-06-09,CUST1223,Electronics,North,4295.31,0.35,493.69,53,Yes,11.49369894140353
ORD09050,2024-10-20,CUST3649,Clothing,West,2172.17,0.32,303.65,49,Yes,13.97910844915453
ORD09051,2024-02-18,CUST4315,Furniture,East,4544.95,0.32,150.12,54,No,3.3030066337363446
ORD09052,2024-10-16,CUST6883,Furniture,East,1588.41,0.09,165.01,41,Yes,10.388375797180828
ORD09053,2025-07-17,CUST7574,Furniture,North,1742.85,0.37,69.0,61,Yes,3.9590326189861433
ORD09054,2025-04-13,CUST8974,Office Supplies,East,4430.25,0.17,648.74,62,Yes,14.643417414367136
ORD09055,2024-01-16,CUST8678,Home,North,1381.51,0.05,159.34,61,Yes,11.533756541755036
ORD09056,2024-11-19,CUST5654,Furniture,East,1144.16,0.09,90.21,31,Yes,7.884386799049083
ORD09057,2024-05-12,CUST5803,Office Supplies,North,2784.75,0.0,653.04,31,Yes,23.450579046593052
ORD09058,2024-08-27,CUST7915,Clothing,East,3251.39,0.05,410.0,54,Yes,12.60999141905462
ORD09059,2025-12-29,CUST8596,Home,East,1946.74,0.39,223.68,55,No,11.489978117262705
ORD09060,2025-07-09,CUST5780,Furniture,South,2230.63,0.13,438.46,56,Yes,19.65633027440678
ORD09061,2024-02-01,CUST2244,Home,North,3803.38,0.16,293.23,61,Yes,7.709721353112233
ORD09062,2025-09-04,CUST3602,Office Supplies,North,320.93,0.3,64.39,59,Yes,20.06356526345309
ORD09063,2025-06-15,CUST1637,Home,East,4754.6,0.17,390.68,45,Yes,8.216884701131535
ORD09064,2024-04-30,CUST4047,Clothing,South,3097.21,0.37,225.03,29,Yes,7.265571272209505
ORD09065,2025-12-16,CUST5807,Office Supplies,North,2448.23,0.32,300.48,54,No,12.27335666992072
ORD09066,2024-05-09,CUST5513,Furniture,South,1414.7,0.32,257.21,65,Yes,18.181239838835086
ORD09067,2024-12-07,CUST8249,Electronics,West,2619.99,0.32,233.64,25,No,8.91759128851637
ORD09068,2025-04-09,CUST2700,Office Supplies,South,1512.65,0.18,150.4,21,Yes,9.942815588536675
ORD09069,2025-07-22,CUST5484,Electronics,East,628.47,0.02,98.82,55,No,15.723900902191035
ORD09070,2025-01-17,CUST7122,Clothing,North,675.47,0.29,22.11,35,No,3.273276385331695
ORD09071,2024-03-25,CUST1562,Furniture,North,706.22,0.35,49.41,62,Yes,6.996403387046529
ORD09072,2024-06-17,CUST8839,Home,East,1757.93,0.06,251.43,34,Yes,14.30261728282696
ORD09073,2025-06-15,CUST2818,Furniture,West,2552.8,0.27,462.35,61,Yes,18.11148542776559
ORD09074,2025-12-18,CUST6250,Home,East,3964.32,0.25,304.13,52,Yes,7.671681398070791
ORD09075,2024-11-10,CUST8544,Furniture,East,4830.45,0.09,546.2,35,Yes,11.307435125091866
ORD09076,2024-04-17,CUST7017,Office Supplies,South,2289.77,0.14,379.45,41,Yes,16.571533385449193
ORD09077,2025-06-30,CUST7599,Furniture,East,1056.18,0.17,113.54,38,Yes,10.750061542540097
ORD09078,2024-03-22,CUST4437,Office Supplies,West,1265.27,0.37,142.51,60,Yes,11.26320864321449
ORD09079,2025-10-04,CUST5197,Furniture,South,3800.9,0.13,650.55,62,Yes,17.115683127680285
ORD09080,2024-04-03,CUST2694,Clothing,South,1039.38,0.1,140.19,41,Yes,13.487848525082258
ORD09081,2024-09-04,CUST1160,Furniture,East,1171.84,0.16,136.72,33,Yes,11.667121791370837
ORD09082,2025-12-15,CUST3570,Furniture,West,2471.13,0.24,225.08,48,Yes,9.108383613974173
ORD09083,2025-09-15,CUST5301,Furniture,East,487.49,0.19,32.55,57,Yes,6.677060042257277
ORD09084,2025-07-02,CUST2792,Office Supplies,South,2202.07,0.1,359.25,48,No,16.31419527989573
ORD09085,2025-05-05,CUST4740,Office Supplies,South,4313.3,0.25,125.97,49,Yes,2.9205017040317154
ORD09086,2024-07-18,CUST3007,Furniture,East,1943.1,0.32,88.85,39,Yes,4.572590190932016
ORD09087,2025-07-19,CUST9329,Electronics,East,1180.84,0.19,105.98,48,Yes,8.974966972663529
ORD09088,2024-10-23,CUST2976,Furniture,East,2945.91,0.08,235.8,59,No,8.00431785085084
ORD09089,2025-10-20,CUST2310,Clothing,West,4767.23,0.02,928.4,52,Yes,19.474621530742173
ORD09090,2024-02-13,CUST7082,Clothing,West,3334.39,0.02,654.88,21,No,19.64017406482145
ORD09091,2025-02-22,CUST5558,Home,West,2504.89,0.07,167.89,30,No,6.702489929697511
ORD09092,2025-02-10,CUST3572,Electronics,South,3520.28,0.13,736.13,27,No,20.91112070630745
ORD09093,2025-03-12,CUST9423,Office Supplies,South,457.19,0.29,34.63,26,No,7.574531376451804
ORD09094,2025-05-24,CUST9864,Office Supplies,West,2615.17,0.18,539.64,44,Yes,20.634987400436682
ORD09095,2025-05-11,CUST6064,Clothing,South,2769.6,0.22,507.4,48,Yes,18.320335066435586
ORD09096,2025-09-02,CUST2973,Office Supplies,North,3833.6,0.17,217.04,26,No,5.661519198664441
ORD09097,2024-06-13,CUST3195,Clothing,South,1021.87,0.39,108.09,45,No,10.577666435065126
ORD09098,2025-10-03,CUST3959,Clothing,South,691.27,0.01,172.47,21,Yes,24.949730206720965
ORD09099,2025-06-17,CUST3685,Electronics,North,2611.12,0.14,174.05,27,No,6.665721989031527
ORD09100,2025-07-08,CUST3570,Home,North,1718.99,0.31,50.64,65,No,2.94591591574122
ORD09101,2024-07-11,CUST9990,Electronics,North,3954.8,0.12,592.58,44,No,14.983817133609792
ORD09102,2025-09-30,CUST1514,Clothing,West,3856.36,0.25,673.49,59,Yes,17.464396477507286
ORD09103,2025-09-21,CUST8410,Furniture,North,1963.68,0.35,305.12,64,Yes,15.538173225780167
ORD09104,2024-02-16,CUST2847,Electronics,West,4030.91,0.27,405.43,32,No,10.05802659945273
ORD09105,2024-09-08,CUST7352,Electronics,East,3524.92,0.38,136.85,39,Yes,3.882357613789816
ORD09106,2024-07-08,CUST8932,Furniture,West,2652.9,0.03,275.94,48,Yes,10.401447472577178
ORD09107,2024-06-18,CUST4616,Furniture,South,1137.58,0.02,190.06,40,Yes,16.70739640289035
ORD09108,2025-06-21,CUST2550,Clothing,East,488.45,0.37,84.21,63,Yes,17.240249769679597
ORD09109,2024-01-17,CUST3160,Office Supplies,East,1364.83,0.24,285.28,53,Yes,20.90223690862598
ORD09110,2025-12-08,CUST2306,Home,West,2707.86,0.23,251.23,22,Yes,9.277806090418263
ORD09111,2024-12-14,CUST8519,Electronics,West,1352.8,0.37,169.0,22,Yes,12.492607924305146
ORD09112,2025-03-24,CUST2286,Furniture,East,3115.1,0.25,249.12,58,No,7.997175050560175
ORD09113,2024-12-14,CUST7022,Furniture,East,3405.51,0.22,391.83,65,No,11.50576565624532
ORD09114,2025-06-10,CUST1365,Home,North,4815.19,0.15,913.06,64,Yes,18.962076262826596
ORD09115,2025-10-30,CUST8893,Electronics,East,4828.8,0.36,218.58,53,No,4.526590457256462
ORD09116,2025-06-14,CUST9940,Electronics,South,4246.81,0.12,1008.88,42,Yes,23.756184053442464
ORD09117,2025-02-08,CUST4004,Office Supplies,West,2839.13,0.24,300.11,24,Yes,10.570491664700102
ORD09118,2024-05-18,CUST6749,Office Supplies,West,4560.06,0.36,409.7,18,No,8.984530905295104
ORD09119,2025-11-14,CUST1569,Furniture,East,3231.81,0.19,545.58,34,Yes,16.881561725472725
ORD09120,2024-05-08,CUST6041,Electronics,West,418.61,0.26,42.2,24,No,10.080982298559519
ORD09121,2025-05-16,CUST8142,Clothing,East,2613.61,0.04,410.24,31,Yes,15.696297458304798
ORD09122,2024-08-14,CUST4595,Clothing,North,2247.73,0.03,487.85,27,No,21.704119266993814
ORD09123,2025-01-27,CUST7521,Furniture,West,3689.59,0.2,535.85,27,Yes,14.523293916126182
ORD09124,2025-12-29,CUST6033,Furniture,West,2955.32,0.2,486.14,58,Yes,16.44965688994762
ORD09125,2025-07-25,CUST4958,Electronics,South,814.87,0.34,151.83,29,Yes,18.63241989519801
ORD09126,2025-05-05,CUST5848,Furniture,North,4899.58,0.28,442.72,58,No,9.035876544520145
ORD09127,2025-09-16,CUST7191,Furniture,West,3950.19,0.26,90.87,49,Yes,2.3003956771699587
ORD09128,2024-07-05,CUST7445,Furniture,West,2065.07,0.18,281.76,48,Yes,13.644089546601323
ORD09129,2024-06-27,CUST6975,Home,North,337.55,0.0,47.63,41,Yes,14.110502147829951
ORD09130,2024-04-14,CUST6380,Electronics,South,2985.15,0.16,345.31,44,Yes,11.567592918278812
ORD09131,2025-06-20,CUST5193,Home,South,1428.34,0.25,70.41,47,No,4.929498578769761
ORD09132,2025-08-14,CUST5360,Electronics,East,1302.38,0.01,302.89,63,No,23.25665320413397
ORD09133,2025-06-06,CUST9927,Electronics,West,2044.98,0.06,449.54,45,Yes,21.982611076880946
ORD09134,2025-10-12,CUST4123,Electronics,North,3171.3,0.16,407.52,60,Yes,12.850250685838613
ORD09135,2024-11-08,CUST4910,Office Supplies,East,3743.56,0.35,446.9,52,No,11.93783457457607
ORD09136,2025-09-21,CUST8363,Home,South,2383.39,0.26,135.8,37,No,5.697766626527762
ORD09137,2025-02-19,CUST8481,Home,South,1918.24,0.0,209.87,40,Yes,10.940758195012094
ORD09138,2025-04-06,CUST5810,Home,South,330.58,0.35,25.9,39,Yes,7.834714743783652
ORD09139,2024-09-24,CUST9485,Furniture,South,1083.66,0.25,119.57,30,Yes,11.033903622907552
ORD09140,2024-04-21,CUST8444,Clothing,South,2334.24,0.15,306.78,31,Yes,13.142607443964632
ORD09141,2025-11-05,CUST4211,Furniture,West,4238.27,0.37,402.78,31,No,9.50340587079162
ORD09142,2025-08-01,CUST4123,Office Supplies,North,1486.54,0.04,373.48,54,No,25.124113713724487
ORD09143,2024-06-14,CUST1211,Home,East,3199.33,0.21,605.29,39,Yes,18.91927372293574
ORD09144,2024-08-04,CUST6893,Electronics,South,2236.37,0.33,438.09,32,No,19.589334501893692
ORD09145,2024-01-09,CUST3543,Furniture,South,3440.28,0.06,830.87,54,No,24.15123187647517
ORD09146,2024-10-27,CUST6765,Electronics,South,1517.25,0.37,169.55,34,No,11.1748228703246
ORD09147,2024-11-22,CUST3559,Home,East,589.41,0.09,113.31,65,Yes,19.22430905481753
ORD09148,2024-07-07,CUST3080,Home,North,337.84,0.26,44.76,47,Yes,13.248875207198674
ORD09149,2024-04-25,CUST8785,Home,South,2152.0,0.34,367.52,59,Yes,17.07806691449814
ORD09150,2024-08-25,CUST3179,Home,East,2134.31,0.36,307.2,25,No,14.393410516747801
ORD09151,2025-09-01,CUST9929,Electronics,East,2766.75,0.03,484.35,65,Yes,17.5060992138791
ORD09152,2025-06-12,CUST7232,Furniture,North,2036.4,0.37,141.71,37,Yes,6.958848949125909
ORD09153,2024-02-27,CUST7257,Office Supplies,West,1440.13,0.06,126.33,58,Yes,8.772124738738864
ORD09154,2025-07-02,CUST3932,Furniture,West,2600.82,0.24,185.9,35,Yes,7.147745710968079
ORD09155,2024-02-04,CUST7908,Home,East,4136.9,0.37,565.85,26,Yes,13.678116464018952
ORD09156,2024-10-04,CUST9473,Electronics,South,3787.51,0.04,463.02,28,No,12.224918218037708
ORD09157,2025-04-18,CUST2865,Home,South,3294.46,0.24,98.73,60,Yes,2.996849256023749
ORD09158,2024-01-10,CUST7667,Electronics,East,194.11,0.29,34.96,50,Yes,18.01040647055793
ORD09159,2024-04-23,CUST6655,Office Supplies,West,4798.23,0.08,626.03,55,Yes,13.047102785818938
ORD09160,2024-10-07,CUST8939,Office Supplies,West,424.71,0.05,68.86,47,Yes,16.213416213416217
ORD09161,2025-12-01,CUST4395,Electronics,South,3243.21,0.27,387.77,28,No,11.956364219399914
ORD09162,2025-04-23,CUST1660,Electronics,East,3839.69,0.34,210.01,65,Yes,5.469451960965598
ORD09163,2024-11-23,CUST3062,Home,South,2369.89,0.07,615.95,29,No,25.990657794243617
ORD09164,2025-05-29,CUST6596,Electronics,West,4370.16,0.07,1117.24,27,Yes,25.56519669760375
ORD09165,2025-09-30,CUST5779,Office Supplies,South,3871.78,0.27,408.58,22,Yes,10.552769010635934
ORD09166,2024-07-03,CUST3003,Clothing,North,1813.92,0.23,285.51,53,No,15.739944429743316
ORD09167,2025-01-25,CUST8676,Home,West,4612.21,0.38,253.46,28,No,5.4954132617552105
ORD09168,2025-06-30,CUST4808,Home,East,2249.25,0.24,445.79,58,Yes,19.819495387351342
ORD09169,2025-09-12,CUST3748,Furniture,South,2383.3,0.08,194.88,58,No,8.176897578987118
ORD09170,2025-06-13,CUST7722,Furniture,East,3941.26,0.24,604.12,65,Yes,15.32809304638618
ORD09171,2025-03-23,CUST5102,Electronics,West,3839.47,0.25,217.14,44,Yes,5.6554680724162445
ORD09172,2024-04-10,CUST8642,Furniture,West,2104.95,0.0,509.5,46,Yes,24.204850471507637
ORD09173,2025-03-11,CUST9243,Furniture,South,310.19,0.13,20.35,19,Yes,6.56049518037332
ORD09174,2024-02-25,CUST7133,Clothing,North,4783.95,0.12,562.83,53,Yes,11.764964098705047
ORD09175,2025-10-03,CUST6884,Electronics,North,4154.43,0.21,787.08,29,Yes,18.945559318606882
ORD09176,2025-12-17,CUST8620,Furniture,North,3098.22,0.2,365.0,43,Yes,11.780958098521086
ORD09177,2024-07-06,CUST2545,Furniture,West,3136.12,0.2,187.33,47,Yes,5.973304592936495
ORD09178,2024-12-21,CUST1765,Furniture,West,383.95,0.09,74.6,47,Yes,19.429613230889437
ORD09179,2024-12-07,CUST4383,Home,South,4477.8,0.04,645.41,65,No,14.41355129751217
ORD09180,2025-01-18,CUST5667,Electronics,East,2007.68,0.14,110.01,29,Yes,5.47945887790883
ORD09181,2025-10-21,CUST8198,Office Supplies,East,3467.02,0.07,911.91,31,Yes,26.302415330745134
ORD09182,2024-06-12,CUST4075,Office Supplies,South,991.98,0.1,107.75,18,Yes,10.86211415552733
ORD09183,2024-12-09,CUST6128,Electronics,South,4693.83,0.06,820.69,29,Yes,17.484442342394164
ORD09184,2024-03-03,CUST6318,Home,South,2113.77,0.32,161.7,29,Yes,7.649838913410635
ORD09185,2025-07-15,CUST7065,Office Supplies,North,2796.99,0.2,558.84,61,Yes,19.980049982302404
ORD09186,2025-10-21,CUST8688,Office Supplies,North,3672.97,0.33,430.87,56,Yes,11.730833630549666
ORD09187,2024-04-30,CUST9758,Electronics,North,1771.99,0.01,232.56,37,No,13.124227563360968
ORD09188,2025-09-18,CUST8940,Clothing,East,2670.07,0.33,136.02,33,No,5.0942484653960385
ORD09189,2024-11-16,CUST3505,Home,East,3003.29,0.13,745.28,41,Yes,24.815452387215352
ORD09190,2024-03-26,CUST2630,Clothing,West,3173.7,0.21,274.89,21,Yes,8.66149919652141
ORD09191,2025-07-28,CUST7652,Furniture,West,434.56,0.36,13.95,39,No,3.2101435935198817
ORD09192,2025-09-03,CUST8152,Electronics,East,4524.28,0.11,530.24,44,Yes,11.719875869751652
ORD09193,2024-12-02,CUST1950,Office Supplies,South,350.57,0.22,16.87,56,Yes,4.812163048749181
ORD09194,2024-12-12,CUST9570,Office Supplies,East,4167.96,0.33,759.87,59,Yes,18.2312210289926
ORD09195,2024-08-21,CUST3869,Electronics,North,3965.49,0.31,220.59,59,No,5.562742561448901
ORD09196,2024-11-17,CUST9190,Electronics,South,3380.1,0.25,449.03,32,Yes,13.284518209520426
ORD09197,2024-10-02,CUST9214,Clothing,South,1295.5,0.36,200.55,52,No,15.48050945580857
ORD09198,2025-06-06,CUST7743,Furniture,East,2669.09,0.33,493.17,39,Yes,18.477083949960473
ORD09199,2024-04-29,CUST2013,Electronics,North,2661.15,0.12,641.81,44,Yes,24.117768633861296
ORD09200,2024-12-22,CUST8959,Home,West,1804.58,0.1,290.44,47,Yes,16.09460373050793
ORD09201,2024-08-07,CUST2310,Furniture,South,2912.64,0.03,533.58,33,No,18.31946275543837
ORD09202,2024-05-16,CUST9030,Electronics,South,734.72,0.33,85.7,33,Yes,11.664307491289199
ORD09203,2024-11-08,CUST3157,Furniture,East,4529.93,0.18,196.9,33,Yes,4.346645533153934
ORD09204,2024-06-19,CUST4319,Home,West,3189.71,0.23,516.88,35,Yes,16.204607942414828
ORD09205,2024-10-25,CUST5013,Clothing,East,2356.46,0.33,411.41,65,Yes,17.458815341656553
ORD09206,2024-07-31,CUST4547,Electronics,North,180.86,0.39,32.9,33,No,18.190865863098526
ORD09207,2024-02-08,CUST1496,Electronics,South,1562.53,0.06,117.74,31,No,7.535215323865782
ORD09208,2025-12-21,CUST9397,Office Supplies,North,4653.82,0.06,652.37,59,Yes,14.017946547137623
ORD09209,2024-07-17,CUST9412,Office Supplies,West,1993.52,0.27,166.68,46,Yes,8.361089931377665
ORD09210,2025-07-28,CUST9713,Office Supplies,South,1030.06,0.1,223.89,54,No,21.735627050851406
ORD09211,2024-01-15,CUST9067,Electronics,West,235.94,0.26,48.9,19,Yes,20.725608205475968
ORD09212,2024-04-14,CUST3303,Electronics,South,4619.04,0.11,953.96,60,Yes,20.652776334476428
ORD09213,2025-02-28,CUST2447,Furniture,North,4277.63,0.28,518.25,46,Yes,12.115353595331994
ORD09214,2025-03-18,CUST2981,Home,North,4095.19,0.27,370.35,33,No,9.043536441532627
ORD09215,2025-04-12,CUST9671,Clothing,South,1963.38,0.0,495.44,61,Yes,25.234035184223124
ORD09216,2024-08-25,CUST6927,Clothing,East,3990.48,0.26,96.44,18,Yes,2.416751869449289
ORD09217,2024-08-03,CUST4863,Electronics,East,3113.23,0.23,647.57,40,No,20.80058331700517
ORD09218,2024-04-05,CUST5258,Office Supplies,West,687.25,0.16,62.43,30,No,9.084030556566024
ORD09219,2024-02-05,CUST3287,Clothing,East,1582.13,0.32,79.72,26,Yes,5.0387768388185545
ORD09220,2024-12-27,CUST2813,Clothing,North,3279.92,0.37,109.94,27,No,3.351911022220054
ORD09221,2025-02-12,CUST7661,Office Supplies,South,3880.16,0.03,310.23,44,Yes,7.995288854067874
ORD09222,2025-04-12,CUST8937,Furniture,West,2530.7,0.38,463.87,48,Yes,18.329711147113446
ORD09223,2025-06-21,CUST6487,Furniture,South,1141.33,0.14,80.31,57,No,7.0365275599519865
ORD09224,2024-08-12,CUST5232,Clothing,West,3337.22,0.12,275.83,51,Yes,8.265262703687501
ORD09225,2025-11-13,CUST8158,Furniture,North,3842.18,0.3,695.89,30,Yes,18.111853166691827
ORD09226,2024-03-08,CUST7594,Clothing,West,4654.09,0.06,754.93,33,Yes,16.22078644804892
ORD09227,2025-08-29,CUST7144,Clothing,East,706.33,0.39,78.33,51,No,11.089717270963996
ORD09228,2025-03-14,CUST5137,Clothing,North,3943.87,0.3,293.18,51,Yes,7.433815009115412
ORD09229,2025-02-08,CUST7466,Home,South,367.1,0.12,81.41,43,Yes,22.17651865976573
ORD09230,2024-04-01,CUST6348,Clothing,North,1518.88,0.15,178.74,50,Yes,11.767881596966186
ORD09231,2025-12-15,CUST2206,Electronics,West,2210.14,0.38,401.04,59,Yes,18.145456848887402
ORD09232,2024-01-20,CUST7453,Clothing,North,1769.64,0.25,221.83,57,Yes,12.535317917768584
ORD09233,2024-10-15,CUST6121,Electronics,South,4197.24,0.13,770.84,32,Yes,18.36540202609334
ORD09234,2024-06-10,CUST3053,Office Supplies,East,211.21,0.32,36.35,47,Yes,17.210359357984945
ORD09235,2025-04-02,CUST8891,Furniture,East,4170.6,0.05,931.01,29,No,22.323166930417685
ORD09236,2025-01-07,CUST2837,Electronics,East,2696.99,0.31,127.37,28,No,4.722672312466862
ORD09237,2024-07-15,CUST2442,Clothing,South,2943.04,0.12,277.05,65,Yes,9.413735457214308
ORD09238,2025-07-08,CUST4707,Office Supplies,South,3448.67,0.37,569.96,26,No,16.52695096950419
ORD09239,2025-08-21,CUST9926,Furniture,East,4481.05,0.28,726.31,40,No,16.20847792370092
ORD09240,2024-02-21,CUST7622,Electronics,South,3831.87,0.23,715.62,65,Yes,18.675476986432212
ORD09241,2024-09-12,CUST8801,Clothing,East,4860.45,0.33,165.71,64,Yes,3.409355100865147
ORD09242,2024-10-19,CUST9011,Home,South,1268.53,0.28,251.04,56,Yes,19.78983547886136
ORD09243,2025-01-03,CUST1707,Furniture,East,2549.57,0.35,26.92,26,Yes,1.0558643222190407
ORD09244,2025-07-17,CUST6067,Office Supplies,East,4788.48,0.16,295.83,50,Yes,6.1779520850040095
ORD09245,2025-05-29,CUST8999,Home,South,4840.78,0.25,984.73,52,No,20.342382839129233
ORD09246,2025-09-02,CUST3642,Furniture,South,4543.05,0.04,1166.04,27,Yes,25.666457556047146
ORD09247,2024-10-26,CUST8586,Furniture,East,871.08,0.38,164.39,54,Yes,18.871975019516
ORD09248,2024-06-19,CUST4964,Clothing,East,922.48,0.32,119.17,26,No,12.918437256092272
ORD09249,2025-01-26,CUST3886,Home,North,3102.57,0.21,536.71,60,Yes,17.298884473194803
ORD09250,2025-08-03,CUST1085,Furniture,West,433.65,0.35,10.76,35,Yes,2.481263691917445
ORD09251,2024-01-27,CUST7545,Furniture,East,3276.07,0.05,785.73,32,No,23.98391975751434
ORD09252,2025-03-07,CUST6763,Office Supplies,North,3387.54,0.23,411.16,64,Yes,12.137421255542371
ORD09253,2024-09-11,CUST7918,Home,East,1483.5,0.16,166.52,38,No,11.224806201550388
ORD09254,2025-01-16,CUST9620,Furniture,West,2687.15,0.1,228.18,20,No,8.491524477606385
ORD09255,2024-08-30,CUST5719,Electronics,East,1617.09,0.17,281.41,29,Yes,17.402247246597284
ORD09256,2025-10-22,CUST6785,Home,West,4988.71,0.19,619.23,26,Yes,12.412627713376805
ORD09257,2024-08-15,CUST6933,Home,North,3272.94,0.28,203.87,44,No,6.228956228956229
ORD09258,2025-05-07,CUST9980,Furniture,West,3356.39,0.21,764.23,33,No,22.769404032308525
ORD09259,2024-04-10,CUST3192,Clothing,West,3097.97,0.07,480.73,46,Yes,15.517580867471281
ORD09260,2024-11-23,CUST7550,Electronics,South,3116.08,0.17,343.52,64,Yes,11.024107211624862
ORD09261,2024-01-16,CUST2275,Home,North,1460.56,0.07,365.27,49,Yes,25.0089006956236
ORD09262,2025-09-08,CUST2053,Electronics,North,222.66,0.12,15.68,52,Yes,7.042127009790712
ORD09263,2024-02-09,CUST2786,Home,North,2775.05,0.38,423.52,31,No,15.261706996270336
ORD09264,2024-05-21,CUST2218,Home,North,4732.57,0.19,561.3,42,Yes,11.860363396632273
ORD09265,2024-01-28,CUST4810,Furniture,North,1848.36,0.05,355.31,23,Yes,19.222986864030815
ORD09266,2024-08-16,CUST4996,Home,East,1471.84,0.12,247.19,47,No,16.79462441569736
ORD09267,2024-08-04,CUST5691,Electronics,West,894.84,0.04,207.12,19,Yes,23.14603728040767
ORD09268,2024-07-18,CUST4429,Furniture,South,4020.18,0.4,387.85,20,Yes,9.647577969145662
ORD09269,2024-02-02,CUST6571,Clothing,East,3642.78,0.08,713.2,25,Yes,19.57845381823772
ORD09270,2025-02-06,CUST3778,Furniture,North,1362.65,0.09,175.35,22,Yes,12.8683080761751
ORD09271,2025-09-07,CUST4932,Clothing,West,3802.73,0.29,755.83,36,Yes,19.875983832667586
ORD09272,2025-08-17,CUST3617,Clothing,East,1202.78,0.13,253.24,49,Yes,21.054556943081863
ORD09273,2024-05-31,CUST9793,Furniture,West,169.58,0.29,3.79,39,Yes,2.2349333647835827
ORD09274,2024-05-21,CUST3597,Office Supplies,East,772.25,0.09,144.82,56,Yes,18.75299449660084
ORD09275,2024-12-09,CUST3602,Electronics,North,4660.54,0.14,672.18,50,Yes,14.422792208628184
ORD09276,2024-08-11,CUST6540,Office Supplies,East,1455.49,0.36,183.06,57,Yes,12.57720767576555
ORD09277,2024-08-28,CUST8764,Office Supplies,North,1859.84,0.32,187.79,30,No,10.09710512732278
ORD09278,2024-02-26,CUST2617,Office Supplies,East,3595.28,0.07,657.17,27,Yes,18.278687612647694
ORD09279,2024-05-01,CUST3503,Office Supplies,West,1340.02,0.31,103.98,52,Yes,7.759585677825704
ORD09280,2024-08-03,CUST1527,Office Supplies,North,2074.38,0.23,272.0,29,Yes,13.112351642418457
ORD09281,2024-02-09,CUST2883,Furniture,South,3909.87,0.33,180.94,61,No,4.627775348029474
ORD09282,2025-10-27,CUST9870,Furniture,East,4294.97,0.34,638.97,50,Yes,14.877170271270812
ORD09283,2025-03-01,CUST6993,Clothing,West,1849.9,0.06,489.3,53,Yes,26.450078382615278
ORD09284,2024-03-31,CUST2025,Electronics,West,1604.63,0.03,310.14,45,Yes,19.327820120526226
ORD09285,2025-04-12,CUST3843,Home,North,1718.59,0.24,357.0,26,Yes,20.772842853734748
ORD09286,2024-03-04,CUST5434,Office Supplies,East,3652.78,0.07,367.12,52,Yes,10.050427345747622
ORD09287,2025-03-25,CUST2835,Electronics,North,1527.38,0.32,267.18,21,Yes,17.492699917505796
ORD09288,2024-01-19,CUST5762,Home,East,4457.73,0.36,46.71,54,Yes,1.0478427361011098
ORD09289,2024-04-22,CUST9557,Furniture,North,4906.93,0.38,161.12,36,No,3.2835194306827282
ORD09290,2024-11-24,CUST5855,Home,West,4863.55,0.36,874.73,57,Yes,17.985422171047897
ORD09291,2025-11-07,CUST9190,Office Supplies,South,2399.19,0.05,581.78,34,Yes,24.249017376697967
ORD09292,2024-07-27,CUST4609,Furniture,East,3417.38,0.09,351.45,48,Yes,10.284194324306926
ORD09293,2024-06-01,CUST5307,Home,East,3229.54,0.13,294.09,31,Yes,9.106250425757228
ORD09294,2024-04-16,CUST8747,Clothing,West,4153.67,0.2,557.21,55,No,13.414883705253427
ORD09295,2025-08-11,CUST1209,Home,East,372.17,0.37,51.46,44,No,13.827014536367788
ORD09296,2024-10-23,CUST3354,Furniture,South,3748.38,0.2,284.75,61,Yes,7.596615071044025
ORD09297,2025-04-04,CUST5006,Clothing,East,3638.95,0.15,275.4,42,Yes,7.5681171766581015
ORD09298,2025-07-22,CUST3035,Office Supplies,North,3694.15,0.15,679.2,51,Yes,18.38582623878294
ORD09299,2024-03-22,CUST4762,Electronics,North,1121.25,0.13,170.84,53,Yes,15.236566332218507
ORD09300,2025-01-21,CUST9032,Clothing,North,2932.44,0.4,22.21,60,Yes,0.7573897505149295
ORD09301,2024-01-24,CUST9464,Clothing,East,2181.82,0.36,102.19,22,Yes,4.683704430246308
ORD09302,2024-01-03,CUST2368,Furniture,North,3584.76,0.36,108.76,18,Yes,3.033954853323514
ORD09303,2024-01-16,CUST1029,Furniture,East,2674.91,0.02,583.9,42,Yes,21.828771809144982
ORD09304,2024-07-21,CUST1835,Clothing,South,3790.53,0.21,290.48,59,Yes,7.663308297256584
ORD09305,2024-09-10,CUST7753,Electronics,West,3844.01,0.16,774.54,50,Yes,20.14927120376898
ORD09306,2024-03-29,CUST5871,Home,West,2827.77,0.13,211.98,43,Yes,7.496366394720928
ORD09307,2025-11-07,CUST9004,Furniture,West,4586.29,0.04,950.67,28,Yes,20.72851912984133
ORD09308,2025-06-30,CUST8544,Office Supplies,South,4994.94,0.05,1062.18,26,Yes,21.26512030174537
ORD09309,2024-11-12,CUST7710,Home,West,3963.16,0.23,542.73,56,Yes,13.694375195551025
ORD09310,2024-02-03,CUST3087,Electronics,East,1056.78,0.34,155.9,40,Yes,14.752360945513733
ORD09311,2025-05-15,CUST4189,Electronics,South,4155.3,0.13,539.72,54,Yes,12.988713209635888
ORD09312,2024-04-29,CUST7637,Home,East,3756.58,0.09,648.91,28,Yes,17.273956630765216
ORD09313,2025-09-23,CUST6940,Electronics,South,1340.38,0.07,188.81,38,No,14.0863038839732
ORD09314,2024-05-14,CUST5761,Electronics,West,4616.9,0.2,1079.16,46,Yes,23.374125495462327
ORD09315,2025-05-30,CUST6472,Office Supplies,East,2563.32,0.08,482.41,49,No,18.819733782750493
ORD09316,2024-12-20,CUST8787,Clothing,East,4336.2,0.2,426.29,47,Yes,9.830957981642914
ORD09317,2025-08-29,CUST6145,Office Supplies,East,4655.55,0.16,554.16,48,Yes,11.903212295002739
ORD09318,2024-08-30,CUST1809,Clothing,South,4982.06,0.25,501.52,25,No,10.066518668984315
ORD09319,2025-11-12,CUST5767,Clothing,West,4112.47,0.14,452.01,57,Yes,10.991204799062364
ORD09320,2025-06-08,CUST6956,Clothing,West,2797.31,0.1,202.13,19,Yes,7.225870568510462
ORD09321,2025-11-01,CUST5597,Office Supplies,North,2436.93,0.11,429.89,43,Yes,17.640638015864223
ORD09322,2025-01-19,CUST8046,Clothing,East,4318.56,0.16,554.83,63,Yes,12.847569560223778
ORD09323,2024-02-09,CUST2110,Furniture,West,2265.24,0.22,158.37,51,Yes,6.991312178841978
ORD09324,2025-06-15,CUST3584,Electronics,West,3316.49,0.19,779.99,43,Yes,23.518539178468806
ORD09325,2025-09-15,CUST1948,Office Supplies,South,1236.89,0.4,230.13,32,No,18.60553484950157
ORD09326,2024-06-15,CUST8961,Electronics,West,2746.68,0.32,352.89,32,Yes,12.847874524880948
ORD09327,2024-01-09,CUST3075,Electronics,West,2004.66,0.12,217.48,33,Yes,10.848722476629453
ORD09328,2024-06-11,CUST4811,Furniture,West,2488.22,0.32,393.06,43,No,15.79683468503589
ORD09329,2024-06-02,CUST2196,Office Supplies,North,3661.2,0.14,680.21,47,Yes,18.57888124112313
ORD09330,2024-10-07,CUST6698,Clothing,North,3754.09,0.37,594.79,62,No,15.843786376991492
ORD09331,2025-10-10,CUST8932,Electronics,West,4374.51,0.16,914.25,64,Yes,20.89948359930598
ORD09332,2024-09-28,CUST6368,Home,South,4360.96,0.12,516.31,55,Yes,11.839365644261813
ORD09333,2025-02-01,CUST7803,Clothing,West,3391.79,0.28,559.35,31,No,16.491292208538855
ORD09334,2025-07-31,CUST5625,Electronics,East,1232.64,0.09,126.06,54,Yes,10.226830218068535
ORD09335,2024-11-18,CUST2849,Clothing,West,2534.02,0.35,298.24,42,No,11.769441440872606
ORD09336,2024-10-10,CUST4377,Home,North,4465.37,0.2,337.27,21,Yes,7.553013524075272
ORD09337,2024-08-19,CUST9683,Electronics,East,3265.12,0.14,439.56,55,Yes,13.462292350663988
ORD09338,2024-12-12,CUST6900,Office Supplies,South,3094.02,0.34,41.1,40,Yes,1.328368918106541
ORD09339,2025-10-16,CUST9680,Home,East,4741.38,0.3,546.74,51,Yes,11.531241959092078
ORD09340,2025-02-09,CUST4318,Clothing,North,4621.74,0.29,478.66,58,No,10.35670548321628
ORD09341,2025-01-12,CUST3074,Office Supplies,North,1082.2,0.05,289.33,63,No,26.73535390870449
ORD09342,2025-08-13,CUST9833,Office Supplies,West,4606.5,0.17,611.16,30,Yes,13.26733962878541
ORD09343,2025-12-22,CUST6764,Office Supplies,West,3792.21,0.21,592.0,52,Yes,15.610949815542915
ORD09344,2025-09-12,CUST9973,Furniture,South,3008.35,0.04,710.4,34,Yes,23.614273605132382
ORD09345,2024-03-25,CUST4033,Office Supplies,West,1416.25,0.23,281.9,47,No,19.904677846425418
ORD09346,2025-09-22,CUST3606,Office Supplies,West,3195.24,0.25,471.08,54,Yes,14.743180480965437
ORD09347,2025-12-17,CUST4779,Home,North,628.27,0.09,66.86,27,Yes,10.641921466885258
ORD09348,2024-10-28,CUST4539,Electronics,North,4687.01,0.37,15.43,56,Yes,0.32920774651643586
ORD09349,2024-05-16,CUST5726,Clothing,West,1091.23,0.16,187.43,60,Yes,17.176030717630564
ORD09350,2024-07-14,CUST6779,Home,South,3448.46,0.19,706.14,37,No,20.476966529987298
ORD09351,2025-11-07,CUST4278,Home,North,2539.03,0.12,259.7,59,Yes,10.228315537823498
ORD09352,2024-11-28,CUST4280,Furniture,North,4029.43,0.28,345.59,25,Yes,8.576647317362506
ORD09353,2025-07-21,CUST3140,Clothing,East,2411.53,0.08,469.3,50,Yes,19.46067434367393
ORD09354,2025-04-06,CUST5510,Home,East,820.07,0.38,154.09,25,No,18.789859402246147
ORD09355,2025-06-09,CUST5966,Office Supplies,South,497.61,0.31,84.43,49,Yes,16.967102751150502
ORD09356,2025-04-13,CUST3713,Furniture,South,3482.44,0.02,284.23,23,Yes,8.161806089982885
ORD09357,2025-10-19,CUST1924,Furniture,North,1536.71,0.3,289.66,24,Yes,18.84935999635585
ORD09358,2024-03-30,CUST7637,Electronics,West,4509.76,0.27,168.57,32,Yes,3.737892925565883
ORD09359,2024-06-23,CUST1792,Office Supplies,West,2784.92,0.2,362.82,33,Yes,13.028022348936414
ORD09360,2024-11-18,CUST3853,Clothing,South,423.62,0.06,87.08,25,Yes,20.55615882158538
ORD09361,2024-08-25,CUST2696,Electronics,North,2177.06,0.06,471.4,32,Yes,21.653055037527675
ORD09362,2024-03-13,CUST3435,Office Supplies,West,2897.31,0.21,327.79,41,Yes,11.313597785532098
ORD09363,2024-09-20,CUST2605,Clothing,North,1903.94,0.28,39.6,19,No,2.0798974757607906
ORD09364,2024-01-02,CUST7633,Office Supplies,North,3536.2,0.17,776.3,28,No,21.95294383801821
ORD09365,2025-07-26,CUST4996,Furniture,North,3866.64,0.27,529.6,33,No,13.696646183766786
ORD09366,2024-04-05,CUST8150,Home,South,4483.73,0.35,548.22,28,Yes,12.226873607465215
ORD09367,2024-02-15,CUST3864,Clothing,West,2698.69,0.32,157.16,26,Yes,5.823566248809607
ORD09368,2025-09-02,CUST1255,Home,South,1615.38,0.33,142.68,54,Yes,8.832596664561898
ORD09369,2024-02-27,CUST4525,Furniture,South,3524.81,0.27,364.07,30,Yes,10.328783679120294
ORD09370,2024-06-17,CUST1168,Furniture,East,578.86,0.35,10.93,42,No,1.8881940365546073
ORD09371,2025-09-13,CUST9878,Home,South,3797.26,0.37,664.29,31,Yes,17.49392983361687
ORD09372,2024-03-01,CUST6371,Home,North,4378.85,0.38,178.34,35,No,4.072758829373009
ORD09373,2025-03-20,CUST2188,Clothing,North,3136.15,0.1,560.33,43,Yes,17.86681121757569
ORD09374,2024-12-12,CUST9504,Furniture,North,1961.06,0.36,345.83,38,Yes,17.634850540014074
ORD09375,2025-12-12,CUST6395,Electronics,South,3579.04,0.19,775.8,54,Yes,21.676203674728416
ORD09376,2025-03-27,CUST8141,Home,West,2860.92,0.38,310.17,52,No,10.841617381821232
ORD09377,2025-02-10,CUST6729,Clothing,North,1417.49,0.36,31.11,61,Yes,2.1947244777740935
ORD09378,2024-02-26,CUST9650,Clothing,South,4295.92,0.13,908.2,41,No,21.14098959012272
ORD09379,2025-07-25,CUST8825,Office Supplies,West,3917.06,0.24,235.97,49,No,6.024160977876265
ORD09380,2025-04-17,CUST8027,Home,West,1111.18,0.07,167.18,54,No,15.045267193434006
ORD09381,2025-06-27,CUST2304,Office Supplies,East,4205.8,0.31,92.9,41,Yes,2.2088544391078986
ORD09382,2024-05-28,CUST6823,Electronics,North,1777.01,0.31,375.13,52,Yes,21.11017945875375
ORD09383,2024-06-22,CUST3695,Electronics,North,2142.41,0.28,273.56,60,Yes,12.768797755798378
ORD09384,2025-02-09,CUST4001,Electronics,South,1152.21,0.37,203.82,62,No,17.689483687869398
ORD09385,2024-08-12,CUST4363,Home,East,2671.92,0.03,244.53,22,Yes,9.151845863648612
ORD09386,2024-10-10,CUST3348,Home,West,897.45,0.07,114.23,39,No,12.728285698367598
ORD09387,2025-09-11,CUST9898,Furniture,North,3365.89,0.05,353.11,24,Yes,10.490836004741688
ORD09388,2025-01-22,CUST1770,Furniture,West,2431.18,0.24,104.87,24,Yes,4.313543217696757
ORD09389,2024-08-22,CUST2277,Furniture,South,487.37,0.34,27.73,51,Yes,5.689722387508464
ORD09390,2024-03-23,CUST9383,Clothing,West,1846.11,0.0,369.04,38,No,19.99014143252569
ORD09391,2025-03-16,CUST5051,Clothing,West,4364.67,0.08,1107.98,60,No,25.385195215216726
ORD09392,2025-02-14,CUST3754,Clothing,West,1625.67,0.13,337.62,41,Yes,20.768052556791968
ORD09393,2025-08-27,CUST2386,Home,West,1705.88,0.16,84.53,53,No,4.955213731329285
ORD09394,2025-07-08,CUST6316,Furniture,South,1358.08,0.08,203.34,40,No,14.972608388312914
ORD09395,2024-04-25,CUST6830,Home,East,3409.09,0.06,850.94,63,Yes,24.96091332291022
ORD09396,2025-09-09,CUST4374,Office Supplies,North,2245.23,0.26,338.03,46,Yes,15.055473158651896
ORD09397,2025-12-16,CUST5384,Clothing,West,4376.87,0.24,212.06,34,Yes,4.845014816524137
ORD09398,2025-05-27,CUST1865,Electronics,East,1324.07,0.26,208.28,30,Yes,15.730286163118265
ORD09399,2024-03-11,CUST3154,Clothing,South,1481.48,0.15,211.12,50,Yes,14.250614250614252
ORD09400,2024-10-08,CUST9863,Electronics,North,4345.12,0.04,659.09,45,Yes,15.168510881172443
ORD09401,2025-03-20,CUST6232,Clothing,North,1184.17,0.28,203.05,28,Yes,17.14703125395847
ORD09402,2024-11-26,CUST3197,Clothing,South,400.0,0.4,72.64,61,Yes,18.16
ORD09403,2025-03-17,CUST6857,Furniture,West,4125.91,0.33,34.6,59,No,0.8386028779105701
ORD09404,2025-03-21,CUST5918,Office Supplies,North,681.39,0.0,148.58,28,Yes,21.805427141578246
ORD09405,2024-07-19,CUST7618,Electronics,East,214.19,0.35,7.89,62,No,3.683645361594846
ORD09406,2025-09-06,CUST7657,Home,South,2435.25,0.05,653.77,26,No,26.846114361975154
ORD09407,2025-03-23,CUST3210,Office Supplies,West,4924.74,0.29,760.19,56,No,15.43614485231708
ORD09408,2024-09-04,CUST6765,Clothing,North,1528.81,0.15,198.19,22,Yes,12.96367763162198
ORD09409,2024-12-23,CUST7291,Home,West,3553.78,0.29,728.57,20,Yes,20.50126907124245
ORD09410,2025-02-19,CUST3403,Office Supplies,East,2047.45,0.17,388.47,56,Yes,18.973357102737552
ORD09411,2025-07-29,CUST7945,Clothing,West,4016.2,0.28,391.16,64,Yes,9.739554803047659
ORD09412,2025-04-10,CUST9602,Furniture,North,3160.96,0.2,580.63,36,Yes,18.368786697712085
ORD09413,2025-11-23,CUST7011,Home,East,265.01,0.07,32.25,24,Yes,12.169352099920758
ORD09414,2024-12-18,CUST9645,Clothing,South,2869.63,0.35,248.45,44,Yes,8.657910601715203
ORD09415,2025-07-31,CUST2768,Furniture,East,272.95,0.32,29.57,53,Yes,10.833485986444405
ORD09416,2025-03-23,CUST9971,Home,North,281.24,0.23,40.66,21,No,14.45740292988195
ORD09417,2024-12-04,CUST7440,Electronics,East,1227.49,0.23,64.59,57,Yes,5.261957327554604
ORD09418,2024-08-24,CUST8012,Furniture,East,1424.44,0.36,177.75,35,No,12.478588076717866
ORD09419,2025-05-10,CUST1816,Office Supplies,South,2354.81,0.3,199.1,61,Yes,8.455034588777863
ORD09420,2024-07-06,CUST4660,Electronics,East,4731.94,0.06,578.57,48,No,12.226909047874658
ORD09421,2025-04-14,CUST3615,Furniture,East,4991.39,0.34,221.38,23,Yes,4.435237478938732
ORD09422,2025-04-18,CUST2276,Clothing,North,3992.59,0.32,641.65,54,Yes,16.071021567453705
ORD09423,2025-05-14,CUST4356,Furniture,East,3577.07,0.04,640.81,37,Yes,17.91438244149541
ORD09424,2025-07-21,CUST7642,Furniture,South,1159.71,0.24,61.43,20,No,5.297013908649576
ORD09425,2025-08-09,CUST8732,Electronics,West,4060.64,0.07,327.35,19,Yes,8.061537097600379
ORD09426,2024-01-08,CUST3490,Office Supplies,North,1043.71,0.29,163.78,56,Yes,15.692098379818148
ORD09427,2025-11-24,CUST1276,Clothing,West,3794.46,0.3,145.03,39,Yes,3.822151241546887
ORD09428,2024-08-17,CUST1471,Home,East,1212.15,0.05,249.07,47,No,20.547786990058984
ORD09429,2024-11-25,CUST2268,Office Supplies,South,3238.3,0.21,453.42,26,Yes,14.00179106321218
ORD09430,2024-08-09,CUST6597,Furniture,North,2459.97,0.35,495.49,27,Yes,20.142115554254726
ORD09431,2025-11-20,CUST2674,Clothing,West,1869.73,0.04,273.89,46,No,14.648639108320452
ORD09432,2024-11-16,CUST8862,Furniture,South,3410.28,0.05,749.86,26,Yes,21.98822384085764
ORD09433,2025-05-15,CUST6052,Furniture,North,998.3,0.31,51.23,37,Yes,5.13172393068216
ORD09434,2024-05-14,CUST6783,Furniture,East,967.91,0.19,142.17,42,Yes,14.688349123368907
ORD09435,2024-08-21,CUST7634,Clothing,North,2428.83,0.15,518.91,64,Yes,21.3646076505972
ORD09436,2024-03-03,CUST7712,Electronics,South,808.27,0.29,165.33,61,Yes,20.45479852029644
ORD09437,2024-03-01,CUST8034,Office Supplies,North,4156.75,0.3,85.85,32,No,2.065315450772839
ORD09438,2024-10-10,CUST7900,Clothing,West,923.95,0.26,122.9,28,Yes,13.301585583635479
ORD09439,2024-10-13,CUST9801,Office Supplies,South,3097.92,0.03,352.57,45,No,11.380861997727507
ORD09440,2024-12-19,CUST6611,Office Supplies,North,793.3,0.01,76.6,63,Yes,9.655867893608976
ORD09441,2025-05-06,CUST8252,Home,East,1454.39,0.07,235.37,64,Yes,16.18341710270285
ORD09442,2025-02-24,CUST7348,Office Supplies,West,3111.36,0.31,448.95,38,No,14.429381363776612
ORD09443,2024-08-05,CUST6752,Electronics,West,649.38,0.18,123.38,63,Yes,18.99966121531307
ORD09444,2025-10-24,CUST5783,Furniture,South,655.61,0.1,47.56,25,Yes,7.254312777413402
ORD09445,2024-06-10,CUST3605,Electronics,West,4534.35,0.32,507.3,36,Yes,11.187932118164676
ORD09446,2025-09-08,CUST4593,Furniture,East,3640.34,0.21,336.56,26,No,9.245290275084194
ORD09447,2024-12-08,CUST6930,Clothing,South,1251.45,0.24,164.78,30,Yes,13.167126133684926
ORD09448,2025-07-18,CUST1364,Electronics,North,4695.76,0.38,795.3,22,Yes,16.936555530947064
ORD09449,2025-07-03,CUST4083,Electronics,East,4020.33,0.22,357.84,48,No,8.900761877756302
ORD09450,2024-04-30,CUST9270,Furniture,West,2264.56,0.16,432.65,59,Yes,19.105256650298514
ORD09451,2025-06-12,CUST7570,Home,North,4377.74,0.11,275.86,21,Yes,6.301424936154272
ORD09452,2025-07-21,CUST3593,Electronics,East,3110.03,0.35,580.82,51,No,18.675704092886562
ORD09453,2024-10-26,CUST1076,Home,South,1339.1,0.13,136.61,65,Yes,10.201627959076994
ORD09454,2024-06-28,CUST7320,Clothing,North,839.06,0.13,57.46,22,No,6.8481395847734365
ORD09455,2025-07-22,CUST4509,Clothing,South,3826.51,0.09,474.87,40,Yes,12.410002848548677
ORD09456,2024-10-22,CUST1130,Furniture,West,3815.11,0.39,430.39,61,Yes,11.2811950376267
ORD09457,2025-06-29,CUST3626,Office Supplies,East,4067.92,0.27,691.8,62,Yes,17.006234144230955
ORD09458,2025-12-15,CUST3983,Office Supplies,South,761.53,0.0,188.62,49,No,24.768558034483213
ORD09459,2025-11-16,CUST9716,Electronics,East,3040.92,0.09,678.08,20,No,22.298514923115373
ORD09460,2024-10-24,CUST7424,Clothing,West,3886.62,0.38,762.9,64,Yes,19.628880621208143
ORD09461,2024-02-24,CUST2237,Clothing,West,1892.03,0.35,382.94,63,No,20.239636792228453
ORD09462,2024-06-11,CUST4235,Home,North,4336.44,0.07,515.42,50,Yes,11.885786497680124
ORD09463,2024-12-24,CUST8310,Home,East,1535.41,0.14,280.55,25,Yes,18.271992497118035
ORD09464,2025-11-21,CUST6612,Electronics,East,704.61,0.04,181.49,61,Yes,25.757511247356696
ORD09465,2025-04-30,CUST8759,Office Supplies,South,1270.46,0.01,291.58,53,No,22.950742250838278
ORD09466,2024-05-03,CUST8443,Clothing,West,1597.74,0.15,232.47,25,No,14.549926771564836
ORD09467,2024-09-29,CUST9022,Furniture,South,3976.41,0.39,345.63,53,Yes,8.69201113567263
ORD09468,2025-05-04,CUST5057,Home,East,4111.6,0.01,597.14,18,Yes,14.523299931899988
ORD09469,2024-02-27,CUST9344,Furniture,North,2418.54,0.4,263.09,56,No,10.878050394039377
ORD09470,2024-06-25,CUST7297,Clothing,North,2992.82,0.25,268.88,39,No,8.984168777273608
ORD09471,2024-05-24,CUST8377,Clothing,West,3080.14,0.0,384.82,52,No,12.493587953794307
ORD09472,2025-02-04,CUST4898,Office Supplies,East,4033.69,0.18,493.16,52,Yes,12.226026293542636
ORD09473,2025-12-01,CUST6885,Electronics,East,4094.32,0.26,242.79,45,Yes,5.929922429121319
ORD09474,2024-02-11,CUST5770,Clothing,East,1776.46,0.26,151.12,64,No,8.506805669702668
ORD09475,2025-05-02,CUST3533,Furniture,East,4139.03,0.35,291.34,58,Yes,7.038847266146899
ORD09476,2024-07-08,CUST7531,Office Supplies,East,1050.37,0.22,195.94,21,Yes,18.65437893313785
ORD09477,2024-04-07,CUST8977,Clothing,North,669.49,0.04,130.89,36,Yes,19.550702773753155
ORD09478,2024-10-12,CUST2519,Clothing,West,189.48,0.29,10.5,33,Yes,5.541481950601647
ORD09479,2025-10-28,CUST6239,Furniture,East,2126.9,0.11,392.8,43,No,18.46819314495275
ORD09480,2025-11-27,CUST8561,Office Supplies,East,4202.01,0.14,541.72,22,Yes,12.891925530876891
ORD09481,2025-08-18,CUST8560,Clothing,South,2896.99,0.15,445.92,28,Yes,15.392528106759087
ORD09482,2025-10-18,CUST4611,Furniture,North,2627.56,0.28,95.0,31,Yes,3.6155216246251274
ORD09483,2025-02-27,CUST9296,Electronics,North,4964.37,0.35,683.34,54,Yes,13.764888596136066
ORD09484,2024-12-02,CUST4934,Office Supplies,East,375.3,0.2,47.37,43,Yes,12.621902478017585
ORD09485,2024-07-02,CUST4436,Office Supplies,West,3757.84,0.14,718.87,55,Yes,19.12987247993528
ORD09486,2024-07-21,CUST8041,Furniture,East,2945.61,0.16,227.26,41,Yes,7.715210092306855
ORD09487,2025-10-13,CUST9807,Office Supplies,West,566.59,0.14,104.14,38,Yes,18.380133782805906
ORD09488,2025-10-10,CUST3453,Home,North,2264.26,0.23,427.31,52,Yes,18.871949334440387
ORD09489,2024-07-25,CUST9480,Electronics,West,1061.49,0.13,130.63,62,Yes,12.306286446410235
ORD09490,2024-02-19,CUST1194,Furniture,East,2476.95,0.16,480.94,62,Yes,19.41662124790569
ORD09491,2025-07-07,CUST1891,Furniture,South,540.15,0.26,70.19,35,Yes,12.994538554105342
ORD09492,2024-07-31,CUST4980,Clothing,North,1630.77,0.38,155.97,54,Yes,9.56419360179547
ORD09493,2025-12-07,CUST2288,Furniture,North,4432.4,0.07,631.44,39,Yes,14.246006678097647
ORD09494,2024-04-07,CUST3454,Office Supplies,South,4947.46,0.08,679.36,56,Yes,13.731490502197088
ORD09495,2024-05-25,CUST4017,Electronics,East,1776.78,0.27,279.44,45,Yes,15.727326962257568
ORD09496,2025-05-26,CUST6129,Clothing,West,2611.32,0.13,445.94,64,Yes,17.07718701652804
ORD09497,2024-02-11,CUST4903,Clothing,North,1841.23,0.39,62.04,65,Yes,3.3694867018243237
ORD09498,2025-10-02,CUST6625,Clothing,East,583.63,0.21,133.2,62,No,22.822678751949006
ORD09499,2024-06-09,CUST2406,Office Supplies,East,594.55,0.05,53.03,29,Yes,8.919350769489531
ORD09500,2024-05-08,CUST6613,Electronics,West,3147.1,0.21,210.46,55,Yes,6.687426519653014
ORD09501,2024-11-14,CUST5586,Office Supplies,South,2086.14,0.03,530.21,44,Yes,25.415839780647513
ORD09502,2025-09-05,CUST8776,Home,North,4876.22,0.03,643.34,21,Yes,13.19341621173778
ORD09503,2025-05-30,CUST9142,Home,South,2311.35,0.17,224.89,32,Yes,9.729811581975902
ORD09504,2024-07-07,CUST2532,Office Supplies,North,1115.59,0.16,259.01,43,Yes,23.21731101928128
ORD09505,2025-03-01,CUST3982,Electronics,South,1916.52,0.19,370.49,65,No,19.331392315238034
ORD09506,2025-11-12,CUST4867,Electronics,North,440.76,0.4,82.1,64,Yes,18.626917143116433
ORD09507,2025-05-14,CUST1213,Furniture,West,1067.46,0.03,124.96,31,Yes,11.706293444250838
ORD09508,2025-10-25,CUST5053,Clothing,West,2161.74,0.4,209.64,34,No,9.697743484415332
ORD09509,2024-11-22,CUST2863,Furniture,South,1443.34,0.18,109.35,28,Yes,7.5761774772402894
ORD09510,2024-11-19,CUST8511,Clothing,South,232.42,0.02,34.9,28,No,15.015919456156956
ORD09511,2025-03-23,CUST3462,Furniture,South,1043.75,0.18,161.64,42,Yes,15.486467065868261
ORD09512,2025-01-18,CUST9207,Home,North,969.41,0.22,142.69,63,Yes,14.719262231666686
ORD09513,2024-07-11,CUST6027,Office Supplies,South,3665.58,0.09,745.83,51,No,20.346848247753428
ORD09514,2025-01-24,CUST9595,Clothing,West,3273.47,0.23,423.27,59,Yes,12.930315536724027
ORD09515,2025-07-04,CUST3621,Office Supplies,North,4353.39,0.08,345.32,34,Yes,7.932209151948251
ORD09516,2024-09-06,CUST3482,Office Supplies,West,2220.93,0.23,117.93,49,No,5.309937728789292
ORD09517,2025-02-02,CUST5220,Furniture,East,655.54,0.27,97.04,59,Yes,14.803063123531746
ORD09518,2025-02-11,CUST7049,Furniture,North,4482.31,0.25,391.57,22,Yes,8.735897338649044
ORD09519,2025-04-14,CUST9626,Furniture,South,1928.28,0.12,143.56,61,Yes,7.444976870578962
ORD09520,2024-08-14,CUST5490,Electronics,East,1491.82,0.35,98.1,46,Yes,6.575860358488289
ORD09521,2025-04-08,CUST2328,Clothing,South,3561.91,0.07,814.13,18,Yes,22.85655729650665
ORD09522,2025-09-25,CUST5927,Furniture,East,4334.73,0.08,443.04,46,Yes,10.220705787903746
ORD09523,2025-04-15,CUST2231,Furniture,East,1866.52,0.04,444.2,29,Yes,23.798298437734395
ORD09524,2024-04-23,CUST8759,Home,North,1263.84,0.13,168.74,35,Yes,13.351373591593873
ORD09525,2025-12-22,CUST7163,Clothing,South,1151.46,0.27,66.97,60,No,5.8160943497820154
ORD09526,2024-01-14,CUST1909,Electronics,North,4292.17,0.26,749.15,51,Yes,17.45387531248762
ORD09527,2024-06-15,CUST3951,Clothing,East,4358.38,0.34,778.18,24,Yes,17.854799260275605
ORD09528,2025-09-10,CUST3977,Furniture,North,4596.51,0.05,1110.08,32,Yes,24.150496789955856
ORD09529,2024-06-07,CUST4136,Home,West,1066.33,0.06,240.91,51,Yes,22.592443239897595
ORD09530,2024-04-08,CUST2088,Electronics,South,1397.06,0.14,79.07,42,Yes,5.6597426023220185
ORD09531,2025-11-23,CUST4297,Home,South,1138.05,0.15,210.06,21,No,18.457888493475682
ORD09532,2024-05-12,CUST8529,Office Supplies,South,2049.15,0.33,107.09,40,No,5.2260693458263185
ORD09533,2025-10-12,CUST1256,Home,South,719.58,0.19,74.78,23,No,10.392173212151533
ORD09534,2025-02-18,CUST3239,Electronics,North,420.45,0.39,75.24,48,Yes,17.895112379593293
ORD09535,2024-02-12,CUST8273,Clothing,West,3770.58,0.38,724.64,49,No,19.21826350322762
ORD09536,2025-10-07,CUST8570,Clothing,North,3166.73,0.21,690.48,51,Yes,21.80419549503747
ORD09537,2025-10-30,CUST2111,Office Supplies,South,2051.85,0.23,78.09,30,No,3.805833759777762
ORD09538,2025-10-05,CUST7164,Clothing,East,867.56,0.22,103.69,28,Yes,11.951911107012773
ORD09539,2025-11-14,CUST6594,Furniture,West,2629.54,0.13,608.6,36,Yes,23.14473253877104
ORD09540,2024-01-04,CUST5365,Home,South,862.51,0.26,78.14,26,No,9.059605106027755
ORD09541,2025-03-28,CUST5691,Home,North,3441.16,0.19,310.71,28,Yes,9.029222703971916
ORD09542,2025-12-15,CUST4989,Clothing,South,3368.69,0.06,349.16,24,No,10.364859930714907
ORD09543,2024-03-19,CUST6016,Furniture,East,3743.73,0.02,814.79,41,No,21.76412294690055
ORD09544,2024-02-26,CUST6516,Electronics,East,3876.97,0.24,508.46,28,Yes,13.114880950845635
ORD09545,2024-03-06,CUST2662,Furniture,North,1938.09,0.35,70.04,35,Yes,3.613867261066308
ORD09546,2024-11-02,CUST1469,Home,North,2623.25,0.36,178.42,55,Yes,6.801486705422661
ORD09547,2024-01-01,CUST1128,Electronics,West,305.45,0.27,67.02,51,Yes,21.941397937469308
ORD09548,2024-05-26,CUST9932,Home,West,1824.4,0.17,154.67,56,No,8.477855733391799
ORD09549,2024-08-19,CUST2836,Clothing,West,4919.98,0.33,917.87,35,Yes,18.655970146220106
ORD09550,2025-10-31,CUST5980,Clothing,West,1367.29,0.31,82.11,37,Yes,6.005309773347278
ORD09551,2025-05-12,CUST8352,Office Supplies,North,1857.43,0.17,217.87,44,Yes,11.72964795443166
ORD09552,2025-07-17,CUST1880,Home,West,2695.58,0.11,492.53,39,Yes,18.271763405278268
ORD09553,2024-07-11,CUST9357,Office Supplies,North,985.71,0.38,22.63,27,No,2.295807083219202
ORD09554,2025-02-12,CUST7355,Electronics,East,1789.28,0.02,181.01,62,No,10.1163596530448
ORD09555,2025-09-24,CUST7884,Electronics,West,3717.87,0.03,980.69,22,No,26.37773779072426
ORD09556,2025-09-07,CUST8705,Furniture,South,3911.93,0.09,241.07,19,Yes,6.162431331848985
ORD09557,2024-03-22,CUST8890,Furniture,North,2242.88,0.25,390.45,42,Yes,17.408421315451562
ORD09558,2024-07-03,CUST7929,Home,East,1643.23,0.18,159.09,44,Yes,9.681541841373392
ORD09559,2024-11-30,CUST9625,Home,West,4962.96,0.07,881.63,26,Yes,17.764197172655027
ORD09560,2025-02-21,CUST3936,Electronics,South,4785.86,0.28,809.06,55,Yes,16.905216617285085
ORD09561,2025-08-26,CUST2246,Furniture,North,3370.87,0.15,184.85,43,Yes,5.4837475191864415
ORD09562,2025-09-23,CUST9713,Home,South,161.95,0.28,16.94,54,Yes,10.460018524235878
ORD09563,2025-12-12,CUST7087,Furniture,South,4523.14,0.37,125.63,19,No,2.77749527982773
ORD09564,2024-04-24,CUST6205,Office Supplies,South,351.85,0.16,27.17,34,No,7.722040642319169
ORD09565,2024-02-04,CUST9420,Electronics,West,3941.28,0.25,357.55,55,Yes,9.071925871797996
ORD09566,2025-04-30,CUST3225,Office Supplies,East,2605.1,0.04,213.46,61,Yes,8.19392729645695
ORD09567,2025-11-25,CUST1526,Electronics,North,1828.94,0.08,404.26,26,Yes,22.103513510558027
ORD09568,2025-12-06,CUST2461,Furniture,South,240.96,0.27,22.93,30,Yes,9.516102257636122
ORD09569,2024-07-08,CUST7895,Office Supplies,North,385.27,0.37,59.67,51,Yes,15.487839696835987
ORD09570,2025-07-27,CUST3283,Electronics,East,4894.63,0.39,720.37,47,Yes,14.717557813358722
ORD09571,2025-04-15,CUST8207,Electronics,West,2122.41,0.22,154.33,45,Yes,7.271450850683893
ORD09572,2024-07-22,CUST6827,Home,South,3316.41,0.3,299.13,27,Yes,9.019692981265887
ORD09573,2025-12-23,CUST1557,Furniture,North,837.13,0.36,82.19,18,No,9.818068878190962
ORD09574,2024-05-29,CUST8414,Home,West,4164.54,0.35,500.06,43,Yes,12.00756866304562
ORD09575,2024-07-16,CUST6890,Office Supplies,South,617.86,0.08,134.5,64,Yes,21.768685462726182
ORD09576,2025-11-14,CUST5507,Office Supplies,West,2007.44,0.21,409.0,64,No,20.374207946439245
ORD09577,2025-03-14,CUST9360,Furniture,North,855.48,0.33,89.68,21,No,10.483003693832703
ORD09578,2024-07-09,CUST8996,Furniture,West,2314.48,0.37,345.36,32,Yes,14.921710276174347
ORD09579,2025-10-15,CUST2641,Electronics,West,2024.4,0.03,309.29,22,Yes,15.278107093459791
ORD09580,2025-02-01,CUST9454,Home,South,3345.2,0.08,693.65,37,Yes,20.735680975726414
ORD09581,2025-02-26,CUST5144,Office Supplies,North,3829.61,0.13,836.08,29,No,21.83198811367215
ORD09582,2025-03-12,CUST4690,Office Supplies,North,3725.9,0.16,352.13,51,Yes,9.450870930513434
ORD09583,2025-03-08,CUST2117,Home,North,542.54,0.11,125.85,19,Yes,23.196446344969956
ORD09584,2024-09-12,CUST5571,Clothing,North,4887.84,0.13,1147.43,25,No,23.475195587416938
ORD09585,2024-12-17,CUST3878,Home,South,2027.4,0.21,377.83,40,Yes,18.636184275426654
ORD09586,2024-10-25,CUST4518,Clothing,West,3840.76,0.29,139.69,55,Yes,3.6370405857174095
ORD09587,2025-09-11,CUST9808,Home,East,4225.74,0.32,833.28,38,Yes,19.719149782050007
ORD09588,2024-08-11,CUST5303,Electronics,West,647.32,0.24,122.27,22,Yes,18.888648581845143
ORD09589,2024-09-23,CUST7962,Electronics,East,4837.4,0.1,824.34,23,Yes,17.04097242320255
ORD09590,2024-10-29,CUST4961,Home,North,3879.03,0.1,982.03,51,Yes,25.31638064155214
ORD09591,2024-08-12,CUST7588,Home,South,3555.03,0.07,298.38,33,Yes,8.393178116640366
ORD09592,2024-01-27,CUST8809,Office Supplies,West,2581.42,0.1,566.02,60,No,21.92669151087386
ORD09593,2025-01-09,CUST9354,Electronics,North,236.7,0.03,23.5,20,No,9.928179129700043
ORD09594,2025-11-07,CUST4309,Home,South,2337.31,0.26,72.26,21,Yes,3.0915881932649074
ORD09595,2025-04-21,CUST2535,Clothing,West,2302.33,0.06,513.96,22,Yes,22.323472308487492
ORD09596,2025-12-08,CUST7776,Home,East,2708.01,0.4,272.32,54,Yes,10.056092850469533
ORD09597,2024-06-02,CUST4152,Clothing,East,4539.4,0.22,495.31,29,Yes,10.911353923426004
ORD09598,2025-02-28,CUST2647,Furniture,East,846.73,0.29,87.29,57,No,10.309071368677147
ORD09599,2025-06-08,CUST2677,Clothing,South,1070.35,0.11,105.35,19,Yes,9.842574858691084
ORD09600,2025-04-15,CUST8202,Home,East,474.71,0.11,58.06,40,Yes,12.230625013165934
ORD09601,2024-04-08,CUST1909,Electronics,North,4631.77,0.06,734.69,22,Yes,15.861970693708885
ORD09602,2024-12-03,CUST5726,Office Supplies,East,321.78,0.23,67.16,22,Yes,20.871402821803716
ORD09603,2025-05-26,CUST8438,Office Supplies,North,3306.37,0.04,555.73,22,Yes,16.80785876958719
ORD09604,2024-11-25,CUST7778,Electronics,West,443.21,0.39,37.34,59,No,8.424900160194943
ORD09605,2025-12-04,CUST8423,Office Supplies,South,1446.16,0.33,126.61,23,Yes,8.754909553576368
ORD09606,2025-10-15,CUST4847,Furniture,South,1943.37,0.18,94.14,39,Yes,4.8441624600565
ORD09607,2024-03-15,CUST3459,Office Supplies,South,248.29,0.06,20.27,63,Yes,8.16384067018406
ORD09608,2024-01-28,CUST1114,Clothing,South,3980.48,0.26,781.9,50,No,19.643359594822734
ORD09609,2024-02-09,CUST2723,Office Supplies,North,4457.15,0.05,1018.55,51,Yes,22.852046711463604
ORD09610,2024-03-12,CUST9656,Clothing,North,4321.81,0.17,765.62,58,No,17.71526281812481
ORD09611,2024-12-17,CUST8155,Office Supplies,South,371.56,0.29,78.58,57,No,21.14867047044892
ORD09612,2024-03-09,CUST4343,Furniture,South,1447.47,0.35,116.44,36,No,8.04438088526878
ORD09613,2024-12-01,CUST9933,Office Supplies,North,4728.72,0.08,792.26,58,Yes,16.754216785937842
ORD09614,2025-10-15,CUST9339,Home,South,4777.34,0.24,979.47,32,Yes,20.502413476955795
ORD09615,2025-07-20,CUST6000,Clothing,South,4695.51,0.13,415.52,31,Yes,8.849304974326538
ORD09616,2024-05-31,CUST9599,Furniture,East,1296.57,0.34,113.13,23,Yes,8.725329137647794
ORD09617,2024-10-12,CUST1666,Furniture,East,3699.96,0.34,274.56,65,No,7.420620763467713
ORD09618,2024-05-22,CUST2620,Clothing,South,4831.41,0.15,1001.88,32,Yes,20.736803541823196
ORD09619,2025-12-16,CUST4145,Home,West,3746.96,0.38,114.47,21,Yes,3.055009928048338
ORD09620,2024-10-02,CUST3635,Clothing,East,203.99,0.12,47.99,59,Yes,23.52566302269719
ORD09621,2025-10-29,CUST6354,Home,South,4795.21,0.17,1150.49,59,Yes,23.992484166491142
ORD09622,2025-12-13,CUST7701,Furniture,West,1201.95,0.03,199.36,39,No,16.586380465077582
ORD09623,2025-02-06,CUST9979,Clothing,North,915.25,0.03,69.12,25,Yes,7.5520349631248305
ORD09624,2024-09-13,CUST4643,Furniture,West,948.69,0.07,206.17,21,Yes,21.73207264754556
ORD09625,2024-10-19,CUST1061,Clothing,West,4223.23,0.35,17.69,18,Yes,0.41887370567077814
ORD09626,2025-08-16,CUST6178,Clothing,South,3676.47,0.19,720.08,38,Yes,19.586179133788665
ORD09627,2024-04-25,CUST3628,Home,South,4105.04,0.25,747.02,19,Yes,18.1976302301561
ORD09628,2024-07-13,CUST2725,Office Supplies,South,4348.18,0.08,380.42,42,Yes,8.74894783564618
ORD09629,2024-02-18,CUST6550,Furniture,North,3083.1,0.14,666.57,32,No,21.620122603872726
ORD09630,2024-07-11,CUST1522,Office Supplies,North,2405.65,0.08,152.96,35,Yes,6.358364683141771
ORD09631,2024-10-20,CUST9194,Furniture,West,3785.08,0.4,354.56,27,No,9.367305314550816
ORD09632,2025-07-27,CUST5595,Furniture,South,1952.65,0.39,186.58,44,Yes,9.555219829462526
ORD09633,2024-04-27,CUST3460,Clothing,West,3377.77,0.36,240.99,55,Yes,7.13458879675052
ORD09634,2025-05-07,CUST5955,Office Supplies,East,884.91,0.31,61.27,26,Yes,6.923867963973739
ORD09635,2025-01-30,CUST7291,Furniture,West,3402.2,0.15,419.05,55,Yes,12.317030156957264
ORD09636,2025-01-15,CUST6322,Clothing,South,929.23,0.39,39.39,18,Yes,4.238993575325807
ORD09637,2024-02-05,CUST7195,Office Supplies,North,303.78,0.26,49.6,44,Yes,16.327605503983147
ORD09638,2025-12-21,CUST5890,Office Supplies,East,250.58,0.07,50.92,32,No,20.32085561497326
ORD09639,2024-12-16,CUST7718,Clothing,North,1347.96,0.11,127.34,47,No,9.446867859580403
ORD09640,2024-01-29,CUST9287,Clothing,East,4928.59,0.15,1127.01,32,Yes,22.866783400526316
ORD09641,2025-07-06,CUST9938,Office Supplies,South,3004.79,0.29,95.87,39,No,3.1905723860902095
ORD09642,2025-01-31,CUST7834,Home,North,4423.09,0.01,1159.54,60,No,26.215609449502498
ORD09643,2025-02-10,CUST4509,Office Supplies,West,3494.31,0.36,578.39,46,No,16.55233794368559
ORD09644,2025-03-23,CUST7007,Furniture,South,1119.04,0.13,152.62,46,Yes,13.638475836431226
ORD09645,2025-08-01,CUST8494,Electronics,South,1136.21,0.26,72.09,48,No,6.344777813960448
ORD09646,2025-04-13,CUST5745,Electronics,East,2641.92,0.35,313.11,29,Yes,11.851607921511627
ORD09647,2024-06-19,CUST3985,Electronics,North,3868.59,0.34,485.08,64,Yes,12.53893537438705
ORD09648,2025-08-24,CUST9612,Clothing,North,3768.13,0.08,787.96,54,Yes,20.91116813910348
ORD09649,2024-11-11,CUST9469,Clothing,South,2701.92,0.22,158.21,56,No,5.855465742879138
ORD09650,2025-07-15,CUST5575,Electronics,East,1955.13,0.16,278.75,20,Yes,14.257363960452757
ORD09651,2025-02-10,CUST8074,Clothing,South,3599.38,0.34,225.96,25,No,6.27774783434925
ORD09652,2025-02-14,CUST9142,Home,North,940.76,0.4,138.3,25,Yes,14.700880139461713
ORD09653,2025-11-18,CUST7351,Electronics,South,3193.58,0.31,618.52,30,Yes,19.367606260059244
ORD09654,2025-03-15,CUST9107,Office Supplies,South,1174.85,0.12,67.99,37,Yes,5.78712176022471
ORD09655,2025-12-08,CUST4512,Electronics,West,1761.41,0.11,320.4,33,Yes,18.189972805877108
ORD09656,2025-09-25,CUST8196,Home,West,3763.25,0.24,137.99,59,Yes,3.6667773865674618
ORD09657,2025-10-31,CUST5650,Clothing,West,2666.41,0.26,212.88,29,Yes,7.98376843771213
ORD09658,2024-04-30,CUST9341,Furniture,South,766.6,0.11,100.76,38,Yes,13.143751630576572
ORD09659,2024-12-13,CUST4354,Home,North,804.24,0.33,34.55,27,No,4.2959812991146915
ORD09660,2025-08-22,CUST7632,Electronics,South,3439.98,0.36,509.15,45,Yes,14.800958145105495
ORD09661,2024-06-26,CUST4005,Furniture,West,1532.78,0.22,93.48,44,No,6.098722582497162
ORD09662,2025-05-20,CUST9424,Home,North,3848.9,0.15,194.83,30,Yes,5.061965756449895
ORD09663,2025-06-11,CUST2960,Clothing,East,1258.36,0.22,145.23,32,Yes,11.54121237165835
ORD09664,2025-06-08,CUST7052,Clothing,North,2035.12,0.34,82.68,33,Yes,4.062659695742758
ORD09665,2025-07-01,CUST1112,Furniture,West,1359.17,0.08,238.48,20,Yes,17.546002339663175
ORD09666,2024-10-14,CUST5969,Furniture,North,2450.57,0.34,471.91,19,Yes,19.257152417600803
ORD09667,2025-04-20,CUST4916,Furniture,West,3331.19,0.0,298.3,48,Yes,8.954757909335703
ORD09668,2024-03-09,CUST3828,Clothing,North,1737.15,0.3,310.23,30,Yes,17.858561436836197
ORD09669,2025-02-05,CUST7375,Electronics,North,3465.26,0.06,596.92,47,Yes,17.225835868015675
ORD09670,2024-07-17,CUST2649,Home,East,4834.03,0.1,1008.63,28,Yes,20.865199429875283
ORD09671,2024-04-17,CUST3115,Office Supplies,West,2089.09,0.22,212.35,60,No,10.164712865410298
ORD09672,2024-12-08,CUST5524,Electronics,West,601.59,0.32,24.95,19,No,4.147342874715338
ORD09673,2024-01-23,CUST9777,Furniture,North,2589.88,0.07,227.21,61,Yes,8.772993343320925
ORD09674,2024-01-31,CUST6623,Furniture,South,999.02,0.02,201.33,64,Yes,20.15274969470081
ORD09675,2025-04-15,CUST6802,Electronics,South,449.08,0.24,71.35,53,Yes,15.88803776609958
ORD09676,2024-10-24,CUST5021,Home,East,4244.85,0.01,643.18,18,Yes,15.152007727010375
ORD09677,2025-04-08,CUST8849,Furniture,West,1033.98,0.12,87.77,25,Yes,8.48855877289696
ORD09678,2025-04-25,CUST7627,Office Supplies,South,4547.0,0.37,745.2,33,Yes,16.388827798548494
ORD09679,2024-02-11,CUST9787,Home,North,3452.97,0.14,855.36,31,Yes,24.771718259932754
ORD09680,2025-04-06,CUST5170,Electronics,West,4746.86,0.19,870.47,30,No,18.337806465747885
ORD09681,2024-08-02,CUST5937,Furniture,South,1507.43,0.27,326.86,20,No,21.683262241032754
ORD09682,2025-05-22,CUST9227,Clothing,North,4819.65,0.12,736.05,28,Yes,15.27185584015437
ORD09683,2025-08-27,CUST6623,Furniture,North,4880.06,0.27,396.48,30,Yes,8.124490272660582
ORD09684,2025-11-21,CUST5328,Clothing,East,3863.76,0.36,353.64,55,Yes,9.152742406360643
ORD09685,2024-11-21,CUST4935,Home,South,3456.48,0.17,498.32,25,Yes,14.416979123269916
ORD09686,2025-10-11,CUST7630,Electronics,South,4461.42,0.12,866.02,56,Yes,19.411308507156914
ORD09687,2025-01-23,CUST9734,Furniture,West,1531.96,0.24,240.13,30,Yes,15.674691245202224
ORD09688,2024-12-09,CUST1446,Home,North,4693.73,0.23,1063.88,33,Yes,22.665982065436236
ORD09689,2024-05-05,CUST1699,Electronics,North,1380.43,0.23,272.31,56,Yes,19.72646204443543
ORD09690,2025-01-13,CUST7935,Furniture,North,3689.07,0.22,693.62,33,Yes,18.8020286955791
ORD09691,2024-06-14,CUST5789,Clothing,East,712.88,0.39,135.05,21,Yes,18.944282347660195
ORD09692,2025-06-10,CUST3016,Home,West,3857.95,0.18,463.24,62,No,12.007413263520784
ORD09693,2025-08-22,CUST6522,Electronics,South,2914.39,0.36,161.98,35,No,5.557938367891737
ORD09694,2024-01-08,CUST3195,Electronics,North,2900.39,0.19,124.29,25,Yes,4.285285771913433
ORD09695,2024-05-04,CUST7165,Furniture,South,4430.41,0.28,522.42,43,No,11.791685193921102
ORD09696,2025-05-13,CUST3492,Electronics,North,2825.21,0.16,456.5,37,Yes,16.158090902977122
ORD09697,2025-07-21,CUST8320,Home,North,2417.16,0.3,384.29,18,Yes,15.898409703950092
ORD09698,2025-02-27,CUST6715,Office Supplies,North,2949.88,0.22,219.44,52,Yes,7.438946669017045
ORD09699,2025-11-03,CUST3805,Clothing,East,1674.53,0.05,132.89,57,Yes,7.93595814945089
ORD09700,2024-03-28,CUST9293,Clothing,South,2224.16,0.35,91.26,55,No,4.103122077548378
ORD09701,2025-11-28,CUST6983,Furniture,East,1650.56,0.16,76.84,31,Yes,4.655389685924778
ORD09702,2024-01-11,CUST5480,Electronics,South,3268.31,0.07,470.04,47,Yes,14.381744693740803
ORD09703,2024-04-17,CUST6781,Electronics,South,3086.65,0.28,609.33,22,Yes,19.740819334877617
ORD09704,2024-04-28,CUST5234,Home,East,1743.56,0.13,279.73,27,Yes,16.043611920438643
ORD09705,2024-12-22,CUST6719,Electronics,West,3436.81,0.29,233.3,44,No,6.788271682170385
ORD09706,2025-06-14,CUST1453,Home,South,1417.93,0.1,215.22,61,Yes,15.178464381175374
ORD09707,2025-12-23,CUST2846,Clothing,West,374.38,0.19,24.99,30,Yes,6.675036059618569
ORD09708,2025-02-15,CUST6068,Clothing,West,4135.72,0.32,643.83,60,Yes,15.567543257280473
ORD09709,2025-11-05,CUST7028,Office Supplies,East,2256.42,0.29,418.57,42,Yes,18.55018126058092
ORD09710,2024-04-01,CUST1339,Home,West,1457.36,0.28,177.28,63,Yes,12.164461766481859
ORD09711,2024-02-04,CUST8411,Office Supplies,South,425.43,0.03,50.37,19,Yes,11.839785628658063
ORD09712,2025-11-04,CUST7572,Office Supplies,South,2704.75,0.11,495.09,50,Yes,18.304464368241057
ORD09713,2024-01-21,CUST8233,Electronics,North,1772.2,0.35,124.38,38,Yes,7.018395214987021
ORD09714,2025-12-03,CUST4091,Home,South,4907.47,0.23,1124.87,60,No,22.921586886929514
ORD09715,2024-11-02,CUST7091,Office Supplies,South,4748.33,0.09,1175.99,31,Yes,24.766391552398424
ORD09716,2025-12-24,CUST4475,Office Supplies,West,1471.19,0.04,394.51,60,Yes,26.815707012690403
ORD09717,2025-09-27,CUST3116,Office Supplies,North,2891.39,0.25,229.59,30,Yes,7.940471537910833
ORD09718,2024-04-16,CUST2481,Home,North,836.02,0.04,120.42,60,Yes,14.403961627712256
ORD09719,2025-03-26,CUST4685,Electronics,East,3148.48,0.12,595.57,35,Yes,18.91611190161602
ORD09720,2024-09-18,CUST4732,Clothing,East,4922.23,0.17,1144.42,21,Yes,23.25003098189236
ORD09721,2025-05-04,CUST4562,Home,North,3955.99,0.23,188.94,40,Yes,4.776048473327789
ORD09722,2024-01-04,CUST2605,Electronics,West,939.0,0.3,45.38,47,Yes,4.832800851970181
ORD09723,2024-09-17,CUST3761,Electronics,North,4472.02,0.18,424.75,19,No,9.497945000245974
ORD09724,2025-02-20,CUST3262,Office Supplies,West,767.78,0.31,67.68,64,No,8.815025137409155
ORD09725,2025-06-28,CUST1168,Electronics,North,2040.36,0.4,123.78,53,Yes,6.066576486502382
ORD09726,2024-03-21,CUST2731,Clothing,North,1270.16,0.25,53.17,28,Yes,4.1860867922151535
ORD09727,2024-01-21,CUST3950,Electronics,North,800.29,0.06,74.32,46,Yes,9.286633595321696
ORD09728,2024-11-27,CUST6185,Furniture,East,4609.7,0.38,238.68,22,No,5.1777772957025405
ORD09729,2025-04-14,CUST5111,Furniture,West,1802.87,0.31,211.49,29,Yes,11.730740430535757
ORD09730,2025-11-06,CUST4455,Office Supplies,North,2249.73,0.18,279.62,43,No,12.4290470412005
ORD09731,2025-07-04,CUST8569,Furniture,North,3169.34,0.09,758.36,56,Yes,23.928010248190475
ORD09732,2024-06-14,CUST3948,Electronics,East,330.98,0.31,61.78,25,Yes,18.665780409692427
ORD09733,2024-10-18,CUST8412,Furniture,West,2193.22,0.24,474.23,52,Yes,21.622545845833983
ORD09734,2025-12-22,CUST2794,Office Supplies,South,293.35,0.13,28.6,40,Yes,9.749446054201465
ORD09735,2025-06-24,CUST6199,Home,East,708.46,0.28,31.1,48,No,4.389803235186179
ORD09736,2025-06-25,CUST1875,Electronics,South,4536.47,0.2,188.83,46,Yes,4.162487572936667
ORD09737,2024-02-28,CUST5515,Electronics,East,4536.42,0.11,529.53,64,Yes,11.672860978480827
ORD09738,2025-07-09,CUST1293,Furniture,South,3820.48,0.25,590.19,52,Yes,15.44805888265349
ORD09739,2024-12-19,CUST1480,Office Supplies,South,3831.33,0.24,311.03,29,Yes,8.118068660230259
ORD09740,2024-08-26,CUST3885,Electronics,South,1350.6,0.32,92.55,35,Yes,6.85250999555753
ORD09741,2025-07-18,CUST3025,Electronics,North,2780.66,0.13,365.53,20,Yes,13.145440291153898
ORD09742,2024-11-17,CUST3824,Clothing,North,3254.2,0.32,283.63,43,Yes,8.715813410361994
ORD09743,2025-05-11,CUST6587,Furniture,West,2723.04,0.17,519.69,63,No,19.084919795522655
ORD09744,2024-08-26,CUST3024,Electronics,West,3480.78,0.31,202.47,53,No,5.816799682829711
ORD09745,2024-05-17,CUST1659,Furniture,North,2301.94,0.27,67.25,59,Yes,2.9214488648705004
ORD09746,2024-08-31,CUST2104,Home,West,3755.07,0.21,528.08,36,No,14.06311999509996
ORD09747,2025-10-04,CUST6972,Home,South,967.76,0.37,184.03,26,No,19.016078366537158
ORD09748,2025-05-26,CUST3925,Office Supplies,North,1866.0,0.28,306.58,18,Yes,16.429796355841372
ORD09749,2025-09-25,CUST4902,Clothing,West,4800.08,0.3,199.99,59,Yes,4.166388893518442
ORD09750,2025-07-17,CUST8100,Office Supplies,North,3974.12,0.33,570.95,45,Yes,14.366702565599429
ORD09751,2024-05-15,CUST8901,Home,West,4383.66,0.28,114.55,35,No,2.613113243271604
ORD09752,2024-07-04,CUST3298,Electronics,North,1279.76,0.27,190.37,42,Yes,14.875445396011752
ORD09753,2024-01-31,CUST3768,Furniture,North,1918.33,0.14,125.51,20,Yes,6.542669926446441
ORD09754,2024-06-18,CUST5631,Home,South,576.05,0.1,47.82,45,Yes,8.301362728929782
ORD09755,2024-03-06,CUST4828,Electronics,South,1153.82,0.08,242.46,63,Yes,21.013676309996363
ORD09756,2024-11-01,CUST8459,Furniture,South,2828.39,0.38,148.12,30,Yes,5.236901558837361
ORD09757,2024-03-20,CUST2365,Home,North,1832.39,0.13,327.55,63,Yes,17.87556142524244
ORD09758,2025-04-10,CUST5608,Clothing,North,2215.5,0.13,279.6,48,No,12.620176032498309
ORD09759,2025-06-21,CUST3480,Furniture,West,3389.96,0.05,708.65,65,Yes,20.904376452819502
ORD09760,2024-10-24,CUST6080,Furniture,North,4320.98,0.34,626.96,50,Yes,14.509671417132228
ORD09761,2024-05-09,CUST8932,Electronics,North,3159.78,0.32,562.73,46,Yes,17.80915127002513
ORD09762,2024-08-02,CUST4544,Office Supplies,East,481.04,0.19,48.83,33,No,10.150923000166305
ORD09763,2024-02-13,CUST1364,Electronics,South,1149.24,0.16,128.67,62,Yes,11.19609481048345
ORD09764,2024-07-04,CUST8363,Furniture,North,2937.77,0.31,327.43,64,Yes,11.145528751399873
ORD09765,2025-12-03,CUST2049,Electronics,West,360.78,0.21,71.76,23,Yes,19.89023781806087
ORD09766,2025-03-19,CUST4066,Furniture,West,3796.67,0.36,624.01,58,Yes,16.435718669254896
ORD09767,2025-05-09,CUST5097,Furniture,South,2873.27,0.31,480.94,22,Yes,16.738419988375615
ORD09768,2025-12-19,CUST6867,Clothing,East,2076.62,0.04,277.56,50,Yes,13.365950438693647
ORD09769,2024-01-11,CUST5407,Furniture,South,2261.61,0.27,82.52,35,Yes,3.64872811846428
ORD09770,2025-12-05,CUST1532,Office Supplies,East,1789.3,0.28,226.84,43,Yes,12.677583412507683
ORD09771,2024-12-06,CUST8772,Electronics,South,2713.17,0.18,499.48,20,Yes,18.409461994640957
ORD09772,2024-01-24,CUST8053,Electronics,West,1712.92,0.1,148.82,29,Yes,8.688088176914274
ORD09773,2024-04-29,CUST5162,Home,North,3177.64,0.12,744.16,23,Yes,23.418637731146386
ORD09774,2025-06-14,CUST4177,Home,East,1470.68,0.24,262.58,60,Yes,17.854325890064455
ORD09775,2024-04-26,CUST4724,Home,South,2158.98,0.35,195.1,52,No,9.03667472602803
ORD09776,2024-04-01,CUST1557,Furniture,South,1137.05,0.04,110.05,38,Yes,9.678554153291412
ORD09777,2024-10-18,CUST8434,Home,South,3210.14,0.19,499.77,42,No,15.568479879382208
ORD09778,2025-03-04,CUST7444,Office Supplies,North,2038.25,0.35,57.09,18,No,2.80093217220655
ORD09779,2025-06-28,CUST5641,Electronics,North,4454.38,0.28,332.95,35,Yes,7.474665385530646
ORD09780,2025-02-13,CUST9829,Clothing,North,3719.76,0.11,908.67,26,Yes,24.428188915413894
ORD09781,2025-04-10,CUST1804,Clothing,East,711.68,0.33,88.99,59,Yes,12.504215377697841
ORD09782,2024-11-25,CUST9821,Furniture,West,2495.69,0.35,419.24,26,Yes,16.798560718679003
ORD09783,2024-10-19,CUST1728,Furniture,East,2015.68,0.15,188.46,33,No,9.349698364819812
ORD09784,2025-01-26,CUST6127,Office Supplies,West,3304.92,0.2,551.61,56,Yes,16.69057042227951
ORD09785,2024-01-19,CUST5553,Clothing,North,4325.71,0.29,693.41,44,No,16.029969646601366
ORD09786,2025-05-24,CUST2756,Home,North,3637.77,0.18,169.2,57,No,4.651201147956028
ORD09787,2025-02-06,CUST2357,Office Supplies,South,4876.32,0.21,1126.91,26,No,23.109845129113758
ORD09788,2024-02-27,CUST1607,Office Supplies,West,2325.8,0.22,328.3,56,No,14.115573136125203
ORD09789,2025-05-14,CUST1189,Clothing,North,1418.41,0.17,129.7,29,No,9.144041567670842
ORD09790,2024-07-16,CUST3955,Office Supplies,North,223.07,0.23,16.68,45,Yes,7.47747343883086
ORD09791,2024-11-07,CUST3163,Home,East,2956.5,0.35,31.42,48,Yes,1.062743108405209
ORD09792,2025-06-04,CUST7424,Clothing,South,4955.67,0.37,1.53,27,Yes,0.030873726458783574
ORD09793,2025-10-10,CUST6719,Clothing,South,3926.79,0.38,73.36,59,Yes,1.868192594969428
ORD09794,2024-02-11,CUST3395,Furniture,South,811.03,0.11,191.35,45,Yes,23.593455235934552
ORD09795,2024-03-26,CUST9516,Furniture,East,326.69,0.4,35.41,49,Yes,10.83902170253145
ORD09796,2025-06-30,CUST8687,Clothing,North,4237.97,0.29,899.69,65,Yes,21.22926778622784
ORD09797,2025-03-04,CUST5362,Home,West,4501.45,0.37,-2.64,31,No,-0.0586477690521943
ORD09798,2024-03-20,CUST3433,Electronics,North,4838.96,0.33,100.14,54,Yes,2.069452940301222
ORD09799,2024-03-28,CUST3289,Office Supplies,North,3473.9,0.07,901.46,52,Yes,25.949509197155933
ORD09800,2024-10-21,CUST5942,Clothing,East,3517.76,0.06,277.33,54,Yes,7.883710088237969
ORD09801,2024-03-29,CUST1930,Clothing,North,1589.26,0.19,322.91,18,Yes,20.318261329172067
ORD09802,2025-03-02,CUST6506,Clothing,South,2593.07,0.12,456.62,37,Yes,17.609243097949534
ORD09803,2025-09-05,CUST6102,Furniture,South,1969.34,0.38,15.5,37,Yes,0.7870657174484853
ORD09804,2025-02-15,CUST2282,Home,East,2447.29,0.07,400.06,42,No,16.34706144347421
ORD09805,2024-08-22,CUST1291,Office Supplies,East,2566.0,0.34,167.37,37,Yes,6.522603273577553
ORD09806,2025-07-20,CUST4313,Office Supplies,North,2021.21,0.27,404.35,22,No,20.00534333394353
ORD09807,2025-09-10,CUST3144,Electronics,North,3882.88,0.37,302.79,50,Yes,7.7980777155101375
ORD09808,2024-10-26,CUST3983,Furniture,West,1006.87,0.38,105.78,49,Yes,10.505824982371111
ORD09809,2025-04-18,CUST8758,Clothing,East,2204.08,0.17,303.32,56,No,13.76175093463032
ORD09810,2025-03-01,CUST9084,Office Supplies,West,2586.74,0.27,541.97,58,Yes,20.95185445773445
ORD09811,2024-11-08,CUST1858,Office Supplies,East,2940.57,0.19,248.21,50,Yes,8.440880509561072
ORD09812,2025-01-18,CUST8064,Electronics,North,3787.82,0.32,590.92,56,No,15.600530120227466
ORD09813,2025-06-26,CUST3611,Clothing,East,3731.15,0.22,465.63,38,Yes,12.479530439676775
ORD09814,2024-11-26,CUST1717,Furniture,South,955.02,0.14,164.79,30,Yes,17.25513601809386
ORD09815,2025-03-06,CUST2209,Home,South,3091.81,0.21,390.12,35,Yes,12.617851679113528
ORD09816,2025-04-08,CUST4910,Office Supplies,South,1408.95,0.07,197.39,54,Yes,14.00972355300046
ORD09817,2025-05-19,CUST6045,Furniture,East,3368.65,0.15,210.31,46,No,6.243153785641132
ORD09818,2025-11-12,CUST8811,Electronics,East,2747.31,0.06,288.63,26,Yes,10.505913056771897
ORD09819,2025-01-31,CUST4528,Home,South,1285.28,0.03,323.04,35,Yes,25.13382298020665
ORD09820,2024-05-08,CUST7834,Office Supplies,South,2617.1,0.19,121.71,53,No,4.6505674219556
ORD09821,2025-08-27,CUST7874,Electronics,North,1539.58,0.01,164.55,39,Yes,10.687979838657299
ORD09822,2024-07-14,CUST5329,Office Supplies,East,1140.85,0.05,137.94,32,Yes,12.090984792041024
ORD09823,2025-06-11,CUST3376,Home,East,4486.72,0.14,253.57,59,Yes,5.651567291919264
ORD09824,2025-10-07,CUST5596,Furniture,East,1299.85,0.26,127.24,37,Yes,9.788821787129285
ORD09825,2025-03-17,CUST3787,Furniture,East,1566.27,0.2,308.64,27,Yes,19.705414775230324
ORD09826,2025-01-22,CUST5486,Office Supplies,North,2619.51,0.35,256.38,34,Yes,9.787326637424556
ORD09827,2025-04-02,CUST9352,Office Supplies,South,2027.88,0.38,355.63,33,No,17.53703374953153
ORD09828,2025-02-02,CUST1612,Home,South,1072.32,0.14,243.14,41,Yes,22.674201730826617
ORD09829,2025-06-10,CUST1808,Furniture,West,4745.9,0.19,219.31,56,Yes,4.621041319876104
ORD09830,2024-06-28,CUST4566,Furniture,South,2321.37,0.24,73.44,58,Yes,3.163649052068391
ORD09831,2025-07-20,CUST8049,Office Supplies,East,1179.2,0.3,188.89,49,No,16.01848710990502
ORD09832,2025-12-29,CUST8550,Home,East,430.1,0.15,23.94,28,No,5.566147407579632
ORD09833,2025-03-24,CUST1017,Furniture,East,226.03,0.04,26.42,30,Yes,11.688713887537054
ORD09834,2024-11-21,CUST2323,Office Supplies,North,875.69,0.06,108.14,19,No,12.349118980461121
ORD09835,2025-10-27,CUST1518,Furniture,West,2907.73,0.34,389.07,30,Yes,13.380540834259028
ORD09836,2025-01-13,CUST2041,Home,East,3129.95,0.08,371.06,33,Yes,11.8551414559338
ORD09837,2024-01-06,CUST5923,Office Supplies,East,4922.11,0.02,865.44,53,No,17.582703352830396
ORD09838,2024-06-02,CUST3093,Furniture,East,2465.61,0.33,188.51,65,No,7.645572495244584
ORD09839,2025-09-27,CUST5370,Electronics,West,3825.51,0.18,721.74,62,No,18.86650407396661
ORD09840,2025-05-25,CUST5061,Home,North,1702.11,0.22,279.98,48,No,16.448995658329956
ORD09841,2024-05-19,CUST3141,Office Supplies,East,4162.02,0.13,786.02,36,Yes,18.885541155496608
ORD09842,2025-09-10,CUST5389,Office Supplies,West,1033.91,0.39,88.44,60,No,8.553936029248192
ORD09843,2025-07-31,CUST9915,Office Supplies,East,1083.33,0.09,141.79,64,Yes,13.088347964147582
ORD09844,2024-12-21,CUST8370,Electronics,South,1314.48,0.34,61.02,24,Yes,4.64213985758627
ORD09845,2025-12-28,CUST1300,Furniture,North,314.91,0.27,57.08,26,Yes,18.12581372455622
ORD09846,2024-02-24,CUST1648,Furniture,North,1728.58,0.26,163.18,60,No,9.440118478751346
ORD09847,2024-08-31,CUST1810,Office Supplies,West,1113.25,0.27,200.04,43,Yes,17.96900965641141
ORD09848,2024-12-09,CUST6019,Office Supplies,South,950.98,0.29,112.1,41,Yes,11.787839912511304
ORD09849,2024-09-23,CUST3464,Furniture,North,152.52,0.29,26.8,64,Yes,17.571466037241017
ORD09850,2024-10-21,CUST1118,Clothing,South,4954.12,0.08,669.13,36,Yes,13.506535974098327
ORD09851,2024-10-20,CUST7604,Clothing,South,1543.12,0.34,133.13,47,Yes,8.627326455492767
ORD09852,2025-07-21,CUST3889,Office Supplies,North,4146.08,0.38,789.78,20,No,19.04883649133639
ORD09853,2025-12-23,CUST8427,Clothing,East,885.11,0.13,176.8,57,Yes,19.97491837172781
ORD09854,2025-08-10,CUST5457,Office Supplies,East,3135.57,0.18,669.32,41,No,21.346039157154838
ORD09855,2025-06-18,CUST8651,Furniture,South,3520.06,0.27,319.62,36,Yes,9.07995886433754
ORD09856,2025-03-13,CUST6498,Office Supplies,West,2444.21,0.04,207.27,45,Yes,8.480040585710722
ORD09857,2025-06-19,CUST2955,Furniture,North,1686.53,0.2,218.07,53,Yes,12.930099079174399
ORD09858,2025-03-01,CUST6095,Furniture,East,3870.14,0.09,689.08,41,Yes,17.80504064452449
ORD09859,2025-04-02,CUST3324,Electronics,East,4861.4,0.12,349.59,34,Yes,7.19113835520632
ORD09860,2024-01-27,CUST6450,Home,North,4627.04,0.22,731.46,26,Yes,15.808378574639512
ORD09861,2025-07-21,CUST3122,Home,North,4534.88,0.28,501.94,49,Yes,11.068429594608897
ORD09862,2024-01-22,CUST2708,Home,West,3755.96,0.15,223.6,50,Yes,5.9532050394572895
ORD09863,2024-10-12,CUST6627,Electronics,East,4471.37,0.19,347.85,35,Yes,7.779494875172486
ORD09864,2024-02-17,CUST5845,Clothing,North,4676.19,0.2,676.47,43,Yes,14.466264202267231
ORD09865,2024-09-11,CUST3382,Clothing,South,333.01,0.37,2.19,31,Yes,0.6576379087715084
ORD09866,2024-07-09,CUST2797,Furniture,South,2602.55,0.31,262.48,61,Yes,10.085493074100402
ORD09867,2024-07-15,CUST2100,Office Supplies,North,1119.06,0.2,184.59,64,Yes,16.49509409683127
ORD09868,2024-07-11,CUST1478,Office Supplies,South,2985.23,0.36,475.37,58,No,15.924066152356769
ORD09869,2024-10-25,CUST3955,Clothing,West,865.0,0.38,136.8,25,Yes,15.815028901734104
ORD09870,2025-02-06,CUST7823,Office Supplies,North,4862.71,0.03,729.84,63,Yes,15.008914782086533
ORD09871,2024-10-11,CUST3264,Furniture,North,555.63,0.33,29.72,50,No,5.3488832496445475
ORD09872,2025-12-07,CUST2135,Office Supplies,West,2348.07,0.05,380.94,23,Yes,16.223536777012608
ORD09873,2024-12-16,CUST1782,Clothing,North,4708.99,0.02,417.3,64,No,8.861772906716729
ORD09874,2024-11-29,CUST5260,Furniture,West,1800.24,0.26,104.1,48,Yes,5.78256232502333
ORD09875,2025-03-05,CUST7553,Furniture,South,4846.49,0.13,956.08,58,Yes,19.727266537225912
ORD09876,2025-11-11,CUST6319,Office Supplies,East,4710.55,0.4,328.52,18,Yes,6.97413253229453
ORD09877,2024-11-22,CUST1804,Clothing,West,2725.72,0.22,493.24,45,Yes,18.09576919125956
ORD09878,2024-03-10,CUST1219,Home,West,3278.63,0.33,513.47,56,Yes,15.661114550894734
ORD09879,2024-10-10,CUST1490,Home,North,4616.96,0.03,352.24,21,No,7.629262545051289
ORD09880,2024-02-23,CUST6964,Electronics,West,4501.09,0.27,583.52,65,No,12.963970949258957
ORD09881,2024-08-22,CUST8322,Home,North,1492.71,0.19,283.58,33,Yes,18.99766197051001
ORD09882,2025-10-24,CUST6083,Office Supplies,West,3058.15,0.3,555.63,35,No,18.168827559145235
ORD09883,2025-10-31,CUST3074,Clothing,East,1787.86,0.03,322.16,62,No,18.019307999507795
ORD09884,2024-12-01,CUST7084,Home,South,4361.2,0.13,638.17,61,Yes,14.63289920205448
ORD09885,2024-07-15,CUST8783,Electronics,West,4610.02,0.25,376.33,26,No,8.163305148350766
ORD09886,2025-03-10,CUST8738,Furniture,North,4599.69,0.06,908.81,35,Yes,19.75807065258746
ORD09887,2025-05-14,CUST3787,Office Supplies,North,4268.19,0.28,554.15,26,Yes,12.983255197167887
ORD09888,2024-06-30,CUST2443,Office Supplies,North,3902.8,0.35,663.56,25,Yes,17.00215230091216
ORD09889,2025-07-19,CUST8411,Electronics,East,1621.72,0.35,43.71,44,Yes,2.6952864859531855
ORD09890,2025-11-04,CUST2205,Home,West,2289.07,0.05,450.55,26,Yes,19.6826658861459
ORD09891,2025-09-19,CUST2709,Clothing,West,4490.32,0.28,826.76,61,Yes,18.412050811523457
ORD09892,2025-01-12,CUST2194,Home,East,3820.5,0.39,27.93,20,No,0.7310561444837063
ORD09893,2025-04-02,CUST2934,Home,North,2883.75,0.34,294.39,60,No,10.208582574772432
ORD09894,2025-06-25,CUST2931,Office Supplies,West,4930.66,0.08,1269.14,18,Yes,25.73975897749997
ORD09895,2024-04-29,CUST4397,Electronics,East,3542.09,0.24,452.79,44,No,12.783130863416797
ORD09896,2024-04-19,CUST8232,Home,South,2010.41,0.19,289.58,33,Yes,14.404027039260647
ORD09897,2024-08-08,CUST9092,Furniture,South,4436.39,0.38,248.45,36,Yes,5.600274096731801
ORD09898,2025-07-15,CUST4906,Electronics,South,4478.24,0.13,266.39,51,No,5.948542284468898
ORD09899,2024-08-13,CUST2332,Office Supplies,West,3679.23,0.11,802.08,23,No,21.800213631656625
ORD09900,2025-10-31,CUST3996,Office Supplies,North,3220.02,0.08,316.76,25,Yes,9.837205980087079
ORD09901,2024-12-03,CUST8069,Home,South,2848.28,0.17,549.31,21,Yes,19.28567416124819
ORD09902,2025-10-19,CUST5792,Office Supplies,West,1728.45,0.26,137.59,47,No,7.960311261534901
ORD09903,2025-12-22,CUST5158,Furniture,South,4415.56,0.19,824.37,42,Yes,18.66965911458569
ORD09904,2024-03-17,CUST2931,Clothing,East,3849.24,0.04,583.59,34,Yes,15.161174673442032
ORD09905,2024-05-30,CUST3504,Home,North,4318.38,0.33,516.76,46,No,11.96652448371843
ORD09906,2024-08-05,CUST7276,Electronics,West,3199.41,0.07,218.31,39,Yes,6.823445572777481
ORD09907,2025-08-05,CUST3081,Home,South,3106.09,0.05,782.82,22,Yes,25.202746861810187
ORD09908,2025-01-30,CUST2494,Clothing,South,856.01,0.11,167.31,58,No,19.545332414340955
ORD09909,2025-05-06,CUST8203,Clothing,West,3935.6,0.4,455.82,22,No,11.581969712369142
ORD09910,2025-03-19,CUST2362,Office Supplies,South,4065.31,0.26,580.82,33,No,14.287225328449738
ORD09911,2024-02-26,CUST6686,Furniture,East,3654.49,0.23,466.37,35,Yes,12.761561804793557
ORD09912,2024-12-06,CUST9966,Office Supplies,South,208.25,0.09,14.85,60,Yes,7.130852340936375
ORD09913,2024-05-15,CUST9723,Office Supplies,South,4918.66,0.26,807.7,30,No,16.421139090727962
ORD09914,2024-04-14,CUST7643,Furniture,East,4229.86,0.28,113.72,29,No,2.688505056904957
ORD09915,2025-12-16,CUST7823,Electronics,East,2281.12,0.26,120.32,25,Yes,5.2746019499193375
ORD09916,2025-11-22,CUST2818,Electronics,West,3381.1,0.13,187.63,24,No,5.5493774215492
ORD09917,2024-07-31,CUST8505,Office Supplies,West,3766.75,0.06,880.53,35,No,23.376385478197385
ORD09918,2024-03-07,CUST7097,Electronics,West,4712.44,0.01,1020.04,58,Yes,21.645686735534035
ORD09919,2024-03-13,CUST8050,Electronics,East,4904.73,0.14,1178.66,57,Yes,24.031088357565046
ORD09920,2024-06-27,CUST1716,Home,North,288.82,0.38,18.69,44,Yes,6.4711585070286
ORD09921,2024-03-12,CUST7756,Electronics,North,2538.5,0.21,586.88,56,Yes,23.119164861138465
ORD09922,2024-10-11,CUST7383,Home,North,4842.73,0.11,887.98,25,Yes,18.33635160333118
ORD09923,2025-05-25,CUST5518,Home,East,2826.54,0.16,142.42,29,No,5.0386691856474695
ORD09924,2024-04-07,CUST1538,Office Supplies,East,817.74,0.0,122.16,21,Yes,14.938733582801378
ORD09925,2025-10-28,CUST9038,Home,North,2453.09,0.27,159.48,49,Yes,6.501188297208825
ORD09926,2025-03-01,CUST2410,Office Supplies,West,2791.57,0.11,433.85,28,No,15.54143367352422
ORD09927,2025-05-02,CUST1223,Clothing,East,2711.65,0.16,634.73,64,Yes,23.407519407003115
ORD09928,2025-08-25,CUST9023,Clothing,North,504.01,0.35,45.28,59,Yes,8.98394873117597
ORD09929,2024-09-25,CUST6290,Home,West,4695.64,0.32,332.18,37,No,7.074222044279374
ORD09930,2025-10-13,CUST6375,Office Supplies,East,2352.18,0.28,507.86,37,Yes,21.591034699725363
ORD09931,2024-04-24,CUST5617,Home,North,2450.27,0.33,393.22,47,No,16.048027360250096
ORD09932,2024-07-13,CUST8773,Electronics,North,3917.05,0.12,657.04,54,Yes,16.773847665973115
ORD09933,2025-11-15,CUST8662,Electronics,East,1397.91,0.23,266.75,61,No,19.08205821547882
ORD09934,2024-06-23,CUST6835,Furniture,East,1028.94,0.31,172.11,63,Yes,16.726922852644467
ORD09935,2024-02-09,CUST8135,Furniture,South,423.44,0.27,87.38,25,No,20.63574532401285
ORD09936,2025-07-27,CUST6081,Home,South,4805.82,0.21,1029.68,34,No,21.42568801994249
ORD09937,2024-06-09,CUST2727,Electronics,East,1828.47,0.03,324.44,61,No,17.74379672622466
ORD09938,2025-02-06,CUST9411,Electronics,South,660.14,0.06,170.27,25,Yes,25.793013603175087
ORD09939,2025-01-20,CUST1438,Clothing,North,663.04,0.26,42.14,44,Yes,6.355574324324325
ORD09940,2025-11-26,CUST4753,Clothing,East,412.21,0.14,87.44,60,No,21.21248877999078
ORD09941,2025-08-10,CUST8070,Home,South,2786.25,0.37,310.12,28,Yes,11.130372364288919
ORD09942,2024-07-22,CUST6841,Furniture,South,2439.27,0.22,160.95,48,Yes,6.598285552644849
ORD09943,2024-07-24,CUST6178,Home,South,1017.56,0.36,78.92,23,Yes,7.7558080113212
ORD09944,2025-09-08,CUST3887,Clothing,West,4049.87,0.37,731.77,46,No,18.068975053520237
ORD09945,2024-06-14,CUST2990,Furniture,South,2152.38,0.25,429.34,19,No,19.947221215584605
ORD09946,2024-06-08,CUST5403,Electronics,East,1668.77,0.4,3.73,54,No,0.2235179203844748
ORD09947,2025-05-24,CUST7441,Clothing,North,693.92,0.14,126.03,42,Yes,18.162035969564215
ORD09948,2025-12-14,CUST3016,Electronics,West,1389.24,0.33,169.77,36,Yes,12.220350695344218
ORD09949,2024-01-30,CUST9217,Office Supplies,South,182.47,0.14,20.81,58,Yes,11.404614457171041
ORD09950,2024-05-11,CUST1340,Furniture,East,4206.09,0.21,562.13,65,Yes,13.364668849216255
ORD09951,2025-09-16,CUST4427,Furniture,North,4581.55,0.0,1094.56,46,Yes,23.89060470801366
ORD09952,2024-08-17,CUST1554,Home,North,4437.02,0.19,256.41,26,Yes,5.778878616729246
ORD09953,2024-11-30,CUST8024,Office Supplies,North,528.83,0.38,2.51,24,Yes,0.4746326796891249
ORD09954,2025-09-30,CUST6761,Home,North,618.65,0.09,82.53,55,No,13.34033783237695
ORD09955,2025-12-18,CUST2900,Clothing,South,3492.96,0.36,142.0,47,Yes,4.065319957858091
ORD09956,2024-04-04,CUST2541,Clothing,East,4792.09,0.08,512.47,58,Yes,10.69408128812272
ORD09957,2025-11-27,CUST1591,Clothing,West,1479.54,0.35,206.49,54,No,13.956364816091488
ORD09958,2024-05-23,CUST6939,Office Supplies,North,4977.1,0.32,56.79,39,No,1.1410258986156596
ORD09959,2025-07-09,CUST5179,Furniture,South,4531.82,0.25,896.16,46,No,19.774836599864955
ORD09960,2024-12-06,CUST1662,Home,North,809.91,0.35,20.47,19,No,2.527441320640565
ORD09961,2025-11-26,CUST6076,Clothing,West,2800.71,0.33,312.31,61,No,11.151100970825254
ORD09962,2024-07-11,CUST7267,Clothing,East,4617.05,0.19,674.75,32,Yes,14.614310003140533
ORD09963,2024-01-05,CUST1868,Clothing,South,4455.53,0.33,788.88,62,Yes,17.705637713134017
ORD09964,2025-03-15,CUST3453,Office Supplies,East,649.05,0.27,18.27,41,Yes,2.8148832909637163
ORD09965,2025-10-10,CUST3920,Home,South,3376.25,0.1,724.55,49,Yes,21.46019992595335
ORD09966,2024-06-06,CUST9196,Clothing,East,2559.28,0.33,45.4,61,Yes,1.7739364196180174
ORD09967,2025-09-30,CUST6678,Clothing,South,701.36,0.22,88.96,55,Yes,12.68392836774267
ORD09968,2025-09-19,CUST3428,Home,East,240.94,0.12,13.03,61,No,5.407985390553664
ORD09969,2024-07-21,CUST2952,Furniture,North,2950.51,0.09,563.39,21,Yes,19.09466499012035
ORD09970,2025-08-11,CUST6113,Clothing,North,4168.88,0.28,296.79,45,Yes,7.119178292491029
ORD09971,2024-06-28,CUST4884,Office Supplies,West,4431.89,0.22,583.6,28,Yes,13.168196864091843
ORD09972,2024-10-08,CUST6790,Office Supplies,East,2791.54,0.22,251.79,36,No,9.019752538025607
ORD09973,2024-02-23,CUST4668,Home,North,1860.64,0.2,294.65,19,No,15.835948920801442
ORD09974,2025-09-14,CUST8824,Office Supplies,South,4505.66,0.08,934.64,46,Yes,20.743686829454507
ORD09975,2025-01-18,CUST5360,Home,North,2237.0,0.16,197.41,25,No,8.824765310683953
ORD09976,2024-06-23,CUST5420,Furniture,West,4844.51,0.14,490.61,57,Yes,10.127133600715037
ORD09977,2025-07-08,CUST7206,Office Supplies,South,1190.37,0.26,225.74,25,Yes,18.963851575560543
ORD09978,2025-09-15,CUST4770,Furniture,West,285.02,0.09,23.96,63,Yes,8.40642761911445
ORD09979,2025-01-23,CUST6965,Furniture,West,4809.39,0.2,898.33,24,Yes,18.67866818868921
ORD09980,2024-10-10,CUST3052,Furniture,South,2734.22,0.16,454.91,27,No,16.637651688598577
ORD09981,2024-09-16,CUST7079,Furniture,West,3159.75,0.04,250.47,18,Yes,7.926892950391645
ORD09982,2024-07-29,CUST5859,Furniture,North,433.03,0.11,34.18,58,No,7.893217559984297
ORD09983,2025-08-09,CUST8926,Home,South,3485.12,0.23,310.48,19,No,8.908731980534387
ORD09984,2024-09-13,CUST6483,Home,West,4636.99,0.14,1064.6,30,Yes,22.95885908746838
ORD09985,2025-04-23,CUST6780,Home,East,3631.86,0.33,495.52,30,Yes,13.643697719625756
ORD09986,2024-03-30,CUST4510,Electronics,North,4865.74,0.03,1182.78,48,No,24.308327202028877
ORD09987,2025-11-23,CUST6514,Office Supplies,East,878.7,0.06,110.59,21,Yes,12.58563787413224
ORD09988,2024-05-20,CUST7946,Furniture,West,1336.1,0.26,143.48,28,Yes,10.738717161889081
ORD09989,2024-10-31,CUST1651,Clothing,East,3783.71,0.39,264.4,48,No,6.987850548799987
ORD09990,2025-04-21,CUST4768,Clothing,South,567.66,0.15,124.29,24,Yes,21.89514850438643
ORD09991,2024-03-19,CUST6103,Home,West,1337.23,0.0,162.33,27,Yes,12.139272974731348
ORD09992,2025-04-09,CUST3265,Electronics,South,4181.04,0.08,902.77,55,Yes,21.59199624973691
ORD09993,2025-04-25,CUST8247,Clothing,West,3372.78,0.35,683.08,35,No,20.25272920261624
ORD09994,2025-09-26,CUST4448,Electronics,East,4065.07,0.1,509.99,22,No,12.545663420310104
ORD09995,2025-11-17,CUST2446,Electronics,South,3963.71,0.02,420.1,28,Yes,10.59865630936673
ORD09996,2024-09-24,CUST1446,Office Supplies,East,225.68,0.09,48.82,63,Yes,21.63239985820631
ORD09997,2024-06-15,CUST5806,Office Supplies,South,2731.72,0.26,496.29,42,No,18.167674578653745
ORD09998,2024-04-12,CUST1595,Furniture,South,4997.84,0.08,1031.54,56,No,20.639716357466426
ORD09999,2024-09-18,CUST7607,Furniture,East,864.4,0.23,132.52,41,Yes,15.330865340120317
ORD10000,2024-01-19,CUST3396,Electronics,South,4442.06,0.26,193.12,30,No,4.347532451160047
