Order_Date,Category,Region,Sales,Profit,Discount,Customer_ID,Month,Profit_Margin
2024-11-20,Furniture,North,1438.97,251.59,0.04,6065,2024-11,17.484033718562582
2025-07-07,Clothing,South,4137.19,107.71,0.29,1350,2025-07,2.603457902586055
2025-12-16,Electronics,East,433.26,64.29,0.32,7207,2025-12,14.838665004846977
2024-05-03,Home,West,4481.05,761.61,0.18,1486,2024-05,16.996239720601196
2025-11-24,Clothing,North,1172.9,110.32,0.22,4609,2025-11,9.405746440446755
2024-10-16,Office Supplies,East,471.74,73.83,0.12,4309,2024-10,15.65057022936363
2025-04-22,Furniture,South,1452.96,295.86,0.26,3251,2025-04,20.362570201519656
2024-10-17,Clothing,South,2826.64,257.33,0.39,1122,2024-10,9.103741544731554
2025-05-01,Office Supplies,South,229.84,51.53,0.13,5749,2025-05,22.41994430908458
2025-09-27,Office Supplies,East,1196.87,216.7,0.17,6978,2025-09,18.10555866551923
2025-12-10,Office Supplies,West,1857.67,151.86,0.33,8399,2025-12,8.174756549871613
2025-12-15,Home,West,2572.08,79.03,0.24,7008,2025-12,3.0726104942303505
2024-12-15,Electronics,South,1965.54,132.31,0.24,6719,2024-12,6.731483460016078
2025-09-06,Clothing,East,913.59,24.13,0.31,2425,2025-09,2.6412285598572662
2024-06-25,Clothing,North,804.03,36.3,0.32,1815,2024-06,4.51475691205552
2025-03-20,Electronics,North,4553.94,336.26,0.1,8441,2025-03,7.38393566889331
2024-11-18,Clothing,East,276.84,52.61,0.22,2728,2024-11,19.003756682560326
2024-07-04,Furniture,South,1179.98,271.22,0.23,3162,2024-07,22.985135341276973
2025-01-31,Electronics,North,2780.69,192.64,0.27,8738,2025-01,6.927776918678457
2024-11-10,Home,West,1465.3,228.28,0.12,1439,2024-11,15.579062308059783
2024-06-24,Clothing,North,1427.16,324.74,0.14,5809,2024-06,22.754281229855096
2024-10-06,Home,East,4168.6,443.43,0.09,6016,2024-10,10.63738425370628
2024-10-04,Electronics,East,3788.29,573.48,0.01,2105,2024-10,15.138228593903847
2024-12-27,Furniture,South,1044.77,25.55,0.37,6679,2024-12,2.4455143237267536
2025-02-10,Office Supplies,West,2817.09,387.42,0.02,1317,2025-02,13.752489270843316
2025-05-24,Clothing,West,4151.52,930.6,0.17,6994,2025-05,22.415886229621922
2024-09-26,Electronics,East,3116.22,363.7,0.1,2940,2024-09,11.67119137929928
2024-03-17,Office Supplies,West,3291.98,653.93,0.03,5912,2024-03,19.864336964380097
2024-12-25,Electronics,West,2826.98,245.76,0.13,6377,2024-12,8.69337597011652
2025-07-18,Home,North,4996.73,619.08,0.13,8338,2025-07,12.389702865674153
2024-06-27,Office Supplies,West,2189.67,306.79,0.11,7003,2024-06,14.010787013568255
2024-10-04,Home,East,4194.57,801.11,0.2,5335,2024-10,19.09873956090851
2024-12-15,Clothing,South,3705.3,728.12,0.06,8070,2024-12,19.650770517906782
2025-06-10,Electronics,West,951.08,31.08,0.22,7958,2025-06,3.267863902090255
2025-06-24,Office Supplies,West,1323.9,241.78,0.1,8303,2025-06,18.26270866379636
2024-05-22,Home,North,1527.29,150.13,0.14,3419,2024-05,9.829829305501903
2025-03-26,Home,West,1540.03,215.5,0.03,5437,2025-03,13.993233898040947
2025-04-29,Clothing,East,1536.56,134.86,0.32,6547,2025-04,8.776748060602907
2024-10-25,Electronics,West,743.01,119.45,0.34,1873,2024-10,16.076499643342622
2025-01-14,Office Supplies,West,220.4,28.24,0.28,8801,2025-01,12.813067150635208
2024-12-01,Electronics,East,204.08,48.87,0.19,5037,2024-12,23.946491571932572
2025-04-06,Furniture,South,3145.68,144.64,0.28,4314,2025-04,4.598051931537855
2024-05-03,Home,South,4721.42,550.57,0.04,7425,2024-05,11.661110428642232
2025-10-02,Furniture,East,4890.9,990.43,0.0,2832,2025-10,20.250465149563475
2024-12-14,Home,South,4598.33,724.23,0.2,2199,2024-12,15.749848314496786
2024-09-20,Home,West,4845.5,432.49,0.25,8023,2024-09,8.925601073160665
2024-03-01,Electronics,North,4622.14,-1.77,0.36,5482,2024-03,-0.03829395042123345
2024-02-20,Clothing,East,1317.73,337.52,0.07,5505,2024-02,25.61374484909655
2024-09-07,Electronics,North,4527.34,354.45,0.3,3996,2024-09,7.829100531437885
2024-09-03,Home,West,4708.11,691.91,0.15,3760,2024-09,14.696130719120838
2025-04-11,Electronics,North,3047.85,161.2,0.14,6251,2025-04,5.2889741949242906
2025-12-23,Furniture,East,1515.83,231.7,0.22,7527,2025-12,15.285355217933411
2025-03-18,Office Supplies,West,1453.26,63.28,0.32,1459,2025-03,4.354348155182143
2024-10-03,Furniture,East,4763.53,514.25,0.34,2171,2024-10,10.795565473503894
2024-05-31,Furniture,East,4233.07,674.58,0.36,3489,2024-05,15.935951921418736
2025-01-30,Clothing,East,1601.15,231.71,0.08,4426,2025-01,14.471473628329637
2025-03-19,Office Supplies,South,4438.59,734.87,0.07,7434,2025-03,16.55638389668791
2025-04-01,Electronics,West,2026.71,34.03,0.32,1582,2025-04,1.679075940810476
2024-04-25,Home,West,2373.91,366.31,0.18,7610,2024-04,15.430660808539498
2025-12-22,Clothing,South,549.07,127.0,0.19,7628,2025-12,23.13001985174932
2025-01-03,Electronics,East,2273.84,95.51,0.34,4349,2025-01,4.2003834922421985
2024-03-20,Office Supplies,East,1599.28,143.42,0.19,5490,2024-03,8.967785503476563
2024-03-18,Furniture,West,1649.93,201.4,0.16,5185,2024-03,12.206578460904401
2024-03-19,Office Supplies,West,2759.97,327.65,0.14,8739,2024-03,11.871505849701265
2025-06-12,Clothing,South,1857.57,71.34,0.16,7302,2025-06,3.840501300085596
2024-11-16,Furniture,South,4985.5,1283.77,0.04,6630,2024-11,25.750075218132583
2024-06-16,Furniture,North,382.13,84.99,0.02,8223,2024-06,22.241122131211892
2025-10-14,Furniture,East,4861.56,390.24,0.27,8831,2025-10,8.0270530447017
2025-10-06,Home,North,3420.31,625.74,0.02,3613,2025-10,18.294832924500994
2024-05-31,Electronics,East,4311.65,459.66,0.38,1444,2024-05,10.660883884359817
2024-11-01,Electronics,West,3772.43,195.72,0.12,7109,2024-11,5.188167838767055
2025-04-14,Home,West,4895.55,583.6,0.39,2313,2025-04,11.921030323457018
2025-03-12,Home,East,4503.78,666.43,0.32,1095,2025-03,14.797125969740973
2024-11-02,Home,West,4760.94,349.22,0.38,8694,2024-11,7.335106092494341
2024-11-12,Clothing,East,1428.79,241.93,0.08,1410,2024-11,16.932509326073113
2024-04-26,Electronics,East,3896.83,578.55,0.18,4341,2024-04,14.846683073164597
2024-03-20,Electronics,West,629.45,51.62,0.08,4025,2024-03,8.20081023115418
2024-05-27,Furniture,East,1061.65,87.66,0.35,4694,2024-05,8.256958507982857
2025-10-15,Electronics,South,1905.23,331.14,0.01,5209,2025-10,17.380578722778875
2024-01-23,Furniture,East,3145.0,388.15,0.21,4198,2024-01,12.341812400635929
2025-02-08,Home,South,243.87,60.46,0.13,6248,2025-02,24.79189732234387
2025-11-16,Electronics,South,4501.54,441.14,0.33,5626,2025-11,9.799757416350849
2024-02-29,Furniture,South,4181.33,777.36,0.31,7700,2024-02,18.591213800393653
2025-04-04,Office Supplies,South,1919.45,417.96,0.11,6923,2025-04,21.774987626663886
2024-10-18,Home,North,3585.49,265.67,0.27,3486,2024-10,7.409586974165318
2024-06-21,Office Supplies,North,2207.99,245.26,0.29,6355,2024-06,11.107840162319576
2025-08-25,Home,South,1047.06,82.27,0.19,5733,2025-08,7.857238362653525
2024-06-17,Electronics,East,1262.92,89.95,0.2,4819,2024-06,7.122383048807525
2025-08-29,Clothing,South,2802.81,641.07,0.12,1629,2025-08,22.872403052650736
2024-06-29,Home,North,1776.26,158.07,0.15,3762,2024-06,8.89903505117494
2025-03-01,Office Supplies,East,1480.92,141.94,0.01,2779,2025-03,9.584582556789023
2025-08-02,Electronics,West,2161.56,496.11,0.21,2167,2025-08,22.95147948703714
2025-12-05,Home,East,4924.93,205.29,0.24,8971,2025-12,4.168384119165145
2025-03-03,Furniture,West,1571.64,384.43,0.04,8415,2025-03,24.46043623221603
2025-10-30,Furniture,South,4184.46,905.09,0.22,1114,2025-10,21.629792135663862
2024-02-13,Furniture,East,2734.92,186.64,0.09,6873,2024-02,6.824331241864479
2025-03-05,Furniture,East,4360.52,308.63,0.05,6975,2025-03,7.077825580435359
2025-12-22,Office Supplies,North,691.34,148.71,0.05,6539,2025-12,21.510400092573843
2024-07-09,Electronics,South,2464.08,339.65,0.07,6465,2024-07,13.784049219181194
2024-12-06,Electronics,East,4032.09,663.84,0.16,3788,2024-12,16.46391821611125
2025-08-22,Furniture,North,4843.18,1325.67,0.02,4642,2025-08,27.37189202135787
2024-03-31,Home,North,2521.3,467.49,0.1,5090,2024-03,18.541625352000953
2024-09-19,Clothing,East,285.73,22.09,0.19,1452,2024-09,7.731074790886501
2025-02-19,Office Supplies,South,1498.93,261.18,0.27,4605,2025-02,17.42442942632411
2025-03-17,Clothing,South,1651.57,176.64,0.13,1826,2025-03,10.695277826552916
2025-07-02,Office Supplies,West,2783.04,229.96,0.4,3180,2025-07,8.262906749453835
2024-11-14,Office Supplies,West,2763.76,235.18,0.21,6679,2024-11,8.509421946912902
2025-06-09,Clothing,East,2563.89,398.9,0.35,5193,2025-06,15.558389790513633
2025-05-26,Home,North,4733.3,568.64,0.39,5360,2025-05,12.013605729617813
2025-06-09,Home,South,4612.2,1159.05,0.13,2127,2025-06,25.130089761935736
2024-06-15,Office Supplies,South,4481.15,798.63,0.1,6157,2024-06,17.821987659417786
2024-03-03,Clothing,South,2354.08,164.66,0.14,4280,2024-03,6.994664582342147
2024-03-24,Office Supplies,East,1764.87,409.9,0.03,4852,2024-03,23.225506694544073
2024-06-13,Home,South,506.5,92.36,0.14,1282,2024-06,18.234945705824284
2024-05-04,Furniture,West,681.46,73.3,0.17,1662,2024-05,10.75631731869809
2024-09-11,Office Supplies,East,1072.82,175.58,0.27,1196,2024-09,16.366212412147426
2025-02-07,Furniture,South,2899.76,678.61,0.18,1039,2025-02,23.402281568129776
2024-12-15,Electronics,North,4012.72,831.79,0.03,5257,2024-12,20.728832313243885
2024-03-18,Electronics,South,448.06,117.31,0.07,8512,2024-03,26.18176137124492
2024-01-31,Home,North,4262.74,826.25,0.02,2070,2024-01,19.383072859240773
2024-07-28,Home,East,3169.12,699.53,0.24,8340,2024-07,22.073320038370273
2024-09-12,Home,West,2383.14,302.93,0.1,2293,2024-09,12.71138078333627
2025-03-08,Home,North,1739.86,323.4,0.11,3826,2025-03,18.587702458818526
2025-02-15,Office Supplies,South,4088.7,966.05,0.13,5231,2025-02,23.627314305280407
2024-03-08,Clothing,North,3010.4,679.85,0.19,3513,2024-03,22.583377624235982
2025-04-28,Electronics,North,4342.44,1061.44,0.11,2095,2025-04,24.44340048452023
2025-03-25,Home,North,696.87,96.56,0.2,2125,2025-03,13.856242914747371
2024-02-16,Home,East,902.54,26.1,0.32,6715,2024-02,2.8918385888714075
2024-08-22,Electronics,North,1489.85,101.15,0.24,4233,2024-08,6.7892740879954365
2025-11-14,Electronics,South,1279.38,106.26,0.17,6099,2025-11,8.305585517985275
2024-04-17,Electronics,East,4970.28,441.43,0.2,4068,2024-04,8.881390988032868
2025-12-07,Electronics,West,3397.75,295.71,0.39,7389,2025-12,8.703112353763519
2024-10-29,Clothing,North,1278.73,298.03,0.11,3452,2024-10,23.306718384647265
2024-04-30,Electronics,South,2248.59,80.82,0.38,6203,2024-04,3.5942523981695187
2024-01-07,Home,West,2678.84,250.25,0.04,8326,2024-01,9.341730002538412
2024-12-25,Home,West,3125.71,801.52,0.07,3720,2024-12,25.64281395266995
2024-03-19,Furniture,West,1778.43,409.58,0.18,2221,2024-03,23.0304257125667
2025-11-18,Furniture,East,3963.88,217.8,0.36,6685,2025-11,5.494616385965267
2024-12-30,Furniture,North,1534.85,250.46,0.14,4132,2024-12,16.318206990911165
2024-09-17,Clothing,North,4696.6,372.59,0.32,8997,2024-09,7.933185708810628
2024-08-25,Home,South,1692.41,377.24,0.06,4752,2024-08,22.290107007167293
2024-12-17,Office Supplies,East,4068.47,701.81,0.06,5704,2024-12,17.249973577290724
2025-03-27,Clothing,West,1437.58,55.14,0.37,6273,2025-03,3.835612626775554
2025-07-02,Furniture,South,4141.07,201.28,0.16,1654,2025-07,4.860579512058478
2025-05-09,Furniture,North,4218.54,517.6,0.16,5901,2025-05,12.269647792838281
2024-12-13,Electronics,East,150.42,33.55,0.17,7058,2024-12,22.304214865044543
2024-04-22,Office Supplies,West,4627.28,708.25,0.35,5327,2024-04,15.305968084922462
2024-06-13,Clothing,North,4110.94,505.08,0.2,2702,2024-06,12.286241103008072
2025-05-27,Home,West,3414.77,374.74,0.21,5858,2025-05,10.974091959341333
2025-09-03,Office Supplies,South,481.67,31.06,0.07,1884,2025-09,6.448398280980753
2024-03-09,Electronics,East,3998.64,839.67,0.25,4927,2024-03,20.99888962247164
2025-07-26,Clothing,South,3733.73,625.54,0.09,5843,2025-07,16.753755627750262
2024-02-19,Clothing,North,3419.84,594.13,0.34,1684,2024-02,17.373034995789276
2025-04-26,Electronics,West,3713.95,92.72,0.29,4554,2025-04,2.4965333405134698
2025-08-01,Office Supplies,North,4301.94,132.15,0.39,3903,2025-08,3.071869900556494
2024-12-12,Furniture,South,1734.87,337.58,0.22,5403,2024-12,19.458518505709364
2025-09-28,Home,West,1493.49,240.36,0.29,4525,2025-09,16.093847297270152
2025-11-08,Office Supplies,North,3535.91,565.58,0.32,5642,2025-11,15.995316622877848
2025-07-16,Clothing,South,4081.45,508.53,0.17,3110,2025-07,12.459542564529762
2025-09-02,Electronics,East,3943.76,368.0,0.25,7990,2025-09,9.331196624541047
2025-02-24,Clothing,East,2570.43,632.57,0.06,1216,2025-02,24.609501134051502
2025-06-09,Electronics,West,1265.21,150.98,0.33,8737,2025-06,11.933196860600216
2025-10-19,Clothing,West,2733.55,512.34,0.05,5055,2025-10,18.74266064275393
2024-10-22,Home,South,3603.58,439.31,0.19,7273,2024-10,12.190932350606897
2024-12-24,Office Supplies,West,2954.41,183.64,0.17,5135,2024-12,6.215792662494373
2025-01-29,Clothing,North,2142.08,498.96,0.03,6772,2025-01,23.293247684493576
2025-02-27,Home,North,3960.21,675.41,0.27,7731,2025-02,17.054903654099153
2025-04-21,Furniture,East,994.5,188.27,0.26,3726,2025-04,18.931121166415284
2024-05-21,Clothing,South,4201.44,609.82,0.03,3932,2024-05,14.51454739327469
2025-01-30,Clothing,East,3653.34,819.92,0.14,4273,2025-01,22.44302473900595
2024-11-02,Clothing,West,1811.58,325.51,0.37,2030,2024-11,17.96829287141611
2024-08-14,Electronics,North,2234.65,519.54,0.22,7254,2024-08,23.249278410489335
2024-08-30,Furniture,West,1722.03,229.74,0.1,6951,2024-08,13.34123098900716
2025-05-19,Furniture,North,1400.54,245.01,0.13,2764,2025-05,17.49396661287789
2024-09-07,Home,East,3972.53,285.26,0.07,2525,2024-09,7.180814241805599
2025-01-17,Home,North,3112.31,729.21,0.17,5106,2025-01,23.429863991697488
2024-02-10,Home,South,2353.47,501.96,0.02,4574,2024-02,21.328506418182513
2025-08-05,Furniture,North,927.27,153.93,0.29,6493,2025-08,16.600342942185126
2024-08-09,Home,South,4735.76,774.16,0.4,5691,2024-08,16.34711218473909
2024-01-04,Home,South,3249.18,404.16,0.18,1467,2024-01,12.438830720366372
2025-12-24,Clothing,West,3958.21,743.69,0.31,6484,2025-12,18.788543306191436
2025-09-05,Electronics,South,2783.77,566.67,0.32,4393,2025-09,20.35620758898903
2025-10-17,Office Supplies,North,1436.32,150.96,0.22,5296,2025-10,10.510192714715384
2025-10-12,Office Supplies,South,4734.29,539.53,0.32,6466,2025-10,11.396217806682733
2024-04-22,Furniture,West,1057.28,125.92,0.37,6080,2024-04,11.909806295399516
2025-05-18,Electronics,East,4153.29,575.33,0.02,3207,2025-05,13.852391718372663
2025-01-05,Home,East,1381.36,276.27,0.09,6126,2025-01,19.999855215150287
2025-03-03,Home,West,1285.81,224.94,0.35,7959,2025-03,17.49403099991445
2024-10-27,Furniture,North,1126.13,106.89,0.11,1987,2024-10,9.491799348210241
2024-01-24,Office Supplies,South,2325.44,35.41,0.39,5068,2024-01,1.522722581532957
2024-10-10,Furniture,North,1362.17,354.76,0.01,3623,2024-10,26.04373903404127
2024-09-25,Clothing,North,929.39,185.59,0.38,7073,2024-09,19.969011932557915
2024-08-21,Home,South,2031.29,359.24,0.24,3307,2024-08,17.685313273830914
2024-02-25,Office Supplies,West,2024.8,135.7,0.29,4418,2024-02,6.701896483603319
2025-10-06,Electronics,West,4122.09,241.71,0.21,2764,2025-10,5.863772988944929
2025-10-26,Clothing,East,221.88,46.55,0.25,2558,2025-10,20.9798089057148
2024-12-30,Electronics,East,2742.95,400.25,0.09,4209,2024-12,14.591953918226727
2024-05-22,Office Supplies,South,431.23,69.18,0.3,5714,2024-05,16.04248312965239
2024-04-21,Electronics,South,4190.33,947.85,0.02,4431,2024-04,22.61993685461527
2024-08-28,Electronics,North,4643.84,323.77,0.06,1529,2024-08,6.972031766813671
2025-12-25,Electronics,North,4504.78,721.7,0.37,4163,2025-12,16.020760170307984
2025-10-21,Office Supplies,North,3955.6,602.85,0.27,6536,2025-10,15.240418646981496
2024-10-15,Clothing,East,3326.52,249.39,0.08,2850,2024-10,7.497023916886116
2024-04-19,Clothing,West,1361.28,242.03,0.21,2842,2024-04,17.779589797837332
2024-10-30,Electronics,South,3888.48,482.53,0.36,1937,2024-10,12.409219026457638
2025-12-25,Office Supplies,North,3727.13,502.19,0.1,5628,2025-12,13.473906195920184
2025-12-27,Clothing,North,2553.14,414.02,0.09,3007,2025-12,16.216110358225556
2024-05-13,Furniture,South,2879.01,176.11,0.13,7953,2024-05,6.117033285747532
2024-01-01,Home,South,2018.15,259.87,0.12,8963,2024-01,12.876644451601715
2024-02-24,Clothing,East,394.67,31.02,0.36,5064,2024-02,7.859730914434844
2024-03-12,Home,West,2124.14,513.29,0.03,4568,2024-03,24.164603086425565
2025-01-02,Home,West,306.96,48.42,0.28,4405,2025-01,15.774042220484755
2025-05-05,Clothing,West,3997.09,375.74,0.21,4782,2025-05,9.400338746438033
2024-02-05,Home,West,4393.07,171.94,0.26,8737,2024-02,3.913891652079298
2024-09-22,Home,West,2605.1,457.57,0.09,3973,2024-09,17.564392921576907
2025-06-28,Office Supplies,East,3376.09,547.5,0.31,4286,2025-06,16.216984736781306
2024-02-19,Home,East,3322.52,407.99,0.04,4710,2024-02,12.279534810926647
2025-09-02,Office Supplies,North,3855.25,511.04,0.05,4371,2025-09,13.255690292458336
2024-07-04,Office Supplies,West,4734.63,288.87,0.08,7179,2024-07,6.101215934508082
2024-01-01,Home,South,3343.92,353.9,0.16,6052,2024-01,10.583387162372304
2024-05-31,Home,West,587.81,82.0,0.27,7531,2024-05,13.95008591211446
2024-09-21,Office Supplies,East,4496.93,680.21,0.2,6666,2024-09,15.12609713738039
2025-07-27,Furniture,West,4193.76,484.27,0.13,1953,2025-07,11.547394223799168
2025-05-21,Office Supplies,East,3283.76,480.03,0.16,6261,2025-05,14.618303408288059
2025-08-19,Home,North,2478.53,254.44,0.14,8919,2025-08,10.265762367209595
2025-08-23,Office Supplies,East,684.28,53.28,0.16,8111,2025-08,7.786286315543345
2025-06-08,Electronics,East,2694.04,385.71,0.0,6018,2025-06,14.317159359178037
2024-08-14,Home,North,3434.55,498.34,0.01,3406,2024-08,14.50961552459565
2024-08-19,Office Supplies,South,3751.93,873.23,0.1,7409,2024-08,23.27415490161064
2025-10-22,Home,East,4475.74,109.48,0.32,5085,2025-10,2.4460759561547367
2025-02-28,Office Supplies,East,1562.7,161.89,0.38,1537,2025-02,10.359633966852241
2025-06-29,Electronics,North,2224.61,84.98,0.23,8286,2025-06,3.8199954149266615
2025-08-05,Office Supplies,North,3175.6,635.2,0.1,8206,2025-08,20.002519208968387
2025-05-22,Home,North,2398.5,290.66,0.02,4012,2025-05,12.118407337919535
2024-05-18,Furniture,North,1785.11,274.4,0.36,7147,2024-05,15.37160175003221
2024-08-28,Furniture,South,3524.47,297.19,0.39,5228,2024-08,8.432189804424496
2024-02-29,Home,South,1559.18,276.93,0.19,4100,2024-02,17.76125912338537
2025-07-24,Furniture,West,3342.2,403.04,0.31,7249,2025-07,12.059122733528813
2025-12-29,Electronics,North,630.17,57.3,0.32,3222,2025-12,9.092784486725805
2025-10-08,Furniture,South,2729.46,184.58,0.35,6218,2025-10,6.762509800473354
2024-02-12,Furniture,West,953.29,150.98,0.35,1367,2024-02,15.837782836282768
2025-03-12,Furniture,North,2796.41,650.13,0.14,1628,2025-03,23.24873677321995
2025-09-16,Electronics,West,1511.1,112.34,0.1,3014,2025-09,7.434319369995368
2024-08-07,Electronics,West,3222.47,581.86,0.34,4907,2024-08,18.056335667981394
2025-07-15,Electronics,South,317.2,51.14,0.15,6503,2025-07,16.12232030264817
2024-10-19,Clothing,East,1630.74,197.33,0.38,3691,2024-10,12.10064142659161
2025-03-02,Electronics,West,3106.67,585.74,0.1,4367,2025-03,18.854271615588395
2024-03-30,Clothing,North,1159.83,55.34,0.18,1079,2024-03,4.771388910443773
2024-12-27,Clothing,North,1997.76,397.73,0.4,7073,2024-12,19.908797853596027
2025-08-30,Electronics,East,4417.53,259.0,0.3,1700,2025-08,5.863004891873966
2025-01-27,Office Supplies,East,4883.54,798.81,0.13,1955,2025-01,16.35719170929285
2024-12-26,Home,West,4359.64,819.03,0.33,3150,2024-12,18.78664293382022
2025-10-10,Home,East,2036.68,411.23,0.22,4328,2025-10,20.191193511008112
2024-12-26,Electronics,East,2048.72,174.57,0.01,6485,2024-12,8.520930141747042
2025-01-26,Clothing,South,1050.87,204.12,0.28,8295,2025-01,19.42390590653459
2025-11-03,Office Supplies,South,3303.84,430.24,0.02,2099,2025-11,13.022422393336239
2024-03-28,Office Supplies,North,3944.29,718.34,0.34,8027,2024-03,18.212149715157864
2025-04-13,Furniture,East,3413.17,336.2,0.12,2274,2025-04,9.850080716753046
2025-10-04,Home,West,4942.21,778.59,0.14,8479,2025-10,15.753883384154053
2024-08-31,Furniture,East,4380.52,280.54,0.25,2948,2024-08,6.404262507647494
2025-02-05,Furniture,South,4110.02,755.28,0.11,6075,2025-02,18.376552912151276
2024-02-29,Office Supplies,East,4010.94,122.27,0.32,1986,2024-02,3.0484125915620774
2025-03-08,Home,West,3680.13,348.34,0.27,2810,2025-03,9.465426493085841
2025-03-29,Clothing,East,4524.14,324.17,0.31,1372,2025-03,7.165339710972693
2024-04-25,Furniture,West,895.75,107.13,0.14,5315,2024-04,11.959810214903712
2025-08-10,Electronics,East,2838.66,237.87,0.32,2943,2025-08,8.379658007651498
2024-05-31,Office Supplies,North,4335.85,347.93,0.09,1395,2024-05,8.024493467255555
2025-04-09,Home,East,4979.42,422.29,0.34,6136,2025-04,8.480706588317515
2024-05-16,Office Supplies,East,1216.05,145.49,0.25,1757,2024-05,11.964146211093295
2024-10-09,Office Supplies,South,1270.46,198.55,0.34,7348,2024-10,15.62819766068983
2024-08-27,Furniture,East,2565.73,233.66,0.12,2571,2024-08,9.106959812606938
2024-10-07,Electronics,West,4150.78,549.88,0.05,4786,2024-10,13.247630565821364
2024-08-04,Home,North,1345.67,187.97,0.26,5415,2024-08,13.968506394584109
2024-04-23,Home,East,3195.7,625.95,0.09,1675,2024-04,19.587257877773258
2025-10-31,Furniture,South,4072.96,569.65,0.14,6985,2025-10,13.98614275612822
2024-08-25,Office Supplies,North,2994.92,458.94,0.22,1625,2024-08,15.323948552882882
2025-04-16,Electronics,East,753.29,106.77,0.09,1679,2025-04,14.17382415802679
2025-03-29,Office Supplies,South,4262.11,503.77,0.12,3659,2025-03,11.819732479921917
2025-05-29,Home,East,4911.79,853.49,0.18,6213,2025-05,17.37635363075376
2024-06-19,Clothing,South,1517.04,197.31,0.27,8752,2024-06,13.006249011232402
2025-10-11,Home,South,1227.58,257.77,0.02,7428,2025-10,20.998224148324347
2025-12-10,Office Supplies,South,3061.37,560.15,0.37,1629,2025-12,18.297363598650275
2025-03-02,Clothing,North,1593.06,418.1,0.07,2643,2025-03,26.245088069501467
2025-12-06,Home,South,2295.14,257.22,0.02,1678,2025-12,11.207159476110391
2024-12-12,Furniture,West,301.16,49.69,0.11,3828,2024-12,16.499535130827464
2025-08-16,Office Supplies,North,1791.32,444.31,0.1,4124,2025-08,24.803496862648775
2024-04-25,Clothing,East,4584.15,988.82,0.2,1638,2024-04,21.570411090387534
2025-09-24,Electronics,South,615.44,38.88,0.26,2049,2025-09,6.317431431171194
2024-05-04,Home,East,3758.51,331.22,0.22,8309,2024-05,8.81253475446387
2025-12-03,Furniture,West,2716.12,364.85,0.16,7597,2025-12,13.43276438448964
2024-02-03,Home,South,2581.73,349.19,0.27,7268,2024-02,13.525426748730501
2024-06-13,Furniture,South,1223.09,249.23,0.35,7833,2024-06,20.377077729357612
2025-09-17,Electronics,West,2881.82,349.55,0.17,1242,2025-09,12.129487615465226
2025-08-05,Office Supplies,East,939.24,172.58,0.17,8219,2025-08,18.374430390528513
2025-12-04,Electronics,North,3897.73,907.01,0.15,7377,2025-12,23.270211122884348
2024-11-24,Home,West,506.35,13.33,0.22,2895,2024-11,2.632566406635726
2025-12-25,Electronics,South,4661.98,432.42,0.09,6697,2025-12,9.275458067173178
2025-08-13,Home,South,4627.75,326.71,0.06,5814,2025-08,7.0598022797255675
2025-11-15,Furniture,North,1824.3,192.92,0.38,3254,2025-11,10.575015074275065
2025-09-09,Clothing,South,981.08,68.95,0.16,2659,2025-09,7.02796917682554
2024-07-13,Office Supplies,North,1020.44,165.06,0.25,7114,2024-07,16.175375328289757
2025-11-11,Clothing,East,2103.2,105.34,0.38,4563,2025-11,5.008558387219476
2025-10-21,Clothing,South,1233.19,81.76,0.09,1923,2025-10,6.629959698018959
2025-01-05,Home,East,3438.39,430.85,0.16,7043,2025-01,12.530573902320564
2024-05-27,Electronics,North,1618.44,392.73,0.11,7363,2024-05,24.265959813153408
2024-04-07,Clothing,North,286.01,20.04,0.04,3104,2024-04,7.006748015803643
2025-01-09,Clothing,South,2885.67,537.36,0.31,3543,2025-01,18.621671916747236
2025-12-16,Office Supplies,North,2461.33,384.38,0.38,8222,2025-12,15.616760044366258
2025-01-18,Home,South,2807.49,476.72,0.25,2006,2025-01,16.980292004601978
2024-01-28,Furniture,North,1035.26,178.06,0.37,6038,2024-01,17.19954407588432
2025-09-29,Clothing,West,1491.82,383.61,0.09,7233,2025-09,25.714228258100846
2025-07-21,Electronics,East,2751.7,109.0,0.16,4342,2025-07,3.9611876294654214
2025-11-09,Furniture,East,962.85,181.93,0.12,2580,2025-11,18.894947291893857
2025-12-17,Office Supplies,West,2913.38,85.71,0.39,3453,2025-12,2.941943721725281
2024-10-16,Home,West,3135.0,228.17,0.16,4469,2024-10,7.278149920255183
2024-02-01,Clothing,West,1178.24,105.68,0.19,6091,2024-02,8.969310157523086
2025-09-23,Home,West,4865.24,1078.94,0.08,5148,2025-09,22.17650105647409
2025-04-04,Office Supplies,East,4264.02,154.65,0.22,2779,2025-04,3.626859161073353
2024-05-11,Home,West,717.03,87.77,0.05,5411,2024-05,12.240770957979443
2025-11-17,Office Supplies,East,2042.67,284.93,0.18,3948,2025-11,13.948900213935683
2025-06-01,Clothing,West,3834.72,976.82,0.11,4444,2025-06,25.47304627195728
2024-10-18,Home,North,3153.91,322.29,0.15,8911,2024-10,10.21874435224848
2024-05-10,Clothing,North,1348.8,125.82,0.05,4310,2024-05,9.328291814946619
2025-08-28,Electronics,South,3136.5,258.56,0.24,1233,2025-08,8.243583612306711
2024-06-14,Office Supplies,South,1228.16,99.2,0.26,4035,2024-06,8.077123501823866
2025-09-04,Office Supplies,South,1285.88,175.98,0.27,5364,2025-09,13.685569415497556
2025-12-07,Clothing,North,2413.98,315.9,0.15,5056,2025-12,13.086272462903587
2025-12-02,Office Supplies,East,1582.04,124.78,0.32,4384,2025-12,7.887284771560769
2025-04-28,Clothing,West,1411.72,237.22,0.37,4747,2025-04,16.803615447822516
2024-08-22,Clothing,South,1927.49,11.42,0.36,6661,2024-08,0.5924803760330792
2024-07-17,Clothing,East,2749.64,442.02,0.38,1171,2024-07,16.07555898226677
2025-12-18,Office Supplies,South,3082.98,95.29,0.29,3538,2025-12,3.0908406801211816
2024-09-02,Clothing,West,4301.83,855.81,0.34,2539,2024-09,19.89409158427925
2024-05-13,Home,North,256.25,17.36,0.15,4118,2024-05,6.774634146341462
2025-11-07,Clothing,East,2664.74,639.46,0.15,3645,2025-11,23.997087896004867
2024-12-14,Office Supplies,East,1549.82,318.28,0.11,2245,2024-12,20.536578441367386
2024-12-11,Home,South,586.39,130.93,0.28,8312,2024-12,22.328143385801262
2025-01-18,Office Supplies,East,3502.19,355.87,0.12,7693,2025-01,10.161356179990234
2024-05-18,Home,East,4177.48,494.66,0.34,3085,2024-05,11.841109951453989
2025-09-27,Clothing,South,1614.82,343.71,0.05,5272,2025-09,21.284725232533656
2025-03-28,Clothing,West,2689.69,524.43,0.35,8897,2025-03,19.49778599020705
2025-11-26,Office Supplies,West,4331.53,1151.69,0.03,1096,2025-11,26.588526456009774
2024-07-19,Furniture,South,1762.73,196.08,0.24,5427,2024-07,11.123654785474804
2024-08-01,Home,West,3839.3,866.91,0.13,7612,2024-08,22.579897377126038
2025-05-08,Furniture,West,2509.12,458.01,0.25,4918,2025-05,18.253810100752453
2024-03-11,Clothing,East,3260.88,89.37,0.39,5761,2024-03,2.7406712298520644
2024-12-07,Office Supplies,North,2017.32,189.52,0.1,3685,2024-12,9.394642396843338
2025-10-13,Home,South,609.75,36.55,0.37,3080,2025-10,5.994259942599426
2024-06-06,Clothing,East,4231.75,890.42,0.34,7857,2024-06,21.041413126956932
2025-03-26,Office Supplies,East,1172.8,154.19,0.26,7124,2025-03,13.147169167803547
2024-06-23,Office Supplies,North,482.43,64.06,0.06,8003,2024-06,13.278610368343594
2024-10-25,Clothing,East,3413.28,766.35,0.23,4593,2024-10,22.45201096892139
2024-03-03,Electronics,West,4365.84,1120.95,0.08,2305,2024-03,25.67547138694959
2025-12-23,Electronics,East,2735.31,389.29,0.28,3436,2025-12,14.232024889317849
2025-07-27,Clothing,West,3230.94,229.5,0.2,8089,2025-07,7.103195973927093
2025-06-18,Furniture,East,3090.55,461.74,0.2,1384,2025-06,14.94038277976412
2024-06-04,Electronics,West,3935.21,548.57,0.15,3236,2024-06,13.940043860429304
2024-01-21,Clothing,North,2792.29,215.02,0.25,8010,2024-01,7.700489562330561
2025-01-17,Clothing,North,1489.24,143.96,0.28,7117,2025-01,9.666675619779216
2025-11-22,Office Supplies,East,2385.32,406.04,0.29,6416,2025-11,17.02245401036339
2025-03-22,Office Supplies,South,2461.48,187.96,0.13,3403,2025-03,7.636056356338464
2025-09-29,Electronics,South,1299.42,147.79,0.15,3341,2025-09,11.373535885241107
2025-04-01,Home,East,1183.88,84.31,0.36,1177,2025-04,7.12149880055411
2025-11-13,Electronics,East,4045.61,412.01,0.26,2049,2025-11,10.18412550888494
2024-12-20,Office Supplies,North,3839.83,604.6,0.26,4335,2024-12,15.7454887325741
2024-06-02,Office Supplies,West,2424.37,540.47,0.01,3244,2024-06,22.293214319596434
2025-09-11,Clothing,South,3629.57,344.04,0.32,5365,2025-09,9.478808784511664
2024-02-14,Office Supplies,West,4380.69,373.23,0.39,8859,2024-02,8.519890702149663
2024-02-20,Clothing,South,1950.52,53.36,0.29,5956,2024-02,2.735680741545844
2025-07-09,Office Supplies,North,1550.46,183.72,0.31,4745,2025-07,11.849386633644208
2025-05-08,Electronics,West,4847.48,266.93,0.37,8122,2025-05,5.506572487147962
2025-07-01,Furniture,East,4933.08,1118.47,0.09,2165,2025-07,22.67285347085391
2024-10-08,Furniture,North,2963.77,288.67,0.29,4689,2024-10,9.739959578509803
2024-11-25,Electronics,South,2099.99,297.77,0.37,3037,2024-11,14.179591331387293
2025-09-21,Home,North,663.42,34.71,0.23,6641,2025-09,5.231979741340328
2024-06-04,Office Supplies,South,4291.76,854.74,0.11,1788,2024-06,19.91583872350737
2024-12-06,Home,West,3319.65,288.6,0.11,2884,2024-12,8.693687587546881
2024-02-08,Clothing,East,4157.14,446.29,0.21,6039,2024-02,10.735505660141346
2024-10-08,Furniture,South,2712.08,650.89,0.14,3702,2024-10,23.99966077696823
2025-07-24,Office Supplies,South,2507.21,348.6,0.07,4165,2025-07,13.903901149086037
2024-11-18,Electronics,East,3179.01,147.95,0.24,8583,2024-11,4.6539645990418395
2024-03-20,Electronics,East,4498.27,677.52,0.13,8716,2024-03,15.06179042165099
2024-01-28,Home,West,2243.54,111.96,0.13,6125,2024-01,4.990327785553188
2024-12-04,Furniture,West,3747.69,774.43,0.23,7781,2024-12,20.66419581128642
2025-08-25,Clothing,East,2659.02,204.71,0.21,8596,2025-08,7.698701025189732
2024-05-21,Office Supplies,South,3433.18,744.67,0.06,3546,2024-05,21.690386172586347
2025-12-17,Office Supplies,East,3503.41,338.61,0.22,8130,2025-12,9.665154806317275
2024-02-26,Electronics,South,2510.57,319.29,0.12,4437,2024-02,12.717829018908056
2024-06-10,Electronics,West,1642.55,326.77,0.29,4799,2024-06,19.89406715168488
2024-09-18,Furniture,West,4711.58,602.72,0.29,2997,2024-09,12.792311708598813
2024-12-09,Home,East,715.11,112.2,0.01,3520,2024-12,15.689893862482695
2024-11-13,Clothing,North,846.26,155.1,0.06,1501,2024-11,18.327700706638623
2024-03-27,Home,South,2634.47,516.23,0.31,7936,2024-03,19.59521269932852
2024-03-04,Electronics,West,2066.85,-11.27,0.4,3956,2024-03,-0.5452742095459274
2024-06-17,Clothing,West,4111.83,511.64,0.21,5962,2024-06,12.443121432549498
2024-06-04,Electronics,North,2116.87,327.93,0.35,4327,2024-06,15.491267767978195
2025-07-27,Furniture,West,4027.08,820.19,0.05,6095,2025-07,20.366866315047133
2025-02-27,Furniture,South,1640.26,149.21,0.22,5864,2025-02,9.096728567422238
2024-11-09,Clothing,South,431.7,26.68,0.39,5351,2024-11,6.180217743803568
2025-11-09,Furniture,West,2800.5,488.3,0.12,3194,2025-11,17.436172112122836
2024-11-07,Electronics,East,1816.61,165.49,0.2,8050,2024-11,9.109825444096423
2024-12-12,Furniture,North,552.84,74.38,0.22,6910,2024-12,13.454163953404239
2025-11-12,Clothing,South,3163.73,118.48,0.27,1811,2025-11,3.7449466294532088
2025-11-25,Office Supplies,West,3078.63,133.15,0.16,6353,2025-11,4.324975719719486
2024-05-16,Home,South,1729.61,347.48,0.23,2381,2024-05,20.090078110094186
2025-12-05,Home,South,3887.08,588.38,0.02,1596,2025-12,15.136812208650193
2025-04-02,Clothing,West,838.78,117.15,0.09,4467,2025-04,13.966713560170726
2024-04-20,Furniture,West,4896.06,491.17,0.23,1124,2024-04,10.031944052973206
2025-08-15,Electronics,East,3075.28,297.02,0.05,1355,2025-08,9.658307536224342
2024-09-27,Home,West,1061.06,48.8,0.38,7755,2024-09,4.5991744104951655
2024-07-31,Home,West,4499.29,520.4,0.2,7458,2024-07,11.566269344718833
2025-04-14,Home,South,3361.44,428.8,0.31,1875,2025-04,12.756437717168833
2024-04-18,Clothing,North,2725.89,261.73,0.22,8989,2024-04,9.601634695457264
2024-11-10,Clothing,North,1602.66,368.46,0.2,7371,2024-11,22.990528246789708
2025-10-31,Clothing,West,2090.5,443.66,0.13,3148,2025-10,21.222674001435067
2024-05-18,Clothing,East,2818.26,263.4,0.35,2034,2024-05,9.346192331438544
2024-09-27,Electronics,South,464.85,82.32,0.07,8716,2024-09,17.70893836721523
2025-08-30,Electronics,East,2155.32,356.07,0.28,2783,2025-08,16.520516675018094
2024-02-05,Electronics,South,4301.35,440.97,0.22,3074,2024-02,10.251897660036965
2024-07-24,Furniture,West,508.55,43.08,0.26,6311,2024-07,8.471143447055352
2025-07-29,Home,South,4191.31,407.03,0.05,1573,2025-07,9.711283584368609
2024-08-07,Home,West,2306.15,138.58,0.24,2362,2024-08,6.009149448214557
2025-06-14,Furniture,West,1386.57,169.68,0.37,3511,2025-06,12.237391548930095
2024-07-02,Furniture,South,2838.16,618.48,0.13,2027,2024-07,21.791583279307723
2025-02-07,Home,East,2991.46,172.13,0.23,5249,2025-02,5.754046519091012
2025-12-15,Office Supplies,North,904.85,116.38,0.17,2682,2025-12,12.861800298391998
2024-07-06,Furniture,South,205.46,35.0,0.4,8629,2024-07,17.03494597488562
2025-11-18,Furniture,West,318.9,40.21,0.06,8748,2025-11,12.608968328629667
2024-09-25,Office Supplies,East,1153.85,201.36,0.27,5343,2024-09,17.451141829527238
2025-09-26,Furniture,South,4735.73,727.49,0.21,5861,2025-09,15.361728814776182
2025-06-07,Clothing,West,3477.01,937.69,0.04,8642,2025-06,26.968285969841904
2024-01-17,Home,East,4915.57,918.0,0.35,1784,2024-01,18.675351993766746
2025-08-27,Home,South,3552.24,556.43,0.05,6829,2025-08,15.664200617075421
2024-03-10,Electronics,North,2715.14,275.39,0.11,7184,2024-03,10.142755069720161
2025-07-10,Clothing,East,1444.86,214.42,0.0,4980,2025-07,14.84019212934125
2024-01-03,Office Supplies,East,1110.23,202.1,0.11,7829,2024-01,18.2034353242121
2025-04-29,Office Supplies,South,1974.3,359.57,0.36,6048,2025-04,18.212531023653952
2025-10-24,Electronics,South,2406.04,489.98,0.18,7869,2025-10,20.364582467456902
2024-06-28,Home,South,4725.85,570.1,0.29,2103,2024-06,12.063438323264597
2025-12-05,Clothing,West,3438.67,559.85,0.28,6924,2025-12,16.281003992822807
2024-02-26,Furniture,East,2108.26,158.8,0.28,2280,2024-02,7.532277802548072
2024-09-03,Office Supplies,South,2733.35,430.32,0.05,6154,2024-09,15.743318638300984
2024-08-01,Electronics,East,1856.25,346.9,0.15,8640,2024-08,18.688215488215487
2025-02-10,Electronics,South,1199.29,183.08,0.26,1757,2025-02,15.265698871832504
2024-11-16,Furniture,East,4325.3,974.71,0.27,5503,2024-11,22.53508427161122
2024-06-08,Furniture,East,3856.28,297.17,0.12,6653,2024-06,7.70613129751989
2025-10-22,Office Supplies,West,796.05,106.74,0.1,5449,2025-10,13.408705483323914
2024-12-26,Furniture,East,1091.41,80.8,0.18,6952,2024-12,7.4032673330828915
2024-11-11,Electronics,North,1069.47,146.04,0.03,5489,2024-11,13.655362001739176
2025-01-11,Home,South,4531.32,493.02,0.31,7445,2025-01,10.880273297846985
2024-09-20,Electronics,West,2548.75,177.36,0.03,3851,2024-09,6.9587052476704265
2024-09-19,Furniture,West,4551.9,759.5,0.09,1779,2024-09,16.685340187613964
2024-11-07,Clothing,North,2863.01,268.48,0.04,2081,2024-11,9.377543215007982
2024-05-12,Clothing,West,4534.19,464.92,0.19,2881,2024-05,10.253650596909262
2024-05-18,Furniture,West,4404.58,329.57,0.08,6456,2024-05,7.482438734226646
2024-10-01,Furniture,South,1558.82,181.77,0.06,3080,2024-10,11.660743382815207
2025-08-15,Electronics,South,3341.68,717.86,0.23,3807,2025-08,21.48200904934045
2025-04-17,Home,East,2400.84,236.64,0.19,2249,2025-04,9.856550207427398
2025-06-30,Furniture,East,2430.91,306.88,0.21,5144,2025-06,12.624079048586745
2025-03-03,Electronics,West,1531.1,199.85,0.33,8643,2025-03,13.052707203971
2024-12-05,Office Supplies,North,1772.16,118.75,0.21,1202,2024-12,6.70086222462983
2024-05-09,Furniture,West,2180.74,86.77,0.33,4299,2024-05,3.978924585232536
2025-11-09,Office Supplies,South,3195.85,320.7,0.29,1611,2025-11,10.034888996667553
2025-02-04,Furniture,North,1150.91,94.68,0.04,7230,2025-02,8.226533786308226
2024-08-07,Furniture,East,4564.73,778.11,0.25,8482,2024-08,17.046134163466405
2025-05-11,Electronics,West,2522.66,401.91,0.19,2207,2025-05,15.931992420698787
2025-02-11,Furniture,West,3654.22,82.39,0.31,8149,2025-02,2.2546535238710317
2024-02-10,Home,South,407.52,49.0,0.05,8845,2024-02,12.023949744797802
2025-12-02,Home,West,3517.41,782.3,0.12,6657,2025-12,22.24079649514842
2024-10-22,Furniture,West,3316.85,421.42,0.09,3034,2024-10,12.70542834315691
2025-07-10,Office Supplies,South,4392.24,912.08,0.33,1943,2025-07,20.76571407755496
2024-09-30,Home,West,872.48,153.73,0.29,3505,2024-09,17.619888134971575
2025-04-30,Furniture,North,1292.29,187.65,0.4,5796,2025-04,14.520734510055794
2024-09-06,Furniture,South,2155.27,418.63,0.22,1793,2024-09,19.42355250154273
2024-03-05,Office Supplies,South,4640.19,212.94,0.29,5863,2024-03,4.58903622480976
2024-09-23,Home,West,4498.14,626.86,0.05,4373,2024-09,13.935982428292581
2024-07-24,Home,West,1807.9,451.17,0.06,5194,2024-07,24.95547320095138
2025-10-03,Electronics,North,3989.79,722.82,0.35,8290,2025-10,18.11674298647297
2025-07-03,Furniture,North,3877.7,261.85,0.26,8214,2025-07,6.75271423782139
2025-06-07,Clothing,West,3989.08,725.13,0.28,1360,2025-06,18.17787560038906
2025-05-04,Office Supplies,West,3368.7,385.44,0.27,5168,2025-05,11.44180247573248
2024-02-03,Office Supplies,North,4081.26,833.51,0.18,8451,2024-02,20.422859607082124
2024-03-25,Clothing,West,2016.15,368.62,0.08,5192,2024-03,18.283361853036727
2024-05-30,Office Supplies,West,2430.68,395.19,0.06,7983,2024-05,16.2584132835256
2025-10-06,Furniture,North,3936.18,556.27,0.2,7149,2025-10,14.13222972526663
2024-03-10,Furniture,South,2998.74,513.99,0.27,4225,2024-03,17.140198883531085
2025-04-01,Furniture,East,873.0,166.99,0.24,7259,2025-04,19.128293241695303
2025-04-04,Office Supplies,South,3544.36,41.22,0.36,4596,2025-04,1.1629744156914084
2025-07-31,Furniture,North,281.78,68.98,0.07,5023,2025-07,24.48009085101853
2024-12-01,Clothing,East,3225.45,588.6,0.11,1267,2024-12,18.248616472120172
2024-02-08,Furniture,South,1264.99,96.41,0.34,1411,2024-02,7.621404121771713
2025-07-07,Home,South,4344.15,533.51,0.08,1796,2025-07,12.281113681617809
2025-03-03,Furniture,North,3575.7,383.79,0.2,6719,2025-03,10.733282993539728
2024-05-10,Electronics,West,3679.51,174.91,0.26,2998,2024-05,4.753622085549434
2024-01-19,Office Supplies,South,187.19,30.03,0.14,7299,2024-01,16.042523639083285
2025-12-07,Clothing,South,4076.51,44.06,0.33,7694,2025-12,1.0808264912878909
2024-11-21,Office Supplies,South,497.11,1.07,0.36,1895,2024-11,0.21524411096135668
2025-12-19,Office Supplies,East,2297.12,273.1,0.32,2239,2025-12,11.888799888556106
2024-12-25,Furniture,South,4570.28,513.24,0.03,5779,2024-12,11.229946524064172
2024-11-12,Office Supplies,East,2128.18,396.06,0.09,7281,2024-11,18.6102679284647
2024-07-19,Furniture,East,1037.2,105.2,0.16,4882,2024-07,10.142691862707288
2024-11-19,Clothing,East,3803.14,220.44,0.18,3569,2024-11,5.796263087869497
2024-06-30,Clothing,East,1143.75,173.91,0.15,8142,2024-06,15.205245901639344
2024-12-09,Electronics,West,3586.33,594.82,0.01,5034,2024-12,16.58575758505213
2025-07-27,Electronics,West,2235.38,41.11,0.39,1014,2025-07,1.839060920290957
2025-03-01,Home,East,2377.41,313.12,0.31,8632,2025-03,13.170635271156428
2025-02-24,Home,West,3769.05,914.04,0.11,1572,2025-02,24.251203884267916
2024-05-28,Electronics,West,3763.06,740.62,0.22,1115,2024-05,19.681323178477093
2025-01-27,Electronics,North,3278.9,408.79,0.13,3737,2025-01,12.467290859739547
2025-01-01,Clothing,East,3532.94,668.17,0.0,8070,2025-01,18.912577060465217
2025-08-06,Furniture,West,4804.26,575.07,0.18,7563,2025-08,11.970001623559092
2024-01-13,Home,South,2589.27,224.33,0.24,6451,2024-01,8.66383189084182
2025-12-30,Office Supplies,North,4027.88,167.69,0.32,5209,2025-12,4.163232271070638
2025-11-25,Furniture,East,853.92,177.49,0.12,2466,2025-11,20.785319467865847
2025-08-05,Home,South,2203.23,480.17,0.12,6082,2025-08,21.79391166605393
2024-02-05,Office Supplies,West,460.63,68.09,0.08,6738,2024-02,14.78192909710614
2024-11-07,Office Supplies,East,257.08,20.65,0.4,7292,2024-11,8.03251906021472
2025-11-01,Clothing,West,3296.58,421.26,0.14,1972,2025-11,12.778697923302332
2025-03-24,Home,North,452.64,100.59,0.01,4257,2025-03,22.222958642629905
2025-04-30,Home,South,3269.16,690.1,0.02,8850,2025-04,21.109398132853702
2025-01-22,Electronics,North,3390.42,265.35,0.22,3606,2025-01,7.8264639779142415
2025-09-10,Office Supplies,West,1930.63,111.18,0.38,5787,2025-09,5.7587419650580385
2024-11-16,Electronics,West,1145.94,122.57,0.27,1205,2024-11,10.69602247936192
2024-07-10,Clothing,East,3929.08,567.45,0.05,2675,2024-07,14.442312195221273
2025-02-08,Home,North,3007.01,707.85,0.11,2269,2025-02,23.539994878633593
2025-11-13,Electronics,North,1549.69,222.18,0.26,3728,2025-11,14.337060960579212
2025-06-21,Clothing,South,2327.84,462.49,0.36,5412,2025-06,19.867774417485737
2025-11-26,Clothing,South,4458.36,102.59,0.35,7604,2025-11,2.3010703487381012
2025-04-04,Clothing,East,3281.29,124.8,0.17,5785,2025-04,3.8033822063883416
2024-02-15,Electronics,South,2130.08,515.47,0.06,6423,2024-02,24.199560579884324
2024-04-07,Office Supplies,East,559.63,46.1,0.33,1453,2024-04,8.237585547593946
2025-01-27,Electronics,East,3659.31,889.14,0.16,1427,2025-01,24.298023397853694
2025-12-12,Home,East,4236.16,695.13,0.08,5779,2025-12,16.409436848466534
2024-03-25,Electronics,East,4506.53,284.08,0.06,2280,2024-03,6.30374145961527
2024-11-26,Clothing,South,2897.76,486.77,0.29,8083,2024-11,16.798147534647452
2024-07-17,Clothing,South,3217.48,760.83,0.17,7638,2024-07,23.646767035070926
2025-04-26,Furniture,East,4901.42,643.16,0.24,4920,2025-04,13.121911609288736
2024-12-22,Furniture,East,957.84,212.38,0.0,4859,2024-12,22.172805478994402
2024-03-11,Home,North,3394.74,670.85,0.16,1886,2024-03,19.761454485468697
2025-07-02,Clothing,West,3845.45,836.92,0.11,3692,2025-07,21.76390279421134
2024-07-03,Home,West,2510.12,481.81,0.27,2932,2024-07,19.194699854987014
2025-05-04,Home,West,2056.15,95.43,0.34,8323,2025-05,4.641198356151059
2025-01-09,Office Supplies,East,1364.49,251.75,0.16,4596,2025-01,18.45011689349134
2025-11-27,Furniture,North,2109.92,489.36,0.04,8935,2025-11,23.1932964283006
2024-12-27,Electronics,West,4948.82,897.02,0.4,7196,2024-12,18.125937092074476
2025-07-31,Home,East,1363.91,212.21,0.26,6975,2025-07,15.558944505135969
2025-12-24,Furniture,South,2593.37,488.13,0.34,4469,2025-12,18.822227449226297
2024-03-30,Home,North,1462.86,209.65,0.12,3757,2024-03,14.33151497750981
2025-12-25,Clothing,North,554.43,29.72,0.28,3380,2025-12,5.3604602925527125
2025-11-09,Furniture,West,4554.52,991.0,0.18,5493,2025-11,21.75860463890816
2024-06-04,Furniture,North,921.08,73.45,0.33,2060,2024-06,7.974334476918401
2024-06-25,Home,West,249.13,28.06,0.27,2544,2024-06,11.26319592180789
2024-09-23,Office Supplies,South,1040.91,147.94,0.36,7522,2024-09,14.212564006494317
2025-10-26,Clothing,West,2934.98,313.32,0.02,2504,2025-10,10.675370871351763
2025-06-30,Furniture,West,4337.58,571.5,0.4,3058,2025-06,13.175549499951586
2025-06-15,Electronics,South,4166.15,600.94,0.29,4260,2025-06,14.424348619228786
2024-06-28,Office Supplies,South,4204.61,267.67,0.08,1483,2024-06,6.366107677049715
2025-01-24,Electronics,East,812.4,110.55,0.38,8238,2025-01,13.607828655834563
2025-09-22,Office Supplies,East,2869.98,546.09,0.15,6402,2025-09,19.027658729329126
2025-02-28,Clothing,North,2268.85,241.38,0.03,6974,2025-02,10.63886991206999
2024-10-18,Office Supplies,East,642.82,-2.43,0.38,6958,2024-10,-0.3780218412619396
2025-11-03,Clothing,East,1132.6,61.71,0.13,2559,2025-11,5.448525516510684
2024-08-22,Office Supplies,East,4446.38,885.53,0.01,8210,2024-08,19.915751690138944
2024-11-10,Electronics,West,2213.39,576.78,0.05,4104,2024-11,26.058670184648886
2025-07-08,Office Supplies,East,925.8,197.65,0.06,3254,2025-07,21.34910347807302
2024-02-14,Clothing,South,2544.12,601.69,0.06,6696,2024-02,23.650220901529806
2024-11-19,Office Supplies,East,2759.99,521.27,0.1,7513,2024-11,18.886662632835627
2025-12-17,Clothing,West,4774.25,826.34,0.37,2282,2025-12,17.30826831439493
2025-09-11,Furniture,East,3225.14,712.76,0.23,1621,2025-09,22.100125886008048
2024-01-07,Home,South,535.94,95.99,0.31,3268,2024-01,17.910587006008132
2025-12-08,Office Supplies,South,1434.52,166.65,0.26,6539,2025-12,11.617126286144495
2024-03-16,Clothing,West,4238.24,567.96,0.24,1916,2024-03,13.40084563403677
2024-08-13,Furniture,South,1411.31,275.03,0.01,1040,2024-08,19.487568287619304
2024-12-08,Furniture,West,1800.29,129.89,0.02,7060,2024-12,7.214948702709008
2024-11-01,Electronics,West,3800.21,612.68,0.3,2423,2024-11,16.122266927354012
2024-05-07,Clothing,East,4168.97,138.14,0.22,5606,2024-05,3.31352828156595
2025-03-01,Office Supplies,North,2662.85,270.29,0.14,4484,2025-03,10.150402763955913
2025-04-30,Home,South,1427.42,313.76,0.2,4094,2025-04,21.980916618794748
2025-02-19,Home,West,1373.6,70.4,0.4,7982,2025-02,5.125218404193362
2025-09-12,Office Supplies,West,1028.52,85.92,0.15,3306,2025-09,8.353751020884378
2025-02-11,Office Supplies,West,453.18,96.41,0.12,4746,2025-02,21.27410741868573
2025-03-17,Electronics,South,3129.47,309.59,0.17,5931,2025-03,9.892729439809296
2024-04-02,Clothing,East,2769.31,397.02,0.02,8868,2024-04,14.336423152337584
2024-06-15,Furniture,North,3192.35,673.91,0.21,2208,2024-06,21.110153961814966
2025-01-21,Furniture,West,2722.09,567.08,0.33,8507,2025-01,20.832522069439293
2025-06-06,Clothing,North,2562.16,420.24,0.38,3210,2025-06,16.401785993068348
2025-03-04,Electronics,West,677.61,100.21,0.24,1452,2025-03,14.788742787148948
2025-10-11,Electronics,South,3406.05,391.29,0.34,5182,2025-10,11.488087373937553
2024-05-02,Clothing,South,484.55,57.83,0.03,5405,2024-05,11.934784851924466
2025-11-17,Office Supplies,South,159.0,26.53,0.05,5327,2025-11,16.68553459119497
2025-12-18,Home,West,4858.96,450.32,0.08,3079,2025-12,9.267826860068821
2024-10-30,Furniture,North,4035.41,816.76,0.05,3350,2024-10,20.23982693208373
2024-02-01,Electronics,West,1791.06,163.4,0.28,1563,2024-02,9.123089120409142
2024-01-16,Office Supplies,North,3067.47,546.2,0.37,1673,2024-01,17.806205113660447
2025-01-17,Clothing,South,3664.91,77.94,0.3,7505,2025-01,2.126655224821346
2024-09-07,Electronics,East,1101.68,177.25,0.1,5747,2024-09,16.089063975019968
2024-04-16,Office Supplies,North,3865.72,169.01,0.17,7152,2024-04,4.3720186666390735
2024-08-24,Clothing,East,2080.32,154.29,0.22,2514,2024-08,7.41664743885556
2025-03-26,Office Supplies,South,4762.98,199.37,0.34,5790,2025-03,4.185824840750959
2024-06-22,Furniture,West,4660.89,718.58,0.36,5309,2024-06,15.417227181933063
2025-02-06,Electronics,North,792.92,149.71,0.01,1376,2025-02,18.880845482520307
2024-04-21,Electronics,South,4945.54,514.53,0.4,7913,2024-04,10.403919491097028
2024-07-22,Electronics,South,1496.8,134.71,0.01,6435,2024-07,8.99986638161411
2025-03-21,Electronics,West,4829.27,977.76,0.16,7987,2025-03,20.24653829667838
2025-05-15,Clothing,East,3194.91,449.45,0.36,6209,2025-05,14.067688917684693
2025-06-17,Electronics,West,3599.67,371.85,0.08,3963,2025-06,10.330113593746095
2024-09-15,Office Supplies,West,4676.35,1083.11,0.1,5043,2024-09,23.16144001197515
2025-03-01,Furniture,South,4759.6,622.27,0.06,6254,2025-03,13.073997814942432
2025-02-02,Furniture,East,2666.23,435.5,0.32,7768,2025-02,16.33392468016638
2024-02-24,Electronics,South,873.77,171.87,0.12,8836,2024-02,19.669936024354236
2025-11-14,Clothing,West,1175.72,119.81,0.38,8093,2025-11,10.190351444221413
2025-02-12,Office Supplies,West,4004.06,658.64,0.3,4657,2025-02,16.44930395648417
2024-01-26,Office Supplies,South,933.01,51.15,0.31,1841,2024-01,5.48225635309375
2025-10-02,Furniture,North,2197.59,102.68,0.12,4053,2025-10,4.672391119362575
2025-05-05,Electronics,East,2377.04,155.29,0.24,1480,2025-05,6.532914885740249
2024-11-03,Furniture,East,4964.38,298.65,0.3,8409,2024-11,6.015856965018793
2025-10-07,Clothing,North,2280.49,221.76,0.38,3662,2025-10,9.724225933900172
2025-05-23,Home,West,4967.89,38.55,0.32,3703,2025-05,0.7759833651711289
2025-05-29,Electronics,South,3649.52,759.02,0.24,6401,2025-05,20.797803546767792
2024-09-05,Office Supplies,West,915.09,242.9,0.02,7482,2024-09,26.54383721819712
2024-11-11,Electronics,East,1604.89,97.81,0.08,3953,2024-11,6.094498688383627
2024-09-08,Clothing,East,4729.58,1001.72,0.29,5441,2024-09,21.179893352052403
2024-01-29,Home,North,3215.89,414.92,0.23,5773,2024-01,12.902182599529214
2024-07-07,Furniture,South,444.13,48.42,0.18,4671,2024-07,10.902213315921015
2025-12-07,Electronics,South,942.27,178.18,0.01,6766,2025-12,18.909654345357488
2025-09-22,Office Supplies,West,4157.72,834.02,0.09,5335,2025-09,20.05955186977478
2025-06-25,Electronics,East,4309.03,585.83,0.13,1068,2025-06,13.595403141774367
2025-09-11,Home,West,4565.61,685.68,0.36,4086,2025-09,15.01836556341869
2025-05-03,Clothing,East,3658.29,719.25,0.31,6229,2025-05,19.66082513961441
2025-05-15,Clothing,South,3742.36,473.71,0.38,2942,2025-05,12.658055344755715
2025-04-30,Electronics,West,4728.27,996.92,0.32,5569,2025-04,21.08424434306839
2024-12-18,Furniture,South,695.85,77.37,0.22,4534,2024-12,11.118775598189265
2024-06-19,Office Supplies,North,3067.41,475.36,0.22,3573,2024-06,15.497113199735283
2024-10-07,Office Supplies,West,3694.99,350.75,0.28,6121,2024-10,9.492583200495808
2024-01-26,Clothing,South,2511.79,380.61,0.19,5806,2024-01,15.152938740897925
2024-02-20,Clothing,South,347.5,15.79,0.16,4298,2024-02,4.54388489208633
2024-01-06,Furniture,West,4017.07,548.23,0.13,6298,2024-01,13.647509254257455
2025-01-09,Office Supplies,South,1478.76,118.64,0.27,4543,2025-01,8.022938137358327
2025-04-27,Furniture,East,3723.48,317.43,0.25,7878,2025-04,8.525089432466402
2024-03-10,Home,West,620.96,87.96,0.12,1542,2024-03,14.165163617624321
2024-07-07,Furniture,North,4632.33,969.91,0.25,8098,2024-07,20.937843374716394
2024-02-07,Office Supplies,South,3468.84,304.46,0.02,6960,2024-02,8.77699749772258
2024-01-17,Office Supplies,East,900.79,211.37,0.19,4567,2024-01,23.464958536395834
2025-02-20,Home,West,2541.81,220.12,0.17,1362,2025-02,8.65997065083543
2024-11-09,Electronics,South,2583.6,561.19,0.06,8071,2024-11,21.721241678278375
2025-03-17,Furniture,West,3586.11,587.51,0.23,1953,2025-03,16.382933038863836
2025-08-02,Electronics,West,3081.53,138.71,0.14,2918,2025-08,4.501335375608869
2025-03-25,Home,South,458.37,68.71,0.09,6994,2025-03,14.990073521391015
2025-04-01,Electronics,North,504.98,102.48,0.07,8244,2025-04,20.293873024674244
2024-07-30,Clothing,East,4396.78,1040.8,0.2,6464,2024-07,23.67186895864701
2024-07-06,Home,East,4809.14,532.51,0.21,5848,2024-07,11.072873736260537
2024-08-08,Home,East,1117.07,149.92,0.02,3204,2024-08,13.420824120243136
2025-12-06,Office Supplies,East,3787.12,680.14,0.16,6131,2025-12,17.95929360569509
2025-06-08,Electronics,South,4103.91,212.73,0.11,3867,2025-06,5.18359320745338
2024-08-08,Clothing,West,4844.91,991.89,0.12,6126,2024-08,20.472826120609053
2025-07-25,Furniture,West,1079.76,143.7,0.27,4380,2025-07,13.30851300288953
2024-09-15,Office Supplies,West,3233.24,635.88,0.26,4770,2024-09,19.66695945862355
2024-12-25,Clothing,East,1622.45,305.02,0.37,5671,2024-12,18.79996301889118
2024-07-12,Office Supplies,South,3245.05,546.61,0.15,8653,2024-07,16.844424585137364
2024-02-26,Office Supplies,South,1118.27,92.66,0.05,6370,2024-02,8.286013216843875
2024-01-19,Home,South,2443.12,149.83,0.17,1963,2024-01,6.132731916565703
2025-07-31,Home,West,2916.34,389.46,0.24,4222,2025-07,13.354409979632004
2025-10-03,Clothing,North,2128.26,457.8,0.06,2072,2025-10,21.510529728510612
2025-01-26,Electronics,East,631.03,118.52,0.39,4346,2025-01,18.78199134747952
2024-08-09,Furniture,East,2495.65,225.07,0.19,8372,2024-08,9.018492176386912
2025-04-27,Furniture,West,3783.14,611.36,0.13,7281,2025-04,16.160120957722953
2025-09-01,Clothing,South,3646.28,403.58,0.4,4173,2025-09,11.068266836337306
2025-12-03,Office Supplies,South,2751.94,353.02,0.39,8777,2025-12,12.828041309040167
2024-02-22,Furniture,East,993.12,201.88,0.1,6097,2024-02,20.327855646850328
2025-05-13,Home,North,1088.69,221.34,0.36,4806,2025-05,20.330856350292553
2025-05-06,Office Supplies,North,618.97,10.38,0.31,4789,2025-05,1.6769794981986201
2025-08-13,Office Supplies,South,3968.83,618.02,0.31,6904,2025-08,15.571843591184303
2025-01-23,Electronics,North,1461.51,96.02,0.12,8436,2025-01,6.569917414181223
2025-07-13,Furniture,South,4959.28,758.93,0.25,1671,2025-07,15.303229501056606
2024-06-06,Furniture,North,3629.48,751.8,0.13,6487,2024-06,20.713711055027165
2024-02-29,Office Supplies,East,2656.86,542.86,0.22,6649,2024-02,20.432390114646612
2025-12-22,Furniture,South,1320.9,303.72,0.18,2354,2025-12,22.993413581648873
2024-12-17,Clothing,East,4361.58,677.59,0.27,1852,2024-12,15.535425235809042
2025-12-24,Furniture,East,4903.41,1049.07,0.02,4191,2025-12,21.3947028700435
2025-11-21,Furniture,West,475.46,45.29,0.03,2628,2025-11,9.525512135616035
2025-11-24,Electronics,West,1888.44,144.81,0.36,8185,2025-11,7.668234097985639
2025-05-07,Office Supplies,East,546.55,97.98,0.26,4376,2025-05,17.92699661513128
2025-02-22,Electronics,West,2285.89,188.3,0.38,4141,2025-02,8.237491742822272
2024-08-19,Clothing,East,4893.52,933.63,0.12,7706,2024-08,19.07890434697314
2024-05-11,Furniture,East,1927.14,434.07,0.02,8753,2024-05,22.524051184657054
2024-11-16,Home,South,4916.38,1226.79,0.01,8184,2024-11,24.953115910486982
2024-08-11,Furniture,South,1182.66,213.81,0.14,1197,2024-08,18.078737760641264
2025-11-17,Electronics,West,909.82,222.08,0.15,7621,2025-11,24.40922380251039
2025-06-29,Electronics,North,2910.81,575.16,0.24,7340,2025-06,19.759448400960554
2024-09-25,Electronics,North,863.36,108.72,0.36,6736,2024-09,12.592661230541141
2024-03-12,Home,North,360.35,20.17,0.3,4361,2024-03,5.5973359234077975
2025-11-22,Office Supplies,West,3080.04,482.7,0.1,7144,2025-11,15.671874391241673
2024-11-17,Electronics,South,3401.48,554.16,0.12,4805,2024-11,16.291731834377977
2025-05-05,Home,North,3858.91,742.89,0.01,5672,2025-05,19.251291167713163
2024-02-28,Electronics,South,1431.11,331.29,0.14,8228,2024-02,23.149163935686285
2024-07-19,Electronics,West,1007.97,186.0,0.13,3609,2024-07,18.452930146730555
2024-06-09,Electronics,West,258.79,14.43,0.32,4755,2024-06,5.575949611654236
2024-02-08,Clothing,North,4803.43,342.95,0.32,7077,2024-02,7.139689763356601
2025-04-09,Electronics,West,4511.69,646.65,0.1,6560,2025-04,14.332766657283635
2025-12-27,Office Supplies,West,631.51,61.06,0.19,5446,2025-12,9.668888853699862
2024-01-24,Home,West,4032.53,227.16,0.21,4885,2024-01,5.633188097794684
2025-10-16,Office Supplies,South,4803.65,503.25,0.03,2662,2025-10,10.47640856432088
2025-10-18,Furniture,East,4176.01,299.35,0.06,4362,2025-10,7.168325746346394
2025-06-21,Home,East,556.59,87.78,0.23,6655,2025-06,15.771034334069961
2025-05-27,Furniture,West,556.31,90.89,0.21,2983,2025-05,16.338012978375367
2024-08-31,Clothing,East,380.33,73.1,0.06,8722,2024-08,19.22015092156811
2025-11-23,Clothing,West,764.15,131.54,0.13,8447,2025-11,17.213897794935548
2024-11-03,Furniture,East,2642.79,172.3,0.37,5466,2024-11,6.519625093178043
2024-11-11,Clothing,East,2108.71,341.23,0.18,6899,2024-11,16.181931133252085
2024-05-28,Electronics,North,4280.36,698.71,0.22,1751,2024-05,16.323626984646154
2024-11-17,Electronics,West,652.93,53.26,0.28,2730,2024-11,8.157076562571792
2024-08-23,Home,South,4123.32,919.28,0.05,2674,2024-08,22.294655762831894
2024-11-21,Clothing,North,3540.31,144.41,0.15,6421,2024-11,4.079021328640712
2025-04-26,Home,North,4718.84,330.5,0.15,4920,2025-04,7.003839926761661
2025-11-01,Clothing,East,3111.0,197.48,0.39,7223,2025-11,6.347798135647702
2025-08-03,Home,West,3454.99,659.05,0.04,8160,2025-08,19.07530846688413
2024-06-19,Home,South,3729.22,681.07,0.29,5298,2024-06,18.2630684164517
2025-11-25,Electronics,South,3385.47,224.94,0.33,5547,2025-11,6.644276865545995
2025-04-02,Clothing,South,1246.65,174.5,0.17,1995,2025-04,13.99751333573978
2024-05-05,Electronics,North,400.47,65.96,0.23,6897,2024-05,16.470646989786996
2024-07-03,Office Supplies,North,3105.36,535.34,0.17,3912,2024-07,17.23922508179406
2025-05-25,Furniture,West,3552.15,781.92,0.12,5880,2025-05,22.01258392804358
2024-05-24,Clothing,North,2117.53,219.97,0.39,1321,2024-05,10.388046450345449
2024-08-30,Electronics,South,330.82,61.04,0.13,2074,2024-08,18.451121455776555
2025-10-31,Electronics,South,2240.3,348.58,0.03,5721,2025-10,15.559523278132392
2024-12-14,Home,West,2392.04,510.14,0.16,3866,2024-12,21.326566445377168
2025-12-24,Furniture,South,171.44,13.13,0.4,4692,2025-12,7.658656089594028
2025-03-04,Office Supplies,East,2973.65,705.31,0.21,8297,2025-03,23.71866225009668
2024-09-04,Clothing,West,1748.66,339.85,0.38,3539,2024-09,19.434881566456603
2024-07-29,Electronics,North,4613.42,1236.3,0.05,2440,2024-07,26.797906975736
2024-12-01,Office Supplies,West,1337.64,145.33,0.08,3364,2024-12,10.864657157381657
2024-10-28,Furniture,South,4964.68,794.75,0.18,7836,2024-10,16.008081084782905
2025-09-07,Home,East,3446.37,155.63,0.18,5549,2025-09,4.515765863792918
2024-07-22,Furniture,North,2139.3,513.54,0.17,4468,2024-07,24.005048380311315
2024-12-19,Clothing,North,2193.39,472.9,0.15,6885,2024-12,21.560233246253517
2025-12-24,Home,West,3925.03,620.73,0.25,2186,2025-12,15.814656193710622
2025-09-28,Clothing,North,3352.08,192.77,0.08,3963,2025-09,5.750757738478796
2025-04-13,Furniture,West,1931.58,328.13,0.3,2438,2025-04,16.987647418175793
2025-12-30,Home,East,2914.52,577.06,0.04,7199,2025-12,19.799486707931322
2025-08-23,Clothing,South,4016.16,659.08,0.35,2960,2025-08,16.410700768893673
2024-04-24,Office Supplies,North,2641.72,659.37,0.11,1529,2024-04,24.95987462713687
2024-06-10,Electronics,South,388.47,69.7,0.0,6451,2024-06,17.94218343758849
2025-09-09,Electronics,West,1981.51,370.29,0.35,3441,2025-09,18.687263753400185
2025-01-22,Furniture,West,4613.8,949.96,0.08,8677,2025-01,20.589535740604273
2025-11-14,Electronics,North,4310.37,661.53,0.17,3006,2025-11,15.347406371146793
2025-05-23,Furniture,North,1292.7,228.12,0.24,7745,2025-05,17.646785797168715
2024-06-22,Home,East,3082.54,675.65,0.14,7559,2024-06,21.918612572748447
2024-12-27,Clothing,North,3760.23,710.87,0.08,4301,2024-12,18.90496060081431
2025-02-10,Office Supplies,East,959.48,10.75,0.34,4350,2025-02,1.1203985492141577
2024-12-12,Electronics,South,4082.55,407.66,0.22,3483,2024-12,9.985425775556944
2025-07-18,Clothing,East,2920.22,370.12,0.12,1942,2025-07,12.674387546143784
2024-05-10,Electronics,West,882.03,49.38,0.19,1622,2024-05,5.598449032345839
2024-12-25,Furniture,West,1356.18,95.82,0.05,4189,2024-12,7.065433791974515
2024-03-12,Furniture,North,1687.03,374.66,0.13,4146,2024-03,22.20825948560488
2024-10-04,Clothing,East,4560.58,812.32,0.3,6114,2024-10,17.811769555626697
2024-10-09,Furniture,North,157.99,17.15,0.29,1926,2024-10,10.85511741249446
2025-01-02,Office Supplies,West,3385.55,145.95,0.32,8015,2025-01,4.310968675695234
2025-09-29,Furniture,East,1655.91,159.15,0.35,4717,2025-09,9.61102958494121
2025-05-26,Office Supplies,West,3277.61,-2.05,0.37,2511,2025-05,-0.06254557436668792
2025-04-01,Home,South,1688.18,144.95,0.14,2084,2025-04,8.586169721238255
2025-04-01,Home,East,4940.66,205.0,0.3,4517,2025-04,4.149243218517364
2025-12-08,Electronics,West,4471.49,318.96,0.03,1670,2025-12,7.133192738885697
2024-09-08,Clothing,West,3409.97,453.72,0.31,2058,2024-09,13.305688906354016
2025-07-02,Furniture,South,4730.26,896.99,0.06,7312,2025-07,18.96280542718582
2024-11-12,Furniture,South,1797.21,280.85,0.33,6651,2024-11,15.62699962719994
2025-07-24,Furniture,West,2939.35,94.44,0.39,7346,2025-07,3.212955245207274
2024-05-04,Furniture,South,1843.23,438.79,0.2,5142,2024-05,23.80549361718288
2025-09-13,Furniture,South,3619.0,897.05,0.11,8280,2025-09,24.78723404255319
2024-02-23,Office Supplies,West,3500.15,109.25,0.25,1166,2024-02,3.1212948016513575
2024-09-21,Clothing,South,1375.46,171.89,0.38,5202,2024-09,12.496910124612857
2025-01-16,Office Supplies,West,3273.9,172.62,0.35,5033,2025-01,5.272610647851186
2025-08-14,Electronics,North,4625.13,1101.12,0.17,4442,2025-08,23.807330820971515
2025-05-29,Home,South,3318.2,256.28,0.31,1289,2025-05,7.723464528961485
2025-09-29,Home,North,2146.58,532.17,0.03,7428,2025-09,24.791528850543653
2024-09-16,Electronics,West,3305.53,352.04,0.14,4261,2024-09,10.650031916213134
2024-10-03,Office Supplies,West,2605.67,173.3,0.23,8062,2024-10,6.650880579658974
2024-06-14,Electronics,East,3194.57,655.31,0.33,8928,2024-06,20.51324591416059
2024-05-24,Furniture,South,4672.33,634.23,0.1,7440,2024-05,13.57416963271002
2025-10-07,Home,North,2767.81,451.88,0.07,4553,2025-10,16.326265169935798
2025-08-27,Electronics,East,3099.85,627.98,0.21,7340,2025-08,20.258399599980645
2024-09-27,Office Supplies,North,4994.03,513.75,0.15,3747,2024-09,10.28728301592101
2025-08-26,Electronics,South,282.04,25.38,0.15,4391,2025-08,8.998723585307047
2024-04-10,Clothing,East,2086.29,458.19,0.08,7771,2024-04,21.961951598291705
2024-09-25,Electronics,East,2625.51,520.04,0.11,8257,2024-09,19.807199363171343
2024-07-04,Clothing,North,3818.38,280.39,0.07,3713,2024-07,7.343166473740172
2025-07-10,Furniture,North,2260.5,594.02,0.04,5859,2025-07,26.27825702278257
2024-01-23,Electronics,West,1252.53,21.7,0.32,5033,2024-01,1.732493433291019
2025-03-19,Furniture,North,1810.99,185.02,0.13,3118,2025-03,10.21651141088576
2024-06-15,Clothing,West,2302.69,340.75,0.29,1914,2024-06,14.797910270162287
2025-09-03,Clothing,South,573.91,126.9,0.17,2969,2025-09,22.111480894216864
2025-04-06,Home,North,4245.48,509.32,0.28,4467,2025-04,11.996758905942322
2025-10-02,Furniture,South,1738.32,385.55,0.16,1189,2025-10,22.179460628652954
2024-01-20,Office Supplies,South,4474.51,1117.56,0.01,8190,2024-01,24.976142639082266
2025-05-26,Clothing,North,214.1,16.23,0.08,1953,2025-05,7.58056982718356
2025-02-09,Electronics,East,1964.21,275.76,0.17,1865,2025-02,14.039232057672042
2024-03-30,Furniture,East,3423.94,648.52,0.13,7883,2024-03,18.94075246645677
2024-11-08,Home,South,3940.96,261.19,0.39,4025,2024-11,6.627572977142624
2024-08-03,Furniture,North,3829.67,597.36,0.17,6621,2024-08,15.598210811897632
2024-10-30,Furniture,West,4092.62,282.14,0.17,4405,2024-10,6.893872384927015
2025-02-28,Home,East,3388.9,236.45,0.36,5673,2025-02,6.977190238720528
2025-06-11,Electronics,North,3790.91,248.34,0.26,2083,2025-06,6.5509336808312515
2025-06-18,Furniture,East,2612.26,381.76,0.22,4368,2025-06,14.614165511855633
2025-04-12,Furniture,East,3072.6,221.46,0.38,1952,2025-04,7.207576645186488
2024-02-07,Electronics,South,666.96,71.86,0.12,3603,2024-02,10.774259325896605
2024-01-24,Electronics,East,2790.63,227.57,0.3,6444,2024-01,8.15478942031011
2024-12-25,Furniture,East,2593.26,712.4,0.0,6683,2024-12,27.47121383895174
2025-07-04,Clothing,East,1822.0,392.15,0.15,7097,2025-07,21.52305159165752
2024-02-23,Furniture,West,4144.07,641.93,0.03,4016,2024-02,15.490327142157348
2025-08-18,Electronics,North,4456.8,1023.85,0.1,1573,2025-08,22.97276072518399
2024-07-13,Home,South,4849.51,383.88,0.19,2509,2024-07,7.915851292192406
2024-05-04,Office Supplies,West,2655.68,257.87,0.14,6667,2024-05,9.71013073864321
2024-11-23,Electronics,East,3062.3,368.65,0.09,6100,2024-11,12.038337197531265
2025-03-12,Office Supplies,West,4520.23,446.81,0.36,1015,2025-03,9.884674009950823
2025-04-23,Clothing,South,978.9,73.29,0.21,8716,2025-04,7.4869751762182055
2024-01-08,Furniture,West,3736.75,659.02,0.39,3320,2024-01,17.636181173479628
2024-03-23,Home,South,2201.16,68.43,0.21,2445,2024-03,3.1088153519053594
2025-06-02,Clothing,West,2585.06,686.88,0.06,2611,2025-06,26.571143416400396
2024-12-26,Home,North,3968.9,615.73,0.06,1377,2024-12,15.513870341908337
2024-07-09,Furniture,East,1978.82,484.47,0.14,8040,2024-07,24.4827725614255
2024-06-25,Furniture,North,429.89,18.95,0.21,6042,2024-06,4.408104398799693
2024-09-01,Clothing,West,1890.2,203.34,0.26,6488,2024-09,10.757591789228654
2024-11-08,Office Supplies,North,2849.49,400.97,0.39,7380,2024-11,14.071640890124199
2024-11-02,Electronics,South,2050.18,136.69,0.06,4035,2024-11,6.66721946365685
2024-08-26,Furniture,East,3273.36,750.96,0.19,1325,2024-08,22.941564630838037
2025-08-21,Furniture,West,1324.91,134.4,0.03,3613,2025-08,10.14408525862134
2025-04-22,Clothing,North,1234.45,229.0,0.1,3462,2025-04,18.550771598687675
2024-11-17,Electronics,West,900.85,121.9,0.18,5979,2024-11,13.531664539046456
2025-01-02,Furniture,West,3049.76,641.95,0.19,3761,2025-01,21.049197313886996
2024-09-04,Electronics,East,1943.77,142.94,0.03,1140,2024-09,7.353750700957418
2024-02-20,Electronics,South,4184.55,927.72,0.22,5903,2024-02,22.170125819980644
2024-02-11,Home,North,3412.59,451.83,0.39,2713,2024-02,13.240090371242955
2024-02-03,Clothing,East,1036.62,45.49,0.27,8362,2024-02,4.388300437961838
2024-03-26,Electronics,West,1037.53,144.8,0.07,7529,2024-03,13.956222952589325
2025-01-15,Office Supplies,East,4328.79,337.05,0.09,3004,2025-01,7.786240496766996
2025-03-14,Home,North,2462.13,146.07,0.29,6315,2025-03,5.932668055707862
2024-12-03,Furniture,South,3892.49,127.73,0.25,5687,2024-12,3.2814470942764142
2025-02-22,Clothing,North,3335.13,750.8,0.12,8428,2025-02,22.51186610416985
2025-07-12,Electronics,East,3937.58,775.81,0.14,5529,2025-07,19.702710802066242
2024-07-29,Furniture,North,4128.62,162.42,0.32,2690,2024-07,3.934002160528215
2024-08-26,Furniture,South,1742.92,397.27,0.25,7638,2024-08,22.7933582723246
2024-07-18,Clothing,West,4888.77,264.9,0.12,6763,2024-07,5.418540859970912
2025-05-11,Office Supplies,North,2765.53,443.55,0.34,5810,2025-05,16.038517029285526
2025-04-15,Clothing,North,2470.42,639.58,0.1,5467,2025-04,25.889524858121295
2024-08-13,Furniture,North,4014.26,816.27,0.21,6325,2024-08,20.334258368914817
2025-12-11,Electronics,East,3990.0,178.67,0.21,7677,2025-12,4.477944862155389
2024-09-30,Electronics,West,1461.38,199.98,0.22,6752,2024-09,13.684325774268155
2025-03-19,Office Supplies,West,4927.02,347.25,0.11,3479,2025-03,7.0478707210443625
2024-07-31,Clothing,West,1767.06,357.55,0.25,8537,2024-07,20.234174278179577
2024-01-10,Clothing,West,2789.72,308.47,0.39,2527,2024-01,11.057382102863372
2024-04-16,Office Supplies,North,2869.93,240.43,0.14,3299,2024-04,8.377556247016479
2024-07-30,Clothing,North,476.36,4.33,0.37,5400,2024-07,0.9089764044000337
2024-04-30,Electronics,East,4511.29,378.24,0.34,4345,2024-04,8.38429806108674
2024-10-02,Electronics,North,4752.99,579.89,0.23,5153,2024-10,12.200530613361273
2025-09-07,Home,South,1574.94,117.81,0.11,7500,2025-09,7.480284963236694
2025-09-07,Clothing,North,1201.55,181.56,0.21,8669,2025-09,15.110482293703967
2024-10-27,Office Supplies,West,3359.36,680.76,0.13,3744,2024-10,20.2645742046104
2024-10-22,Electronics,East,2609.08,491.49,0.13,2468,2024-10,18.8376745826115
2024-09-14,Clothing,South,4940.66,36.92,0.32,8434,2024-09,0.7472685835495663
2024-10-04,Office Supplies,North,1384.13,116.85,0.12,5381,2024-10,8.442126100872027
2024-11-26,Electronics,West,2080.23,48.08,0.29,1493,2024-11,2.311282886988458
2024-12-16,Electronics,South,3569.25,215.53,0.32,2992,2024-12,6.038523499334595
2025-05-16,Electronics,South,422.05,42.85,0.01,6809,2025-05,10.152825494609644
2025-02-18,Furniture,West,4053.08,179.47,0.28,8605,2025-02,4.427990565199798
2025-09-25,Office Supplies,South,731.97,61.57,0.04,5278,2025-09,8.411546921321913
2025-02-05,Office Supplies,South,4495.22,20.91,0.34,2224,2025-02,0.46516077077428913
2025-06-01,Office Supplies,West,2131.02,274.54,0.25,3313,2025-06,12.883032538408838
2025-05-25,Office Supplies,East,292.36,66.75,0.14,2468,2025-05,22.831440689560814
2024-02-23,Clothing,West,1276.93,118.87,0.22,5508,2024-02,9.309045914811305
2025-09-22,Electronics,North,679.68,43.53,0.4,6664,2025-09,6.4044844632768365
2024-01-26,Home,East,3475.91,468.04,0.04,2754,2024-01,13.465250826402295
2025-09-03,Furniture,East,3859.6,553.71,0.4,1797,2025-09,14.346305316613122
2024-09-30,Electronics,West,4315.77,926.16,0.06,3389,2024-09,21.459901709312586
2024-10-12,Office Supplies,South,2361.1,266.49,0.06,3685,2024-10,11.28668840794545
2025-08-04,Furniture,South,4056.75,-5.75,0.38,5671,2025-08,-0.14173907684722992
2025-12-27,Furniture,East,1107.58,143.65,0.35,7814,2025-12,12.969717763050978
2024-02-03,Clothing,North,4267.41,473.78,0.24,6886,2024-02,11.102284523868107
2024-11-19,Clothing,East,4267.72,368.88,0.09,8374,2024-11,8.643491138125274
2025-04-08,Clothing,West,512.32,28.64,0.21,7356,2025-04,5.590256089943785
2024-03-04,Home,South,4626.97,1228.36,0.07,2118,2024-03,26.54782719576742
2025-05-31,Furniture,South,638.31,43.02,0.06,3274,2025-05,6.739671946233022
2024-08-12,Home,North,3401.87,278.05,0.02,8209,2024-08,8.17344578129088
2025-09-15,Office Supplies,West,4275.74,873.67,0.29,6537,2025-09,20.43318817327527
2025-11-06,Office Supplies,East,281.75,47.51,0.26,6324,2025-11,16.862466725820763
2025-03-11,Clothing,South,1814.66,175.35,0.18,3100,2025-03,9.66296716740326
2024-10-26,Clothing,West,420.09,27.46,0.3,7834,2024-10,6.536694517841416
2025-08-19,Furniture,East,2289.38,337.35,0.04,4471,2025-08,14.735430553250225
2025-06-11,Clothing,East,3104.98,226.71,0.17,6917,2025-06,7.301496305934338
2025-11-02,Office Supplies,West,2600.89,399.76,0.36,2121,2025-11,15.370123303945956
2024-05-01,Office Supplies,North,4074.54,471.49,0.38,6108,2024-05,11.571612991896018
2025-11-22,Office Supplies,East,1565.31,78.29,0.14,5678,2025-11,5.001565185170989
2025-08-22,Clothing,North,2955.99,154.58,0.09,4232,2025-08,5.229381696149176
2025-02-08,Electronics,East,4515.72,103.34,0.38,1050,2025-02,2.288450125339924
2024-09-09,Home,East,3490.53,268.47,0.06,7093,2024-09,7.69138211102612
2024-12-16,Office Supplies,South,1635.34,61.69,0.32,4802,2024-12,3.7723042303129626
2024-01-05,Clothing,South,838.88,72.0,0.26,3754,2024-01,8.582872401296967
2024-04-01,Furniture,South,4078.82,227.15,0.28,7599,2024-04,5.5690126065872
2025-09-08,Electronics,East,3085.28,504.61,0.04,2523,2025-09,16.355403723487008
2025-08-24,Home,North,1560.43,296.88,0.07,4115,2025-08,19.025525015540588
2024-10-13,Home,South,2846.78,284.26,0.17,3660,2024-10,9.98531674382987
2025-05-05,Furniture,North,1523.17,86.45,0.07,8207,2025-05,5.6756632549223
2025-08-16,Office Supplies,West,408.67,88.13,0.22,5221,2025-08,21.565076956957935
2024-11-18,Electronics,South,1584.51,266.04,0.09,7480,2024-11,16.790048658575838
2024-04-14,Home,South,3763.84,81.42,0.29,6967,2024-04,2.1632162897466416
2024-08-04,Electronics,West,1038.65,50.18,0.32,4276,2024-08,4.831271361863958
2025-12-12,Electronics,North,417.39,47.41,0.4,7580,2025-12,11.358681329212486
2024-07-04,Clothing,East,1190.48,122.61,0.2,8502,2024-07,10.299207042537464
2024-11-14,Furniture,East,3318.44,644.17,0.37,8031,2024-11,19.411832065669408
2024-06-13,Furniture,North,3835.29,494.81,0.14,6553,2024-06,12.901501581366729
2025-07-17,Clothing,East,2242.7,158.4,0.03,4688,2025-07,7.062915236099346
2025-03-07,Clothing,West,2982.2,596.82,0.32,5104,2025-03,20.01274227080679
2024-12-30,Furniture,South,2610.65,455.36,0.16,1897,2024-12,17.442399402447666
2024-05-13,Clothing,East,3718.28,252.97,0.17,5039,2024-05,6.803414481964778
2024-06-20,Electronics,West,2376.9,419.26,0.22,6442,2024-06,17.63894147839623
2024-01-09,Clothing,South,3253.98,550.37,0.12,4265,2024-01,16.913748701590052
2025-12-04,Clothing,North,1024.19,210.62,0.04,3969,2025-12,20.56454368818286
2024-07-23,Clothing,North,4074.85,554.95,0.06,3714,2024-07,13.618906217406776
2024-05-18,Home,South,1615.58,219.91,0.23,7937,2024-05,13.611829807251885
2025-10-27,Electronics,East,4949.36,343.59,0.29,6018,2025-10,6.942109686909015
2025-01-26,Office Supplies,North,4745.3,614.64,0.24,2982,2025-01,12.952605736202136
2024-07-17,Home,West,3219.53,197.29,0.11,3856,2024-07,6.127913080480691
2024-12-02,Clothing,North,3181.86,618.57,0.14,6923,2024-12,19.440515924647848
2024-07-26,Furniture,East,3895.38,207.99,0.31,1037,2024-07,5.339402060902916
2024-03-29,Office Supplies,South,966.78,65.9,0.27,4575,2024-03,6.816442210223629
2025-02-10,Office Supplies,West,4059.8,487.95,0.36,1756,2025-02,12.019064978570372
2025-10-17,Electronics,West,4309.09,895.5,0.19,3888,2025-10,20.78164995393459
2025-11-20,Furniture,West,3337.36,292.55,0.38,3535,2025-11,8.765910779778029
2025-06-01,Furniture,West,2480.78,389.16,0.34,5799,2025-06,15.687001668829964
2024-11-08,Clothing,West,4032.13,351.46,0.03,6490,2024-11,8.716484835558376
2024-11-28,Electronics,East,4943.16,837.43,0.37,2763,2024-11,16.94118741857435
2025-10-14,Furniture,East,4973.35,664.52,0.05,6976,2025-10,13.361617420853145
2025-11-12,Office Supplies,East,284.5,22.69,0.14,7004,2025-11,7.975395430579965
2024-01-26,Furniture,South,1284.11,184.0,0.08,3956,2024-01,14.32899050704379
2025-09-24,Electronics,South,4950.44,1071.81,0.17,7582,2025-09,21.65080275692666
2024-03-05,Furniture,East,975.34,162.1,0.06,3194,2024-03,16.619845387249573
2025-09-07,Home,South,4745.24,853.75,0.09,6128,2025-09,17.99171380162015
2025-10-18,Electronics,South,927.27,98.01,0.01,2252,2025-10,10.569736969814619
2024-04-15,Clothing,North,4711.81,927.92,0.01,3635,2024-04,19.693493583145326
2024-05-24,Office Supplies,East,2009.02,414.3,0.23,3266,2024-05,20.621994803436504
2025-03-24,Office Supplies,North,593.24,159.56,0.03,3185,2025-03,26.89636572045041
2025-08-13,Furniture,West,1193.4,58.96,0.27,7675,2025-08,4.940506116976705
2025-02-03,Clothing,South,3029.01,758.93,0.07,6884,2025-02,25.05538113112865
2024-04-29,Home,West,2517.74,224.19,0.21,7590,2024-04,8.904414276295409
2025-01-21,Electronics,East,4517.33,618.47,0.07,5861,2025-01,13.69105201523909
2025-09-04,Clothing,North,4424.53,650.96,0.18,5668,2025-09,14.712523138050823
2025-09-17,Electronics,West,4657.14,459.69,0.15,5686,2025-09,9.870650227392778
2024-04-05,Furniture,South,1962.63,250.88,0.35,4525,2024-04,12.78284750564294
2025-02-28,Furniture,West,3462.83,399.89,0.2,3980,2025-02,11.548069064897785
2025-06-18,Electronics,South,453.52,110.99,0.1,3677,2025-06,24.473011113071088
2024-08-22,Home,South,2145.54,209.44,0.27,4701,2024-08,9.76164508701772
2025-09-10,Office Supplies,South,552.45,93.57,0.1,3737,2025-09,16.93727939180016
2025-02-25,Office Supplies,East,1546.35,221.96,0.28,3717,2025-02,14.353800885957254
2025-03-17,Home,West,456.04,76.38,0.05,8956,2025-03,16.74853083062889
2024-05-23,Office Supplies,North,2971.11,258.87,0.28,5553,2024-05,8.712905277825458
2024-04-22,Office Supplies,East,4379.29,1097.35,0.12,6723,2024-04,25.05771483505317
2025-12-31,Furniture,South,2815.64,402.25,0.3,6284,2025-12,14.286272392777486
2025-08-06,Office Supplies,West,3826.23,351.98,0.39,5103,2025-08,9.199133350582688
2025-05-12,Furniture,East,2849.56,468.54,0.08,3572,2025-05,16.442538497171494
2025-05-31,Electronics,West,1808.52,385.64,0.24,7177,2025-05,21.32351314887311
2025-06-09,Home,North,1118.55,275.29,0.09,1189,2025-06,24.611327164632787
2025-12-20,Clothing,East,4593.56,1009.44,0.2,3032,2025-12,21.97511298426493
2024-07-07,Electronics,North,4644.55,538.79,0.22,3173,2024-07,11.600477979567449
2024-03-18,Furniture,North,1352.3,132.92,0.1,6146,2024-03,9.829179915699179
2025-03-30,Home,East,2242.71,535.12,0.04,8003,2025-03,23.86041886824422
2025-10-25,Office Supplies,North,736.9,168.45,0.12,4431,2025-10,22.859275342651646
2025-10-04,Furniture,East,1661.66,73.22,0.2,8907,2025-10,4.4064369365574185
2025-07-28,Home,South,2976.52,105.49,0.18,8276,2025-07,3.5440716003924044
2024-05-19,Clothing,South,2463.55,426.53,0.31,3975,2024-05,17.313632765724257
2024-05-21,Clothing,North,2302.49,606.67,0.02,7589,2024-05,26.34843148070133
2024-12-11,Electronics,North,4258.47,518.9,0.06,8743,2024-12,12.185127522326091
2025-09-02,Electronics,West,4980.12,982.38,0.25,6564,2025-09,19.726030698055467
2025-02-06,Home,South,1974.89,295.08,0.2,4765,2025-02,14.941591683587438
2024-03-23,Office Supplies,West,2032.2,303.35,0.37,5123,2024-03,14.927172522389528
2025-11-16,Home,East,581.82,4.71,0.35,3570,2025-11,0.8095287202227494
2024-06-01,Electronics,North,3260.51,426.96,0.17,7867,2024-06,13.09488392920126
2025-07-13,Electronics,East,539.09,51.95,0.27,6142,2025-07,9.636609842512382
2025-09-27,Office Supplies,West,2169.96,448.2,0.03,4918,2025-09,20.65475861306199
2025-06-19,Office Supplies,North,1926.82,302.01,0.29,5211,2025-06,15.674012102843026
2025-02-20,Electronics,North,4141.04,639.71,0.36,3542,2025-02,15.448051697158203
2024-12-09,Clothing,West,4013.61,735.59,0.11,8036,2024-12,18.327391051945753
2024-09-07,Home,West,813.5,122.98,0.28,6039,2024-09,15.11739397664413
2024-08-04,Home,South,4940.89,470.13,0.11,6453,2024-08,9.515087362803056
2025-01-20,Home,West,869.37,140.11,0.37,8512,2025-01,16.116268102188943
2024-08-01,Clothing,East,4032.55,454.47,0.35,2500,2024-08,11.270040049100444
2025-07-05,Furniture,North,4968.11,1011.37,0.21,2729,2025-07,20.35723846694216
2025-11-17,Home,North,1783.04,416.68,0.05,7053,2025-11,23.369077530509692
2024-03-05,Clothing,East,1853.98,120.02,0.37,3772,2024-03,6.473640492346195
2024-07-30,Home,South,1706.97,135.76,0.28,3546,2024-07,7.953273929828877
2024-04-01,Office Supplies,East,993.04,163.45,0.24,3683,2024-04,16.459558527350357
2024-01-15,Furniture,West,3744.43,774.3,0.2,8028,2024-01,20.678714784359702
2024-09-18,Furniture,West,182.82,13.13,0.04,2498,2024-09,7.181927579039494
2024-09-13,Electronics,North,4679.87,771.05,0.3,8802,2024-09,16.47588501389996
2024-01-23,Electronics,West,281.69,54.92,0.3,8400,2024-01,19.496609748304873
2024-10-02,Office Supplies,North,203.94,17.18,0.07,3585,2024-10,8.424046288123959
2024-11-21,Home,West,1865.09,307.08,0.2,3741,2024-11,16.464621010246155
2025-12-06,Clothing,North,3843.08,374.94,0.36,3823,2025-12,9.756237184758058
2024-12-14,Office Supplies,East,4015.29,290.35,0.25,3681,2024-12,7.231109085520599
2025-05-16,Home,West,2528.34,337.81,0.27,4908,2025-05,13.360940379853975
2024-04-02,Home,East,4712.9,692.35,0.3,1898,2024-04,14.690530246769507
2024-08-25,Electronics,North,536.98,43.63,0.36,8931,2024-08,8.125069835003167
2024-09-24,Furniture,East,4635.82,578.88,0.39,7295,2024-09,12.487111233827026
2025-09-15,Home,East,1568.55,235.12,0.19,4960,2025-09,14.989640113480604
2024-03-04,Home,West,4831.89,444.67,0.02,2054,2024-03,9.202817117111524
2025-05-15,Office Supplies,South,3454.47,519.71,0.38,2004,2025-05,15.044565447087399
2025-02-10,Electronics,West,4063.64,532.04,0.08,8424,2025-02,13.092695219064682
2024-04-02,Home,North,362.48,14.19,0.37,5836,2024-04,3.9146987419995583
2025-10-17,Furniture,East,886.18,106.92,0.21,5163,2025-10,12.065268906994065
2024-10-10,Furniture,North,3516.67,620.47,0.02,4269,2024-10,17.643679958597197
2025-05-19,Furniture,South,2931.85,235.79,0.13,6283,2025-05,8.042362330951446
2024-03-16,Office Supplies,North,820.55,66.43,0.39,6866,2024-03,8.09578940954238
2025-08-06,Furniture,South,2910.7,408.97,0.38,4587,2025-08,14.050572027347375
2024-09-02,Home,South,2274.53,320.46,0.27,4604,2024-09,14.089064553995767
2025-03-14,Office Supplies,North,4828.46,530.61,0.01,4880,2025-03,10.98921809438206
2024-03-26,Office Supplies,West,869.05,0.06,0.37,8765,2024-03,0.006904090673724181
2025-07-29,Office Supplies,East,3653.24,408.65,0.1,7208,2025-07,11.185960955206884
2024-10-23,Clothing,East,1531.24,300.37,0.37,8838,2024-10,19.616128105326403
2025-08-30,Furniture,West,2377.56,536.78,0.05,5747,2025-08,22.576927606453676
2024-05-09,Clothing,East,3471.56,408.62,0.06,5784,2024-05,11.770500869925913
2024-01-20,Home,East,904.87,125.54,0.28,7942,2024-01,13.873816128283622
2025-06-14,Furniture,North,2839.66,668.02,0.04,7910,2025-06,23.52464731693231
2025-09-29,Furniture,West,4788.73,210.98,0.33,3249,2025-09,4.405761026409925
2025-06-08,Office Supplies,West,3903.42,687.38,0.31,3040,2025-06,17.60968586521563
2024-02-22,Clothing,North,2274.05,310.08,0.18,1661,2024-02,13.635584090059583
2025-05-16,Furniture,North,4864.93,1066.47,0.15,3218,2025-05,21.921589827602865
2024-05-18,Home,South,1237.53,182.36,0.33,4206,2024-05,14.735804384540174
2024-11-15,Clothing,East,1230.69,170.31,0.15,1218,2024-11,13.838578358481826
2024-06-28,Clothing,South,2841.38,525.2,0.36,6670,2024-06,18.483976096122305
2025-07-08,Home,West,1553.1,307.41,0.01,3051,2025-07,19.793316592621213
2024-11-30,Electronics,West,275.21,22.46,0.14,3662,2024-11,8.161040659859745
2025-05-15,Clothing,South,2524.81,516.68,0.33,1947,2025-05,20.46411413136038
2024-06-29,Furniture,East,1952.89,86.06,0.37,6922,2024-06,4.406802226443886
2025-11-25,Home,East,1970.56,201.68,0.08,8461,2025-11,10.234654108476779
2024-02-14,Home,West,4819.46,460.51,0.06,3159,2024-02,9.555219879405575
2025-01-14,Office Supplies,North,2769.12,34.06,0.37,5622,2025-01,1.2299936441902122
2024-09-12,Electronics,West,165.01,21.83,0.07,8899,2024-09,13.229501242348949
2025-04-28,Office Supplies,East,4443.84,899.57,0.15,7879,2025-04,20.24307805861597
2024-11-04,Clothing,West,2890.95,252.44,0.38,5801,2024-11,8.732077690724504
2024-03-23,Electronics,West,980.59,24.04,0.36,4487,2024-03,2.451585270092495
2024-03-08,Furniture,West,4544.32,333.39,0.02,3474,2024-03,7.33641116822759
2025-07-17,Clothing,West,4931.16,1184.26,0.03,2013,2025-07,24.015850225910334
2025-09-16,Furniture,North,3398.9,419.07,0.26,3376,2025-09,12.329577216158167
2024-01-02,Clothing,East,1380.75,52.46,0.22,1827,2024-01,3.7993843925402864
2025-12-03,Home,West,4465.44,209.68,0.18,6333,2025-12,4.695617901035509
2024-02-04,Clothing,East,2882.76,69.03,0.34,6790,2024-02,2.3945801939807683
2025-10-15,Furniture,South,3580.17,675.23,0.2,7857,2025-10,18.860277584583972
2025-07-18,Electronics,North,2342.49,274.19,0.13,2977,2025-07,11.705065976802462
2024-03-08,Furniture,North,2285.43,456.34,0.12,4903,2024-03,19.967358440206002
2024-11-07,Clothing,West,4005.23,262.4,0.09,1150,2024-11,6.5514340000449405
2024-08-01,Electronics,South,4251.53,434.46,0.38,6357,2024-08,10.218909427900073
2024-11-05,Home,West,4506.41,474.35,0.09,3643,2024-11,10.52611724188434
2025-03-23,Office Supplies,South,3606.6,357.3,0.24,1561,2025-03,9.906837464648145
2025-11-17,Electronics,East,1704.98,370.52,0.09,6936,2025-11,21.731633215638894
2025-12-31,Clothing,North,4356.75,502.8,0.03,7964,2025-12,11.540712687209503
2025-03-18,Electronics,South,1851.92,296.23,0.29,6251,2025-03,15.995831353406196
2025-10-28,Office Supplies,East,4124.77,353.44,0.16,4000,2025-10,8.56872019530786
2024-06-04,Electronics,South,4898.29,85.73,0.27,4127,2024-06,1.7502026217312574
2025-12-30,Office Supplies,South,1266.78,300.64,0.13,6303,2025-12,23.732613397748622
2025-05-22,Office Supplies,South,4775.77,683.83,0.04,1597,2025-05,14.318738130186336
2025-07-01,Electronics,East,4260.25,776.29,0.06,2675,2025-07,18.221700604424623
2025-08-28,Furniture,West,1052.83,164.23,0.26,5484,2025-08,15.598909605539358
2024-10-08,Electronics,South,4348.97,805.79,0.35,8697,2024-10,18.52829520553142
2024-08-14,Clothing,South,3540.01,273.0,0.33,5807,2024-08,7.711842621913497
2025-07-17,Furniture,South,1893.51,485.78,0.04,5779,2025-07,25.655000501713747
2025-09-13,Furniture,East,893.19,102.53,0.0,3782,2025-09,11.479080598752784
2024-08-28,Clothing,North,2029.38,117.8,0.26,5653,2024-08,5.8047285377800115
2024-04-19,Home,East,585.1,76.54,0.1,1771,2024-04,13.081524525722099
2025-07-30,Electronics,South,2019.14,343.57,0.15,4918,2025-07,17.01566013253167
2025-05-22,Electronics,North,1760.6,184.41,0.38,4170,2025-05,10.47427013518119
2025-11-22,Clothing,West,2629.49,502.31,0.31,8952,2025-11,19.10294391688122
2024-10-29,Office Supplies,East,179.57,38.36,0.17,5295,2024-10,21.36214289692042
2025-07-07,Electronics,South,2654.01,601.93,0.11,3765,2025-07,22.680020045139237
2024-04-19,Electronics,South,3385.9,186.62,0.12,6860,2024-04,5.511680793880505
2025-09-16,Home,West,1440.51,99.02,0.07,3305,2025-09,6.87395436338519
2024-01-07,Electronics,West,247.25,20.41,0.39,6601,2024-01,8.254802831142568
2025-01-29,Home,North,959.8,189.73,0.08,8229,2025-01,19.767659929151908
2025-11-15,Electronics,East,1224.11,207.64,0.17,5799,2025-11,16.96252787739664
2024-12-20,Home,West,1758.3,414.08,0.13,2711,2024-12,23.550019905590627
2025-08-22,Electronics,West,1161.16,149.69,0.11,7951,2025-08,12.891418925901682
2024-10-15,Clothing,South,4292.66,1149.64,0.04,6347,2024-10,26.781529401350213
2024-08-09,Home,South,4424.98,273.69,0.37,8600,2024-08,6.185112701074356
2024-03-18,Office Supplies,West,2483.82,375.1,0.3,6137,2024-03,15.101738451256534
2024-01-19,Clothing,South,2228.96,205.01,0.12,1069,2024-01,9.1975629890173
2025-03-27,Home,North,3770.34,264.66,0.01,8881,2025-03,7.0195260904852095
2025-05-30,Office Supplies,West,4340.42,728.94,0.12,5590,2025-05,16.794227286760268
2024-01-26,Clothing,West,670.88,118.27,0.4,8112,2024-01,17.629084187932268
2025-01-25,Office Supplies,West,3068.55,475.15,0.03,6577,2025-01,15.484512228902899
2024-06-30,Home,East,4118.25,841.76,0.02,4705,2024-06,20.439749893765555
2024-03-04,Electronics,East,1007.75,232.92,0.22,7735,2024-03,23.112875217067725
2025-02-08,Electronics,West,3923.79,380.62,0.1,8692,2025-02,9.700315256423
2025-09-02,Clothing,South,3736.5,368.47,0.39,1828,2025-09,9.861367589990634
2025-01-31,Office Supplies,North,1913.6,195.14,0.39,3697,2025-01,10.197533444816054
2024-03-30,Electronics,North,2740.87,272.97,0.14,3906,2024-03,9.959246516616988
2024-10-21,Clothing,East,3064.35,191.04,0.13,5652,2024-10,6.234274805423663
2024-03-04,Furniture,East,3591.63,131.1,0.19,8077,2024-03,3.6501532730264525
2024-09-27,Furniture,North,166.29,22.49,0.23,4097,2024-09,13.524565518070839
2025-12-06,Furniture,North,484.08,58.36,0.29,7577,2025-12,12.05585853577921
2025-06-24,Clothing,East,2559.02,361.23,0.09,7616,2025-06,14.115950637353365
2024-02-20,Clothing,South,4560.33,908.13,0.34,7033,2024-02,19.913690456611693
2024-09-16,Furniture,West,2982.3,719.84,0.08,3599,2024-09,24.137075411595077
2025-03-02,Clothing,East,4385.29,341.75,0.07,7345,2025-03,7.79309920210522
2024-03-10,Electronics,West,1506.41,160.77,0.26,6580,2024-03,10.672393305939286
2025-08-01,Office Supplies,North,186.02,-0.39,0.38,8316,2025-08,-0.20965487581980433
2024-12-14,Electronics,South,298.86,57.51,0.09,2955,2024-12,19.243123870708693
2025-10-23,Furniture,North,157.33,-0.77,0.38,2698,2025-10,-0.48941714866840397
2025-11-17,Clothing,East,764.32,87.96,0.01,4524,2025-11,11.508268787942221
2025-12-27,Office Supplies,West,1102.47,204.66,0.2,7366,2025-12,18.563770442733134
2025-07-09,Furniture,East,3430.47,319.33,0.31,5393,2025-07,9.308637008922975
2025-09-25,Office Supplies,West,4066.17,496.9,0.39,1733,2025-09,12.220344943767723
2025-12-11,Home,South,1871.99,322.32,0.27,4850,2025-12,17.21804069466183
2025-03-13,Clothing,South,4063.47,672.09,0.06,3836,2025-03,16.539804649720562
2025-02-08,Furniture,North,4136.11,832.98,0.03,3561,2025-02,20.139212931957807
2024-04-29,Clothing,North,1907.81,282.04,0.04,6052,2024-04,14.783442795666238
2024-04-29,Furniture,East,325.06,47.32,0.27,7820,2024-04,14.557312496154557
2024-07-09,Electronics,East,3185.74,616.05,0.38,1701,2024-07,19.337736287330415
2024-08-02,Electronics,West,570.32,96.76,0.16,7031,2024-08,16.96591387291345
2024-08-23,Furniture,East,1122.69,211.09,0.06,7866,2024-08,18.802162662890023
2024-05-31,Electronics,North,4138.96,735.05,0.24,6550,2024-05,17.75929218934225
2025-01-25,Home,North,3852.73,423.36,0.16,3908,2025-01,10.988571740038882
2024-07-03,Clothing,East,213.83,33.4,0.01,5686,2024-07,15.619884955338351
2024-05-31,Home,East,2862.26,294.77,0.25,5269,2024-05,10.298505376870025
2025-02-17,Furniture,East,216.22,9.6,0.15,6068,2025-02,4.439922301359727
2024-07-05,Home,East,3402.79,231.31,0.03,7337,2024-07,6.797657216578161
2024-06-13,Electronics,East,2004.71,414.85,0.18,2751,2024-06,20.693766180644584
2024-12-30,Office Supplies,South,4304.54,517.39,0.16,6199,2024-12,12.019635082958922
2024-04-01,Office Supplies,West,4149.58,853.03,0.24,2029,2024-04,20.557020228553252
2025-03-26,Clothing,South,4440.96,69.06,0.36,8541,2025-03,1.5550691742325984
2025-05-23,Electronics,East,2271.29,134.34,0.14,8554,2025-05,5.914700456568734
2024-09-08,Home,South,166.83,31.82,0.28,8191,2024-09,19.073308158005155
2024-01-27,Office Supplies,West,4904.14,861.05,0.27,2594,2024-01,17.557614586859263
2025-09-05,Home,East,432.82,67.89,0.27,1378,2025-09,15.685504366711337
2025-10-18,Furniture,East,1595.71,132.06,0.3,7262,2025-10,8.275939863759705
2024-05-20,Home,North,2518.86,352.83,0.25,7641,2024-05,14.007527214692358
2025-04-07,Electronics,North,3091.55,707.39,0.04,3364,2025-04,22.881402532710126
2024-02-22,Furniture,South,3980.51,424.46,0.23,4958,2024-02,10.66345769763171
2025-07-03,Clothing,East,4097.04,966.68,0.05,3959,2025-07,23.59459512233222
2025-03-15,Electronics,West,2595.89,580.4,0.17,8032,2025-03,22.358420426135158
2025-06-01,Home,South,3385.5,858.7,0.12,5093,2025-06,25.364052577167335
2024-08-20,Furniture,West,4485.3,436.39,0.07,2574,2024-08,9.729338059884512
2024-04-20,Office Supplies,East,2051.15,370.11,0.4,6102,2024-04,18.04402408405041
2024-05-25,Home,South,1036.54,40.54,0.19,1916,2024-05,3.911088814710479
2025-01-10,Office Supplies,East,415.57,87.94,0.19,7601,2025-01,21.161296532473468
2025-10-04,Home,East,4987.03,441.68,0.39,3161,2025-10,8.856573952833651
2024-01-25,Clothing,West,2607.54,344.89,0.29,6223,2024-01,13.226642736065411
2025-10-22,Furniture,North,3346.77,278.06,0.16,2294,2025-10,8.30830920559226
2024-10-24,Clothing,East,4636.35,681.06,0.32,7288,2024-10,14.689572616390045
2024-10-28,Office Supplies,South,3755.8,742.46,0.21,6245,2024-10,19.768358272538475
2025-09-13,Home,North,1255.7,161.45,0.17,7514,2025-09,12.857370391016962
2025-03-03,Office Supplies,East,304.62,47.81,0.27,5671,2025-03,15.694964217713874
2025-10-12,Clothing,East,1846.74,244.32,0.15,7583,2025-10,13.22979953864648
2025-06-19,Clothing,South,3676.28,357.87,0.2,3298,2025-06,9.7345686400383
2025-01-12,Office Supplies,North,1714.66,304.85,0.29,4282,2025-01,17.77903491071116
2024-08-09,Clothing,East,2120.14,150.65,0.13,3412,2024-08,7.105662833586463
2024-11-14,Electronics,South,195.97,26.1,0.28,2303,2024-11,13.3183650558759
2025-06-28,Office Supplies,East,2301.34,349.56,0.34,2832,2025-06,15.189411386409656
2025-06-17,Furniture,East,1226.93,247.37,0.36,7390,2025-06,20.16170441671489
2025-12-11,Furniture,North,4609.76,1035.09,0.27,5969,2025-12,22.454314324389987
2024-10-20,Clothing,North,3861.35,710.69,0.37,3522,2024-10,18.40522097193987
2024-10-09,Electronics,East,4255.09,797.32,0.07,8130,2024-10,18.73802904286396
2025-09-13,Home,West,4306.3,1008.84,0.22,8348,2025-09,23.42707196433133
2025-09-27,Furniture,West,2903.64,449.62,0.13,2203,2025-09,15.484701960298109
2024-12-05,Furniture,North,158.95,24.86,0.01,1223,2024-12,15.6401384083045
2024-07-02,Furniture,North,2380.71,221.81,0.15,2625,2024-07,9.31696846738998
2025-12-05,Furniture,West,241.82,44.22,0.28,7043,2025-12,18.286328674220496
2024-09-16,Electronics,East,3448.5,91.24,0.34,8761,2024-09,2.6457880237784543
2025-08-06,Furniture,East,4179.67,327.51,0.07,2946,2025-08,7.835786078805264
2024-08-03,Home,West,1380.19,317.27,0.1,7109,2024-08,22.98741477622646
2024-05-08,Electronics,North,3746.06,855.85,0.2,8920,2024-05,22.84667090222794
2025-01-12,Electronics,West,3250.58,711.72,0.23,6933,2025-01,21.8951694774471
2025-06-11,Furniture,East,279.05,25.51,0.38,6471,2025-06,9.141730872603476
2024-03-25,Home,West,3474.82,726.67,0.16,5403,2024-03,20.91245014130228
2025-07-20,Electronics,North,3779.43,429.53,0.28,6855,2025-07,11.364941274213306
2024-02-17,Home,South,1115.14,182.99,0.3,5831,2024-02,16.409598794770165
2025-10-24,Home,East,3612.93,785.07,0.1,6417,2025-10,21.729455040645686
2025-04-06,Furniture,West,3999.74,641.45,0.08,7136,2025-04,16.037292424007564
2025-03-29,Furniture,South,4476.26,80.97,0.39,8873,2025-03,1.8088761600085785
2025-03-10,Furniture,West,3878.34,876.13,0.17,1084,2025-03,22.590335040249176
2024-09-30,Clothing,South,2554.97,250.55,0.11,7658,2024-09,9.806377374294025
2025-09-26,Clothing,East,3466.71,418.69,0.23,8221,2025-09,12.07744518578133
2025-01-05,Clothing,West,1240.24,101.86,0.23,6812,2025-01,8.212926530348964
2025-06-18,Furniture,South,2727.23,331.29,0.25,1260,2025-06,12.147490310681535
2024-01-05,Home,North,1000.37,78.49,0.22,5743,2024-01,7.846096944130671
2025-08-27,Clothing,East,4011.37,860.44,0.28,3254,2025-08,21.45002829457268
2024-03-27,Home,East,2718.38,197.2,0.17,3631,2024-03,7.254320587997262
2024-10-22,Home,South,3860.22,181.42,0.34,4825,2024-10,4.699732139618986
2025-04-09,Electronics,North,2965.08,126.35,0.39,2041,2025-04,4.261267824139652
2025-11-16,Home,West,3188.14,73.74,0.37,6545,2025-11,2.3129473611572893
2024-05-26,Office Supplies,West,3057.38,592.8,0.34,8654,2024-05,19.389150187415368
2024-06-29,Electronics,North,2805.81,220.59,0.2,4353,2024-06,7.861900841468239
2024-05-14,Home,West,4818.47,639.24,0.0,4306,2024-05,13.266451799015039
2024-02-26,Clothing,South,201.89,22.48,0.35,1979,2024-02,11.134776363366191
2025-03-30,Home,North,3640.49,627.63,0.35,2826,2025-03,17.240261613134496
2024-11-06,Electronics,South,3982.17,390.05,0.29,8754,2024-11,9.794910814957673
2024-10-21,Electronics,West,2849.99,111.09,0.39,4265,2024-10,3.8979084137137328
2024-09-17,Office Supplies,East,2010.06,352.96,0.35,1152,2024-09,17.559674835577045
2025-09-05,Electronics,North,2303.83,81.79,0.29,4507,2025-09,3.5501751431312214
2025-05-30,Clothing,West,4117.19,286.63,0.34,4173,2025-05,6.961787044076178
2025-03-11,Electronics,South,2263.92,517.62,0.18,1803,2025-03,22.863882115975827
2024-03-06,Electronics,North,2460.37,370.6,0.08,1358,2024-03,15.062775111060533
2024-11-11,Clothing,South,4447.96,624.2,0.2,8871,2024-11,14.033399580931485
2025-05-16,Furniture,North,1046.4,224.64,0.27,6189,2025-05,21.467889908256875
2024-04-20,Furniture,East,1138.52,42.37,0.17,1270,2024-04,3.7214980852334607
2024-04-01,Clothing,East,1403.48,125.74,0.15,2739,2024-04,8.959158662752586
2024-01-15,Furniture,East,1686.37,312.55,0.04,7566,2024-01,18.533892324934627
2025-07-22,Clothing,West,3197.29,388.02,0.2,5402,2025-07,12.13590259250803
2024-09-24,Electronics,North,3565.65,248.11,0.08,1805,2024-09,6.958338591841599
2025-10-26,Furniture,East,4205.61,820.93,0.15,6426,2025-10,19.51987939918347
2025-03-06,Furniture,West,2566.11,435.36,0.36,1602,2025-03,16.965757508446636
2024-05-23,Electronics,North,2812.7,444.92,0.25,1480,2024-05,15.8182529242365
2024-12-15,Clothing,North,867.41,179.87,0.14,2344,2024-12,20.736445279625553
2025-05-11,Home,West,2407.18,334.24,0.14,4982,2025-05,13.885126995073074
2024-01-20,Office Supplies,North,1497.68,250.48,0.27,1692,2024-01,16.724533945836225
2024-08-17,Furniture,East,2823.87,304.55,0.21,5243,2024-08,10.784844911415895
2024-03-08,Home,South,3246.46,199.11,0.16,5482,2024-03,6.1331419453805065
2024-11-26,Office Supplies,South,3543.47,963.29,0.02,2251,2024-11,27.18493454156519
2025-08-24,Furniture,East,956.09,19.15,0.27,8670,2025-08,2.002949513121149
2024-02-07,Electronics,East,4958.06,384.55,0.25,3846,2024-02,7.756057812934898
2024-07-16,Clothing,North,4752.36,1148.7,0.09,6283,2024-07,24.171148650354773
2025-07-15,Furniture,South,646.22,64.34,0.15,2604,2025-07,9.95636161059701
2025-02-01,Furniture,North,936.76,27.95,0.29,4397,2025-02,2.9836884580895853
2024-12-12,Clothing,North,280.3,21.72,0.12,4986,2024-12,7.748840528005707
2025-02-19,Furniture,South,3293.12,87.95,0.27,7774,2025-02,2.6707195607812655
2025-06-04,Office Supplies,North,2253.54,63.73,0.22,5381,2025-06,2.827995065541326
2024-05-25,Furniture,South,2228.51,519.42,0.18,5856,2024-05,23.30795015503632
2024-09-23,Furniture,South,2551.92,319.1,0.28,2019,2024-09,12.504310479952348
2024-10-04,Electronics,East,4174.91,941.66,0.15,3543,2024-10,22.55521675916367
2024-03-17,Furniture,East,2758.62,328.96,0.21,4515,2024-03,11.924802981200745
2025-02-20,Home,South,1864.03,325.12,0.38,4373,2025-02,17.441779370503692
2025-01-11,Clothing,West,4902.45,985.7,0.29,4117,2025-01,20.106273393915288
2024-03-03,Clothing,North,3333.8,356.29,0.11,1171,2024-03,10.687203791469194
2024-04-28,Electronics,South,2656.47,502.37,0.07,6502,2024-04,18.911186649952757
2024-01-30,Office Supplies,East,4546.23,659.63,0.2,6641,2024-01,14.509384698970356
2024-09-21,Clothing,North,4999.92,1106.2,0.2,6002,2024-09,22.124353989663838
2024-01-11,Clothing,North,154.25,30.75,0.23,5367,2024-01,19.93517017828201
2025-08-10,Home,South,293.25,42.06,0.27,1411,2025-08,14.342710997442456
2025-03-06,Electronics,North,4303.65,681.49,0.02,5315,2025-03,15.8351631754441
2024-11-08,Office Supplies,South,4337.99,370.72,0.23,6283,2024-11,8.545893374581317
2024-06-14,Electronics,East,4613.01,829.88,0.29,1170,2024-06,17.989989182767864
2025-04-12,Clothing,West,2076.5,246.51,0.07,1106,2025-04,11.87141825186612
2025-12-25,Furniture,West,1175.35,90.21,0.1,8129,2025-12,7.675160590462415
2025-10-18,Clothing,West,2223.13,4.77,0.38,3905,2025-10,0.21456235127950227
2024-02-01,Furniture,North,1364.29,326.74,0.07,6148,2024-02,23.949453561925985
2024-09-06,Electronics,East,1897.48,178.47,0.17,6552,2024-09,9.40563273394186
2025-01-08,Electronics,East,2276.23,429.92,0.34,3500,2025-01,18.88737078414747
2024-05-29,Home,West,4562.82,960.19,0.32,5679,2024-05,21.043784326359578
2025-05-01,Furniture,West,4034.02,377.98,0.1,4695,2025-05,9.369809767923808
2025-07-13,Electronics,North,2648.49,250.3,0.34,3085,2025-07,9.45066811654943
2025-12-14,Office Supplies,South,2706.95,626.23,0.02,3627,2025-12,23.134154675926784
2024-01-20,Home,West,2240.74,345.8,0.38,7974,2024-01,15.432401795835307
2025-12-18,Office Supplies,North,665.4,133.52,0.38,1853,2025-12,20.066125638713558
2025-06-30,Home,South,3239.19,549.02,0.29,1837,2025-06,16.949299053158352
2025-02-12,Office Supplies,South,2645.38,568.61,0.02,5917,2025-02,21.494454482909827
2025-01-04,Electronics,South,779.65,87.44,0.37,4311,2025-01,11.215288911691143
2025-02-23,Clothing,West,774.38,151.59,0.07,6559,2025-02,19.575660528422738
2024-08-15,Electronics,South,2868.15,720.57,0.08,3532,2024-08,25.123163014486693
2025-02-17,Office Supplies,South,2958.98,-1.67,0.38,4889,2025-02,-0.0564383672752097
2025-04-20,Clothing,East,1651.08,132.31,0.38,4082,2025-04,8.013542650870946
2025-06-08,Furniture,East,1163.59,112.19,0.33,6678,2025-06,9.641712286973934
2024-11-02,Clothing,North,350.15,63.08,0.15,8330,2024-11,18.015136370127088
2024-01-10,Home,South,1545.96,195.36,0.12,1291,2024-01,12.636808196848563
2024-11-22,Office Supplies,East,3888.64,29.21,0.4,5810,2024-11,0.7511623601053325
2024-10-27,Electronics,North,4017.22,112.35,0.22,6249,2024-10,2.7967101627493642
2024-07-14,Office Supplies,West,4873.58,761.43,0.31,1914,2024-07,15.623627805432555
2025-08-19,Clothing,East,294.2,41.47,0.06,5537,2025-08,14.095853161114889
2024-01-04,Home,West,4642.3,928.38,0.26,5410,2024-01,19.998276716282877
2025-08-12,Office Supplies,West,4654.52,929.28,0.12,4184,2025-08,19.965109184190847
2025-08-12,Office Supplies,East,1571.5,153.47,0.33,8963,2025-08,9.765828825962457
2025-11-03,Home,North,2809.65,260.16,0.13,6757,2025-11,9.25951630986066
2024-09-25,Furniture,West,337.15,18.3,0.27,4414,2024-09,5.427851104849474
2024-04-06,Furniture,South,814.94,139.24,0.29,3971,2024-04,17.08592043586031
2025-07-19,Clothing,South,1977.14,286.68,0.06,4442,2025-07,14.499731936028809
2024-03-22,Office Supplies,South,2520.89,119.06,0.25,7659,2024-03,4.722935153854393
2024-05-14,Office Supplies,North,4163.35,632.75,0.12,8857,2024-05,15.198097685757862
2024-03-24,Office Supplies,West,164.99,34.71,0.31,7122,2024-03,21.03763864476635
2024-05-30,Office Supplies,North,471.83,41.52,0.2,7974,2024-05,8.799779581628977
2025-02-12,Electronics,South,3029.12,771.48,0.06,6467,2025-02,25.468783012888235
2025-04-07,Office Supplies,East,3560.16,193.85,0.3,8548,2025-04,5.444980000898836
2024-04-30,Home,East,1017.72,251.99,0.1,5198,2024-04,24.760248398380693
2024-09-27,Office Supplies,East,3497.95,52.68,0.33,5521,2024-09,1.5060249574750928
2025-02-18,Office Supplies,West,1253.1,276.14,0.19,8025,2025-02,22.03654935759317
2024-12-18,Clothing,North,2396.61,391.68,0.03,2018,2024-12,16.3430846070074
2025-06-22,Electronics,North,1446.32,172.61,0.08,4073,2025-06,11.934426682891756
2024-03-18,Home,West,2839.67,158.6,0.36,6666,2024-03,5.585156021650403
2024-01-29,Furniture,North,1037.17,129.17,0.21,3329,2024-01,12.45408178022889
2024-12-09,Furniture,South,1814.19,469.87,0.07,3281,2024-12,25.899712819495203
2025-03-24,Home,East,1470.9,325.26,0.08,4307,2025-03,22.112992045686315
2025-03-26,Furniture,North,1577.27,233.93,0.31,4494,2025-03,14.831322474909179
2025-12-17,Office Supplies,East,1075.11,139.13,0.35,2328,2025-12,12.941001385904698
2025-03-03,Home,West,3456.55,608.19,0.08,1051,2025-03,17.595290101401687
2024-08-05,Furniture,South,1765.77,363.01,0.06,2485,2024-08,20.558170090102333
2024-06-22,Furniture,West,2934.39,625.06,0.03,2211,2024-06,21.301190366652012
2024-06-05,Electronics,West,1496.77,145.82,0.22,6993,2024-06,9.742311778028688
2024-02-27,Office Supplies,East,4947.8,166.18,0.4,2991,2024-02,3.3586644569303528
2025-01-24,Home,East,3103.4,556.92,0.2,3166,2025-01,17.945479151897917
2025-07-18,Clothing,West,830.39,47.07,0.1,7129,2025-07,5.668420862486301
2024-06-09,Furniture,West,1867.49,333.71,0.04,6741,2024-06,17.86943972926227
2025-06-18,Office Supplies,East,2738.91,748.19,0.03,4614,2025-06,27.317071389713433
2024-02-29,Home,North,4189.24,849.5,0.11,4784,2024-02,20.278141142546144
2025-02-28,Home,North,331.29,76.38,0.08,7274,2025-02,23.055329167798604
2024-10-09,Electronics,West,372.2,76.15,0.02,8057,2024-10,20.459430413756046
2024-06-17,Electronics,East,1766.46,395.57,0.17,6672,2024-06,22.393374319259987
2024-03-26,Office Supplies,West,3196.95,456.41,0.25,6551,2024-03,14.276419712538516
2024-11-24,Office Supplies,West,714.24,83.56,0.3,5826,2024-11,11.699148745519713
2024-09-19,Office Supplies,South,3841.05,634.88,0.07,7331,2024-09,16.52881373582744
2025-08-25,Office Supplies,East,4206.12,554.23,0.08,2586,2025-08,13.176751970937586
2024-02-12,Furniture,North,1975.6,339.87,0.13,2272,2024-02,17.20338125126544
2025-04-09,Clothing,East,2260.93,199.86,0.16,8051,2025-04,8.839725245805932
2024-08-22,Office Supplies,West,311.9,27.29,0.37,7568,2024-08,8.749599230522604
2025-06-01,Home,West,3964.87,603.16,0.39,8233,2025-06,15.21260470078464
2024-07-28,Electronics,East,4227.07,470.49,0.2,8692,2024-07,11.130404748442775
2025-08-04,Electronics,West,1035.25,156.23,0.38,5412,2025-08,15.091040811398212
2025-05-16,Home,South,2895.12,75.64,0.24,3866,2025-05,2.6126723590041174
2024-07-21,Office Supplies,South,4887.2,556.3,0.33,3633,2024-07,11.382795874938614
2025-01-20,Office Supplies,South,4203.24,833.4,0.32,7404,2025-01,19.827561595340736
2025-02-12,Furniture,North,2679.95,488.44,0.04,4036,2025-02,18.225713166290415
2025-09-13,Home,East,1147.26,289.55,0.12,5438,2025-09,25.23839408678068
2025-02-25,Home,North,4328.88,21.51,0.37,7860,2025-02,0.4968952708321784
2025-10-14,Furniture,North,1684.5,164.11,0.34,2751,2025-10,9.742356782428022
2024-03-12,Office Supplies,West,609.55,98.68,0.05,6611,2024-03,16.18899187925519
2024-10-11,Home,North,3147.23,224.81,0.06,2513,2024-10,7.143106795499535
2025-05-28,Office Supplies,North,3160.7,483.21,0.11,2205,2025-05,15.288069098617395
2024-10-29,Office Supplies,West,2053.92,396.92,0.18,3111,2024-10,19.32499805250448
2025-09-18,Electronics,West,1587.11,349.64,0.14,3606,2025-09,22.02997901846753
2025-12-25,Home,East,769.37,109.13,0.2,7990,2025-12,14.18433263579292
2024-07-18,Home,South,2709.28,127.11,0.21,4004,2024-07,4.691652394732179
2025-09-14,Electronics,South,4036.65,910.88,0.06,7820,2025-09,22.565245934128548
2025-11-22,Home,West,3942.11,442.42,0.29,4259,2025-11,11.222923764177052
2025-06-07,Furniture,North,3149.38,748.3,0.14,6602,2025-06,23.760232172681604
2024-03-01,Clothing,West,561.27,24.88,0.2,8267,2024-03,4.432804176243163
2025-02-09,Electronics,East,4526.86,869.09,0.18,4772,2025-02,19.19851729454854
2025-02-05,Clothing,North,571.81,25.61,0.34,6628,2025-02,4.478760427414701
2025-08-22,Office Supplies,West,4134.18,972.71,0.05,7888,2025-08,23.528486906714267
2024-09-09,Furniture,East,2210.35,577.53,0.09,3731,2024-09,26.12844119709548
2025-04-29,Electronics,North,4036.91,470.51,0.16,8992,2025-04,11.655201626986978
2025-04-09,Electronics,North,4166.9,995.01,0.05,5377,2025-04,23.878902781444243
2025-12-07,Office Supplies,East,2846.15,399.57,0.09,6785,2025-12,14.038964917520158
2025-03-05,Furniture,East,2314.74,202.18,0.33,6772,2025-03,8.734458297692182
2025-05-13,Furniture,North,1169.75,58.04,0.33,2832,2025-05,4.961743962385125
2025-08-08,Furniture,East,4280.59,473.01,0.09,6447,2025-08,11.050112250881302
2025-11-03,Electronics,South,1346.79,272.07,0.33,2928,2025-11,20.201367696522844
2025-09-21,Home,North,2335.0,355.78,0.23,6466,2025-09,15.23683083511777
2025-09-15,Home,West,4470.4,1072.18,0.18,1100,2025-09,23.983983536148894
2024-05-06,Furniture,North,190.46,36.76,0.39,1047,2024-05,19.300640554447128
2025-04-07,Office Supplies,West,536.28,74.31,0.36,1873,2025-04,13.856567464757216
2024-10-25,Home,West,2067.14,238.84,0.03,2590,2024-10,11.554127925539635
2024-06-26,Office Supplies,East,2096.37,408.55,0.13,5396,2024-06,19.488449081030545
2025-04-03,Clothing,West,3015.67,93.63,0.26,2553,2025-04,3.1047826851081184
2024-11-26,Clothing,East,1111.56,63.76,0.2,6154,2024-11,5.7360826226204615
2025-05-27,Office Supplies,North,1577.77,166.44,0.09,8341,2025-05,10.5490660869455
2025-03-03,Electronics,North,1716.37,143.68,0.32,2510,2025-03,8.371155403555179
2024-05-04,Home,East,3482.57,256.44,0.0,6052,2024-05,7.363527509856227
2024-08-31,Office Supplies,North,1257.32,200.82,0.04,4927,2024-08,15.97206757229663
2025-06-12,Clothing,West,4890.98,1317.56,0.02,7806,2025-06,26.93856854863443
2024-02-22,Furniture,North,2983.22,505.53,0.28,5851,2024-02,16.945783415235883
2024-04-22,Furniture,North,1294.36,111.08,0.18,1509,2024-04,8.581847399487005
2024-02-21,Electronics,South,819.09,98.51,0.08,1707,2024-02,12.026761405950506
2025-03-18,Clothing,West,4972.5,702.97,0.07,2645,2025-03,14.137154348919056
2025-03-18,Office Supplies,North,3051.43,646.3,0.29,2817,2025-03,21.180233529853215
2025-08-19,Home,North,3883.17,246.42,0.18,1735,2025-08,6.3458463059819685
2025-06-24,Home,East,1222.22,241.16,0.28,3633,2025-06,19.731308602379276
2024-06-24,Home,South,4773.21,269.36,0.32,8180,2024-06,5.64316256774791
2024-03-22,Furniture,West,4706.33,955.06,0.37,6100,2024-03,20.29309461937433
2024-03-29,Electronics,East,1000.53,41.12,0.39,7006,2024-03,4.1098217944489415
2024-07-27,Electronics,West,2421.01,145.59,0.33,6439,2024-07,6.01360589175592
2025-11-26,Electronics,East,4351.38,306.69,0.33,6470,2025-11,7.048108875804917
2025-05-29,Office Supplies,East,421.99,28.93,0.25,8642,2025-05,6.855612692243891
2025-03-10,Furniture,East,1172.38,240.85,0.25,7714,2025-03,20.54368037666968
2024-12-19,Clothing,East,4341.52,159.15,0.29,4186,2024-12,3.665766828207632
2025-08-31,Office Supplies,West,3613.63,629.7,0.21,4362,2025-08,17.42569106411005
2024-11-01,Furniture,North,4425.78,486.81,0.09,6821,2024-11,10.999417051909495
2025-07-12,Office Supplies,East,3395.96,223.07,0.3,6019,2025-07,6.568687499263831
2024-05-10,Furniture,South,4481.71,549.48,0.35,3773,2024-05,12.26049878283066
2025-08-23,Home,East,3423.98,690.85,0.22,8677,2025-08,20.176811780442645
2024-03-31,Furniture,East,3712.4,827.75,0.02,6715,2024-03,22.29689688611141
2025-05-31,Office Supplies,East,868.62,85.26,0.33,5461,2025-05,9.815569524072668
2025-08-14,Home,South,2841.06,462.33,0.12,5922,2025-08,16.273151570188592
2024-02-13,Clothing,East,680.82,109.29,0.03,7163,2024-02,16.052701154490173
2024-12-29,Office Supplies,South,2894.93,439.57,0.17,3871,2024-12,15.184132258811095
2025-10-29,Furniture,West,3043.54,326.43,0.21,2200,2025-10,10.725339571682975
2024-10-01,Office Supplies,West,985.45,157.69,0.17,7777,2024-10,16.00182657669085
2025-08-15,Home,South,4100.67,799.32,0.08,1350,2025-08,19.49242440869419
2025-07-16,Clothing,South,4617.52,1123.86,0.18,6004,2025-07,24.339039137892197
2025-11-02,Electronics,East,213.85,19.33,0.13,2574,2025-11,9.039046060322656
2025-05-27,Home,East,3485.09,884.29,0.0,4786,2025-05,25.373519765630153
2024-03-02,Office Supplies,South,3470.96,94.74,0.27,4052,2024-03,2.729504229377463
2024-05-16,Clothing,North,363.39,31.01,0.31,6497,2024-05,8.53353146756928
2024-09-28,Electronics,North,2333.37,124.7,0.33,2459,2024-09,5.344201733972753
2025-02-05,Furniture,East,318.88,56.49,0.38,7504,2025-02,17.71512794781736
2025-02-14,Electronics,South,3693.92,387.62,0.36,5892,2025-02,10.4934595226751
2025-01-14,Office Supplies,West,4756.92,348.45,0.24,6466,2025-01,7.325117933452738
2024-07-11,Home,West,2851.5,278.04,0.39,4279,2024-07,9.750657548658602
2024-04-25,Electronics,East,327.16,75.57,0.16,7340,2024-04,23.098789583078613
2025-11-14,Clothing,West,4665.08,727.22,0.1,5845,2025-11,15.588585833469097
2025-01-11,Home,West,711.24,28.7,0.16,5296,2025-01,4.035206118890951
2025-12-01,Furniture,East,1678.35,319.38,0.17,2897,2025-12,19.029403878809546
2024-08-11,Office Supplies,East,2876.5,611.27,0.2,2802,2024-08,21.250478011472275
2025-05-31,Home,East,4238.45,396.28,0.13,7122,2025-05,9.349644327525393
2025-10-26,Clothing,West,3595.0,698.02,0.14,5358,2025-10,19.416411682892907
2024-12-11,Furniture,East,4023.28,540.65,0.1,3245,2024-12,13.438040603686543
2025-12-28,Electronics,East,3872.56,391.68,0.07,2466,2025-12,10.114239676079906
2025-11-25,Home,East,2033.93,26.19,0.31,6294,2025-11,1.2876549340439445
2025-01-14,Furniture,West,1864.63,193.65,0.37,7921,2025-01,10.385438397966352
2024-12-18,Clothing,West,4536.17,1062.01,0.13,2082,2024-12,23.41204143583684
2025-09-04,Clothing,East,3144.84,328.59,0.09,6139,2025-09,10.448544282062043
2025-11-01,Office Supplies,North,2918.2,344.47,0.02,1374,2025-11,11.804194366390242
2024-04-07,Clothing,West,3476.11,766.09,0.24,3705,2024-04,22.03871569081531
2024-09-21,Furniture,North,3681.27,117.32,0.33,5687,2024-09,3.186943636299429
2025-05-27,Clothing,West,4889.07,722.76,0.01,8577,2025-05,14.783179623118508
2025-06-14,Furniture,North,2807.57,306.92,0.06,2420,2025-06,10.931873470652558
2024-03-27,Home,West,3463.1,889.19,0.11,4882,2024-03,25.676128324333693
2025-05-29,Electronics,West,970.84,254.92,0.06,3562,2025-05,26.25767376704709
2025-09-02,Furniture,North,700.29,81.55,0.38,4959,2025-09,11.64517557012095
2025-05-27,Home,North,4577.8,863.18,0.33,7640,2025-05,18.855782253484204
2025-08-31,Office Supplies,South,2679.42,387.78,0.03,5682,2025-08,14.472535100880041
2024-01-16,Electronics,South,1111.12,216.93,0.31,7547,2024-01,19.52354381164951
2024-12-13,Electronics,West,3638.42,495.11,0.06,8245,2024-12,13.607829772263786
2024-05-17,Furniture,North,4086.3,396.41,0.26,5511,2024-05,9.700951961432104
2024-12-20,Home,West,4148.65,608.96,0.25,7896,2024-12,14.678509876706883
2024-05-08,Office Supplies,West,980.6,144.23,0.05,2631,2024-05,14.708341831531712
2024-06-01,Furniture,West,1778.81,307.48,0.33,4241,2024-06,17.28571348260916
2025-02-01,Clothing,West,1509.07,298.02,0.09,6939,2025-02,19.74858687801096
2025-06-19,Home,South,436.12,65.34,0.11,2592,2025-06,14.982115014216271
2024-07-08,Office Supplies,North,2387.19,314.86,0.05,6008,2024-07,13.189565975058542
2024-10-22,Home,East,502.17,48.06,0.1,6226,2024-10,9.570464185435211
2024-06-28,Office Supplies,North,3735.69,221.81,0.31,5940,2024-06,5.937591181281102
2025-05-28,Furniture,South,1063.15,136.59,0.08,1636,2025-05,12.847669660913322
2025-07-02,Electronics,North,3501.99,554.51,0.11,7623,2025-07,15.834140017532889
2025-01-25,Clothing,North,1515.13,386.88,0.03,1164,2025-01,25.53444258908476
2024-09-14,Furniture,East,2072.13,92.04,0.15,7683,2024-09,4.441806257329415
2024-02-20,Electronics,East,890.66,134.19,0.23,7967,2024-02,15.066355287090472
2024-08-19,Furniture,North,1662.03,79.18,0.38,7582,2024-08,4.764053597107153
2024-03-08,Home,South,4448.12,432.31,0.28,8478,2024-03,9.718937438738164
2025-05-15,Home,North,3229.39,766.55,0.04,7328,2025-05,23.736680921164677
2024-10-18,Electronics,East,1594.99,24.8,0.32,4543,2024-10,1.554868682562273
2025-12-05,Home,South,2680.46,423.89,0.38,4812,2025-12,15.814076688329614
2025-10-24,Clothing,North,993.8,125.42,0.24,8698,2025-10,12.620245522237875
2024-05-05,Home,West,4517.06,999.42,0.16,1836,2024-05,22.125453281559242
2024-12-16,Furniture,West,1885.27,230.61,0.18,1965,2024-12,12.23220016231097
2024-09-16,Furniture,West,1071.4,230.95,0.25,7289,2024-09,21.555908157550867
2025-09-16,Electronics,South,2193.39,359.39,0.2,8901,2025-09,16.385138985770883
2025-10-26,Electronics,East,3012.59,680.55,0.18,7880,2025-10,22.59019647545799
2025-12-22,Home,West,3880.82,395.24,0.27,3724,2025-12,10.184445555320783
2024-09-26,Clothing,West,2653.87,477.78,0.38,3586,2024-09,18.003142580457972
2024-11-24,Electronics,West,328.67,15.56,0.27,2326,2024-11,4.734231904341741
2024-08-20,Electronics,South,379.1,24.48,0.33,8718,2024-08,6.457399103139013
2025-06-27,Furniture,East,3920.34,739.75,0.35,7552,2025-06,18.86953682588755
2025-08-13,Clothing,South,2888.97,471.75,0.15,6529,2025-08,16.329349214425903
2024-12-15,Electronics,East,2313.95,583.42,0.11,2844,2024-12,25.213163637935132
2024-10-21,Electronics,North,4085.64,877.57,0.1,4245,2024-10,21.479376548105073
2024-05-02,Home,South,2662.79,280.42,0.36,3419,2024-05,10.531059527788523
2024-05-08,Office Supplies,East,1718.61,191.3,0.17,1007,2024-05,11.131088495935671
2025-03-16,Office Supplies,North,933.48,192.77,0.27,3820,2025-03,20.650683464027082
2025-11-14,Clothing,North,273.03,53.81,0.25,5011,2025-11,19.70845694612314
2025-08-23,Office Supplies,North,1114.68,112.97,0.04,5464,2025-08,10.134747192019233
2024-06-01,Clothing,South,1279.64,48.41,0.18,6770,2024-06,3.783095245537807
2025-10-25,Home,East,576.52,56.06,0.34,8558,2025-10,9.723860403802123
2024-06-25,Electronics,South,1963.22,312.0,0.28,5986,2024-06,15.89225863632196
2024-08-01,Home,South,3882.84,897.97,0.06,5563,2024-08,23.12662896230594
2024-09-25,Office Supplies,South,1840.78,160.05,0.05,3416,2024-09,8.6946837753561
2024-02-09,Office Supplies,East,3146.32,236.15,0.09,4374,2024-02,7.505593836609117
2025-05-03,Furniture,East,3353.68,232.54,0.32,3273,2025-05,6.933875623196012
2024-07-06,Clothing,North,171.94,17.45,0.13,6262,2024-07,10.148889147376993
2025-06-01,Office Supplies,West,4522.69,844.56,0.14,3499,2025-06,18.67384233719313
2025-08-14,Clothing,East,2423.84,346.16,0.04,8465,2025-08,14.281470724140208
2025-01-27,Clothing,West,4403.86,473.86,0.37,2097,2025-01,10.7601059070906
2024-01-02,Electronics,South,1041.16,89.2,0.1,6172,2024-01,8.567367167390218
2025-01-03,Electronics,North,2840.66,301.07,0.24,6535,2025-01,10.5985932846592
2024-12-14,Clothing,South,1233.85,252.17,0.14,4944,2024-12,20.43765449608948
2024-09-30,Clothing,North,1418.12,148.7,0.07,5624,2024-09,10.485713479818351
2024-06-30,Clothing,South,4338.67,996.54,0.08,3952,2024-06,22.968789974807947
2025-11-14,Office Supplies,North,2180.37,247.51,0.02,8846,2025-11,11.351743052784618
2025-10-24,Home,East,3579.99,329.09,0.24,7304,2025-10,9.192483777887647
2024-08-20,Office Supplies,West,1648.44,134.18,0.11,7534,2024-08,8.139817039140036
2025-08-07,Electronics,West,4461.43,1123.09,0.02,5592,2025-08,25.17331886861387
2025-08-05,Office Supplies,West,1768.94,255.34,0.1,2099,2025-08,14.434633170147093
2025-10-01,Clothing,West,3809.06,581.87,0.35,6485,2025-10,15.275947346589447
2025-07-21,Clothing,South,231.09,40.84,0.36,2513,2025-07,17.672768185555412
2024-10-23,Clothing,West,4222.12,846.68,0.38,4651,2024-10,20.053432872585336
2024-10-08,Electronics,West,4357.87,887.12,0.38,3322,2024-10,20.356733908996826
2024-07-10,Home,East,255.17,38.37,0.08,5294,2024-07,15.037034134106674
2024-11-03,Furniture,East,2894.49,367.24,0.34,6717,2024-11,12.68755462965842
2024-04-19,Electronics,South,3156.14,215.82,0.14,8970,2024-04,6.838099704068894
2024-04-18,Office Supplies,North,3619.03,832.15,0.13,6769,2024-04,22.99373036421361
2025-08-07,Home,West,1030.81,197.85,0.35,7157,2025-08,19.193643833490167
2025-06-10,Electronics,East,2390.62,183.41,0.15,5124,2025-06,7.672068333737691
2024-02-13,Home,North,3574.06,699.79,0.12,5295,2024-02,19.579693681695325
2025-12-15,Clothing,East,169.56,21.87,0.09,4626,2025-12,12.898089171974522
2025-10-31,Electronics,South,1872.74,271.05,0.09,3393,2025-10,14.473445326099727
2024-03-17,Home,North,990.82,90.32,0.38,8706,2024-03,9.115681960396438
2025-09-16,Furniture,South,2907.88,751.37,0.09,3091,2025-09,25.839099275073245
2024-02-09,Home,South,1528.31,241.84,0.16,3860,2024-02,15.824014761403118
2024-04-25,Home,West,4332.67,476.62,0.03,1405,2024-04,11.000607015997064
2025-04-27,Electronics,South,2333.61,21.01,0.34,4629,2025-04,0.9003218189843204
2025-10-22,Clothing,North,4613.94,934.44,0.29,6531,2025-10,20.252539044721
2024-09-09,Office Supplies,North,4767.26,836.02,0.04,8362,2024-09,17.53669822917147
2025-02-03,Electronics,West,4550.22,986.76,0.29,6629,2025-02,21.685984413940425
2025-06-12,Furniture,West,247.04,20.03,0.2,8560,2025-06,8.107998704663213
2024-04-12,Furniture,North,4316.62,521.88,0.01,8717,2024-04,12.090014872747659
2025-11-09,Furniture,South,3721.01,283.36,0.09,1029,2025-11,7.61513675050591
2024-07-23,Electronics,West,3693.25,426.48,0.16,6719,2024-07,11.547552968252894
2024-01-02,Home,East,3413.99,16.15,0.33,6824,2024-01,0.4730535238826124
2024-01-29,Home,North,1696.73,158.21,0.02,8676,2024-01,9.32440635811237
2024-08-27,Furniture,South,1073.32,92.59,0.22,7979,2024-08,8.626504677076735
2024-02-25,Office Supplies,West,2516.97,93.43,0.24,6852,2024-02,3.7120029241508643
2025-07-27,Clothing,North,1398.8,143.63,0.37,1520,2025-07,10.268086931655706
2025-01-15,Home,East,1729.95,138.52,0.17,7549,2025-01,8.00716783722073
2025-06-27,Electronics,East,4682.08,928.35,0.18,2700,2025-06,19.827726138810103
2024-12-05,Office Supplies,West,1663.44,146.19,0.17,2072,2024-12,8.788414370220748
2025-05-25,Furniture,West,543.06,52.22,0.3,7058,2025-05,9.615880381541634
2024-02-23,Home,South,4221.98,890.57,0.18,3532,2024-02,21.093657478244808
2024-03-06,Clothing,North,2523.65,163.95,0.35,5517,2024-03,6.496542706001228
2024-11-18,Clothing,West,1365.26,305.9,0.2,6058,2024-11,22.405988602903477
2024-01-26,Electronics,North,2629.59,272.19,0.03,5577,2024-01,10.351043318540153
2024-02-19,Home,East,3068.2,748.23,0.08,7077,2024-02,24.38661104230494
2024-10-17,Home,West,642.05,114.87,0.06,8690,2024-10,17.891129974301066
2024-12-16,Electronics,South,3719.96,661.26,0.07,2591,2024-12,17.77599759137195
2025-10-26,Office Supplies,West,2412.0,265.92,0.11,5626,2025-10,11.024875621890548
2025-03-24,Electronics,East,2431.81,18.3,0.39,4178,2025-03,0.7525258963488102
2025-09-24,Electronics,West,2580.3,456.31,0.08,8989,2025-09,17.684377785528813
2024-11-06,Furniture,East,1949.87,213.37,0.24,2767,2024-11,10.942780800771335
2025-06-09,Furniture,North,718.45,9.2,0.4,5265,2025-06,1.2805344839585218
2025-11-12,Office Supplies,South,3192.08,544.4,0.12,3423,2025-11,17.054710408260444
2025-06-24,Electronics,West,893.14,137.44,0.02,7769,2025-06,15.388404953310792
2024-08-13,Home,East,3222.72,250.34,0.0,3026,2024-08,7.767972395988483
2024-04-08,Office Supplies,South,654.67,43.98,0.29,4451,2024-04,6.717888401790215
2024-10-03,Furniture,West,457.83,52.12,0.15,8667,2024-10,11.384138217242208
2025-04-18,Clothing,East,3841.03,852.03,0.29,5518,2025-04,22.182331301760204
2025-05-23,Clothing,West,2006.61,236.7,0.29,3324,2025-05,11.796014173157714
2025-11-15,Home,East,4719.01,279.67,0.29,5410,2025-11,5.926454913212729
2025-02-08,Furniture,North,799.36,101.66,0.07,1448,2025-02,12.71767413931145
2024-01-12,Clothing,North,231.32,15.59,0.13,7869,2024-01,6.739581532076777
2024-08-10,Home,North,1338.52,131.72,0.19,1039,2024-08,9.84071960075307
2025-09-20,Electronics,South,697.32,103.42,0.35,3863,2025-09,14.831067515631274
2024-07-14,Home,West,4881.19,801.85,0.02,7354,2024-07,16.427346610150394
2024-08-02,Clothing,South,3238.36,113.69,0.21,7252,2024-08,3.510727652268432
2025-10-30,Office Supplies,North,666.35,143.7,0.15,7567,2025-10,21.56524349065806
2025-08-19,Office Supplies,South,3358.23,859.42,0.05,3670,2025-08,25.591457404644707
2025-12-07,Furniture,East,2426.05,276.36,0.0,4004,2025-12,11.391356319943942
2025-04-16,Furniture,West,4498.53,604.1,0.28,1317,2025-04,13.428831195968463
2025-03-22,Clothing,South,2346.95,388.9,0.16,1554,2025-03,16.570442489188096
2025-08-12,Furniture,South,4863.13,326.65,0.31,6248,2025-08,6.716867531815929
2024-08-18,Furniture,North,3875.41,918.68,0.06,2136,2024-08,23.7053627874212
2025-04-09,Furniture,South,4226.3,284.12,0.16,3143,2025-04,6.7226652154366695
2025-03-21,Office Supplies,East,2089.66,486.06,0.05,4454,2025-03,23.260243293167314
2024-01-06,Home,East,2623.05,313.05,0.03,2413,2024-01,11.934579973694744
2025-05-12,Clothing,East,1667.58,324.04,0.31,6138,2025-05,19.431751400232674
2025-01-24,Office Supplies,East,3279.6,478.3,0.15,5344,2025-01,14.584095621417248
2025-03-08,Home,West,3776.79,282.64,0.11,8285,2025-03,7.483603801111525
2025-04-14,Home,North,3695.53,366.29,0.16,6173,2025-04,9.91170413986627
2024-04-02,Home,South,4734.47,527.39,0.36,1017,2024-04,11.139367236459414
2025-03-20,Furniture,South,3170.17,771.87,0.1,2749,2025-03,24.34790563282095
2025-10-24,Office Supplies,North,3238.35,350.68,0.27,2588,2025-10,10.828971544150571
2025-07-26,Office Supplies,South,4684.09,603.75,0.25,5845,2025-07,12.889376591824666
2024-07-22,Electronics,North,3435.11,321.5,0.27,6497,2024-07,9.359234493218556
2024-10-03,Electronics,South,2378.07,352.5,0.1,2584,2024-10,14.822944656801523
2024-03-11,Furniture,North,4511.73,5.19,0.35,8281,2024-03,0.11503347939703841
2024-09-14,Office Supplies,West,3472.06,666.89,0.34,2400,2024-09,19.207329366428
2025-12-11,Clothing,West,1390.55,325.26,0.19,7623,2025-12,23.390744669375426
2024-10-11,Clothing,North,4742.84,1111.24,0.14,1651,2024-10,23.42984372232671
2024-01-31,Furniture,West,662.41,39.09,0.24,5000,2024-01,5.901179028094383
2025-09-01,Furniture,West,870.87,148.23,0.21,6406,2025-09,17.020910124358398
2025-08-05,Electronics,West,2061.32,154.84,0.34,1995,2025-08,7.511691537461432
2025-07-08,Electronics,South,817.06,158.55,0.22,3044,2025-07,19.404939661713954
2024-06-28,Office Supplies,West,952.57,163.83,0.2,4990,2024-06,17.1987360508939
2025-08-10,Home,South,2354.45,237.0,0.14,4938,2025-08,10.066045148548493
2025-01-29,Furniture,South,4060.28,584.86,0.38,5057,2025-01,14.404425310569714
2024-11-13,Furniture,East,4247.19,226.25,0.37,7533,2024-11,5.327051532895869
2025-06-14,Office Supplies,North,521.65,97.38,0.37,5357,2025-06,18.667689063548355
2025-12-10,Office Supplies,West,1717.7,233.58,0.34,3542,2025-12,13.598416487163068
2024-01-01,Electronics,North,949.0,112.1,0.31,1680,2024-01,11.812434141201264
2024-02-10,Clothing,West,1153.16,15.17,0.36,3114,2024-02,1.3155156266259669
2024-11-13,Office Supplies,East,1419.36,114.86,0.26,3044,2024-11,8.092379664073949
2024-01-04,Home,North,2057.37,178.52,0.2,6078,2024-01,8.67709745937775
2025-05-12,Clothing,East,481.08,14.92,0.24,7192,2025-05,3.1013552839444585
2025-06-30,Home,West,4071.45,338.9,0.24,3104,2025-06,8.323815839565757
2024-01-22,Home,North,3549.65,162.89,0.17,7809,2024-01,4.588903131294634
2024-05-26,Clothing,South,1731.57,134.94,0.14,2248,2024-05,7.792927805402035
2025-10-14,Home,South,372.57,55.88,0.18,2702,2025-10,14.998523767345734
2024-05-07,Furniture,South,399.26,48.88,0.34,8885,2024-05,12.242648900465863
2024-09-12,Furniture,West,4059.86,922.08,0.17,6558,2024-09,22.71211322557921
2025-08-10,Clothing,South,3915.93,893.46,0.16,6224,2025-08,22.816036037416403
2024-07-03,Electronics,West,4956.41,336.14,0.17,5810,2024-07,6.781924820585868
2025-09-28,Electronics,South,2854.71,469.85,0.25,8510,2025-09,16.458764638089335
2024-04-10,Clothing,South,4066.14,323.03,0.13,3343,2024-04,7.944389519298401
2025-10-21,Furniture,North,743.38,94.38,0.37,5739,2025-10,12.69606392423794
2025-09-28,Electronics,South,926.49,125.3,0.27,8913,2025-09,13.52416108106941
2024-04-02,Office Supplies,South,1469.86,162.36,0.21,3189,2024-04,11.045949954417429
2024-08-14,Office Supplies,West,3464.97,510.17,0.08,8155,2024-08,14.72364840099626
2024-08-27,Furniture,North,1992.48,184.2,0.02,2581,2024-08,9.244760298723198
2024-05-18,Clothing,West,860.17,40.12,0.17,8956,2024-05,4.664194287175791
2024-11-09,Electronics,North,4264.81,283.77,0.07,5366,2024-11,6.653754797986309
2025-01-22,Clothing,North,3691.52,178.76,0.12,6392,2025-01,4.842449722607489
2024-05-18,Clothing,West,3983.43,313.99,0.27,1697,2024-05,7.882402853821959
2024-03-15,Electronics,South,1234.24,257.91,0.18,1771,2024-03,20.896260046668395
2025-11-10,Office Supplies,West,954.68,60.17,0.24,8653,2025-11,6.302635438052542
2024-04-01,Clothing,West,2915.66,555.56,0.31,2713,2024-04,19.05434790064685
2024-04-23,Furniture,North,2641.37,132.0,0.23,8934,2024-04,4.997406648822392
2024-08-09,Office Supplies,West,4174.27,922.37,0.21,5245,2024-08,22.096558200595553
2025-03-19,Home,South,778.46,124.77,0.18,5496,2025-03,16.027798473910025
2025-05-12,Home,West,219.42,33.81,0.31,4765,2025-05,15.408805031446542
2025-05-08,Clothing,East,1872.52,371.58,0.32,3167,2025-05,19.843846794693782
2024-06-27,Home,East,896.57,151.95,0.15,6147,2024-06,16.947923753861936
2024-07-09,Furniture,East,571.65,119.53,0.13,2075,2024-07,20.90964751158926
2024-07-01,Home,North,3092.74,258.82,0.39,7525,2024-07,8.3686310520768
2025-07-08,Clothing,North,2382.76,98.27,0.16,6463,2025-07,4.124208900602662
2025-05-07,Clothing,West,3523.52,316.78,0.01,5375,2025-05,8.990441376805013
2024-10-12,Electronics,West,4992.36,1357.45,0.02,8863,2024-10,27.190547156054457
2025-06-20,Furniture,North,1342.67,245.47,0.39,6261,2025-06,18.282228693573252
2025-01-11,Electronics,East,775.17,58.66,0.06,4183,2025-01,7.5673723183301735
2025-08-20,Home,West,1005.31,25.76,0.26,6884,2025-08,2.562393689508709
2024-06-10,Office Supplies,East,4290.04,269.68,0.34,4685,2024-06,6.286188473767145
2024-10-04,Home,West,3006.41,758.1,0.1,7314,2024-10,25.216121553613778
2025-07-25,Electronics,West,1431.86,194.05,0.4,6065,2025-07,13.552302599416146
2025-03-11,Home,East,583.6,123.72,0.12,8912,2025-03,21.19945167923235
2024-07-24,Home,East,4301.39,556.01,0.07,7776,2024-07,12.926286618976654
2024-08-24,Electronics,South,4106.79,725.91,0.24,1888,2024-08,17.675849020768045
2025-10-24,Home,South,604.66,59.99,0.32,6110,2025-10,9.921278073628155
2025-10-13,Electronics,North,247.26,33.11,0.04,2524,2025-10,13.390762759847933
2024-12-02,Electronics,North,1035.12,116.08,0.11,1502,2024-12,11.214158744879823
2024-03-19,Clothing,North,4970.04,952.96,0.22,7371,2024-03,19.174091154195942
2024-10-09,Clothing,South,1257.51,37.19,0.21,4343,2024-10,2.9574317500457252
2025-08-10,Office Supplies,East,4985.8,600.61,0.19,7378,2025-08,12.04641180953909
2024-10-30,Clothing,North,2735.67,708.98,0.04,2955,2024-10,25.916137545829727
2024-06-01,Office Supplies,North,3609.75,187.65,0.22,7873,2024-06,5.198420943278621
2025-10-27,Office Supplies,East,1214.99,239.43,0.31,8236,2025-10,19.706335031564045
2025-03-25,Office Supplies,North,2168.46,246.86,0.14,3181,2025-03,11.384115916364609
2024-02-03,Office Supplies,North,4937.31,578.99,0.28,4187,2024-02,11.72683100716787
2025-02-24,Office Supplies,West,3696.09,729.65,0.17,1225,2025-02,19.741131844733218
2024-01-12,Furniture,North,3464.13,606.73,0.26,1204,2024-01,17.514642926218126
2024-02-20,Electronics,North,3171.61,579.19,0.19,3990,2024-02,18.2617030467176
2024-05-09,Clothing,North,3625.45,427.12,0.34,5560,2024-05,11.781158201050905
2025-12-05,Clothing,West,451.77,31.48,0.21,7890,2025-12,6.96814750868805
2025-03-16,Clothing,South,691.66,155.47,0.09,6696,2025-03,22.477807015007375
2025-06-21,Electronics,South,2234.06,382.47,0.28,5902,2025-06,17.11995201561283
2024-09-07,Electronics,East,3332.59,252.08,0.05,5397,2024-09,7.564086791354472
2024-06-10,Clothing,South,1984.61,212.74,0.19,2758,2024-06,10.719486448219048
2025-09-26,Furniture,East,168.08,9.73,0.31,8635,2025-09,5.788910042836744
2024-08-06,Office Supplies,West,1382.67,64.22,0.18,3995,2024-08,4.644636825851432
2024-08-02,Home,South,1336.23,22.26,0.27,2161,2024-08,1.665880873801666
2024-08-04,Electronics,East,2407.55,58.42,0.28,7569,2024-08,2.426533197649062
2024-09-07,Clothing,East,1233.2,104.65,0.03,8625,2024-09,8.486052546221213
2024-04-16,Furniture,South,2734.38,340.93,0.28,5695,2024-04,12.468274343726913
2024-06-20,Clothing,East,1398.42,353.23,0.05,1754,2024-06,25.25922112097939
2025-01-29,Furniture,East,4756.65,657.68,0.11,5586,2025-01,13.82653758422419
2024-03-24,Office Supplies,North,4776.83,194.56,0.18,6782,2024-03,4.072994014859227
2025-09-23,Furniture,South,3961.79,114.59,0.37,1781,2025-09,2.8923794547414174
2024-04-14,Clothing,North,4755.59,535.31,0.01,3702,2024-04,11.256437161319624
2025-09-24,Electronics,North,501.42,47.22,0.34,6065,2025-09,9.417254995811893
2024-12-05,Clothing,West,1544.32,178.57,0.19,2003,2024-12,11.563018027351845
2025-10-10,Home,East,2969.43,380.03,0.13,1039,2025-10,12.798079092620467
2025-10-21,Office Supplies,South,4332.0,211.65,0.33,8372,2025-10,4.885734072022161
2025-10-25,Clothing,West,4050.21,835.0,0.31,3363,2025-10,20.616214961693345
2025-02-23,Home,South,3312.56,682.97,0.18,4993,2025-02,20.617588813485643
2024-04-03,Furniture,South,4451.15,373.67,0.23,8995,2024-04,8.394909180773508
2025-05-29,Office Supplies,South,4242.76,171.1,0.31,5754,2025-05,4.0327522650350245
2024-11-19,Electronics,North,1004.09,40.66,0.26,1075,2024-11,4.049437799400452
2024-07-17,Home,South,529.52,44.56,0.0,5195,2024-07,8.415168454449313
2025-01-20,Furniture,South,1030.06,193.81,0.18,4589,2025-01,18.815408811137218
2024-06-19,Clothing,North,2289.05,434.22,0.25,7093,2024-06,18.969441471352745
2024-01-31,Furniture,South,4934.71,139.03,0.29,4139,2024-01,2.8173894717217425
2024-04-26,Furniture,West,2997.91,559.32,0.01,4548,2024-04,18.656997708403527
2025-12-07,Clothing,West,2801.3,421.44,0.28,3763,2025-12,15.04444365116196
2025-07-01,Electronics,South,915.31,100.21,0.19,3117,2025-07,10.948203340944598
2025-07-27,Furniture,South,4820.71,351.45,0.2,5115,2025-07,7.290419875910395
2024-10-15,Furniture,West,1940.64,349.21,0.27,2468,2024-10,17.99457910792316
2025-09-14,Office Supplies,South,2768.68,205.53,0.02,5095,2025-09,7.4233930970715285
2025-11-19,Clothing,East,2758.42,480.82,0.39,1872,2025-11,17.430993104748367
2025-01-16,Home,West,1217.0,126.43,0.19,4273,2025-01,10.388660640920296
2025-02-20,Furniture,East,3854.0,247.89,0.29,6804,2025-02,6.4320186818889455
2025-04-16,Office Supplies,South,2052.16,189.62,0.17,4990,2025-04,9.240020271323875
2025-11-04,Electronics,East,882.75,66.02,0.36,8217,2025-11,7.478901161144151
2025-06-02,Furniture,East,3468.5,259.03,0.33,4061,2025-06,7.4680697707942905
2025-07-24,Office Supplies,North,4269.0,902.13,0.3,4237,2025-07,21.132115249472943
2024-08-03,Office Supplies,East,3681.56,558.71,0.07,5504,2024-08,15.175903692999707
2024-04-23,Furniture,West,3741.05,330.36,0.05,5244,2024-04,8.830675879766375
2024-09-25,Home,South,4210.65,106.91,0.29,5834,2024-09,2.5390379157612246
2025-08-31,Furniture,North,1356.94,103.69,0.29,5686,2025-08,7.641457986351644
2025-01-16,Office Supplies,South,1434.2,162.51,0.37,4936,2025-01,11.331055640775343
2025-06-08,Clothing,South,4353.3,688.21,0.26,6941,2025-06,15.808926561459122
2024-09-24,Clothing,North,605.19,61.4,0.34,1979,2024-09,10.145574117219384
2025-05-26,Furniture,North,1014.16,85.55,0.1,5540,2025-05,8.435552575530489
2025-04-24,Clothing,East,4314.37,468.74,0.09,8223,2025-04,10.864622181222288
2024-09-29,Clothing,West,1526.96,23.2,0.36,1374,2024-09,1.5193587258343375
2024-09-05,Electronics,West,2807.15,443.05,0.17,2983,2024-09,15.782911493863882
2024-07-15,Electronics,East,2272.98,285.08,0.1,7974,2024-07,12.542125315664897
2025-06-23,Office Supplies,North,4132.51,728.47,0.12,1050,2025-06,17.62778553469925
2024-03-16,Home,North,654.8,158.32,0.18,7577,2024-03,24.178375076359192
2025-04-25,Office Supplies,South,678.14,106.17,0.16,2573,2025-04,15.656059220809862
2025-10-13,Home,North,1149.58,121.63,0.36,7897,2025-10,10.580385880060545
2024-11-30,Home,West,2330.2,460.96,0.36,4230,2024-11,19.78199296197751
2024-12-17,Electronics,North,2245.17,256.46,0.15,7653,2024-12,11.422743043956581
2025-04-08,Electronics,West,794.33,85.26,0.23,2163,2025-04,10.733574207193485
2024-05-02,Electronics,South,1184.58,206.95,0.08,1570,2024-05,17.470327035742624
2024-09-28,Home,East,2573.73,569.41,0.04,6619,2024-09,22.1239213126474
2024-03-11,Clothing,East,3198.76,735.0,0.11,5339,2024-03,22.977653840863333
2024-08-05,Furniture,West,2581.1,211.66,0.14,3582,2024-08,8.200379683080856
2025-05-14,Clothing,East,3000.37,468.65,0.12,4139,2025-05,15.619740232038048
2024-04-15,Office Supplies,North,1815.13,50.8,0.23,3497,2024-04,2.798697613945006
2024-10-06,Home,East,1043.75,7.11,0.39,7634,2024-10,0.6811976047904191
2024-04-30,Home,East,3916.73,317.81,0.19,3397,2024-04,8.114166664539042
2024-12-03,Office Supplies,West,623.98,33.01,0.09,8055,2024-12,5.290233661335299
2024-11-02,Furniture,North,2285.43,28.13,0.4,5102,2024-11,1.2308405857978588
2024-04-15,Electronics,South,2610.92,311.39,0.38,3736,2024-04,11.926447382531826
2025-10-10,Home,South,1093.68,217.05,0.21,5311,2025-10,19.845841562431424
2025-01-23,Furniture,South,2281.94,416.6,0.05,6045,2025-01,18.256395873686426
2024-04-10,Home,West,4888.1,1043.36,0.3,8429,2024-04,21.344898835948527
2024-06-06,Furniture,South,1751.1,142.5,0.22,4230,2024-06,8.137741990748673
2024-10-12,Electronics,South,3069.11,366.71,0.29,8072,2024-10,11.948415012821306
2024-05-06,Office Supplies,North,3928.94,224.5,0.28,7913,2024-05,5.714009376574852
2025-10-13,Clothing,North,1290.82,94.96,0.15,4374,2025-10,7.356564044560822
2024-10-29,Furniture,East,1409.81,160.65,0.37,3471,2024-10,11.3951525382853
2025-08-10,Home,East,3397.65,450.53,0.39,3278,2025-08,13.260047385693053
2025-11-06,Home,West,424.9,74.61,0.35,3440,2025-11,17.559425747234645
2024-04-24,Electronics,North,2504.34,544.4,0.16,6583,2024-04,21.73826237651437
2025-06-08,Office Supplies,North,1019.85,160.97,0.2,3521,2025-06,15.783693680443204
2024-10-27,Furniture,North,4176.85,318.08,0.06,7461,2024-10,7.615308186791481
2024-05-06,Office Supplies,East,3166.68,520.23,0.15,6027,2024-05,16.42824661790898
2024-10-30,Home,South,1858.57,233.17,0.03,3978,2024-10,12.54566682987458
2025-08-21,Furniture,West,4960.32,495.09,0.06,2390,2025-08,9.981009289723245
2025-02-24,Office Supplies,North,2631.39,300.39,0.37,4501,2025-02,11.415639642926362
2025-05-17,Office Supplies,South,2482.67,201.25,0.38,7170,2025-05,8.106192123802197
2024-09-25,Office Supplies,East,3034.33,592.42,0.16,7411,2024-09,19.52391466979531
2024-04-26,Clothing,North,4966.89,761.05,0.06,4828,2024-04,15.322465365651341
2024-06-03,Office Supplies,East,1200.04,225.19,0.23,2127,2024-06,18.765207826405785
2024-03-12,Electronics,North,291.14,56.78,0.03,2876,2024-03,19.502644775709282
2025-11-05,Furniture,North,1267.22,265.81,0.12,7591,2025-11,20.975836871261503
2025-11-11,Home,West,532.8,130.34,0.01,5640,2025-11,24.463213213213216
2025-06-07,Electronics,South,2713.26,531.02,0.18,2739,2025-06,19.57129062456233
2025-11-17,Home,West,2342.73,133.51,0.21,3650,2025-11,5.698906830919483
2025-03-27,Home,West,4437.93,914.54,0.16,1811,2025-03,20.607355230929734
2024-05-04,Furniture,North,4984.5,430.39,0.19,8224,2024-05,8.63456715819039
2025-09-27,Home,South,1709.59,225.96,0.02,1920,2025-09,13.217204124965637
2025-07-16,Electronics,East,2979.5,530.09,0.06,1128,2025-07,17.79124014096325
2025-08-03,Office Supplies,East,1299.08,298.32,0.22,2701,2025-08,22.963943714012995
2025-08-20,Furniture,South,426.84,98.39,0.06,6115,2025-08,23.050791865804516
2024-08-30,Office Supplies,West,710.55,31.64,0.35,3806,2024-08,4.45288860741679
2024-05-28,Clothing,East,889.62,98.61,0.24,2072,2024-05,11.084507992176434
2025-08-07,Electronics,West,2352.33,225.06,0.17,5849,2025-08,9.567535167259695
2024-12-08,Clothing,West,1659.99,395.38,0.04,8096,2024-12,23.81821577238417
2024-09-08,Office Supplies,North,4303.69,718.96,0.0,4605,2024-09,16.705664209085693
2024-01-07,Electronics,East,3124.81,115.86,0.23,5917,2024-01,3.7077454309221998
2024-04-19,Electronics,South,366.51,56.68,0.22,4939,2024-04,15.464789500968596
2024-07-19,Electronics,South,3041.35,385.86,0.0,3022,2024-07,12.687129070971773
2024-06-09,Office Supplies,South,2086.79,92.68,0.33,7786,2024-06,4.4412710430853135
2024-01-06,Home,North,2598.3,141.3,0.25,6393,2024-01,5.438171111880846
2025-05-08,Office Supplies,East,3933.65,646.52,0.01,3581,2025-05,16.435625945368805
2025-02-03,Clothing,North,2073.62,146.9,0.22,5264,2025-02,7.084229511675236
2025-09-28,Home,North,3633.96,770.08,0.1,5177,2025-09,21.191207388083523
2024-01-04,Electronics,West,3027.43,374.29,0.04,5306,2024-01,12.363291636800852
2024-11-18,Office Supplies,South,4344.97,212.35,0.34,1184,2024-11,4.887260441383945
2024-02-15,Home,East,2790.77,247.01,0.3,2026,2024-02,8.850962279227597
2025-04-15,Electronics,East,2129.93,43.44,0.26,7429,2025-04,2.0395036456597166
2025-10-16,Office Supplies,West,1540.08,225.06,0.2,7707,2025-10,14.613526570048311
2025-08-17,Clothing,West,1147.56,179.91,0.35,3629,2025-08,15.677611628150162
2024-05-06,Office Supplies,West,593.92,105.53,0.01,5235,2024-05,17.768386314655174
2024-06-25,Office Supplies,East,476.56,121.75,0.03,3482,2024-06,25.547675004196748
2024-07-23,Furniture,West,1461.41,330.94,0.0,5300,2024-07,22.645253556496804
2025-10-11,Furniture,East,3694.48,757.76,0.32,3081,2025-10,20.510599597236958
2024-04-04,Furniture,South,2041.28,117.71,0.35,6819,2024-04,5.766479855776767
2024-10-17,Furniture,North,2859.61,106.67,0.32,1286,2024-10,3.7302289473040027
2024-08-30,Electronics,South,3302.88,477.82,0.03,7068,2024-08,14.466768396066461
2024-09-15,Clothing,West,731.62,109.68,0.24,3725,2024-09,14.991388972417377
2024-01-31,Furniture,South,1239.19,127.0,0.24,5628,2024-01,10.248630153568056
2025-12-07,Office Supplies,East,1107.53,72.84,0.23,2186,2025-12,6.5767970167850995
2025-08-25,Electronics,North,331.73,18.24,0.33,8788,2025-08,5.498447532631959
2025-10-08,Home,West,4083.52,651.67,0.01,6786,2025-10,15.958535773058538
2024-04-27,Clothing,North,3709.57,86.87,0.25,6349,2024-04,2.341780853306448
2025-04-13,Furniture,East,1771.32,220.01,0.18,4211,2025-04,12.420680622360724
2024-03-31,Clothing,East,797.66,68.15,0.28,7389,2024-03,8.54374044078931
2025-07-01,Electronics,South,3935.68,427.6,0.31,1306,2025-07,10.86470444751606
2024-05-15,Home,East,4572.54,1247.06,0.0,6998,2024-05,27.27280679884703
2024-06-10,Home,East,756.84,29.19,0.3,2683,2024-06,3.8568257491675917
2025-01-15,Home,West,3260.83,486.71,0.27,3428,2025-01,14.92595443491381
2024-02-18,Furniture,West,300.82,31.82,0.01,3889,2024-02,10.577754138687588
2024-04-19,Electronics,West,1931.93,191.67,0.28,7296,2024-04,9.921166915985568
2024-09-10,Home,South,362.31,15.71,0.3,1997,2024-09,4.33606580000552
2024-09-11,Electronics,North,3457.67,77.03,0.28,4208,2024-09,2.227800802274364
2025-01-29,Electronics,North,4580.62,517.81,0.22,8886,2025-01,11.304364911300215
2025-12-09,Electronics,West,1111.67,294.28,0.01,5860,2025-12,26.471884642025056
2024-08-14,Home,North,2179.53,434.7,0.39,1682,2024-08,19.944666969484246
2024-04-27,Office Supplies,North,319.06,36.29,0.29,8034,2024-04,11.374036231429825
2024-12-15,Home,West,1849.82,369.27,0.3,7862,2024-12,19.962482836167844
2025-10-31,Office Supplies,East,4971.26,325.07,0.17,1767,2025-10,6.5389860920571445
2024-05-31,Office Supplies,West,2542.49,132.99,0.16,6227,2024-05,5.230699039130932
2024-02-15,Furniture,North,1171.96,204.04,0.07,6003,2024-02,17.410150517082492
2025-01-18,Office Supplies,West,2415.05,354.37,0.26,1929,2025-01,14.673402206993643
2025-08-03,Clothing,West,3028.66,784.45,0.02,5753,2025-08,25.900893464436418
2024-03-26,Furniture,East,1047.6,169.13,0.04,1428,2024-03,16.144520809469263
2024-07-15,Office Supplies,South,4621.84,194.37,0.21,5364,2024-07,4.205467952157582
2024-10-11,Office Supplies,West,944.92,245.27,0.04,6552,2024-10,25.95669474664522
2024-09-28,Furniture,South,3336.36,766.8,0.15,1475,2024-09,22.98313131676438
2025-07-01,Office Supplies,West,4996.3,1248.0,0.01,4424,2025-07,24.978484078217882
2025-05-14,Clothing,West,918.72,28.74,0.21,5361,2025-05,3.1282654127481715
2025-06-12,Electronics,East,1279.31,39.98,0.21,8374,2025-06,3.1251221361515187
2025-04-23,Home,South,234.41,14.47,0.07,5378,2025-04,6.172944840237191
2024-03-11,Office Supplies,South,3513.34,212.83,0.25,6878,2024-03,6.057768391331326
2025-11-27,Furniture,South,3635.99,497.08,0.2,5762,2025-11,13.671104706008544
2025-02-01,Office Supplies,South,2623.12,119.34,0.16,4676,2025-02,4.549544054408491
2024-04-24,Electronics,West,1539.57,330.71,0.09,4877,2024-04,21.480673174977426
2025-04-04,Electronics,East,4063.24,734.89,0.17,6680,2025-04,18.08630550988866
2025-05-07,Furniture,North,1280.56,294.02,0.16,6678,2025-05,22.96026738301993
2024-04-06,Office Supplies,East,659.65,158.45,0.15,8682,2024-04,24.020313802774197
2025-10-17,Furniture,East,3518.65,582.6,0.29,8627,2025-10,16.557486536029444
2024-09-17,Clothing,East,2844.69,204.11,0.25,1816,2024-09,7.1751227726043965
2025-11-14,Home,West,2497.34,382.09,0.26,8899,2025-11,15.299879071331896
2024-02-05,Home,West,848.34,89.52,0.34,4823,2024-02,10.552372869368412
2025-02-17,Office Supplies,West,4082.15,467.75,0.4,7592,2025-02,11.458422644929755
2024-04-06,Furniture,East,2413.63,496.75,0.17,1583,2024-04,20.581033546981104
2024-12-08,Furniture,East,1577.79,289.55,0.27,1493,2024-12,18.351618402956035
2024-03-22,Clothing,North,4953.0,1359.41,0.02,7102,2024-03,27.446194225721786
2024-07-28,Office Supplies,West,3943.1,135.15,0.23,7121,2024-07,3.4275062767872995
2025-06-05,Home,South,2934.03,357.17,0.06,6968,2025-06,12.173358827278522
2025-11-14,Electronics,East,2187.58,534.25,0.09,8680,2025-11,24.421963996745262
2025-07-30,Furniture,East,3436.48,724.48,0.19,7512,2025-07,21.082037433653042
2025-01-26,Clothing,West,2055.43,450.83,0.04,1213,2025-01,21.933609998881014
2025-12-10,Furniture,South,1481.23,67.4,0.25,2362,2025-12,4.550272408741384
2025-04-04,Clothing,East,2840.14,497.79,0.35,5567,2025-04,17.52695289668819
2024-11-22,Office Supplies,West,4069.26,330.68,0.14,5651,2024-11,8.126293232676211
2025-04-04,Clothing,East,3480.06,750.55,0.06,5002,2025-04,21.56715688809963
2025-07-30,Clothing,South,4350.63,622.96,0.28,5893,2025-07,14.318845776358827
2024-09-25,Furniture,West,1647.74,46.28,0.23,5223,2024-09,2.808695546627502
2025-03-04,Clothing,East,2562.89,622.96,0.05,1932,2025-03,24.306934749443016
2025-09-22,Clothing,North,790.24,74.13,0.03,4530,2025-09,9.380694472565295
2025-06-03,Clothing,South,4264.32,561.45,0.15,4446,2025-06,13.166225799189558
2024-09-22,Office Supplies,West,254.8,24.26,0.02,8068,2024-09,9.521193092621665
2025-07-04,Furniture,South,1363.76,46.19,0.21,5594,2025-07,3.386959582331202
2024-10-01,Electronics,West,3353.69,391.72,0.39,7258,2024-10,11.680268599661865
2024-12-26,Home,West,3578.84,580.62,0.27,6202,2024-12,16.223692593130735
2025-04-20,Furniture,East,2981.71,228.92,0.04,4398,2025-04,7.677473664440875
2025-09-04,Home,South,566.0,101.38,0.01,7069,2025-09,17.91166077738516
2025-07-31,Furniture,West,4838.55,400.74,0.29,2714,2025-07,8.282233313699352
2024-08-20,Home,North,687.94,5.92,0.34,2517,2024-08,0.8605401633863416
2024-04-27,Electronics,East,469.04,18.95,0.34,7920,2024-04,4.040167149923247
2024-05-18,Office Supplies,East,1742.49,78.9,0.26,5839,2024-05,4.528003030146515
2024-12-24,Office Supplies,South,2559.84,576.42,0.2,1810,2024-12,22.51781361335083
2024-01-23,Home,North,2519.37,562.93,0.23,6681,2024-01,22.344078083012818
2025-08-05,Home,South,4852.23,528.39,0.39,3776,2025-08,10.889632189735442
2024-03-20,Electronics,East,2803.39,72.14,0.34,5243,2024-03,2.573313024588088
2024-10-13,Clothing,East,2586.66,343.08,0.12,4765,2024-10,13.263436245969707
2025-01-28,Office Supplies,North,3889.02,675.9,0.28,4682,2025-01,17.379699770122034
2025-09-25,Electronics,East,2172.05,68.24,0.32,4175,2025-09,3.1417324647222666
2024-12-01,Office Supplies,West,3740.24,94.33,0.3,5977,2024-12,2.522030671828546
2024-07-29,Clothing,North,2661.37,185.34,0.03,4827,2024-07,6.964082408684249
2024-12-30,Home,North,1262.16,318.5,0.04,8349,2024-12,25.234518603029727
2024-04-13,Office Supplies,North,3255.48,390.73,0.39,2177,2024-04,12.002223942398665
2025-07-07,Furniture,East,4900.32,407.56,0.26,2777,2025-07,8.31700786887387
2025-09-06,Electronics,West,2562.29,223.58,0.19,6311,2025-09,8.725788259720797
2024-03-25,Home,South,3256.28,670.65,0.23,7784,2024-03,20.595587603031678
2024-06-02,Electronics,South,2073.81,409.54,0.0,4839,2024-06,19.748192939565342
2025-08-03,Furniture,West,2608.89,490.52,0.23,1104,2025-08,18.801865927655058
2024-12-02,Home,West,722.12,128.37,0.27,8765,2024-12,17.776823796598904
2024-09-27,Electronics,South,1213.34,132.94,0.21,8460,2024-09,10.956533205861508
2025-07-16,Home,West,870.63,55.54,0.2,3320,2025-07,6.379288561156864
2025-08-21,Clothing,East,4237.82,563.59,0.39,3208,2025-08,13.299054702653725
2025-01-14,Clothing,West,878.38,168.68,0.06,7132,2025-01,19.203533778091487
2024-02-23,Office Supplies,South,3123.18,432.05,0.28,1619,2024-02,13.833656721674704
2025-01-23,Home,East,2613.88,52.39,0.26,3283,2025-01,2.0043001208930784
2025-04-08,Clothing,North,4144.34,91.71,0.35,2398,2025-04,2.21289759044866
2024-09-04,Furniture,West,1523.59,59.34,0.35,5642,2024-09,3.8947485872183467
2024-03-22,Home,East,2751.67,615.53,0.01,7371,2024-03,22.36932481002446
2025-05-06,Home,West,4565.35,797.41,0.24,4097,2025-05,17.466568828238795
2025-12-06,Home,North,4205.84,1053.69,0.1,3577,2025-12,25.053021512943907
2024-09-16,Office Supplies,North,393.57,60.51,0.26,7435,2024-09,15.37464745788551
2024-01-25,Clothing,South,1565.53,391.17,0.13,2492,2024-01,24.98642632207623
2025-07-16,Furniture,East,713.34,11.64,0.36,1629,2025-07,1.6317604508369081
2024-03-09,Office Supplies,South,3216.04,454.18,0.27,7718,2024-03,14.122336786855886
2025-01-11,Furniture,West,2667.54,175.06,0.21,4179,2025-01,6.5626007482549475
2024-06-13,Home,West,924.74,57.05,0.33,8823,2024-06,6.1693016415424875
2025-06-25,Home,North,4390.62,312.54,0.34,4909,2025-06,7.118356860762262
2025-10-12,Electronics,West,756.22,77.39,0.28,7000,2025-10,10.233794398455476
2024-02-22,Office Supplies,West,1949.03,212.79,0.0,8752,2024-02,10.917738567389932
2025-09-09,Clothing,South,319.73,47.09,0.17,3023,2025-09,14.728051793700935
2025-10-03,Furniture,West,881.03,160.79,0.34,7135,2025-10,18.250229844613692
2024-09-17,Office Supplies,East,2439.07,514.1,0.0,2379,2024-09,21.077705846900663
2025-05-29,Office Supplies,West,1895.98,266.22,0.37,8530,2025-05,14.04128735535185
2025-11-05,Clothing,East,1265.68,150.96,0.21,5548,2025-11,11.9271853865116
2024-06-16,Clothing,East,539.2,85.93,0.25,3426,2024-06,15.936572700296736
2024-09-02,Office Supplies,East,2970.38,367.15,0.03,3989,2024-09,12.360371400292216
2025-07-17,Furniture,East,3742.56,291.34,0.16,6457,2025-07,7.784511136762001
2024-09-23,Furniture,South,1801.1,394.95,0.24,2496,2024-09,21.92826605963023
2025-03-23,Electronics,West,354.41,63.98,0.21,6857,2025-03,18.0525380209362
2025-01-22,Office Supplies,East,4135.81,429.42,0.23,8755,2025-01,10.382972138468642
2024-04-24,Home,West,767.16,85.62,0.04,4115,2024-04,11.160644454872518
2024-11-05,Home,East,2195.92,338.8,0.25,2013,2024-11,15.428613064228205
2024-11-09,Home,North,4676.89,189.05,0.19,5899,2024-11,4.042216088041412
2024-06-14,Furniture,East,4564.59,581.45,0.11,7851,2024-06,12.73827441237877
2024-04-19,Clothing,East,1614.97,268.52,0.25,4387,2024-04,16.62693424645659
2025-02-22,Furniture,North,4578.66,176.45,0.19,5050,2025-02,3.853747603010488
2025-10-14,Home,South,4640.05,695.2,0.22,4214,2025-10,14.982597170289115
2024-06-20,Home,West,3833.23,497.97,0.37,7343,2024-06,12.990871927851968
2025-01-19,Electronics,East,4385.56,218.61,0.22,4401,2025-01,4.984768193799651
2024-07-20,Home,West,731.55,118.99,0.26,5777,2024-07,16.26546374137106
2025-06-08,Office Supplies,North,2295.54,338.21,0.18,4524,2025-06,14.733352500936597
2024-03-16,Furniture,West,1429.69,264.51,0.2,7256,2024-03,18.501213549790513
2024-01-05,Office Supplies,South,4516.91,1064.25,0.2,3615,2024-01,23.561461264448486
2024-03-28,Office Supplies,South,4123.32,607.25,0.38,1176,2024-03,14.727210112239653
2024-05-26,Office Supplies,East,2500.04,176.83,0.08,5597,2024-05,7.073086830610712
2025-11-20,Office Supplies,East,3339.53,213.65,0.23,2515,2025-11,6.397606848867953
2025-06-25,Office Supplies,South,4756.35,408.82,0.2,2772,2025-06,8.595246354872959
2025-06-18,Office Supplies,West,2086.6,6.33,0.34,2573,2025-06,0.3033643247388096
2024-01-29,Furniture,North,2558.8,473.07,0.22,8654,2024-01,18.487963107706737
2025-07-31,Furniture,East,3691.17,465.39,0.24,2125,2025-07,12.608197400824128
2025-12-20,Clothing,East,2038.07,424.76,0.3,4605,2025-12,20.841286118729975
2024-08-20,Clothing,South,1674.84,119.06,0.33,2715,2024-08,7.1087387451935715
2024-07-30,Office Supplies,South,4971.85,548.09,0.06,7097,2024-07,11.023864356326115
2024-08-17,Home,South,633.74,141.44,0.11,1028,2024-08,22.318300880487264
2024-04-13,Office Supplies,South,409.14,39.33,0.38,6461,2024-04,9.61284645842499
2025-07-27,Electronics,South,1919.39,462.95,0.15,7010,2025-07,24.11964217798363
2025-12-19,Office Supplies,North,4640.96,689.88,0.21,4795,2025-12,14.865027925256843
2024-12-06,Clothing,East,4523.76,449.71,0.2,8888,2024-12,9.941066723256759
2024-01-09,Office Supplies,West,3843.2,882.22,0.16,4356,2024-01,22.95534970857619
2025-08-22,Home,East,1926.49,146.95,0.22,7218,2025-08,7.627862070397458
2025-03-04,Clothing,South,3892.54,505.76,0.01,7704,2025-03,12.99305851706084
2025-04-21,Furniture,South,1963.44,322.31,0.23,7887,2025-04,16.415576742859468
2025-06-18,Electronics,South,2067.31,91.29,0.35,4614,2025-06,4.415883442734763
2024-01-08,Electronics,North,3301.03,216.17,0.33,6150,2024-01,6.54856211546093
2025-09-10,Electronics,South,1215.28,290.31,0.15,7366,2025-09,23.88832203278257
2025-02-27,Clothing,West,2440.64,360.19,0.22,6689,2025-02,14.75801429133342
2024-06-14,Office Supplies,East,1331.73,158.29,0.37,1407,2024-06,11.886042966667416
2025-09-26,Clothing,West,4433.37,681.23,0.33,6043,2025-09,15.365963138650734
2025-11-30,Home,East,3388.73,846.4,0.04,3281,2025-11,24.976908753426798
2024-10-20,Home,South,2444.01,522.95,0.05,3004,2024-10,21.397211959034536
2024-10-10,Electronics,West,622.51,97.72,0.28,2687,2024-10,15.697739795344653
2024-01-23,Electronics,North,607.07,111.1,0.21,5937,2024-01,18.301019651769977
2025-09-23,Electronics,North,4496.13,721.57,0.07,2991,2025-09,16.04869076294502
2024-03-26,Electronics,East,1519.8,262.85,0.31,2323,2024-03,17.29503882089749
2025-11-11,Furniture,West,1611.38,119.14,0.19,3169,2025-11,7.393662574935769
2025-12-20,Furniture,North,4715.34,550.61,0.36,6681,2025-12,11.676994659982102
2024-12-11,Clothing,West,3489.48,651.63,0.02,1445,2024-12,18.67412909659892
2025-05-01,Office Supplies,South,4895.98,572.49,0.31,2909,2025-05,11.693062471660424
2024-08-08,Furniture,West,2855.69,217.75,0.27,1886,2024-08,7.625127377271343
2025-11-07,Home,South,2876.25,298.93,0.12,6020,2025-11,10.393046501521077
2025-05-05,Clothing,North,3898.95,948.0,0.03,1295,2025-05,24.314238448813143
2025-11-04,Home,South,2584.17,179.73,0.3,6700,2025-11,6.955037787761641
2025-10-30,Clothing,North,1819.32,335.69,0.1,7521,2025-10,18.451399423960602
2025-06-18,Home,West,4549.99,967.28,0.14,6862,2025-06,21.258947821863345
2025-06-07,Electronics,West,1252.66,315.65,0.14,3650,2025-06,25.198377851931085
2024-07-28,Electronics,North,3885.94,823.3,0.24,8730,2024-07,21.186636952706422
2024-01-24,Office Supplies,North,4667.1,359.39,0.06,6909,2024-01,7.700499239356344
2024-09-16,Electronics,South,3326.2,675.01,0.13,4411,2024-09,20.2937285791594
2025-12-12,Office Supplies,East,1180.06,58.45,0.29,7576,2025-12,4.9531379760351175
2024-12-24,Electronics,South,2151.77,267.71,0.28,3681,2024-12,12.441385464059818
2025-02-10,Electronics,South,701.62,105.61,0.08,7451,2025-02,15.052307516889485
2025-08-30,Clothing,East,1135.83,76.77,0.06,5437,2025-08,6.758933995404242
2025-01-09,Home,South,759.44,63.59,0.18,2026,2025-01,8.37327504476983
2025-08-04,Electronics,West,3679.16,237.84,0.16,2130,2025-08,6.464519075006252
2024-06-03,Office Supplies,South,609.75,87.87,0.3,4693,2024-06,14.410824108241084
2024-04-05,Home,East,2358.79,410.37,0.3,1941,2024-04,17.397479216038732
2024-10-26,Clothing,North,891.05,175.42,0.3,2438,2024-10,19.68688625778576
2025-08-22,Clothing,South,3371.64,185.89,0.38,2733,2025-08,5.513340688804261
2024-03-21,Home,South,789.57,35.4,0.13,4125,2024-03,4.483453018731715
2024-12-16,Furniture,South,1582.68,326.19,0.16,8897,2024-12,20.609978011979678
2024-10-11,Office Supplies,North,427.69,40.82,0.29,5818,2024-10,9.544296102317098
2024-12-17,Furniture,South,1081.16,238.78,0.21,7742,2024-12,22.08553775574383
2025-03-25,Office Supplies,West,4977.5,367.75,0.2,6397,2025-03,7.388247112004017
2025-08-05,Furniture,South,4396.92,665.71,0.12,5619,2025-08,15.140370986963603
2025-10-26,Office Supplies,West,2085.21,55.2,0.27,2983,2025-10,2.6472153883781493
2024-06-12,Home,North,668.23,155.51,0.15,7869,2024-06,23.271927330410186
2024-08-13,Clothing,South,891.91,112.53,0.0,6406,2024-08,12.616743841867454
2024-09-20,Office Supplies,North,1808.0,101.81,0.32,8593,2024-09,5.631084070796461
2025-01-19,Clothing,East,1796.56,283.15,0.16,2135,2025-01,15.760675958498464
2024-04-28,Clothing,East,2154.28,434.72,0.12,6237,2024-04,20.179363870991697
2024-10-26,Furniture,South,1054.64,182.21,0.15,6613,2024-10,17.276985511643783
2025-09-27,Electronics,East,4958.67,916.91,0.05,1659,2025-09,18.491046994456173
2025-12-10,Home,South,3503.2,402.36,0.03,2380,2025-12,11.485498972368122
2024-03-13,Office Supplies,West,2960.38,8.95,0.36,6685,2024-03,0.302326052736473
2025-09-23,Office Supplies,East,2446.41,114.1,0.26,5646,2025-09,4.663977011212348
2025-09-23,Office Supplies,South,334.86,15.13,0.25,2016,2025-09,4.518306157797288
2025-11-11,Clothing,West,2666.63,168.12,0.18,6817,2025-11,6.304586688066961
2025-02-19,Office Supplies,West,2257.91,134.72,0.11,3776,2025-02,5.96657971309751
2024-10-24,Clothing,South,1070.62,204.38,0.1,8890,2024-10,19.08987315760961
2025-06-29,Electronics,East,3404.32,252.81,0.28,8429,2025-06,7.4261526530995905
2025-06-08,Clothing,South,2438.25,119.15,0.3,8611,2025-06,4.886701527735056
2025-03-01,Clothing,East,2261.55,454.07,0.05,5940,2025-03,20.077822732196942
2025-12-18,Furniture,West,2974.61,327.79,0.34,7695,2025-12,11.019595846178154
2024-09-06,Office Supplies,West,4077.68,747.52,0.14,1984,2024-09,18.331992701732357
2025-06-06,Office Supplies,South,3071.89,646.54,0.14,3919,2025-06,21.04697759359873
2025-11-02,Furniture,South,441.69,106.86,0.02,5062,2025-11,24.193438837193508
2024-12-23,Electronics,South,2242.35,478.6,0.11,8044,2024-12,21.343679621825316
2025-01-21,Furniture,East,1859.44,343.1,0.22,4557,2025-01,18.451791937357484
2025-05-02,Clothing,East,4396.63,966.32,0.1,7011,2025-05,21.97865183106152
2025-10-26,Clothing,South,1316.88,183.44,0.36,6269,2025-10,13.929894903104307
2024-02-13,Home,South,691.61,62.82,0.27,8298,2024-02,9.083153800552335
2024-12-15,Furniture,North,1088.08,203.55,0.33,3990,2024-12,18.70726417175208
2025-09-10,Electronics,East,4746.45,501.64,0.09,8656,2025-09,10.568740848423559
2025-06-25,Office Supplies,West,3721.72,91.49,0.39,7032,2025-06,2.458271981771869
2024-11-15,Electronics,North,3211.36,757.62,0.15,7658,2024-11,23.591873847840166
2024-02-11,Furniture,West,3847.71,590.53,0.33,1212,2024-02,15.347570373027072
2024-03-05,Office Supplies,North,3172.58,684.36,0.08,6168,2024-03,21.571087253906914
2025-08-28,Office Supplies,East,1386.83,343.95,0.03,8789,2025-08,24.801165247362693
2025-10-06,Clothing,West,3323.2,213.99,0.21,2247,2025-10,6.439275397207512
2024-01-06,Home,East,402.13,42.39,0.14,2809,2024-01,10.541367219555866
2024-05-31,Home,West,1074.41,74.58,0.21,5359,2024-05,6.9414841634013085
2024-04-07,Clothing,North,3920.21,656.31,0.11,5892,2024-04,16.74170516375398
2024-12-29,Office Supplies,South,1021.91,90.78,0.09,8610,2024-12,8.883365462711982
2025-01-24,Office Supplies,East,2891.46,656.58,0.25,4782,2025-01,22.70755950281173
2025-06-10,Clothing,East,2365.93,215.63,0.37,3540,2025-06,9.113963642204123
2024-08-08,Electronics,East,3491.69,820.56,0.14,2700,2024-08,23.50036801663378
2025-01-16,Furniture,East,4302.37,733.85,0.12,3884,2025-01,17.056877953314103
2025-12-23,Clothing,East,963.63,62.98,0.28,2160,2025-12,6.535703537664871
2025-07-18,Furniture,West,1300.72,266.64,0.22,2282,2025-07,20.499415708223136
2025-12-07,Electronics,South,1095.65,137.08,0.22,2090,2025-12,12.511294665267192
2025-03-18,Electronics,South,3126.76,292.39,0.06,7856,2025-03,9.351213396615025
2024-07-10,Office Supplies,South,4169.79,168.12,0.31,7288,2024-07,4.031857719453498
2024-02-06,Office Supplies,South,386.5,62.79,0.3,4837,2024-02,16.245795601552395
2024-12-26,Office Supplies,North,3551.7,291.99,0.34,7361,2024-12,8.221133541684264
2024-02-15,Office Supplies,North,352.89,13.68,0.16,7056,2024-02,3.8765621015047187
2024-08-26,Electronics,West,168.58,38.41,0.21,3658,2024-08,22.784434689761536
2024-09-27,Home,West,4756.03,607.28,0.35,6104,2024-09,12.76863266211525
2024-04-29,Clothing,South,965.79,43.99,0.37,7495,2024-04,4.554820406092422
2024-12-03,Electronics,West,1528.82,197.48,0.28,2468,2024-12,12.917151790269621
2024-05-17,Home,North,1198.88,107.97,0.25,7381,2024-05,9.005905511811022
2025-06-10,Clothing,West,3411.7,218.25,0.04,4600,2025-06,6.397104083008472
2025-12-13,Clothing,West,2989.05,246.17,0.36,4600,2025-12,8.235727070473896
2025-07-25,Electronics,East,2091.25,416.94,0.1,5150,2025-07,19.93735803945009
2025-08-14,Electronics,North,416.94,54.42,0.09,6607,2025-08,13.052237732047779
2025-02-11,Clothing,East,4871.38,438.23,0.25,1839,2025-02,8.996013449987478
2024-10-01,Home,East,3634.16,694.01,0.24,1461,2024-10,19.09684768969996
2024-10-20,Furniture,North,969.73,210.15,0.09,2750,2024-10,21.670980582223915
2025-06-22,Electronics,East,4345.98,183.35,0.24,5592,2025-06,4.218841320024483
2024-02-11,Furniture,West,3419.49,471.75,0.2,7839,2024-02,13.795916934981534
2025-07-03,Electronics,South,4727.95,604.36,0.17,2361,2025-07,12.78270709292611
2024-05-26,Furniture,South,1380.21,66.18,0.21,2038,2024-05,4.794922511791684
2024-04-26,Home,North,4627.54,248.37,0.26,8079,2024-04,5.367214545957463
2025-05-18,Clothing,West,4490.19,353.78,0.26,6793,2025-05,7.878953897273836
2024-03-14,Clothing,East,2148.26,453.11,0.14,2049,2024-03,21.091953487939076
2024-06-16,Electronics,West,3480.99,353.0,0.13,7481,2024-06,10.140793280072625
2025-11-23,Electronics,East,2912.45,571.81,0.05,3362,2025-11,19.633298425724046
2025-01-03,Home,North,4415.04,268.11,0.07,8889,2025-01,6.072651663405089
2024-09-25,Office Supplies,East,3986.4,103.24,0.34,2063,2024-09,2.589805338149709
2024-10-26,Electronics,West,1885.96,424.58,0.05,8798,2024-10,22.51267259114721
2025-01-07,Clothing,North,1963.1,220.73,0.09,4190,2025-01,11.243950893994192
2025-04-21,Clothing,North,3596.93,375.36,0.17,3782,2025-04,10.435565885352231
2025-01-31,Clothing,East,1206.14,147.45,0.26,6271,2025-01,12.224949010894255
2025-10-12,Home,North,229.1,36.11,0.29,2977,2025-10,15.761676123963337
2024-11-25,Electronics,South,181.38,15.22,0.38,1549,2024-11,8.39122284706142
2025-10-19,Office Supplies,West,4629.87,350.77,0.36,7431,2025-10,7.576238641689723
2024-03-18,Clothing,North,716.55,152.1,0.09,3844,2024-03,21.226711325099433
2025-02-03,Clothing,North,2501.09,150.89,0.38,2927,2025-02,6.032969625243393
2024-12-09,Home,South,3122.94,298.68,0.02,8114,2024-12,9.564064631405023
2025-07-22,Furniture,West,4985.97,351.14,0.24,4554,2025-07,7.042561427365186
2024-09-26,Office Supplies,South,1183.04,167.03,0.23,3691,2024-09,14.11871111712199
2025-05-03,Furniture,West,778.1,146.11,0.3,2771,2025-05,18.77779205757615
2024-02-22,Electronics,North,523.94,39.87,0.16,6568,2024-02,7.609649959919073
2025-05-03,Home,West,1735.69,117.94,0.38,7797,2025-05,6.794992193306408
2025-05-20,Office Supplies,South,1305.36,332.39,0.07,2743,2025-05,25.463473677759392
2025-01-24,Office Supplies,North,4397.86,644.75,0.26,8444,2025-01,14.660539444184217
2025-11-25,Clothing,South,2850.78,559.84,0.04,8708,2025-11,19.638134124695696
2025-08-11,Clothing,South,2454.96,401.52,0.33,8490,2025-08,16.355459966761167
2025-03-16,Clothing,South,720.13,85.59,0.05,8524,2025-03,11.885354033299542
2025-02-26,Furniture,North,926.93,83.48,0.38,3624,2025-02,9.00607381355658
2024-10-22,Home,East,3741.46,182.12,0.39,4400,2024-10,4.8676185232502815
2024-02-24,Electronics,North,2410.67,271.42,0.3,5613,2024-02,11.259110537734324
2024-08-13,Clothing,North,3916.44,806.58,0.2,3301,2024-08,20.594723779759168
2024-02-06,Electronics,South,1880.07,323.7,0.13,4742,2024-02,17.21744403133926
2024-02-05,Furniture,East,1408.6,289.29,0.03,3163,2024-02,20.53741303421838
2025-05-29,Clothing,East,4543.81,546.17,0.38,6325,2025-05,12.020088868152495
2025-02-28,Furniture,North,619.59,129.31,0.21,6109,2025-02,20.87025290918188
2024-10-10,Clothing,South,246.1,8.6,0.26,1024,2024-10,3.4945144250304754
2025-04-16,Furniture,South,4556.66,1032.34,0.08,4622,2025-04,22.65562934254476
2024-05-01,Home,South,1429.26,307.18,0.13,7096,2024-05,21.49224073996334
2024-02-17,Clothing,South,344.69,62.33,0.36,1367,2024-02,18.082915083118163
2025-11-14,Clothing,East,4279.73,519.47,0.12,5854,2025-11,12.137915242316689
2025-12-31,Home,East,3359.75,432.61,0.16,2381,2025-12,12.876255673785252
2025-04-27,Clothing,East,3035.85,352.54,0.18,2207,2025-04,11.612563203056805
2024-09-04,Furniture,East,4595.71,99.99,0.33,4620,2024-09,2.175724751996971
2025-11-05,Office Supplies,West,323.2,33.51,0.29,7597,2025-11,10.36819306930693
2025-06-26,Home,North,2380.66,291.35,0.16,4914,2025-06,12.238202851310142
2024-10-19,Electronics,South,1935.39,153.09,0.37,6587,2024-10,7.910033636631376
2024-01-11,Home,South,3584.85,261.69,0.08,2751,2024-01,7.299887024561698
2024-04-09,Furniture,East,2957.85,356.3,0.02,2167,2024-04,12.045911726422908
2025-10-22,Home,South,4546.69,205.64,0.15,7980,2025-10,4.52285068918268
2025-10-26,Electronics,East,2700.17,478.91,0.38,2967,2025-10,17.736290677994347
2024-08-17,Office Supplies,East,3956.17,868.37,0.05,1451,2024-08,21.949764545001855
2024-01-22,Home,South,3126.15,260.16,0.38,1157,2024-01,8.322057482846313
2024-11-29,Clothing,South,2673.31,459.11,0.11,6096,2024-11,17.173840669432277
2024-08-18,Electronics,West,1792.19,370.19,0.19,4856,2024-08,20.655734046055386
2025-10-23,Electronics,South,1276.79,209.77,0.04,8914,2025-10,16.429483313622445
2024-05-27,Furniture,East,1072.34,115.07,0.27,8069,2024-05,10.730738385213645
2025-07-01,Home,East,294.24,26.95,0.04,7919,2025-07,9.159189777052745
2025-11-21,Furniture,West,1479.62,90.67,0.21,1828,2025-11,6.1279247374325845
2024-03-22,Electronics,South,4136.2,651.66,0.16,6373,2024-03,15.755040858759248
2025-10-05,Office Supplies,East,4475.44,269.77,0.26,6516,2025-10,6.027787211983626
2024-07-04,Furniture,South,2119.79,317.63,0.25,3000,2024-07,14.984031437076315
2025-10-22,Furniture,North,4360.59,582.05,0.13,7868,2025-10,13.347964380966795
2024-03-21,Clothing,West,341.72,31.51,0.12,2735,2024-03,9.220999648835305
2025-05-14,Home,East,992.71,120.03,0.17,4077,2025-05,12.091144442989393
2025-08-16,Clothing,West,2926.95,149.3,0.35,7127,2025-08,5.100872922325288
2025-09-11,Furniture,East,4225.4,77.18,0.34,3311,2025-09,1.8265726321768359
2025-11-11,Home,South,4845.61,327.85,0.07,2815,2025-11,6.765918016513918
2024-06-19,Home,South,2650.91,88.05,0.21,3680,2024-06,3.3215009185524975
2024-09-22,Furniture,North,2129.09,44.71,0.31,2476,2024-09,2.099958198103415
2024-02-23,Furniture,West,2880.66,503.38,0.04,6821,2024-02,17.474467656717557
2025-09-03,Clothing,South,4100.24,928.35,0.02,6847,2025-09,22.641357579068544
2024-08-14,Electronics,South,884.17,158.52,0.05,2890,2024-08,17.9286788739722
2024-05-18,Office Supplies,North,3411.41,662.5,0.4,1490,2024-05,19.420122471353487
2024-06-07,Furniture,West,4871.2,1073.01,0.03,2933,2024-06,22.027631795040236
2025-05-26,Office Supplies,North,3780.97,938.63,0.09,1391,2025-05,24.825111016485188
2025-02-10,Clothing,North,150.51,17.6,0.33,5168,2025-02,11.693575177729056
2025-09-29,Home,West,4377.39,354.44,0.4,3423,2025-09,8.09706240476631
2024-08-07,Furniture,South,4739.83,520.86,0.21,6783,2024-08,10.98900171525139
2025-12-23,Clothing,South,718.05,28.59,0.26,4843,2025-12,3.9816168790474205
2024-04-29,Clothing,South,4974.14,397.74,0.23,6467,2024-04,7.996156119449795
2024-08-31,Office Supplies,South,3596.39,415.29,0.38,7210,2024-08,11.547412822302364
2024-11-20,Clothing,East,2922.92,475.76,0.32,1045,2024-11,16.276873811120385
2025-11-24,Office Supplies,South,4086.82,1020.41,0.12,7284,2025-11,24.968312771298955
2024-07-14,Furniture,South,3434.21,329.54,0.37,3272,2024-07,9.595802236904557
2024-03-04,Electronics,South,4295.17,890.95,0.24,1764,2024-03,20.743067212706368
2025-12-08,Clothing,East,1928.22,115.84,0.37,6773,2025-12,6.007613239153208
2024-07-14,Clothing,East,965.17,132.31,0.25,2390,2024-07,13.708465866116851
2025-07-11,Office Supplies,North,4852.7,776.09,0.28,1595,2025-07,15.992952377027223
2024-02-10,Furniture,South,4228.45,151.5,0.33,5969,2024-02,3.5828731568305168
2024-09-04,Electronics,West,4652.34,167.9,0.27,4143,2024-09,3.60893657815207
2024-06-19,Electronics,North,2223.26,66.32,0.3,1918,2024-06,2.983006935760999
2025-05-26,Office Supplies,East,2561.33,521.91,0.06,6570,2025-05,20.376523134465295
2024-02-24,Clothing,West,538.66,26.73,0.15,4627,2024-02,4.962313890023392
2025-08-17,Office Supplies,East,1139.39,142.15,0.19,6738,2025-08,12.47597398608027
2024-03-01,Electronics,North,279.2,50.35,0.04,5581,2024-03,18.033667621776505
2025-04-16,Office Supplies,North,2797.71,461.9,0.37,4799,2025-04,16.509931336700372
2025-04-08,Home,East,4122.66,438.54,0.16,6672,2025-04,10.637306981414913
2024-01-26,Office Supplies,North,2994.9,479.1,0.32,2228,2024-01,15.99719523189422
2025-03-09,Electronics,East,3217.32,646.08,0.18,1429,2025-03,20.08130991011152
2024-06-16,Office Supplies,East,2582.76,576.85,0.24,7262,2024-06,22.334634267218014
2024-01-31,Office Supplies,West,3764.59,904.21,0.04,1607,2024-01,24.018817454224763
2025-07-30,Clothing,West,4022.94,201.43,0.4,8794,2025-07,5.007034656246427
2024-05-15,Clothing,North,695.85,44.52,0.27,5671,2024-05,6.397930588488898
2024-11-30,Clothing,South,4328.45,1130.9,0.07,2287,2024-11,26.127135579710988
2025-06-28,Furniture,West,3011.36,268.43,0.35,8733,2025-06,8.913912650762445
2024-03-27,Furniture,South,2286.13,526.27,0.16,3217,2024-03,23.020125714635647
2024-08-14,Office Supplies,East,2029.33,157.47,0.28,2939,2024-08,7.759703941695043
2024-11-12,Furniture,South,847.97,111.24,0.3,4253,2024-11,13.118388622238994
2025-08-07,Electronics,South,4125.39,339.35,0.25,8667,2025-08,8.225888946257202
2025-03-25,Office Supplies,North,4884.49,594.54,0.4,5964,2025-03,12.171997485919716
2024-04-03,Home,West,4616.18,716.78,0.19,8803,2024-04,15.527557417605031
2025-04-30,Clothing,East,3103.1,491.98,0.08,5280,2025-04,15.85446811253263
2025-08-03,Furniture,West,3192.75,237.24,0.37,2633,2025-08,7.4305849189570115
2024-03-03,Clothing,North,1529.92,56.44,0.4,1659,2024-03,3.6890817820539636
2025-12-06,Office Supplies,South,580.12,146.55,0.02,6784,2025-12,25.26201475556781
2025-10-13,Electronics,East,1094.62,21.06,0.35,3582,2025-10,1.9239553452339626
2024-07-23,Office Supplies,West,3421.6,479.85,0.2,4363,2024-07,14.02414075286416
2025-09-13,Clothing,West,4877.44,897.42,0.02,8371,2025-09,18.39940624589949
2024-08-31,Home,South,1955.18,269.0,0.26,4253,2024-08,13.758324041776204
2024-02-03,Home,West,3168.0,575.69,0.31,3746,2024-02,18.17203282828283
2025-10-25,Clothing,North,4416.71,328.84,0.31,6879,2025-10,7.445360913440094
2024-04-11,Office Supplies,North,1527.22,262.47,0.29,7495,2024-04,17.186129044931313
2024-11-23,Electronics,North,2566.92,356.49,0.32,2166,2024-11,13.88785003038661
2024-02-24,Furniture,South,2022.44,373.42,0.11,6242,2024-02,18.463835762742033
2025-03-09,Electronics,East,4028.23,521.17,0.33,3573,2025-03,12.937940485026921
2024-05-26,Office Supplies,West,3940.33,515.9,0.11,8973,2024-05,13.09281202335845
2025-09-11,Office Supplies,North,3277.28,139.83,0.23,5081,2025-09,4.266647951960162
2025-09-03,Clothing,East,1710.13,143.98,0.35,1939,2025-09,8.41924298152772
2024-11-24,Clothing,South,4096.1,178.15,0.36,3821,2024-11,4.349259051292693
2025-05-18,Home,East,4473.97,201.74,0.21,7923,2025-05,4.509194294999743
2024-10-24,Home,West,3061.1,337.13,0.07,5172,2024-10,11.013361210022541
2024-11-09,Home,North,4383.3,440.28,0.05,3725,2024-11,10.04448703031962
2024-01-20,Office Supplies,West,894.02,164.18,0.18,4126,2024-01,18.364242410684327
2025-09-23,Home,West,995.69,227.42,0.05,6815,2025-09,22.840442306340325
2025-11-22,Home,East,4679.34,688.56,0.15,5256,2025-11,14.714895690417878
2024-09-29,Home,South,982.92,145.14,0.04,5125,2024-09,14.766206812355023
2024-12-08,Home,West,2275.75,251.78,0.39,1226,2024-12,11.0636054048116
2025-06-10,Electronics,South,2135.18,340.77,0.35,4666,2025-06,15.95977856667822
2025-11-19,Furniture,South,922.08,141.31,0.34,1496,2025-11,15.325134478570188
2025-07-06,Office Supplies,West,4152.82,614.77,0.04,1284,2025-07,14.803675574669741
2025-06-26,Furniture,West,4662.2,967.79,0.24,5968,2025-06,20.7582257303419
2025-01-10,Furniture,South,1455.9,304.42,0.18,3495,2025-01,20.90940311834604
2025-08-28,Furniture,North,4262.54,687.7,0.22,1434,2025-08,16.133572940077983
2024-09-17,Office Supplies,West,3089.09,357.57,0.32,5396,2024-09,11.575253553635536
2025-11-09,Clothing,South,1507.24,32.59,0.37,8623,2025-11,2.1622303017435844
2024-01-04,Electronics,East,2790.28,158.97,0.34,1844,2024-01,5.697277692561319
2024-01-13,Clothing,South,2142.4,370.51,0.35,2716,2024-01,17.294156086631812
2025-11-14,Home,South,1702.94,115.84,0.29,3371,2025-11,6.802353576755493
2025-12-02,Home,East,4114.06,428.87,0.29,5598,2025-12,10.42449551051759
2024-04-26,Clothing,West,3869.56,394.79,0.29,8719,2024-04,10.202451958362193
2024-10-03,Office Supplies,East,1795.34,342.47,0.16,4539,2024-10,19.075495449329935
2025-07-23,Office Supplies,East,852.26,150.7,0.05,6276,2025-07,17.682397390467695
2024-12-11,Office Supplies,South,3149.37,740.84,0.06,7023,2024-12,23.523434845699303
2025-10-15,Furniture,South,3059.43,586.88,0.11,1408,2025-10,19.182658207574615
2024-01-20,Office Supplies,West,1057.01,147.99,0.2,6751,2024-01,14.000813615765226
2025-08-21,Home,West,2264.54,186.35,0.31,5466,2025-08,8.229044309219532
2025-02-02,Office Supplies,West,3608.4,659.59,0.24,8903,2025-02,18.279292761334666
2024-03-12,Home,East,915.36,76.54,0.37,5760,2024-03,8.36173745848628
2025-04-27,Furniture,South,4699.83,935.4,0.16,4819,2025-04,19.902847549804992
2024-08-02,Clothing,North,2990.08,258.89,0.35,8674,2024-08,8.658296767979452
2024-08-13,Office Supplies,West,736.41,134.27,0.08,1220,2024-08,18.233049524042315
2024-10-07,Electronics,West,2587.92,70.93,0.3,3301,2024-10,2.740811153358682
2024-01-26,Home,North,211.37,14.16,0.21,8186,2024-01,6.699153143776317
2024-10-21,Clothing,North,4560.5,1059.12,0.05,2921,2024-10,23.223769323539084
2025-10-27,Electronics,East,243.03,3.17,0.38,2741,2025-10,1.3043657161667284
2025-06-06,Office Supplies,North,386.95,63.9,0.02,7605,2025-06,16.51376146788991
2025-04-20,Home,East,2709.92,176.08,0.05,8168,2025-04,6.497608785499204
2024-03-09,Electronics,South,2419.78,188.92,0.2,8847,2024-03,7.807321326732181
2025-09-02,Office Supplies,North,2153.97,70.16,0.32,3275,2025-09,3.2572412800549686
2024-04-20,Home,East,2959.75,221.84,0.08,3888,2024-04,7.495227637469382
2025-01-30,Furniture,West,2835.59,265.94,0.34,3021,2025-01,9.378647829904887
2024-12-31,Home,West,2100.3,482.58,0.09,2959,2024-12,22.976717611769747
2024-03-10,Furniture,West,3521.79,305.24,0.39,4542,2024-03,8.667183449325485
2025-06-18,Furniture,North,1699.16,161.32,0.21,4707,2025-06,9.494102968525624
2025-05-23,Clothing,West,3645.19,193.71,0.14,7822,2025-05,5.314126286969953
2024-05-14,Electronics,East,2182.69,211.58,0.23,7907,2024-05,9.693543288327707
2025-05-01,Home,South,4015.85,581.0,0.08,2099,2025-05,14.467671850293213
2025-03-23,Electronics,West,3544.18,293.76,0.38,5334,2025-03,8.288518077524278
2025-05-10,Home,East,4537.08,755.49,0.37,6301,2025-05,16.651458647411992
2025-06-12,Electronics,South,2290.14,125.58,0.33,7136,2025-06,5.483507558489874
2024-01-07,Clothing,North,1376.86,306.35,0.21,2325,2024-01,22.249901950815627
2024-02-14,Electronics,East,1532.86,173.03,0.22,4865,2024-02,11.288049789282779
2025-05-02,Home,North,3399.47,708.77,0.15,4917,2025-05,20.849426528252934
2025-09-18,Furniture,West,4754.52,179.1,0.21,3007,2025-09,3.7669417733020363
2024-11-10,Electronics,North,485.85,56.31,0.12,6388,2024-11,11.589996912627354
2024-06-29,Electronics,North,1702.94,334.35,0.17,3837,2024-06,19.633692320340117
2025-06-27,Clothing,East,1525.71,155.99,0.26,6684,2025-06,10.22409238977263
2024-06-24,Office Supplies,East,1684.74,249.61,0.19,3312,2024-06,14.815935990123105
2025-06-25,Clothing,East,2358.82,286.46,0.25,3999,2025-06,12.144207697068872
2025-11-28,Electronics,West,4194.23,855.07,0.2,3821,2025-11,20.386817127339228
2025-12-27,Furniture,East,3412.33,702.59,0.16,5262,2025-12,20.58974366488587
2024-10-20,Home,North,2961.33,741.0,0.06,4636,2024-10,25.02254054765933
2025-02-18,Electronics,South,2733.45,382.91,0.35,3222,2025-02,14.008304523587409
2024-09-16,Furniture,West,769.28,100.42,0.14,2183,2024-09,13.05376455906822
2025-07-17,Office Supplies,East,4486.45,938.86,0.25,4586,2025-07,20.926567776304207
2025-07-26,Home,North,2468.61,148.54,0.33,3536,2025-07,6.017151352380489
2025-09-09,Office Supplies,North,896.24,70.75,0.2,3124,2025-09,7.894090868517361
2024-03-12,Office Supplies,West,983.01,83.63,0.29,6034,2024-03,8.507543158258816
2025-06-02,Home,North,4919.25,124.31,0.38,2306,2025-06,2.5270112313868984
2025-11-24,Home,South,3220.62,331.48,0.16,1461,2025-11,10.292428166005305
2025-11-05,Furniture,East,896.36,124.17,0.31,6406,2025-11,13.85269311437369
2024-08-10,Clothing,North,2810.77,650.13,0.23,1692,2024-08,23.129960829238964
2024-06-09,Electronics,East,278.55,40.92,0.37,7374,2024-06,14.690360796984384
2024-02-24,Furniture,South,3212.48,401.41,0.36,7468,2024-02,12.495330710230103
2024-08-27,Home,East,2454.72,247.28,0.05,2029,2024-08,10.073654021639944
2024-04-20,Furniture,North,495.3,38.45,0.03,3140,2024-04,7.762971936200283
2025-09-17,Electronics,South,3762.38,769.12,0.21,6520,2025-09,20.44237955762044
2024-06-30,Clothing,West,1745.35,76.96,0.29,7308,2024-06,4.409430773197353
2024-04-02,Electronics,North,4408.51,683.85,0.36,2542,2024-04,15.512043751743787
2025-08-27,Furniture,North,3844.85,468.89,0.24,7405,2025-08,12.195274197953106
2024-09-09,Furniture,South,1307.81,143.39,0.29,5108,2024-09,10.964130875280048
2025-05-11,Electronics,West,2202.86,504.57,0.24,4001,2025-05,22.905223209827223
2024-02-27,Furniture,West,2210.24,539.07,0.13,3835,2024-02,24.389659041552054
2024-12-30,Home,North,2134.15,74.02,0.18,2619,2024-12,3.4683597685261107
2025-04-19,Furniture,West,516.58,88.4,0.34,1613,2025-04,17.112547911262535
2025-11-27,Home,West,1622.42,24.78,0.38,8778,2025-11,1.527348035650448
2024-02-29,Office Supplies,East,2148.75,417.52,0.24,2341,2024-02,19.430831878999417
2024-06-27,Clothing,West,1195.31,279.94,0.13,4824,2024-06,23.419865976190277
2025-12-09,Office Supplies,North,1528.02,0.35,0.38,3469,2025-12,0.022905459352626275
2024-07-31,Furniture,North,4006.61,839.59,0.17,6331,2024-07,20.955121661454445
2025-10-22,Electronics,West,1231.84,240.93,0.29,5289,2025-10,19.558546564488896
2025-08-16,Furniture,East,788.39,128.71,0.15,8854,2025-08,16.325676378442143
2025-11-04,Furniture,North,3317.75,683.99,0.2,8096,2025-11,20.616080174817274
2024-09-19,Electronics,South,3973.65,444.47,0.05,1235,2024-09,11.185434046783186
2024-12-11,Furniture,West,2767.08,471.91,0.01,8686,2024-12,17.05444005955737
2024-09-03,Office Supplies,East,4160.28,658.57,0.02,6685,2024-09,15.829944138375303
2024-07-07,Electronics,East,315.21,38.13,0.18,7144,2024-07,12.096697439802039
2025-04-02,Furniture,South,274.24,60.2,0.18,4292,2025-04,21.951575262543756
2024-01-15,Clothing,South,386.15,68.62,0.26,3749,2024-01,17.77029651689758
2024-08-28,Home,East,3026.52,304.96,0.22,1334,2024-08,10.076259201987762
2024-08-11,Furniture,East,279.03,41.82,0.11,3262,2024-08,14.987635738092681
2025-08-23,Home,South,4213.42,794.1,0.26,5979,2025-08,18.84692245254449
2024-04-25,Clothing,North,2479.98,415.07,0.31,8255,2024-04,16.73682852281067
2024-01-14,Clothing,North,4815.22,1118.35,0.07,1437,2024-01,23.225314731206463
2025-05-26,Office Supplies,West,4962.73,525.37,0.35,2117,2025-05,10.586310357404091
2024-05-20,Home,West,975.58,77.55,0.35,6365,2024-05,7.949117448082166
2025-06-18,Home,West,4169.59,751.36,0.12,7240,2025-06,18.019997169985537
2024-05-09,Electronics,North,4159.99,917.11,0.05,8215,2024-05,22.045966456650138
2025-01-28,Home,West,355.74,73.0,0.25,3582,2025-01,20.52060493618935
2025-09-25,Office Supplies,North,3204.03,746.38,0.02,3358,2025-09,23.29503781175582
2024-10-20,Furniture,West,2694.02,524.19,0.21,3463,2024-10,19.457539290725386
2024-10-20,Clothing,East,3656.47,673.33,0.09,3827,2024-10,18.414755214728963
2024-10-09,Clothing,North,3468.17,250.67,0.24,2632,2024-10,7.227731051246046
2024-09-28,Furniture,East,198.58,30.42,0.04,8132,2024-09,15.318763218853862
2025-09-05,Home,East,1313.81,155.96,0.07,6431,2025-09,11.870818459290158
2025-05-20,Furniture,North,1058.2,218.91,0.2,4588,2025-05,20.687015687015688
2025-09-19,Office Supplies,East,483.42,88.04,0.39,7903,2025-09,18.21190683049936
2024-04-25,Furniture,South,2606.98,479.9,0.24,8915,2024-04,18.408273174324314
2024-08-31,Furniture,South,2055.36,141.34,0.08,6218,2024-08,6.876654211427681
2025-10-18,Furniture,North,4395.16,603.96,0.06,4957,2025-10,13.741479263553547
2025-10-07,Home,West,4193.27,885.98,0.03,1482,2025-10,21.12861799979491
2025-03-14,Home,East,2808.98,654.22,0.09,8062,2025-03,23.290304665750558
2025-03-26,Office Supplies,North,1601.8,126.51,0.38,1902,2025-03,7.897989761518293
2025-06-19,Office Supplies,West,2008.9,383.39,0.1,4133,2025-06,19.084573647269647
2025-09-27,Office Supplies,East,978.35,135.87,0.03,3319,2025-09,13.887668012469975
2024-11-16,Home,West,1073.78,104.11,0.12,7247,2024-11,9.695654603363819
2025-02-08,Clothing,East,4701.7,334.44,0.4,6778,2025-02,7.113171831465214
2024-05-11,Home,West,2919.05,727.54,0.03,7866,2024-05,24.923862215446803
2024-07-17,Furniture,North,2753.5,184.71,0.27,4893,2024-07,6.708189576902125
2024-05-19,Furniture,West,1151.81,173.92,0.4,6556,2024-05,15.099712626214393
2025-05-22,Home,East,2254.14,335.22,0.35,4313,2025-05,14.871303468285024
2024-07-16,Office Supplies,East,708.63,186.89,0.06,8692,2024-07,26.37342477738735
2025-09-14,Furniture,West,2129.87,266.96,0.22,3026,2025-09,12.534098325249898
2024-04-08,Clothing,West,1103.06,112.72,0.05,7845,2024-04,10.218845756350516
2025-06-28,Clothing,East,377.52,75.83,0.07,1340,2025-06,20.086353040898498
2024-08-15,Home,West,1530.37,276.21,0.28,3802,2024-08,18.04857648803884
2024-09-24,Office Supplies,South,4790.09,1004.98,0.13,7442,2024-09,20.980399115674235
2024-10-21,Home,North,1904.96,109.26,0.18,7866,2024-10,5.735553502435747
2025-09-06,Electronics,West,4303.29,997.97,0.14,3080,2025-09,23.19086094592742
2025-10-07,Office Supplies,West,2572.74,263.61,0.04,1469,2025-10,10.246274400055972
2024-12-23,Electronics,South,4091.76,886.87,0.07,4942,2024-12,21.67453614092713
2025-06-04,Clothing,South,1186.37,22.41,0.35,7268,2025-06,1.8889553849136442
2024-09-08,Furniture,North,4623.67,720.53,0.1,1005,2024-09,15.58350833861413
2024-05-27,Clothing,West,4753.27,890.89,0.1,2149,2024-05,18.74267609456227
2025-04-27,Home,East,1713.27,295.21,0.05,6094,2025-04,17.23079257793576
2025-08-21,Office Supplies,North,4061.96,519.77,0.21,8149,2025-08,12.796039350461353
2025-01-26,Home,West,1031.94,120.28,0.17,6361,2025-01,11.655716417621178
2024-11-05,Furniture,West,500.08,15.41,0.24,6253,2024-11,3.081506958886578
2024-04-17,Home,West,4840.37,732.84,0.32,3484,2024-04,15.140164904749017
2024-06-22,Office Supplies,West,907.98,66.26,0.33,8430,2024-06,7.2975175664662215
2025-05-05,Electronics,South,3300.89,628.11,0.39,4712,2025-05,19.028504433652742
2025-03-22,Clothing,South,1162.43,206.43,0.33,5288,2025-03,17.758488683189526
2025-04-20,Furniture,West,3624.4,426.12,0.07,3062,2025-04,11.756980465732259
2024-07-18,Clothing,East,441.53,110.22,0.12,5087,2024-07,24.963196158811407
2024-09-04,Home,West,3773.48,775.35,0.33,5041,2024-09,20.547346216224813
2024-12-26,Clothing,North,1300.45,298.04,0.02,4601,2024-12,22.918220615940637
2025-02-09,Electronics,South,754.32,165.1,0.26,1549,2025-02,21.887262700180294
2024-06-05,Office Supplies,West,2039.87,374.25,0.2,8302,2024-06,18.346757391402395
2025-09-01,Electronics,North,1346.37,238.8,0.21,2424,2025-09,17.736580583346335
2024-09-18,Office Supplies,North,1542.46,88.5,0.34,4515,2024-09,5.7375880087652185
2024-06-21,Clothing,North,4081.88,920.89,0.12,6244,2024-06,22.56043783746705
2024-05-24,Home,West,1434.27,103.75,0.3,7737,2024-05,7.233644990134354
2024-02-10,Office Supplies,West,3984.63,348.15,0.28,8862,2024-02,8.737323164258664
2025-02-05,Office Supplies,South,3810.41,202.13,0.18,8396,2025-02,5.304678499164131
2024-06-04,Furniture,South,917.3,139.07,0.13,2333,2024-06,15.160797994113159
2024-06-29,Clothing,North,4643.43,634.02,0.07,4469,2024-06,13.654130674953644
2025-11-17,Clothing,East,3972.84,1003.59,0.08,4783,2025-11,25.261274050804968
2024-12-11,Electronics,West,220.12,43.79,0.14,6060,2024-12,19.89369434853716
2024-05-12,Clothing,South,2291.93,376.82,0.14,7100,2024-05,16.441165306095737
2024-10-30,Furniture,West,4455.61,698.45,0.31,6848,2024-10,15.675743613107972
2025-08-24,Clothing,North,1120.34,54.47,0.23,4833,2025-08,4.861916918078441
2025-04-09,Electronics,North,4246.65,699.17,0.33,8565,2025-04,16.46403635807048
2025-06-27,Electronics,East,477.07,22.25,0.35,3034,2025-06,4.663885802922003
2024-10-22,Home,West,2427.9,334.42,0.07,5241,2024-10,13.774043412002143
2025-10-17,Clothing,North,2593.48,293.01,0.1,4320,2025-10,11.297947159800731
2025-07-18,Office Supplies,West,4727.62,405.76,0.16,5676,2025-07,8.582754113063233
2025-12-27,Electronics,West,2388.19,405.47,0.36,7313,2025-12,16.97812988078838
2024-08-24,Electronics,West,1337.7,249.07,0.09,5739,2024-08,18.619271884578005
2025-10-10,Home,West,2473.07,364.19,0.02,5429,2025-10,14.726230959900041
2025-12-09,Home,North,781.96,45.36,0.28,7847,2025-12,5.800808225484679
2025-03-19,Electronics,North,1209.42,133.45,0.23,8973,2025-03,11.034214747564947
2024-10-22,Clothing,East,3897.79,888.55,0.25,8965,2024-10,22.796251209018443
2025-02-22,Clothing,South,1120.85,34.53,0.2,2861,2025-02,3.0806976847927916
2024-06-22,Home,South,939.26,91.88,0.31,4353,2024-06,9.782168941507145
2024-05-17,Home,West,3200.31,510.65,0.31,6077,2024-05,15.956266736659884
2024-07-07,Home,West,1979.47,32.68,0.31,5664,2024-07,1.650946970653761
2025-04-02,Electronics,South,2964.24,444.84,0.33,3266,2025-04,15.006882033843413
2024-05-05,Home,East,1383.72,347.57,0.07,6270,2024-05,25.1185210880814
2024-10-20,Electronics,East,3727.74,433.0,0.25,3884,2024-10,11.61561696899462
2024-07-23,Furniture,West,3637.79,374.71,0.02,4526,2024-07,10.30048463490196
2024-07-13,Home,West,1697.26,345.1,0.29,5393,2024-07,20.332771643708096
2025-06-30,Office Supplies,East,1396.8,355.1,0.11,6742,2025-06,25.42239404352807
2024-12-05,Electronics,East,2832.46,198.21,0.02,8832,2024-12,6.997804029006588
2025-03-27,Furniture,South,1224.25,157.21,0.23,8117,2025-03,12.841331427404533
2024-02-06,Clothing,West,665.08,83.77,0.39,2731,2024-02,12.595477235821253
2025-12-15,Clothing,East,1880.2,328.36,0.29,6321,2025-12,17.464099563876186
2024-11-18,Furniture,North,1412.94,83.6,0.31,5053,2024-11,5.916740979800982
2025-03-15,Electronics,East,1038.32,97.05,0.15,7403,2025-03,9.346829493797673
2025-03-23,Furniture,West,1569.2,401.83,0.01,1997,2025-03,25.60731582972215
2024-04-13,Furniture,South,3258.32,239.21,0.15,1338,2024-04,7.341513417957721
2024-10-10,Office Supplies,South,1935.19,114.47,0.14,2155,2024-10,5.915181455050925
2024-03-04,Home,South,1056.26,124.35,0.39,3931,2024-03,11.772669607861701
2024-01-23,Electronics,East,3686.39,321.45,0.37,6022,2024-01,8.719912977194491
2024-01-09,Clothing,South,4728.07,1054.04,0.05,4351,2024-01,22.293240159303902
2025-03-31,Clothing,East,2148.04,65.73,0.29,6106,2025-03,3.059998882702371
2025-10-12,Clothing,North,3458.49,377.01,0.32,8779,2025-10,10.901000147463199
2025-08-12,Furniture,East,3079.65,692.23,0.21,5506,2025-08,22.4775542675304
2025-03-04,Electronics,North,4306.61,652.5,0.3,4517,2025-03,15.151128149518996
2024-09-14,Furniture,West,2271.8,295.5,0.22,5193,2024-09,13.007306981248348
2025-07-06,Home,East,2206.73,500.69,0.01,1184,2025-07,22.689227952672052
2024-09-02,Home,North,632.92,62.22,0.36,8135,2024-09,9.830626303482273
2024-07-09,Clothing,East,655.33,104.2,0.24,3941,2024-07,15.900386065035935
2024-06-16,Office Supplies,West,399.85,74.51,0.05,4088,2024-06,18.634487932974867
2025-12-23,Furniture,East,4618.97,778.38,0.32,2126,2025-12,16.851808953078283
2025-09-09,Clothing,South,3540.7,316.73,0.34,3363,2025-09,8.945406275595222
2025-05-03,Clothing,South,4039.38,823.19,0.23,4292,2025-05,20.379117587352518
2025-02-06,Electronics,South,2634.9,512.69,0.33,1766,2025-02,19.457664427492503
2025-01-14,Furniture,North,1740.31,28.87,0.38,6011,2025-01,1.6588998511759399
2024-11-05,Clothing,West,4728.46,237.41,0.35,8381,2024-11,5.020873603668002
2024-08-04,Clothing,East,3243.9,290.2,0.29,5451,2024-08,8.946021763926137
2024-04-26,Office Supplies,North,3360.07,707.78,0.26,6795,2024-04,21.064442109836996
2025-06-01,Home,East,2356.29,11.78,0.38,6916,2025-06,0.4999384625831285
2024-10-09,Office Supplies,West,4950.85,992.71,0.09,3553,2024-10,20.05130432148015
2025-02-01,Office Supplies,West,4015.57,97.28,0.27,6570,2025-02,2.4225701457078324
2025-04-30,Office Supplies,East,2741.31,272.67,0.07,5934,2025-04,9.946704312901497
2024-08-01,Office Supplies,South,235.73,24.94,0.24,7112,2024-08,10.579900733890469
2024-12-23,Home,East,4418.89,281.27,0.38,3925,2024-12,6.365173154344189
2025-03-29,Furniture,North,3897.55,795.06,0.21,4034,2025-03,20.39896858282767
2024-09-19,Furniture,East,3248.05,839.94,0.03,4203,2024-09,25.85982358645957
2025-02-23,Clothing,West,492.41,108.13,0.13,1353,2025-02,21.959342824069374
2024-06-29,Office Supplies,South,4260.55,950.26,0.24,5812,2024-06,22.303693185152152
2025-07-24,Furniture,South,4892.85,802.33,0.39,7182,2025-07,16.398009340159618
2024-07-22,Furniture,South,4633.9,194.71,0.37,4559,2024-07,4.201860204147695
2025-10-01,Clothing,West,2525.18,505.1,0.25,7548,2025-10,20.00253447279006
2024-11-12,Furniture,South,1505.59,73.98,0.29,5608,2024-11,4.913688321521796
2024-10-24,Furniture,East,3290.07,188.46,0.12,1617,2024-10,5.728145601765312
2024-06-20,Furniture,North,2830.88,578.43,0.3,4557,2024-06,20.432868931215733
2025-03-26,Clothing,East,2703.35,479.23,0.02,2104,2025-03,17.727264320195317
2025-08-28,Home,East,2687.82,512.74,0.21,3720,2025-08,19.076426248781537
2024-02-13,Clothing,West,4676.89,627.71,0.26,8538,2024-02,13.421525843028165
2025-07-05,Electronics,South,2436.54,216.46,0.22,2673,2025-07,8.883909149860047
2024-02-16,Home,South,4418.27,295.48,0.05,5183,2024-02,6.687685451545514
2025-05-17,Home,North,1450.47,111.44,0.14,8489,2025-05,7.683026880942038
2025-07-02,Clothing,West,2683.04,166.29,0.34,2672,2025-07,6.197820382849304
2024-05-14,Furniture,East,2953.59,237.76,0.39,7895,2024-05,8.049864740874664
2024-09-24,Furniture,South,2595.21,366.36,0.31,6715,2024-09,14.116776677031917
2024-08-08,Clothing,South,3029.37,340.54,0.36,3904,2024-08,11.24128119047855
2025-09-23,Home,South,3987.66,490.45,0.23,8272,2025-09,12.299193010437198
2024-07-08,Electronics,North,306.11,41.37,0.33,1625,2024-07,13.514749599817058
2024-06-19,Furniture,North,3968.63,522.8,0.16,4551,2024-06,13.173311696983593
2025-05-02,Office Supplies,West,3182.98,169.28,0.14,2423,2025-05,5.318286637050814
2025-02-06,Electronics,South,2397.66,292.51,0.15,3182,2025-02,12.199811482862458
2025-11-12,Office Supplies,West,3574.51,420.41,0.35,1401,2025-11,11.761332322472171
2025-04-10,Clothing,East,2221.78,110.69,0.19,7386,2025-04,4.982041426243821
2024-10-29,Clothing,West,1790.54,242.57,0.32,1615,2024-10,13.547309750131244
2025-02-19,Clothing,South,3638.57,179.35,0.17,5263,2025-02,4.92913424779515
2024-07-17,Clothing,West,4983.49,400.02,0.27,3571,2024-07,8.026904839780958
2024-08-10,Home,South,1199.34,175.34,0.08,2998,2024-08,14.619707505794855
2024-09-02,Electronics,South,2514.78,277.37,0.3,3009,2024-09,11.029593045912565
2025-06-30,Office Supplies,East,2796.98,430.08,0.39,1013,2025-06,15.376584744974936
2024-04-13,Electronics,South,1484.37,228.17,0.21,7655,2024-04,15.37150440927801
2025-04-06,Electronics,North,2439.26,380.24,0.27,6628,2025-04,15.588334166919473
2025-06-05,Clothing,North,1269.92,304.57,0.01,2448,2025-06,23.98340052916719
2024-11-13,Office Supplies,West,4459.32,134.36,0.39,3480,2024-11,3.0130154373312528
2025-06-26,Office Supplies,North,4115.51,89.18,0.26,7205,2025-06,2.1669246338849866
2024-12-03,Office Supplies,West,2359.27,515.33,0.03,7851,2024-12,21.84277340024669
2024-12-10,Clothing,West,450.91,86.26,0.38,1857,2024-12,19.13020336652547
2024-07-23,Office Supplies,North,2045.31,99.51,0.32,5522,2024-07,4.865277146251669
2025-10-31,Clothing,East,4774.61,110.87,0.36,7057,2025-10,2.3220744730983265
2025-01-24,Furniture,North,3257.92,491.4,0.14,7605,2025-01,15.083243296336313
2025-11-15,Home,West,3094.04,544.66,0.27,4767,2025-11,17.603521609287533
2024-10-05,Office Supplies,West,3771.37,122.76,0.25,7501,2024-10,3.2550505519214505
2024-02-23,Office Supplies,North,1242.25,212.79,0.39,4417,2024-02,17.12940229422419
2024-10-27,Clothing,East,875.74,158.39,0.15,3568,2024-10,18.08641834334391
2024-02-29,Clothing,South,849.75,74.58,0.14,5405,2024-02,8.776699029126213
2024-08-04,Home,North,3398.59,694.84,0.13,7219,2024-08,20.444949228944946
2024-02-27,Furniture,South,4467.12,299.75,0.03,8083,2024-02,6.71013986640162
2024-09-25,Clothing,South,4720.2,797.73,0.27,2834,2024-09,16.900343205796364
2024-11-22,Office Supplies,West,1448.12,299.04,0.05,3036,2024-11,20.65022235726321
2024-12-02,Office Supplies,North,3486.3,610.49,0.21,1046,2024-12,17.511114935605082
2024-11-14,Furniture,South,191.88,12.86,0.2,7404,2024-11,6.7021054825932875
2024-05-13,Furniture,East,2481.21,213.62,0.04,1675,2024-05,8.60950907017141
2024-07-19,Clothing,West,373.11,65.19,0.39,7187,2024-07,17.47205917825842
2025-10-15,Clothing,South,320.0,23.04,0.17,4208,2025-10,7.199999999999999
2024-02-22,Electronics,South,2318.56,271.08,0.23,8122,2024-02,11.69173970050376
2025-10-12,Home,West,593.37,106.89,0.36,4115,2025-10,18.014055311188635
2024-12-02,Home,East,3626.77,662.33,0.15,8431,2024-12,18.26225539529664
2024-03-24,Clothing,West,4251.29,620.6,0.23,2627,2024-03,14.597922042485928
2024-01-28,Electronics,South,3140.13,30.89,0.31,5851,2024-01,0.9837172346367825
2024-12-25,Clothing,East,4975.08,1117.3,0.22,2625,2024-12,22.457930324738495
2025-07-17,Electronics,West,3952.4,745.95,0.24,8299,2025-07,18.873342779070946
2024-01-27,Office Supplies,North,2044.98,230.72,0.07,1474,2024-01,11.282261929212021
2025-04-18,Clothing,North,306.76,32.57,0.16,2758,2025-04,10.617420784978485
2025-01-19,Office Supplies,West,516.95,116.71,0.27,3005,2025-01,22.57665151368604
2025-01-12,Clothing,North,4261.81,784.84,0.25,1250,2025-01,18.41564968874727
2025-06-01,Electronics,West,448.36,50.82,0.25,6416,2025-06,11.334641805691854
2024-10-01,Home,East,4375.12,679.34,0.33,2159,2024-10,15.527345535665308
2024-01-05,Furniture,North,3453.31,170.16,0.36,2749,2024-01,4.927446420970026
2025-06-27,Home,East,2718.83,349.66,0.03,8999,2025-06,12.860679042087957
2025-09-23,Furniture,North,2475.38,594.79,0.12,1567,2025-09,24.02823000912991
2024-03-29,Office Supplies,East,1680.46,170.84,0.37,4194,2024-03,10.166263999143093
2024-12-13,Home,North,1284.49,26.95,0.39,2157,2024-12,2.098108977103753
2024-10-04,Office Supplies,South,3399.87,216.06,0.27,8047,2024-10,6.354948865691925
2025-12-23,Furniture,West,2084.05,355.46,0.31,7356,2025-12,17.05621266284398
2025-08-17,Furniture,North,3255.93,698.73,0.11,3562,2025-08,21.460227953303665
2024-03-12,Office Supplies,South,1376.47,130.78,0.16,1673,2024-03,9.501115171416739
2024-11-02,Home,North,674.1,138.99,0.02,5928,2024-11,20.618602581219402
2024-07-18,Home,West,3465.44,265.2,0.11,5817,2024-07,7.652707881250288
2024-06-19,Clothing,South,1730.11,-12.95,0.39,5356,2024-06,-0.7485073203437932
2025-04-18,Furniture,East,4702.85,637.34,0.36,6431,2025-04,13.552207703839162
2024-05-31,Clothing,West,1065.86,140.39,0.26,5163,2024-05,13.171523464620119
2024-08-24,Home,West,1926.63,322.76,0.16,8156,2024-08,16.752567955445517
2025-05-06,Home,West,2177.41,176.4,0.37,7280,2025-05,8.101368139211266
2025-12-26,Home,South,4419.29,13.24,0.36,6350,2025-12,0.29959563640313264
2025-05-10,Electronics,North,1724.52,469.69,0.03,2875,2025-05,27.235984505833503
2024-04-05,Office Supplies,West,2803.3,496.7,0.15,7915,2024-04,17.71840331038419
2024-11-16,Home,East,740.29,140.18,0.06,2331,2024-11,18.935822447959584
2025-07-29,Home,West,2709.26,273.69,0.34,1583,2025-07,10.102020477916478
2024-01-28,Clothing,West,820.01,50.51,0.38,7184,2024-01,6.15968097950025
2024-03-02,Home,South,2810.5,384.58,0.27,8524,2024-03,13.683686176836861
2024-02-08,Home,South,2932.73,501.69,0.17,5588,2024-02,17.106586695672632
2024-04-06,Clothing,North,2636.34,239.89,0.05,5473,2024-04,9.099357442515
2024-05-03,Electronics,North,2890.27,283.01,0.38,2303,2024-05,9.791818757417127
2024-12-04,Furniture,West,3997.08,868.76,0.12,6071,2024-12,21.73486645251033
2024-04-29,Clothing,West,768.05,107.9,0.32,4292,2024-04,14.048564546579001
2024-01-21,Furniture,West,2862.1,545.05,0.0,5269,2024-01,19.043709164599417
2024-12-15,Clothing,North,850.97,58.99,0.14,4464,2024-12,6.932089262841229
2025-03-15,Home,East,2229.7,318.83,0.0,6653,2025-03,14.299233080683502
2024-03-20,Office Supplies,East,4514.62,841.46,0.22,3707,2024-03,18.638556511954498
2024-05-05,Electronics,South,2692.85,213.43,0.26,4373,2024-05,7.925803516720204
2024-01-25,Home,South,1089.32,117.19,0.32,2117,2024-01,10.758087614291485
2024-03-02,Office Supplies,West,3494.73,40.19,0.4,3297,2024-03,1.1500173117808814
2024-06-12,Electronics,West,3777.71,684.13,0.2,3838,2024-06,18.109648437810208
2025-10-22,Electronics,East,4369.16,908.89,0.2,2534,2025-10,20.802396799384777
2025-06-17,Furniture,North,1998.36,85.95,0.23,4485,2025-06,4.301026842010449
2025-06-22,Clothing,West,4303.61,896.89,0.11,8264,2025-06,20.84041072494952
2024-08-01,Office Supplies,West,1714.87,184.59,0.36,2693,2024-08,10.764081242309913
2024-04-15,Office Supplies,West,1237.38,107.72,0.18,1890,2024-04,8.70549063343516
2024-01-29,Clothing,South,2600.46,430.42,0.22,2282,2024-01,16.551687009221446
2025-12-04,Office Supplies,South,2084.15,476.73,0.19,5652,2025-12,22.87407336324161
2024-03-16,Home,South,2707.26,258.75,0.33,8523,2024-03,9.557633917687994
2024-10-07,Office Supplies,South,2149.44,321.59,0.36,3346,2024-10,14.96157138603543
2024-09-09,Clothing,West,4506.59,825.44,0.18,5499,2024-09,18.31628792501648
2025-02-19,Electronics,East,2157.16,392.34,0.38,7853,2025-02,18.187802481039885
2024-12-05,Furniture,West,686.3,146.23,0.27,3745,2024-12,21.307008596823547
2024-05-04,Home,South,586.75,59.31,0.24,2629,2024-05,10.108223263740946
2025-05-13,Home,West,4733.78,286.22,0.37,4771,2025-05,6.046330839202499
2024-07-10,Office Supplies,East,2123.25,107.44,0.38,5392,2024-07,5.060167196514777
2025-01-31,Clothing,East,1704.91,19.28,0.36,2025,2025-01,1.130851481896405
2024-01-21,Office Supplies,South,3110.75,338.69,0.34,2501,2024-01,10.88772803986177
2024-06-28,Office Supplies,East,804.24,147.33,0.11,2202,2024-06,18.319158460161148
2024-07-20,Home,North,4185.03,761.69,0.0,7902,2024-07,18.200347428811746
2024-07-07,Furniture,North,2877.02,322.16,0.2,4259,2024-07,11.197697617673844
2025-08-20,Home,North,3682.43,664.97,0.08,2371,2025-08,18.05791284559381
2024-10-26,Furniture,North,3814.79,194.29,0.21,3789,2024-10,5.093071964642877
2025-11-26,Furniture,West,861.48,159.63,0.11,4026,2025-11,18.529739518038724
2024-01-13,Furniture,North,3090.02,242.97,0.35,3890,2024-01,7.863055902550793
2024-05-15,Electronics,West,4268.42,395.04,0.12,4565,2024-05,9.254946795301306
2024-07-18,Electronics,East,4863.38,370.27,0.38,3097,2024-07,7.613429343378472
2024-07-20,Home,West,2306.85,363.77,0.16,1751,2024-07,15.76912239634133
2024-03-24,Furniture,South,2430.75,136.13,0.18,5954,2024-03,5.600329116527821
2025-05-14,Electronics,West,3804.63,311.6,0.16,4446,2025-05,8.190021105863119
2025-04-11,Electronics,East,2712.08,376.26,0.23,4389,2025-04,13.873484557977642
2025-11-01,Home,West,4529.79,579.11,0.31,5533,2025-11,12.784477867627416
2024-02-26,Clothing,West,2589.96,625.8,0.11,2576,2024-02,24.162535328730943
2024-03-08,Home,West,1220.97,281.15,0.07,8039,2024-03,23.026773794605926
2025-05-30,Furniture,South,2918.99,608.69,0.35,3065,2025-05,20.852760715178885
2025-05-18,Furniture,South,624.23,115.07,0.02,5262,2025-05,18.433910577831888
2024-07-17,Office Supplies,West,2987.48,444.36,0.0,6517,2024-07,14.874074470791438
2024-01-14,Office Supplies,North,1894.78,127.52,0.22,7475,2024-01,6.7300689262077915
2024-11-28,Furniture,West,2976.03,597.64,0.02,5123,2024-11,20.08178680994479
2024-01-30,Home,North,2145.54,348.87,0.25,2448,2024-01,16.260242176794655
2024-11-02,Electronics,South,4532.94,256.82,0.2,4701,2024-11,5.665638636293443
2024-10-11,Clothing,East,1290.45,98.78,0.3,1858,2024-10,7.6546940989577275
2024-09-20,Furniture,West,691.69,70.55,0.07,2473,2024-09,10.199655915222136
2025-08-03,Home,East,1525.94,100.07,0.27,8814,2025-08,6.557924951177633
2025-05-25,Office Supplies,East,4080.57,452.91,0.13,5591,2025-05,11.099184672729546
2024-10-17,Furniture,North,3993.08,317.49,0.31,7831,2024-10,7.95100523906358
2024-07-06,Office Supplies,West,1693.3,260.54,0.24,8816,2024-07,15.386523356758994
2025-01-08,Electronics,West,3362.96,523.93,0.05,6400,2025-01,15.579430025929536
2024-02-17,Home,East,4870.49,1039.44,0.05,6256,2024-02,21.341589860568448
2025-10-22,Home,East,4252.03,872.06,0.26,3784,2025-10,20.509262634553377
2024-12-11,Home,East,1310.82,42.11,0.38,6933,2024-12,3.2124929433484386
2025-04-20,Furniture,North,3394.94,664.9,0.03,7026,2025-04,19.585029485057174
2024-05-12,Home,South,4183.97,371.99,0.16,7559,2024-05,8.890838127424432
2024-09-22,Electronics,North,4048.91,100.79,0.24,1430,2024-09,2.4893119382747457
2024-09-08,Electronics,South,3549.63,620.34,0.1,1578,2024-09,17.476187658995446
2025-12-09,Clothing,West,2413.82,518.43,0.14,5462,2025-12,21.47757496416468
2025-07-01,Clothing,South,4936.55,608.76,0.37,7550,2025-07,12.331689135124732
2025-06-18,Clothing,West,2544.54,458.95,0.13,1240,2025-06,18.036658885299502
2024-09-05,Home,West,1168.31,-4.27,0.37,3991,2024-09,-0.36548518800660784
2024-06-20,Furniture,South,4973.03,185.82,0.36,4615,2024-06,3.736554977548899
2025-01-11,Home,North,4800.71,857.89,0.15,7654,2025-01,17.870065052877596
2025-07-25,Clothing,South,4129.86,184.97,0.3,1002,2025-07,4.47884431917789
2025-02-07,Office Supplies,South,4794.49,510.89,0.05,6010,2025-02,10.655773606786124
2025-03-22,Furniture,East,3112.87,108.68,0.37,7763,2025-03,3.491311876178575
2024-06-07,Clothing,South,1527.05,114.34,0.13,1491,2024-06,7.487639566484399
2025-09-02,Electronics,West,2768.18,297.52,0.29,1854,2025-09,10.74785599202364
2024-01-26,Office Supplies,South,1475.33,267.92,0.3,5143,2024-01,18.160004880264076
2024-06-14,Electronics,East,3667.09,164.98,0.3,5226,2024-06,4.4989351229448955
2025-04-09,Furniture,East,4677.38,995.3,0.21,8316,2025-04,21.27900662336607
2024-08-15,Clothing,West,3899.22,774.91,0.22,2798,2024-08,19.873461871861554
2024-10-06,Home,East,274.56,10.26,0.19,6343,2024-10,3.736888111888112
2024-03-12,Clothing,South,2242.36,337.21,0.2,8432,2024-03,15.038174066608393
2024-08-10,Clothing,East,3142.65,458.16,0.18,5017,2024-08,14.578779055892321
2024-09-09,Clothing,North,1336.82,255.85,0.4,4286,2024-09,19.13870229350249
2025-11-19,Home,East,2227.13,109.59,0.12,5456,2025-11,4.920682672318185
2024-10-26,Home,North,1124.4,229.06,0.38,2121,2024-10,20.371753824261827
2024-12-06,Office Supplies,West,199.72,11.95,0.1,5553,2024-12,5.983376727418385
2024-02-14,Electronics,East,487.93,61.47,0.11,5702,2024-02,12.598118582583567
2024-05-08,Furniture,North,296.0,38.0,0.39,7125,2024-05,12.837837837837837
2024-06-21,Office Supplies,East,1225.68,194.98,0.1,5378,2024-06,15.907904183800012
2025-02-08,Electronics,South,4144.59,633.01,0.07,4640,2025-02,15.273163328580146
2025-03-23,Office Supplies,North,1932.37,415.77,0.19,3152,2025-03,21.516065763803
2024-08-06,Electronics,South,3255.75,284.02,0.16,2378,2024-08,8.723642785840436
2025-12-02,Electronics,North,857.4,158.09,0.14,1389,2025-12,18.4383018427805
2025-02-10,Clothing,North,4459.06,761.3,0.3,3010,2025-02,17.07310509389871
2024-12-27,Furniture,North,3801.58,549.54,0.29,8835,2024-12,14.455568474160744
2024-01-01,Home,North,1107.87,219.68,0.17,1387,2024-01,19.829041313511517
2025-07-26,Electronics,South,171.57,25.52,0.12,1137,2025-07,14.874395290551961
2025-02-15,Office Supplies,West,2256.62,66.49,0.32,7909,2025-02,2.9464420239118683
2025-12-25,Home,West,468.19,48.79,0.17,6671,2025-12,10.420982934278818
2024-07-02,Home,South,3756.08,704.67,0.0,5739,2024-07,18.76078251794424
2024-04-12,Furniture,South,1600.43,181.79,0.08,5353,2024-04,11.358822316502438
2025-11-02,Clothing,North,3027.26,661.86,0.2,2684,2025-11,21.863335161168845
2025-02-18,Office Supplies,East,2425.21,495.69,0.37,7839,2025-02,20.43905476226801
2024-06-30,Home,West,1498.12,117.25,0.23,2074,2024-06,7.826475849731664
2025-01-29,Home,North,2638.65,37.8,0.3,8539,2025-01,1.4325507361719059
2025-11-19,Electronics,South,1492.47,267.66,0.18,4660,2025-11,17.934028824699997
2024-04-05,Clothing,South,3517.46,33.03,0.37,7966,2024-04,0.93902986814349
2024-10-05,Office Supplies,North,2860.84,156.22,0.12,3878,2024-10,5.460633939682051
2024-11-27,Electronics,North,4240.26,719.47,0.06,3902,2024-11,16.967591609948446
2024-04-02,Clothing,North,1933.55,293.63,0.36,5525,2024-04,15.186056735021076
2024-12-11,Electronics,South,4307.58,460.41,0.18,7970,2024-12,10.688367946735756
2025-04-04,Furniture,South,307.9,60.57,0.17,7831,2025-04,19.671971419291978
2025-03-05,Office Supplies,South,2626.69,295.64,0.33,7101,2025-03,11.255229966231264
2025-12-18,Electronics,North,3351.56,694.09,0.05,5372,2025-12,20.70946066906157
2025-07-17,Office Supplies,South,3992.72,932.8,0.08,5382,2025-07,23.362519786010537
2025-02-15,Office Supplies,East,4670.07,378.42,0.07,3403,2025-02,8.10309053183357
2024-01-28,Home,North,1960.79,121.22,0.24,6851,2024-01,6.182202071613992
2024-05-15,Home,North,2468.94,410.71,0.25,1553,2024-05,16.635074161381
2024-08-24,Clothing,West,2931.31,700.53,0.14,7491,2024-08,23.898188864364396
2025-12-06,Furniture,East,1372.34,174.7,0.29,5836,2025-12,12.730081466691928
2024-10-03,Furniture,West,667.46,69.19,0.17,6984,2024-10,10.366164264525214
2024-10-14,Clothing,North,2199.3,24.93,0.36,4443,2024-10,1.1335424907925247
2024-03-11,Office Supplies,South,1649.21,395.37,0.09,1376,2024-03,23.973296305503847
2024-08-01,Furniture,West,2051.1,405.42,0.01,4349,2024-08,19.765979230656722
2025-01-14,Office Supplies,North,1432.22,182.43,0.09,7459,2025-01,12.737568250687744
2025-09-29,Office Supplies,West,4915.34,201.96,0.17,5512,2025-09,4.108769688363369
2025-11-01,Furniture,East,3876.92,536.06,0.19,5186,2025-11,13.826955418218583
2024-06-10,Office Supplies,North,835.03,166.65,0.2,5586,2024-06,19.957366801192773
2025-10-18,Home,South,1644.82,337.94,0.04,3890,2025-10,20.545713208740164
2024-10-31,Furniture,East,374.17,35.98,0.38,1970,2024-10,9.615949969265305
2025-12-17,Home,North,2598.46,217.25,0.01,5257,2025-12,8.360721350338277
2025-11-02,Electronics,North,1232.25,48.13,0.17,8251,2025-11,3.9058632582673973
2024-09-20,Office Supplies,West,2526.13,383.95,0.05,3626,2024-09,15.199138603318119
2025-03-31,Furniture,North,3469.9,254.34,0.25,8646,2025-03,7.329894233263206
2024-06-26,Clothing,East,2292.59,208.4,0.24,2643,2024-06,9.09015567545876
2025-04-25,Home,West,2050.46,491.77,0.17,5472,2025-04,23.98339884708797
2024-01-13,Electronics,North,3098.85,230.56,0.02,7081,2024-01,7.44017942139826
2025-12-15,Office Supplies,South,906.98,83.39,0.2,8005,2025-12,9.194249046285474
2025-09-01,Furniture,West,4683.33,988.15,0.07,7424,2025-09,21.09930327352546
2025-04-30,Clothing,West,419.52,61.27,0.23,4020,2025-04,14.604786422578186
2025-03-03,Electronics,East,3257.95,413.79,0.08,1617,2025-03,12.700931567396678
2024-02-08,Clothing,East,4036.36,314.22,0.25,2137,2024-02,7.784736743006075
2024-04-05,Office Supplies,South,1704.02,353.42,0.31,1915,2024-04,20.74036689710215
2024-12-25,Office Supplies,East,4929.22,855.2,0.22,1178,2024-12,17.349600951063252
2025-06-12,Furniture,North,4630.21,919.46,0.1,8499,2025-06,19.857846620347676
2025-11-28,Office Supplies,South,551.94,107.84,0.2,5962,2025-11,19.538355618364314
2025-06-28,Office Supplies,East,2326.67,378.7,0.35,3485,2025-06,16.27648097925361
2024-01-21,Home,South,784.06,81.1,0.25,2300,2024-01,10.34359615335561
2024-06-20,Furniture,North,1700.7,253.34,0.35,6943,2024-06,14.896219203857235
2025-05-15,Furniture,North,2107.59,33.69,0.32,1701,2025-05,1.5985082487580597
2025-10-17,Electronics,North,956.73,146.33,0.02,2193,2025-10,15.294806267180919
2024-08-28,Electronics,South,2740.35,540.29,0.31,5132,2024-08,19.71609465944131
2024-06-03,Furniture,East,2446.35,438.09,0.34,2130,2024-06,17.907903611502853
2024-12-30,Electronics,North,3821.96,471.09,0.4,3896,2024-12,12.325874682100283
2025-04-11,Office Supplies,West,637.68,84.71,0.31,6807,2025-04,13.284092334713336
2025-12-10,Furniture,East,769.81,79.4,0.26,1614,2025-12,10.314233382263158
2025-08-21,Furniture,West,249.07,20.33,0.21,7524,2025-08,8.162363994057895
2024-05-03,Furniture,East,3868.58,756.02,0.14,8140,2024-05,19.542571175987057
2024-11-17,Office Supplies,East,3782.36,840.54,0.03,6538,2024-11,22.222633488086803
2024-10-23,Office Supplies,North,3793.83,699.2,0.37,6652,2024-10,18.429924377212476
2024-01-04,Clothing,South,2692.89,445.82,0.28,6011,2024-01,16.555447864561863
2025-07-31,Furniture,West,714.43,114.7,0.21,1960,2025-07,16.054756939098304
2024-02-12,Office Supplies,South,177.1,30.73,0.3,1114,2024-02,17.35177865612648
2024-09-24,Office Supplies,North,2935.02,506.1,0.14,3837,2024-09,17.24349408181205
2024-09-28,Electronics,East,4312.83,220.39,0.23,7331,2024-09,5.11010171975246
2025-05-03,Electronics,West,2636.49,119.25,0.27,2740,2025-05,4.52305906716885
2025-08-21,Clothing,South,4820.28,520.05,0.27,7074,2025-08,10.788792352311484
2025-09-08,Clothing,East,2401.86,472.41,0.09,7813,2025-09,19.66850690714696
2024-12-12,Home,South,3553.98,635.58,0.34,3566,2024-12,17.883612175645332
2025-08-20,Office Supplies,North,939.2,77.13,0.4,8346,2025-08,8.212308347529811
2024-08-17,Electronics,West,4296.03,919.58,0.05,1580,2024-08,21.405344003649883
2025-12-16,Electronics,North,907.93,159.05,0.39,4943,2025-12,17.51787032039915
2025-11-05,Clothing,East,4803.42,297.22,0.09,6144,2025-11,6.1876746151700255
2024-07-08,Office Supplies,West,908.47,193.4,0.28,4168,2024-07,21.28854007286977
2025-05-29,Office Supplies,North,2013.82,461.37,0.21,1301,2025-05,22.91019058307098
2024-10-26,Home,West,2792.93,399.81,0.28,7668,2024-10,14.315074133615951
2024-06-17,Electronics,South,2154.6,220.64,0.2,4651,2024-06,10.240415854450942
2024-01-08,Electronics,South,3896.77,717.82,0.15,6252,2024-01,18.420897307257036
2024-09-27,Home,South,716.74,147.88,0.04,6427,2024-09,20.632307391801767
2025-02-19,Furniture,North,369.74,94.43,0.09,8293,2025-02,25.539568345323744
2024-06-18,Home,East,3956.96,725.64,0.32,7308,2024-06,18.338320326715458
2025-08-12,Home,East,1880.43,300.98,0.28,4790,2025-08,16.00591354105178
2025-12-23,Furniture,West,2008.87,279.41,0.04,8334,2025-12,13.908814408100078
2024-07-19,Electronics,South,2642.99,237.24,0.28,7682,2024-07,8.97619741277871
2024-04-18,Electronics,East,4730.14,1043.88,0.28,6448,2024-04,22.068691412939152
2025-04-09,Electronics,West,4804.26,633.5,0.26,5669,2025-04,13.186213901828795
2025-03-26,Electronics,East,464.2,14.75,0.29,1910,2025-03,3.1775096940973717
2025-02-03,Clothing,North,2543.31,462.02,0.3,1886,2025-02,18.166090645654677
2025-10-21,Office Supplies,West,1839.86,11.78,0.37,7984,2025-10,0.6402661072038089
2025-03-24,Clothing,South,718.47,15.4,0.3,3333,2025-03,2.1434437067657663
2025-09-22,Clothing,East,1880.44,416.28,0.13,2380,2025-09,22.137372104401095
2024-07-03,Electronics,East,4021.83,101.04,0.27,5441,2024-07,2.512289181790379
2024-05-23,Electronics,North,4662.55,223.2,0.17,6418,2024-05,4.787080031313336
2025-08-31,Office Supplies,East,4902.25,739.12,0.31,7766,2025-08,15.07715844765159
2024-05-15,Office Supplies,West,1501.92,255.43,0.25,2903,2024-05,17.00689783743475
2024-02-09,Electronics,North,2939.49,343.33,0.34,5273,2024-02,11.6799172645595
2025-12-29,Office Supplies,East,4864.85,1124.01,0.16,5121,2025-12,23.10472059775738
2024-07-27,Electronics,South,2434.4,366.61,0.17,4395,2024-07,15.05956293131778
2024-01-10,Electronics,North,1436.71,174.73,0.32,5718,2024-01,12.161814144816976
2025-12-31,Clothing,South,627.46,51.83,0.11,7377,2025-12,8.260287508367066
2024-02-10,Electronics,West,937.72,225.34,0.06,1932,2024-02,24.03062747941816
2024-06-30,Home,South,2675.84,495.91,0.27,3241,2024-06,18.53287192059316
2024-07-14,Office Supplies,West,441.03,37.03,0.28,8428,2024-07,8.396254223068727
2025-06-10,Home,North,4703.61,705.99,0.18,8624,2025-06,15.00953522932386
2024-09-03,Office Supplies,East,1873.81,309.15,0.22,1378,2024-09,16.49847102961346
2025-03-20,Clothing,North,2591.68,255.27,0.09,6249,2025-03,9.849595629090011
2025-11-17,Office Supplies,North,3857.88,288.1,0.25,3869,2025-11,7.467832073574088
2025-10-29,Home,South,4318.29,264.76,0.22,5067,2025-10,6.131130609569992
2024-12-03,Clothing,East,1824.95,134.94,0.39,6765,2024-12,7.394175182881722
2024-04-04,Home,North,360.96,23.77,0.34,2536,2024-04,6.585217198581561
2025-11-14,Office Supplies,East,328.1,5.96,0.34,4535,2025-11,1.8165193538555318
2024-10-29,Home,South,718.19,110.23,0.1,6485,2024-10,15.348306158537433
2025-10-31,Furniture,West,1646.69,218.78,0.28,3081,2025-10,13.286046553996197
2025-10-28,Home,West,4279.81,1031.42,0.09,1849,2025-10,24.09966797591482
2024-08-24,Office Supplies,West,2098.02,389.19,0.39,5460,2024-08,18.550347470472158
2025-01-09,Clothing,West,2661.37,574.04,0.3,1077,2025-01,21.56934210575756
2025-02-25,Office Supplies,East,2132.7,11.98,0.35,5166,2025-02,0.5617292633750646
2024-07-21,Electronics,West,1659.57,274.38,0.37,4421,2024-07,16.533198358610964
2025-04-26,Clothing,West,2045.97,209.92,0.22,2358,2025-04,10.26016999271739
2024-07-23,Furniture,West,2522.91,430.89,0.05,6758,2024-07,17.079087244491483
2025-01-24,Electronics,South,3265.89,472.19,0.19,5787,2025-01,14.458233437133522
2025-10-13,Office Supplies,North,3252.06,470.62,0.21,4919,2025-10,14.471442716309046
2024-01-29,Home,East,2482.43,248.58,0.18,2079,2024-01,10.013575407967194
2025-09-23,Electronics,West,2661.26,231.98,0.07,8088,2025-09,8.716923562523014
2025-04-11,Office Supplies,West,1343.15,259.82,0.14,7151,2025-04,19.344079216766556
2024-09-18,Home,North,4708.82,364.79,0.22,5982,2024-09,7.746951465547633
2024-08-25,Clothing,West,3884.22,802.27,0.33,1865,2024-08,20.654597319410335
2025-02-09,Office Supplies,East,3322.14,830.57,0.13,6257,2025-02,25.001053537779867
2025-04-06,Home,West,4306.42,516.41,0.34,4548,2025-04,11.991631099614064
2025-02-05,Clothing,North,3042.67,521.23,0.36,3253,2025-02,17.13067799005479
2024-10-11,Electronics,West,4761.21,413.34,0.05,5216,2024-10,8.681406617225452
2024-06-05,Furniture,East,2629.75,363.97,0.38,4112,2024-06,13.840479132997435
2024-01-11,Electronics,South,2825.09,444.83,0.18,5645,2024-01,15.745693057566307
2024-11-26,Electronics,North,1655.9,298.9,0.31,1494,2024-11,18.05060692070777
2024-11-04,Clothing,South,601.0,41.09,0.13,4958,2024-11,6.8369384359401
2025-06-22,Furniture,North,3215.3,366.2,0.29,2480,2025-06,11.38929493359873
2025-02-07,Furniture,East,4229.22,344.3,0.11,7467,2025-02,8.140981079253384
2024-08-11,Office Supplies,East,852.14,75.65,0.37,4602,2024-08,8.877649212570706
2025-05-02,Furniture,West,3110.87,78.13,0.33,6862,2025-05,2.511516071066936
2025-11-04,Furniture,West,3962.71,1048.56,0.03,7731,2025-11,26.460679686376242
2025-02-01,Home,West,4966.42,677.07,0.09,4621,2025-02,13.632958952323806
2025-03-29,Electronics,South,508.85,60.01,0.35,8870,2025-03,11.793259310209296
2025-07-04,Furniture,West,3684.43,373.06,0.33,2296,2025-07,10.125311106466944
2024-05-10,Office Supplies,South,4298.55,898.33,0.27,5261,2024-05,20.89844249805167
2025-12-05,Home,East,4549.84,717.46,0.05,3228,2025-12,15.76890615933747
2025-12-14,Electronics,West,3170.98,730.37,0.23,7165,2025-12,23.03294249727214
2025-08-26,Furniture,East,4785.36,1046.43,0.1,4968,2025-08,21.867320326997344
2025-02-18,Office Supplies,East,2668.93,309.76,0.11,4463,2025-02,11.606149280797922
2024-11-07,Electronics,East,299.68,65.44,0.23,2761,2024-11,21.83662573411639
2025-05-07,Furniture,East,411.49,54.24,0.2,4122,2025-05,13.181365282266885
2024-02-13,Clothing,West,2705.07,221.58,0.3,6263,2024-02,8.191285253246681
2025-08-26,Furniture,East,788.84,115.8,0.19,1954,2025-08,14.6797829724659
2024-07-21,Electronics,South,1689.07,307.09,0.03,7639,2024-07,18.181010852125727
2024-04-02,Office Supplies,North,331.22,9.95,0.28,5880,2024-04,3.0040456494173053
2025-04-18,Home,East,3361.82,799.97,0.0,4156,2025-04,23.79574159235176
2025-11-16,Home,East,2925.01,199.54,0.3,2271,2025-11,6.82185701929224
2024-06-08,Office Supplies,West,431.6,75.05,0.22,2814,2024-06,17.388785912882295
2025-08-08,Home,South,4532.29,911.51,0.19,8528,2025-08,20.111466830233724
2024-02-12,Furniture,South,4163.39,509.43,0.2,8408,2024-02,12.235942345060154
2024-11-22,Clothing,West,1720.88,239.1,0.16,3786,2024-11,13.894054204825437
2025-08-03,Furniture,South,3741.43,223.13,0.36,2648,2025-08,5.963762518609195
2025-03-31,Office Supplies,West,1436.95,320.08,0.24,8508,2025-03,22.274957374995648
2025-07-27,Furniture,West,3896.91,725.42,0.35,3481,2025-07,18.615261835659535
2025-06-19,Furniture,South,4117.71,402.0,0.33,6193,2025-06,9.762707912893331
2024-09-11,Home,East,2256.78,298.83,0.19,3960,2024-09,13.24143248344987
2025-08-09,Electronics,East,2895.5,602.51,0.14,1858,2025-08,20.808495941978933
2025-05-11,Office Supplies,South,3453.72,490.57,0.01,2561,2025-05,14.204104559721111
2025-02-20,Electronics,North,3436.23,616.26,0.2,4876,2025-02,17.934189504195004
2024-05-24,Electronics,West,972.93,18.07,0.31,4045,2024-05,1.8572764741553867
2025-06-12,Electronics,North,2514.25,98.01,0.25,6773,2025-06,3.8981803718802825
2025-05-27,Furniture,South,4639.65,883.84,0.39,5457,2025-05,19.04971280161219
2025-08-10,Home,South,2192.33,137.86,0.17,3796,2025-08,6.288286891115846
2025-05-06,Home,East,593.8,54.95,0.06,2700,2025-05,9.253957561468509
2025-01-28,Electronics,South,4118.08,870.96,0.02,2726,2025-01,21.149661978397702
2024-09-14,Clothing,North,2075.08,197.73,0.37,3789,2024-09,9.528789251498736
2024-07-06,Office Supplies,South,4953.61,994.18,0.23,3558,2024-07,20.069807675614353
2025-07-05,Office Supplies,North,799.99,29.57,0.32,2649,2025-07,3.696296203702546
2024-10-25,Office Supplies,South,4849.6,570.21,0.14,6702,2024-10,11.75787693830419
2025-07-30,Clothing,North,1023.17,161.87,0.05,6510,2025-07,15.820440396024122
2024-11-08,Office Supplies,North,4845.35,890.87,0.2,6036,2024-11,18.386081500820374
2024-11-06,Electronics,North,4972.38,936.75,0.14,4777,2024-11,18.839067006141928
2024-06-21,Clothing,South,237.45,40.67,0.03,3201,2024-06,17.127816382396297
2024-07-25,Home,East,2919.06,381.15,0.29,3702,2024-07,13.057285564531046
2025-11-18,Clothing,South,603.51,100.14,0.15,7139,2025-11,16.59293135159318
2025-10-22,Office Supplies,North,4884.37,854.66,0.14,3638,2025-10,17.49785540407463
2025-08-12,Furniture,North,222.05,50.39,0.15,7140,2025-08,22.693087142535465
2025-05-16,Home,South,3324.45,627.14,0.24,2903,2025-05,18.864473822737597
2024-08-16,Furniture,East,2990.13,349.2,0.12,8252,2024-08,11.67842200840766
2024-02-24,Office Supplies,West,2942.61,453.53,0.05,8847,2024-02,15.412507943628274
2025-03-19,Office Supplies,East,982.79,120.3,0.22,7500,2025-03,12.240661789395496
2024-04-26,Home,East,1487.24,177.18,0.07,2288,2024-04,11.913342836394932
2025-11-30,Clothing,East,2444.13,210.04,0.22,1029,2025-11,8.593650910548947
2024-12-26,Office Supplies,East,3385.03,786.7,0.14,5542,2024-12,23.24056212204914
2025-02-11,Electronics,North,3852.29,963.98,0.14,7634,2025-02,25.02355741649772
2025-02-12,Office Supplies,East,3543.01,224.37,0.08,2656,2025-02,6.332750965986548
2025-12-06,Office Supplies,North,4443.87,263.58,0.17,6627,2025-12,5.931316622673481
2025-03-20,Furniture,East,4822.66,965.26,0.25,1675,2025-03,20.015095403781316
2025-06-27,Electronics,East,1233.91,130.35,0.3,8821,2025-06,10.563979544699368
2024-01-16,Furniture,West,4655.44,467.43,0.04,3004,2024-01,10.040511745398932
2025-02-15,Electronics,North,1377.5,242.44,0.33,3175,2025-02,17.599999999999998
2024-12-14,Office Supplies,South,2890.38,389.13,0.18,7717,2024-12,13.462935669358354
2025-03-24,Home,South,1077.43,59.51,0.29,5091,2025-03,5.523328661722802
2024-02-22,Furniture,East,2700.48,104.03,0.35,1531,2024-02,3.8522781135205597
2024-03-17,Electronics,West,1990.82,392.14,0.14,8389,2024-03,19.697411117027155
2024-02-04,Furniture,West,4255.78,348.81,0.08,7985,2024-02,8.19614735724121
2024-05-25,Office Supplies,North,2605.68,493.75,0.2,7470,2024-05,18.948988363881984
2024-03-04,Clothing,South,3584.97,126.72,0.2,4737,2024-03,3.5347576130344187
2024-02-29,Office Supplies,South,151.56,7.04,0.31,8452,2024-02,4.645025072578517
2024-10-28,Home,West,1378.97,17.55,0.37,7685,2024-10,1.272689036019638
2025-02-15,Clothing,East,4259.3,635.68,0.03,4751,2025-02,14.924518113305002
2024-01-26,Office Supplies,North,1162.57,82.66,0.38,7561,2024-01,7.11010949878287
2025-09-23,Clothing,East,755.79,28.82,0.24,6444,2025-09,3.8132285423199566
2025-06-25,Furniture,West,3243.9,201.59,0.32,3212,2025-06,6.21443324393477
2024-04-04,Electronics,South,3056.58,496.17,0.22,1609,2024-04,16.232848477710384
2024-06-11,Electronics,North,2833.1,366.89,0.05,8173,2024-06,12.950125304436835
2024-07-28,Home,West,2637.09,281.83,0.26,1194,2024-07,10.6871589517233
2025-04-12,Home,South,473.17,13.52,0.27,6771,2025-04,2.8573240061711433
2024-07-28,Furniture,East,2383.54,149.07,0.32,5231,2024-07,6.254142997390436
2025-01-17,Home,North,1063.35,156.76,0.33,7910,2025-01,14.742088681995579
2025-07-13,Furniture,North,1866.57,454.53,0.04,6108,2025-07,24.3510824667706
2025-06-02,Electronics,North,3955.3,322.6,0.16,3069,2025-06,8.156144919475135
2024-03-20,Home,North,2633.56,261.52,0.34,8763,2024-03,9.930284481842069
2024-10-02,Furniture,South,650.25,54.16,0.16,8736,2024-10,8.329104190695885
2025-08-14,Furniture,East,1876.45,206.38,0.28,1049,2025-08,10.99842788243758
2025-11-09,Furniture,West,474.01,98.16,0.34,3711,2025-11,20.70842387291407
2024-06-01,Home,East,560.04,99.31,0.39,6828,2024-06,17.732661952717667
2024-09-08,Electronics,West,3753.57,327.7,0.37,3779,2024-09,8.73035536835599
2024-08-09,Furniture,East,1101.65,104.26,0.39,5884,2024-08,9.463985839422683
2024-05-11,Office Supplies,North,2952.65,480.42,0.34,5123,2024-05,16.270807579631857
2024-03-03,Office Supplies,North,2990.42,233.96,0.36,4509,2024-03,7.823650189605473
2024-04-21,Furniture,East,2680.78,264.89,0.29,4389,2024-04,9.881079387342488
2024-05-26,Office Supplies,West,2312.62,147.72,0.11,2351,2024-05,6.3875604292966415
2025-06-04,Office Supplies,North,4449.25,929.27,0.33,3000,2025-06,20.885992021127155
2025-01-16,Office Supplies,East,2047.37,343.28,0.05,3612,2025-01,16.766876529401134
2025-07-20,Clothing,North,241.98,50.9,0.18,6300,2025-07,21.034796264154064
2025-06-21,Clothing,North,1697.66,288.72,0.35,6677,2025-06,17.00693896304325
2024-01-30,Office Supplies,West,337.11,55.92,0.17,8062,2024-01,16.588057310670106
2024-09-09,Home,East,302.03,41.49,0.03,8292,2024-09,13.73704598880906
2024-03-27,Furniture,West,2536.58,269.78,0.17,2594,2024-03,10.635580190650403
2024-11-19,Clothing,West,3576.08,210.59,0.17,8892,2024-11,5.888850361289457
2024-12-28,Electronics,West,1904.69,256.06,0.07,3091,2024-12,13.443657498070552
2024-12-12,Electronics,South,1257.7,84.87,0.16,6424,2024-12,6.748032122127694
2025-02-20,Electronics,North,2251.61,449.01,0.24,2244,2025-02,19.941730583893303
2025-09-06,Furniture,West,3441.7,251.93,0.14,6466,2025-09,7.31992910480286
2024-12-31,Home,West,4633.36,1240.96,0.06,3298,2024-12,26.78315520486213
2024-09-29,Clothing,East,4730.73,1008.83,0.29,5371,2024-09,21.325038630401654
2024-08-22,Home,North,1199.33,250.52,0.34,3484,2024-08,20.888329317202107
2024-09-09,Furniture,East,2268.37,139.4,0.21,7421,2024-09,6.145381926228967
2025-01-07,Home,East,3832.2,782.91,0.28,3317,2025-01,20.42977923907938
2025-01-18,Home,East,2794.2,407.6,0.06,6214,2025-01,14.587359530455945
2024-09-20,Furniture,East,1154.5,105.23,0.25,1503,2024-09,9.114768297964487
2025-04-30,Clothing,North,4461.3,971.3,0.19,6389,2025-04,21.77168090018604
2025-02-19,Furniture,West,1508.49,73.58,0.38,8675,2025-02,4.877725407526732
2025-10-01,Electronics,North,1938.51,279.13,0.2,3576,2025-10,14.399203511975692
2024-10-07,Furniture,North,4405.99,817.4,0.39,7155,2024-10,18.552016686374685
2025-05-25,Office Supplies,North,1308.32,142.6,0.15,5407,2025-05,10.899474134768253
2025-11-22,Electronics,North,4811.79,69.14,0.38,8225,2025-11,1.4368873122060606
2025-11-02,Home,East,3373.05,380.82,0.09,5760,2025-11,11.290078712144794
2025-10-07,Electronics,North,197.92,34.59,0.23,4085,2025-10,17.476758286176235
2025-02-04,Home,West,2855.28,672.69,0.14,6042,2025-02,23.55951080104228
2024-05-06,Clothing,East,683.91,57.45,0.28,2747,2024-05,8.400228100188622
2024-04-22,Office Supplies,West,336.83,41.12,0.24,3016,2024-04,12.20793872279785
2024-10-07,Office Supplies,East,4403.04,328.94,0.24,2089,2024-10,7.470747483556815
2024-04-11,Office Supplies,South,3648.55,263.92,0.2,5751,2024-04,7.233558536953036
2025-12-04,Clothing,South,3961.14,729.83,0.28,1382,2025-12,18.42474641138662
2025-12-15,Clothing,East,1329.24,195.2,0.26,3535,2025-12,14.685083205440701
2024-12-12,Clothing,South,2814.95,553.63,0.28,2933,2024-12,19.667489653457434
2025-10-27,Office Supplies,North,2230.31,229.2,0.25,6907,2025-10,10.276598320412857
2024-09-12,Furniture,South,3025.01,297.23,0.29,5587,2024-09,9.825752642140026
2024-02-05,Clothing,West,192.72,23.42,0.35,2160,2024-02,12.152345371523454
2025-05-13,Clothing,West,1194.94,245.64,0.09,1161,2025-05,20.55668067015917
2025-03-23,Office Supplies,North,666.65,47.93,0.29,5633,2025-03,7.18967974199355
2025-11-27,Home,South,2362.65,167.49,0.13,4860,2025-11,7.0890737096057395
2025-10-30,Home,East,1505.63,165.48,0.19,4519,2025-10,10.990748058952066
2025-04-27,Furniture,South,2366.53,420.84,0.18,4420,2025-04,17.782998736546755
2024-06-06,Office Supplies,West,4734.44,897.05,0.13,2544,2024-06,18.947330624107604
2025-05-14,Home,South,2167.5,533.15,0.06,8754,2025-05,24.597462514417533
2024-04-18,Office Supplies,East,4331.88,695.56,0.17,6789,2024-04,16.05676980895131
2025-07-24,Home,West,2255.19,310.62,0.11,7043,2025-07,13.773562316257168
2025-06-22,Clothing,North,2781.83,625.69,0.15,5027,2025-06,22.492028628636547
2025-08-03,Furniture,South,4232.5,440.13,0.14,2645,2025-08,10.398818665091554
2024-07-24,Electronics,East,4055.38,252.28,0.28,5181,2024-07,6.220872026789104
2025-10-19,Clothing,South,1505.47,227.71,0.14,3068,2025-10,15.125508977262914
2024-09-10,Electronics,South,1216.3,219.03,0.36,3592,2024-09,18.007892789607826
2024-12-11,Electronics,West,4287.93,626.2,0.11,2863,2024-12,14.603783177430602
2025-07-12,Clothing,East,2700.83,201.25,0.27,6506,2025-07,7.45141308412599
2024-03-15,Furniture,East,721.54,112.62,0.11,4839,2024-03,15.608282285112399
2024-08-15,Office Supplies,East,1559.1,59.47,0.31,4102,2024-08,3.8143800910781867
2024-01-16,Furniture,East,4668.32,747.79,0.15,4730,2024-01,16.018396339582548
2025-01-10,Home,North,3763.21,769.81,0.07,8514,2025-01,20.456206270710375
2024-08-03,Home,West,3923.93,821.26,0.16,8321,2024-08,20.929527285145248
2025-09-11,Clothing,South,731.2,101.38,0.11,1636,2025-09,13.864879649890588
2025-09-27,Electronics,North,376.43,54.09,0.31,1719,2025-09,14.369205429960418
2024-08-10,Furniture,South,2696.69,387.93,0.02,7008,2024-08,14.385413228810135
2024-03-09,Clothing,East,1339.8,65.32,0.11,7539,2024-03,4.875354530526944
2024-06-01,Office Supplies,South,880.64,81.13,0.08,5613,2024-06,9.212618095930232
2024-02-17,Office Supplies,North,1681.35,95.31,0.28,6299,2024-02,5.668659113212597
2024-12-19,Electronics,South,4794.4,106.18,0.25,2639,2024-12,2.2146671116302357
2025-03-29,Furniture,East,4737.26,1110.86,0.16,4482,2025-03,23.449420128935287
2025-11-27,Home,South,3935.18,844.66,0.17,1427,2025-11,21.46432945888117
2024-08-05,Furniture,North,3470.88,622.04,0.31,2854,2024-08,17.921679804545242
2025-07-09,Electronics,North,1115.21,130.35,0.32,6654,2025-07,11.688381560423597
2024-07-23,Office Supplies,North,4675.3,886.69,0.15,5465,2024-07,18.965413984129363
2024-01-15,Electronics,West,2231.62,339.66,0.23,3156,2024-01,15.220333210851312
2024-06-22,Electronics,East,2296.19,407.49,0.12,8149,2024-06,17.74635374250389
2024-09-02,Clothing,West,4508.73,489.97,0.16,4074,2024-09,10.867139970679105
2025-10-08,Office Supplies,West,1216.84,200.05,0.26,1058,2025-10,16.440123598829757
2024-09-22,Clothing,West,896.81,20.88,0.35,6963,2024-09,2.328252361146731
2025-11-25,Furniture,North,1204.86,242.19,0.1,6166,2025-11,20.101090583138294
2024-12-11,Electronics,North,1073.76,191.83,0.14,2344,2024-12,17.86525853077038
2025-08-09,Electronics,West,2872.12,160.86,0.31,5549,2025-08,5.6007409161177115
2025-09-14,Office Supplies,East,4319.37,866.11,0.14,5853,2025-09,20.051766808585512
2025-05-21,Home,West,1355.17,163.73,0.1,3115,2025-05,12.081879026247629
2024-10-24,Electronics,East,2781.44,444.32,0.24,1704,2024-10,15.974459272894615
2024-01-18,Office Supplies,North,863.14,129.25,0.26,5203,2024-01,14.974395810644856
2025-09-10,Home,East,3190.37,421.46,0.3,4400,2025-09,13.210379987274203
2024-06-16,Furniture,South,613.79,89.5,0.23,4675,2024-06,14.581534401016635
2025-05-02,Clothing,East,2092.28,185.5,0.28,6507,2025-05,8.865926166669851
2024-01-02,Office Supplies,North,2758.82,365.92,0.31,6833,2024-01,13.263641701887039
2025-07-24,Furniture,West,1007.58,56.5,0.21,6696,2025-07,5.607495186486433
2024-09-01,Home,West,3369.24,252.46,0.15,5722,2024-09,7.493084493832438
2024-02-25,Home,East,494.21,55.75,0.28,6129,2024-02,11.280629691831408
2025-12-30,Clothing,East,2349.92,305.86,0.07,3463,2025-12,13.01576223871451
2024-09-21,Furniture,East,1258.82,278.36,0.21,3824,2024-09,22.112772278800787
2024-04-27,Furniture,North,4810.83,816.06,0.33,8913,2024-04,16.962977282506344
2024-12-02,Clothing,North,1501.36,293.39,0.3,4527,2024-12,19.54161560185432
2024-05-22,Clothing,South,3354.77,617.28,0.03,4952,2024-05,18.400069155262504
2025-01-13,Electronics,South,572.41,134.65,0.19,6938,2025-01,23.523348648695865
2024-10-17,Home,North,196.61,10.87,0.28,1481,2024-10,5.5287116626824675
2024-07-03,Electronics,West,3647.91,142.2,0.28,8653,2024-07,3.898122486574504
2025-05-03,Furniture,West,1217.35,259.08,0.04,6572,2025-05,21.282293506386825
2025-12-17,Electronics,North,1342.67,291.6,0.09,4710,2025-12,21.71792026335585
2025-05-24,Furniture,North,598.67,133.96,0.17,1119,2025-05,22.376267392720532
2024-08-03,Furniture,South,2108.04,500.5,0.05,8548,2024-08,23.742433729910246
2024-06-10,Clothing,South,603.52,144.6,0.04,4070,2024-06,23.959437963944858
2025-11-17,Office Supplies,North,1173.62,197.18,0.4,7523,2025-11,16.801008844430058
2025-02-02,Office Supplies,East,1939.37,278.92,0.01,2491,2025-02,14.381990027689406
2024-08-28,Office Supplies,North,1037.56,200.43,0.12,1826,2024-08,19.317437063880643
2024-01-17,Electronics,West,4526.64,1133.69,0.06,1553,2024-01,25.044845625011046
2024-06-22,Electronics,South,2888.59,436.86,0.37,3180,2024-06,15.123641638307964
2025-03-24,Clothing,East,2867.2,430.69,0.2,7599,2025-03,15.021275111607144
2025-06-24,Furniture,West,3106.56,10.01,0.37,4562,2025-06,0.3222213638236506
2025-06-16,Electronics,North,3802.6,233.04,0.32,7939,2025-06,6.128438436858992
2025-09-07,Office Supplies,West,1441.5,229.61,0.33,3987,2025-09,15.92854665279223
2025-09-11,Office Supplies,West,1135.28,95.18,0.3,3419,2025-09,8.383834824889016
2024-04-17,Clothing,South,4428.15,126.6,0.28,1560,2024-04,2.8589817418109145
2024-12-13,Home,West,574.77,72.89,0.29,2354,2024-12,12.68159437688119
2025-08-30,Home,East,1155.76,237.38,0.26,3357,2025-08,20.53886620059528
2025-12-09,Office Supplies,North,4055.94,503.16,0.31,3839,2025-12,12.405508957233096
2024-11-13,Office Supplies,West,1671.23,160.55,0.34,4517,2024-11,9.606696863986405
2025-03-19,Furniture,North,3595.86,451.27,0.03,7352,2025-03,12.549709944213621
2024-07-19,Furniture,East,4930.38,363.84,0.26,1159,2024-07,7.3795528945030595
2024-04-10,Office Supplies,East,1636.15,286.55,0.32,4139,2024-04,17.513675396510102
2024-07-25,Office Supplies,North,2938.92,682.07,0.12,1917,2024-07,23.208185319777332
2025-02-13,Furniture,West,1002.05,222.58,0.06,7066,2025-02,22.212464447881842
2024-07-27,Home,South,4787.57,849.76,0.26,4738,2024-07,17.74929661602859
2024-11-01,Furniture,West,3931.46,456.67,0.23,2361,2024-11,11.615786501706745
2025-02-11,Office Supplies,West,3925.66,807.49,0.26,7276,2025-02,20.569534804338634
2025-11-29,Clothing,West,2693.17,555.92,0.2,3126,2025-11,20.641845854513452
2024-05-23,Electronics,East,2911.5,146.46,0.39,8672,2024-05,5.030396702730552
2024-02-01,Clothing,West,3917.46,518.78,0.36,1204,2024-02,13.2427644443083
2025-09-29,Office Supplies,West,3714.9,779.9,0.34,4791,2025-09,20.99383563487577
2025-07-03,Home,West,4237.52,798.75,0.04,3543,2025-07,18.849468557080552
2025-08-08,Clothing,West,333.56,64.14,0.16,7576,2025-08,19.22892433145461
2024-11-21,Furniture,South,540.11,99.5,0.11,4732,2024-11,18.42217326100239
2024-06-09,Furniture,West,4582.6,520.52,0.29,4273,2024-06,11.358617378780604
2024-01-16,Office Supplies,East,4266.89,465.15,0.04,7235,2024-01,10.901382505759463
2025-08-08,Clothing,West,4037.22,739.9,0.14,8328,2025-08,18.326967566791012
2024-05-14,Electronics,South,2031.62,214.33,0.14,4643,2024-05,10.549709099142557
2025-08-20,Home,South,1932.56,409.47,0.29,2761,2025-08,21.18795794179741
2025-05-16,Clothing,North,2303.64,393.57,0.27,5185,2025-05,17.084700734489765
2024-06-26,Electronics,East,680.89,102.35,0.35,6771,2024-06,15.031796619130844
2025-03-29,Home,North,448.18,99.58,0.21,2361,2025-03,22.218751394528983
2025-10-01,Electronics,West,710.49,24.1,0.26,8669,2025-10,3.392025222029867
2024-03-15,Home,East,3230.29,175.38,0.08,5201,2024-03,5.429233907791561
2024-09-07,Clothing,East,424.21,84.52,0.32,1241,2024-09,19.924094198628037
2024-03-16,Clothing,North,1905.22,408.85,0.13,4811,2024-03,21.459463998908262
2024-05-03,Office Supplies,West,2742.15,440.45,0.29,2626,2024-05,16.06221395620225
2025-09-13,Office Supplies,West,4448.92,960.2,0.02,2320,2025-09,21.582766154482435
2024-09-21,Furniture,North,4801.84,919.3,0.01,1268,2024-09,19.144744514602735
2024-07-11,Furniture,South,4887.04,283.87,0.33,6000,2024-07,5.808628535882661
2025-09-06,Electronics,West,569.32,133.84,0.01,7741,2025-09,23.508747277453804
2024-06-22,Clothing,South,4897.11,412.77,0.11,8587,2024-06,8.428848851669658
2024-08-27,Furniture,West,2512.01,241.47,0.11,1358,2024-08,9.612620968865569
2025-01-04,Electronics,West,4188.13,804.18,0.2,3960,2025-01,19.201409698361797
2025-06-12,Electronics,North,4037.39,418.11,0.12,1554,2025-06,10.3559477781438
2024-06-18,Electronics,North,4850.78,756.31,0.3,7311,2024-06,15.591513117478014
2025-04-05,Home,East,1905.26,170.94,0.34,2239,2025-04,8.972003821000808
2025-03-10,Office Supplies,South,2087.35,158.91,0.19,4315,2025-03,7.613002131889717
2025-11-19,Furniture,East,4012.05,807.24,0.32,8404,2025-11,20.12038733315886
2024-05-16,Home,East,2519.06,124.27,0.11,2952,2024-05,4.933189364286679
2024-03-30,Clothing,East,3996.89,824.61,0.28,5188,2024-03,20.631290828619253
2025-11-07,Furniture,West,1994.26,71.73,0.33,7152,2025-11,3.5968228816703944
2024-02-07,Office Supplies,South,1238.73,87.41,0.32,5819,2024-02,7.056420688931405
2025-02-12,Home,East,2081.16,424.62,0.09,1826,2025-02,20.403044455976477
2024-10-11,Office Supplies,North,4492.47,5.34,0.37,5103,2024-10,0.11886556838442994
2025-01-26,Furniture,North,3595.03,541.47,0.34,8650,2025-01,15.06162674581297
2025-11-13,Clothing,East,1023.7,224.16,0.18,6199,2025-11,21.897040148480997
2024-07-17,Furniture,South,3274.33,597.17,0.37,8772,2024-07,18.237929591702727
2024-11-21,Furniture,South,2468.41,505.47,0.07,5476,2024-11,20.477554377109154
2025-08-18,Clothing,West,4658.16,299.06,0.05,3448,2025-08,6.420131554090028
2024-06-13,Office Supplies,West,4335.33,814.34,0.1,7673,2024-06,18.783806538371937
2025-04-07,Home,South,4483.92,140.6,0.28,1612,2025-04,3.1356491641242483
2025-04-17,Office Supplies,North,4174.49,936.78,0.03,7030,2025-04,22.440585556559007
2024-09-10,Clothing,West,193.14,13.75,0.08,1042,2024-09,7.119188153670914
2025-08-24,Office Supplies,East,1574.02,340.15,0.25,4519,2025-08,21.61027178816025
2024-10-13,Office Supplies,South,3489.0,723.9,0.1,6252,2024-10,20.748065348237315
2024-09-26,Electronics,South,450.0,99.75,0.17,1844,2024-09,22.166666666666668
2025-05-24,Office Supplies,West,2228.74,172.11,0.18,6931,2025-05,7.7223004926550445
2024-05-30,Furniture,North,155.21,33.23,0.1,1171,2024-05,21.40970298305521
2025-04-24,Office Supplies,South,4645.47,988.83,0.13,5228,2025-04,21.285897874703743
2024-03-08,Furniture,South,2840.01,325.84,0.24,8535,2024-03,11.473199038031554
2025-08-03,Office Supplies,West,2181.26,387.27,0.01,4623,2025-08,17.75441717172643
2025-09-29,Electronics,East,2106.51,172.19,0.05,3611,2025-09,8.174183839620984
2024-09-16,Furniture,East,1667.22,129.11,0.02,8798,2024-09,7.744028982377851
2025-03-05,Furniture,South,3566.17,185.99,0.18,1866,2025-03,5.215399153713928
2024-09-25,Home,West,2804.96,175.99,0.21,1492,2024-09,6.274242769950374
2025-08-28,Furniture,East,3138.81,152.49,0.27,6693,2025-08,4.8582105957353265
2025-04-19,Electronics,East,3056.18,214.07,0.11,3163,2025-04,7.004495808492956
2025-03-27,Home,West,1257.86,251.48,0.25,8478,2025-03,19.992685990491786
2024-09-12,Furniture,West,2224.62,269.53,0.29,7834,2024-09,12.11577707653442
2024-10-01,Home,North,2854.62,411.4,0.13,4280,2024-10,14.411725553663885
2024-04-03,Furniture,South,960.9,138.55,0.07,5735,2024-04,14.418774065979811
2025-07-16,Home,South,1394.61,171.71,0.04,3264,2025-07,12.312402750589772
2024-07-19,Clothing,West,2079.84,346.45,0.34,1513,2024-07,16.65753134856527
2024-10-24,Furniture,East,369.68,75.96,0.1,8030,2024-10,20.547500541008436
2024-06-21,Furniture,North,1572.52,397.01,0.04,1969,2024-06,25.246737720346957
2024-05-10,Clothing,West,2824.9,561.36,0.33,4140,2024-05,19.871853870933485
2024-02-18,Electronics,East,3117.74,452.65,0.03,4505,2024-02,14.518529447612693
2024-09-11,Clothing,East,830.67,197.11,0.05,3952,2024-09,23.72903800546547
2024-02-10,Home,East,4318.88,841.56,0.02,2733,2024-02,19.485607379691032
2025-02-16,Clothing,East,3405.61,465.38,0.29,5758,2025-02,13.665099644410253
2025-07-11,Office Supplies,East,4144.61,417.88,0.35,5345,2025-07,10.082492683268148
2024-05-30,Clothing,North,526.01,109.51,0.07,7243,2024-05,20.818995836581056
2024-10-01,Office Supplies,West,587.09,71.26,0.28,2515,2024-10,12.137832359604149
2025-12-12,Office Supplies,North,1714.93,381.47,0.11,4644,2025-12,22.244056608724556
2024-08-03,Electronics,West,3021.45,432.19,0.33,6410,2024-08,14.304059309272038
2024-09-09,Clothing,North,4626.31,468.14,0.2,6878,2024-09,10.119079784969014
2024-12-26,Clothing,East,2052.45,91.4,0.24,4847,2024-12,4.4532144510219505
2025-08-02,Furniture,East,4506.74,604.68,0.33,4398,2025-08,13.417237293475992
2024-04-26,Clothing,West,2834.64,289.03,0.4,2378,2024-04,10.196356503824118
2024-09-04,Clothing,South,3253.85,412.49,0.35,7826,2024-09,12.676982651320746
2024-01-09,Furniture,South,700.6,48.51,0.02,1416,2024-01,6.924065087068226
2024-08-31,Clothing,East,4177.64,937.43,0.21,4116,2024-08,22.439224059516853
2025-03-18,Furniture,North,686.49,38.1,0.29,4804,2025-03,5.549971594633571
2024-11-13,Home,North,4924.68,996.83,0.02,8303,2024-11,20.241518230626152
2024-04-11,Clothing,North,544.31,105.37,0.06,8365,2024-04,19.3584538222704
2024-04-09,Electronics,East,2696.94,504.31,0.26,6496,2024-04,18.699340734313704
2025-12-27,Home,East,3315.65,724.13,0.23,5157,2025-12,21.839759926409602
2025-07-15,Office Supplies,North,1239.62,99.51,0.34,3525,2025-07,8.02746002807312
2025-08-13,Office Supplies,North,1841.41,402.68,0.12,6116,2025-08,21.868025046024513
2025-01-09,Office Supplies,South,3274.48,472.33,0.24,5256,2025-01,14.424580391390387
2025-12-29,Electronics,North,2952.32,370.95,0.3,1218,2025-12,12.564694884023412
2025-06-24,Office Supplies,South,974.97,189.73,0.18,7029,2025-06,19.460085951362604
2024-12-12,Home,East,4681.19,279.67,0.23,5633,2024-12,5.9743355856096425
2024-09-14,Furniture,East,2148.88,479.58,0.15,2267,2024-09,22.317672461933658
2025-09-08,Clothing,North,4670.28,617.6,0.11,3387,2025-09,13.224046523977151
2025-12-15,Furniture,North,3325.77,587.93,0.25,6969,2025-12,17.67801140788449
2025-01-21,Home,West,4774.05,1243.5,0.08,5522,2025-01,26.04706695572941
2024-03-07,Furniture,West,4952.66,868.98,0.17,2890,2024-03,17.545722904459424
2025-05-01,Office Supplies,West,4436.42,646.19,0.03,8089,2025-05,14.565573142308438
2024-11-22,Home,East,3111.83,188.33,0.18,3209,2024-11,6.052065826218014
2024-09-12,Office Supplies,West,4557.35,378.79,0.14,1722,2024-09,8.311628468298462
2024-04-28,Furniture,West,2495.94,518.92,0.18,8502,2024-04,20.790563875734193
2025-07-11,Furniture,South,502.64,67.99,0.08,8360,2025-07,13.526579659398378
2024-11-18,Furniture,North,2254.93,468.86,0.27,3134,2024-11,20.792663186883853
2025-02-14,Furniture,North,2172.6,165.45,0.1,6098,2025-02,7.615299640983153
2025-04-08,Home,West,3358.0,33.24,0.36,6826,2025-04,0.9898749255509232
2025-10-15,Office Supplies,South,3675.89,646.61,0.22,5467,2025-10,17.59056990279905
2025-09-11,Clothing,South,2495.07,280.31,0.12,2405,2025-09,11.234554541555948
2025-09-12,Furniture,North,643.81,126.84,0.34,2653,2025-09,19.70146471785154
2025-05-20,Home,South,1885.64,67.19,0.18,2775,2025-05,3.563246430920006
2025-11-19,Electronics,East,627.54,77.47,0.4,5332,2025-11,12.345029798897283
2025-02-10,Home,East,151.71,24.49,0.07,2922,2025-02,16.14264056423439
2024-05-11,Office Supplies,West,4737.24,505.39,0.02,5958,2024-05,10.668448294787684
2024-12-25,Office Supplies,North,1663.42,447.68,0.04,7034,2024-12,26.913226966130022
2025-09-09,Electronics,South,4371.67,651.82,0.03,4583,2025-09,14.910091566838302
2025-05-30,Clothing,East,883.32,5.33,0.32,3811,2025-05,0.6034053344201422
2024-10-19,Home,South,743.99,87.24,0.15,8447,2024-10,11.725964058656702
2025-01-30,Electronics,East,3839.14,352.94,0.19,5321,2025-01,9.19320472814224
2024-03-18,Office Supplies,South,1018.22,206.07,0.32,1197,2024-03,20.238258922433264
2025-08-01,Furniture,South,2476.05,204.58,0.17,6294,2025-08,8.262353345045536
2025-06-09,Office Supplies,East,1454.72,399.56,0.02,5392,2025-06,27.46645402551694
2024-08-24,Office Supplies,East,3031.62,203.07,0.38,5932,2024-08,6.698398875848556
2025-07-27,Clothing,South,1597.25,269.78,0.31,6979,2025-07,16.890280169040537
2025-09-11,Home,South,4978.9,1052.73,0.23,4230,2025-09,21.143826949727853
2025-08-08,Clothing,West,4597.34,398.08,0.18,1484,2025-08,8.658920158178423
2024-11-24,Clothing,West,1874.05,247.49,0.12,2670,2024-11,13.206157786611882
2025-04-08,Furniture,North,4047.91,97.09,0.36,5877,2025-04,2.3985217062632325
2025-01-08,Clothing,South,3674.39,463.84,0.25,3525,2025-01,12.623591943152467
2025-03-21,Home,North,3050.01,648.78,0.11,6411,2025-03,21.2714056675224
2025-08-05,Electronics,West,1455.13,98.0,0.37,5018,2025-08,6.73479345488032
2024-03-17,Home,South,4398.77,747.48,0.13,5319,2024-03,16.992932115113994
2024-09-17,Clothing,West,4857.46,445.43,0.36,3545,2024-09,9.170018898766022
2024-05-30,Office Supplies,West,803.83,48.45,0.13,6180,2024-05,6.027393851933867
2025-09-07,Electronics,West,3232.58,113.19,0.31,5239,2025-09,3.5015374716170986
2024-03-06,Office Supplies,South,1730.33,139.84,0.31,8942,2024-03,8.081695399143516
2025-05-26,Office Supplies,West,1315.43,283.66,0.1,7546,2025-05,21.56405129881484
2025-05-01,Clothing,North,717.88,55.39,0.39,4888,2025-05,7.715774224104307
2024-02-07,Clothing,South,3556.48,544.57,0.06,7387,2024-02,15.312050116969589
2025-10-09,Furniture,South,1570.02,216.85,0.14,3280,2025-10,13.81192596272659
2024-05-31,Office Supplies,North,4411.05,84.88,0.27,1236,2024-05,1.9242583965269038
2025-06-04,Furniture,South,2339.91,102.65,0.33,2942,2025-06,4.386920864477694
2024-08-11,Clothing,East,277.69,57.19,0.01,1924,2024-08,20.594907990925133
2024-06-24,Home,West,1115.05,221.78,0.04,4520,2024-06,19.88969104524461
2024-02-23,Furniture,North,1336.42,330.02,0.13,6753,2024-02,24.69433261998473
2024-09-20,Electronics,East,2358.83,277.25,0.37,3082,2024-09,11.753708406286167
2024-07-31,Furniture,North,473.64,2.19,0.37,5582,2024-07,0.46237648847225743
2025-11-17,Home,North,1435.93,222.49,0.26,5267,2025-11,15.494487892863859
2024-03-04,Office Supplies,South,3040.09,305.08,0.07,8025,2024-03,10.03522922018756
2025-04-16,Office Supplies,South,484.91,41.89,0.24,8949,2025-04,8.638716462848777
2024-11-23,Office Supplies,North,3620.29,325.75,0.32,6889,2024-11,8.997897958450842
2025-11-12,Electronics,North,3074.16,815.71,0.03,5671,2025-11,26.53440289379863
2025-09-13,Clothing,South,3344.44,254.13,0.04,1129,2025-09,7.598581526354188
2024-03-23,Home,South,2696.4,267.59,0.24,4636,2024-03,9.923972704346534
2024-06-21,Clothing,South,3688.62,682.35,0.17,5124,2024-06,18.498788164679475
2024-11-26,Furniture,West,1901.61,405.58,0.17,5731,2024-11,21.32824290995525
2024-12-26,Clothing,West,1665.6,177.62,0.2,6130,2024-12,10.66402497598463
2025-12-14,Office Supplies,East,3349.01,629.7,0.25,7558,2025-12,18.802571506206313
2025-11-19,Electronics,West,2800.0,183.65,0.09,4950,2025-11,6.558928571428571
2025-08-30,Furniture,North,827.75,112.49,0.17,6147,2025-08,13.58985200845666
2025-08-11,Clothing,South,4151.42,713.59,0.22,8783,2025-08,17.189058201771925
2024-05-09,Office Supplies,East,3549.21,506.29,0.3,3146,2024-05,14.264864575497082
2024-05-27,Clothing,North,2897.12,564.89,0.38,2678,2024-05,19.49832937537969
2025-02-14,Electronics,North,1510.12,54.22,0.37,1863,2025-02,3.5904431435912385
2025-09-10,Home,South,1367.94,125.17,0.18,2860,2025-09,9.150255128148896
2024-05-06,Electronics,South,1915.39,86.8,0.21,6644,2024-05,4.531714167871817
2025-07-29,Clothing,South,2253.15,191.46,0.18,7793,2025-07,8.497436921643033
2024-02-14,Electronics,West,3846.85,830.76,0.19,8144,2024-02,21.59585115094168
2024-03-22,Home,South,2867.05,402.58,0.08,6178,2024-03,14.04161071484627
2025-12-07,Furniture,West,3555.08,477.96,0.3,6727,2025-12,13.444423191601876
2024-07-01,Electronics,East,880.92,153.15,0.11,8423,2024-07,17.3852336193979
2025-02-07,Office Supplies,East,3894.7,186.82,0.26,2505,2025-02,4.796775104629368
2025-12-06,Furniture,West,1516.0,278.47,0.32,3559,2025-12,18.36873350923483
2024-01-27,Electronics,South,1716.74,108.24,0.22,5299,2024-01,6.304973379777951
2025-04-28,Clothing,North,3922.94,625.74,0.04,2160,2025-04,15.950792008034789
2025-04-01,Furniture,North,2480.7,66.13,0.28,7532,2025-04,2.665779820212037
2024-05-30,Home,South,3967.93,-11.52,0.38,4811,2024-05,-0.29032770235362015
2025-12-17,Furniture,West,763.63,53.2,0.39,2976,2025-12,6.966724722706023
2025-08-07,Office Supplies,West,640.82,132.73,0.21,4863,2025-08,20.712524577884583
2025-05-06,Home,South,1058.72,217.47,0.0,7714,2025-05,20.540841771195407
2024-10-09,Office Supplies,East,760.89,39.72,0.26,5802,2024-10,5.220202657414344
2025-06-25,Home,South,3685.26,551.7,0.19,8495,2025-06,14.970449846143827
2024-03-04,Furniture,East,4791.74,98.7,0.4,5722,2024-03,2.0597945631440773
2024-06-10,Electronics,East,1670.38,277.28,0.31,5017,2024-06,16.599815610819093
2024-06-12,Office Supplies,West,4273.43,1100.52,0.09,5320,2024-06,25.752615580458787
2025-07-01,Furniture,West,1623.21,341.74,0.17,6799,2025-07,21.053344915322107
2024-02-14,Clothing,North,216.51,45.04,0.02,8812,2024-02,20.802734284790542
2024-09-20,Clothing,East,4463.04,353.34,0.04,5877,2024-09,7.917025166702516
2025-07-31,Furniture,West,4384.44,580.37,0.13,7448,2025-07,13.237038253459964
2025-03-22,Clothing,South,4500.91,677.92,0.04,1533,2025-03,15.061843049516652
2025-09-20,Clothing,North,3502.2,205.53,0.23,3668,2025-09,5.8685968819599115
2024-10-12,Furniture,West,1126.01,235.22,0.26,5684,2024-10,20.889690144847737
2025-08-07,Clothing,West,3465.93,284.55,0.16,2844,2025-08,8.20991768443102
2025-07-21,Office Supplies,West,1040.44,155.01,0.3,3533,2025-07,14.898504478874322
2025-01-22,Office Supplies,West,961.63,34.05,0.21,8967,2025-01,3.5408629098509823
2025-12-03,Office Supplies,West,4240.37,993.69,0.16,5578,2025-12,23.434039954060616
2025-10-14,Electronics,West,1866.6,354.47,0.17,1081,2025-10,18.99014250508947
2024-04-19,Furniture,East,443.24,26.36,0.35,2140,2024-04,5.947116686219655
2025-09-02,Home,West,1436.77,35.29,0.34,4755,2025-09,2.4562038461270768
2025-01-01,Electronics,South,3577.54,235.23,0.06,6682,2025-01,6.575188537374845
2024-04-29,Home,East,3400.07,515.15,0.14,8737,2024-04,15.151158652615972
2025-07-04,Clothing,South,4533.05,670.2,0.09,6715,2025-07,14.784747576135274
2024-09-05,Furniture,East,1064.86,50.99,0.22,7394,2024-09,4.788422891272093
2024-09-27,Home,East,4077.98,987.37,0.02,7479,2024-09,24.212232526888315
2025-10-25,Home,North,780.18,147.76,0.07,6168,2025-10,18.939219154554078
2024-03-25,Office Supplies,South,2651.8,129.45,0.23,8868,2024-03,4.88158986348895
2024-02-14,Furniture,North,1455.29,202.89,0.17,8997,2024-02,13.941551168495625
2025-04-19,Electronics,East,3959.59,376.05,0.34,5052,2025-04,9.497195416697183
2024-11-29,Clothing,South,1860.76,360.94,0.28,2771,2024-11,19.3974505040951
2024-03-15,Furniture,East,4272.86,781.64,0.31,6605,2024-03,18.293133872862676
2025-01-30,Office Supplies,East,3705.27,185.33,0.35,3065,2025-01,5.00179474100403
2024-04-13,Office Supplies,North,2491.37,186.29,0.29,7079,2024-04,7.477412026314839
2024-06-01,Office Supplies,West,3779.78,508.61,0.03,5742,2024-06,13.456074163046527
2025-05-28,Home,South,555.19,35.77,0.1,2375,2025-05,6.4428393883175135
2024-01-04,Clothing,East,1949.92,52.16,0.27,2434,2024-01,2.674981537704111
2025-03-17,Clothing,West,1051.72,101.41,0.08,1975,2025-03,9.642300232000913
2024-02-02,Clothing,South,2531.95,140.37,0.2,7855,2024-02,5.54394834021209
2024-09-10,Office Supplies,South,1646.96,343.17,0.09,2642,2024-09,20.836571622868803
2025-12-21,Furniture,North,406.1,15.87,0.27,7160,2025-12,3.9079044570302877
2024-01-29,Home,South,2203.81,409.67,0.31,3998,2024-01,18.589170572780777
2024-06-30,Furniture,South,3762.72,779.43,0.08,7239,2024-06,20.7145362928945
2024-11-30,Office Supplies,South,656.36,14.44,0.31,1099,2024-11,2.2000121884331767
2025-09-28,Electronics,West,3794.18,122.98,0.28,8115,2025-09,3.2412800657849656
2025-10-28,Electronics,South,4696.03,359.48,0.29,8845,2025-10,7.654976650489882
2025-08-26,Furniture,North,2029.71,463.36,0.25,3525,2025-08,22.828877031694184
2025-08-05,Office Supplies,North,966.03,151.72,0.1,2072,2025-08,15.705516391830482
2025-09-01,Clothing,East,3844.07,716.55,0.34,3975,2025-09,18.640399368377786
2024-12-30,Office Supplies,West,2251.55,347.84,0.11,2211,2024-12,15.448912971064377
2024-07-17,Office Supplies,South,2000.79,134.53,0.16,4261,2024-07,6.723844081587774
2024-07-14,Furniture,North,4908.85,1171.67,0.06,7269,2024-07,23.868523177526306
2024-05-27,Office Supplies,East,2176.6,370.14,0.16,1541,2024-05,17.005421299274097
2025-12-02,Furniture,North,2739.15,582.48,0.29,1856,2025-12,21.264990964350254
2024-02-22,Clothing,North,1217.99,144.06,0.32,6706,2024-02,11.827683314312926
2025-04-28,Electronics,South,1991.0,28.19,0.35,2590,2025-04,1.4158714213962833
2024-01-09,Electronics,South,4975.02,747.83,0.37,1215,2024-01,15.031698365031698
2024-04-30,Electronics,South,2562.55,133.97,0.29,3425,2024-04,5.227995551306316
2024-11-11,Clothing,East,1871.05,405.02,0.31,7064,2024-11,21.6466689826568
2024-11-14,Electronics,East,611.78,139.62,0.17,8152,2024-11,22.821929451763708
2024-04-29,Home,East,4176.05,346.66,0.27,8187,2024-04,8.301145819614229
2024-08-12,Electronics,East,553.54,26.21,0.29,1937,2024-08,4.7349785020052755
2025-02-26,Electronics,North,655.62,24.74,0.36,8305,2025-02,3.773527348158994
2025-08-29,Electronics,East,2293.06,523.19,0.21,6862,2025-08,22.816236818923187
2024-09-27,Office Supplies,West,1016.15,159.13,0.24,4840,2024-09,15.660089553707621
2025-02-17,Home,East,2321.06,305.76,0.3,1643,2025-02,13.173291513360274
2025-03-23,Office Supplies,North,3156.73,633.18,0.39,6185,2025-03,20.05809809518077
2024-02-02,Clothing,West,3543.27,817.99,0.23,4368,2024-02,23.085737186271437
2024-11-18,Electronics,South,1370.05,115.18,0.32,8339,2024-11,8.406992445531186
2025-04-14,Home,West,473.73,37.22,0.37,3908,2025-04,7.856796065269246
2025-01-04,Furniture,East,1161.11,129.42,0.13,6155,2025-01,11.146230761943313
2024-04-01,Clothing,South,4242.55,1052.97,0.13,5341,2024-04,24.81927142873979
2024-11-06,Electronics,North,450.0,82.97,0.24,8617,2024-11,18.43777777777778
2025-02-21,Home,North,406.34,68.25,0.31,2172,2025-02,16.796278978195602
2025-06-05,Clothing,North,2488.17,474.72,0.33,5391,2025-06,19.079082217051084
2024-05-27,Home,East,1133.84,98.25,0.39,5619,2024-05,8.665243773371904
2024-02-18,Furniture,East,789.45,129.09,0.37,3923,2024-02,16.3518905567167
2024-01-22,Clothing,South,1047.94,198.11,0.34,5747,2024-01,18.904708284825468
2024-03-08,Furniture,East,2634.89,457.33,0.11,7585,2024-03,17.35670179779801
2025-05-17,Furniture,East,2019.89,544.99,0.01,3324,2025-05,26.981172242052786
2025-01-31,Office Supplies,West,806.86,86.84,0.28,2011,2025-01,10.762709763775625
2024-05-01,Electronics,East,3644.32,320.33,0.29,1267,2024-05,8.789842823901303
2025-09-18,Office Supplies,West,3364.16,302.81,0.07,5078,2025-09,9.001058213640254
2025-02-12,Furniture,South,3223.33,829.88,0.02,8104,2025-02,25.746045238929927
2024-12-27,Office Supplies,East,2573.96,275.87,0.29,7526,2024-12,10.717726771200796
2024-01-31,Clothing,East,2709.56,268.41,0.1,8209,2024-01,9.90603640443467
2025-04-07,Furniture,South,4827.48,1282.66,0.04,3615,2025-04,26.569970253631297
2025-02-07,Furniture,East,3096.14,280.76,0.2,3522,2025-02,9.068065397559542
2024-09-07,Home,West,3256.63,148.62,0.26,7852,2024-09,4.563613305779287
2024-09-01,Office Supplies,North,1156.14,84.81,0.05,2990,2024-09,7.335616793813897
2025-11-12,Furniture,West,2562.97,611.59,0.11,8946,2025-11,23.86255008837404
2024-12-14,Office Supplies,East,3397.58,804.35,0.08,3248,2024-12,23.674203403599034
2025-09-08,Home,North,2809.2,202.02,0.23,3130,2025-09,7.191371208885093
2024-05-18,Electronics,North,173.7,14.59,0.28,8200,2024-05,8.399539435808865
2025-02-17,Office Supplies,South,4984.23,328.38,0.08,7880,2025-02,6.588379749730651
2024-12-30,Home,West,2488.6,148.32,0.06,8931,2024-12,5.959977497388089
2025-05-18,Home,East,1587.69,154.71,0.08,1791,2025-05,9.7443455586418
2025-10-06,Clothing,North,2442.18,490.63,0.16,1622,2025-10,20.089837767895897
2024-09-08,Clothing,North,1918.96,282.87,0.32,8119,2024-09,14.740797098428315
2025-05-30,Clothing,East,3062.07,560.51,0.22,3074,2025-05,18.304937509593184
2024-01-08,Office Supplies,West,857.13,89.99,0.13,1585,2024-01,10.498990818195605
2024-05-10,Office Supplies,West,4199.47,1082.3,0.01,1181,2024-05,25.772299837836677
2025-01-25,Electronics,North,2129.34,412.07,0.0,1549,2025-01,19.35200578583035
2025-10-20,Home,North,667.58,19.48,0.27,4086,2025-10,2.918002336798586
2025-11-03,Electronics,South,309.28,49.26,0.09,4331,2025-11,15.92731505431971
2024-10-15,Furniture,East,734.55,31.33,0.37,2834,2024-10,4.26519637873528
2025-06-03,Furniture,South,2335.09,366.93,0.29,7101,2025-06,15.713741226248237
2025-10-21,Home,East,639.22,132.31,0.33,2510,2025-10,20.698663996746035
2024-07-24,Electronics,South,2129.75,413.57,0.37,7277,2024-07,19.418711116328208
2024-08-27,Home,South,1902.28,509.87,0.03,3278,2024-08,26.803099438568456
2025-02-03,Home,South,4193.77,269.31,0.23,8016,2025-02,6.421668331835079
2025-06-11,Home,East,2020.89,201.01,0.27,5178,2025-06,9.946607682753637
2025-05-04,Clothing,West,4243.13,239.68,0.11,2420,2025-05,5.648660305010688
2025-06-04,Office Supplies,West,650.36,103.73,0.19,4010,2025-06,15.949627898394736
2024-02-29,Office Supplies,West,1618.47,273.11,0.38,7650,2024-02,16.87457907777098
2025-11-12,Office Supplies,West,928.18,119.97,0.14,6249,2025-11,12.92529466267319
2024-05-18,Furniture,East,2661.38,423.89,0.18,4270,2024-05,15.927451171948388
2025-04-12,Electronics,West,1249.05,164.24,0.03,4470,2025-04,13.149193386974101
2025-09-13,Furniture,South,1264.44,305.48,0.18,2341,2025-09,24.159311632026824
2025-04-01,Office Supplies,East,1037.58,120.48,0.1,3993,2025-04,11.611634765512058
2025-06-29,Electronics,East,3611.0,463.44,0.36,1729,2025-06,12.834117972860703
2024-08-05,Electronics,West,4374.24,829.6,0.4,2507,2024-08,18.96558030652182
2024-10-30,Furniture,South,4454.15,485.77,0.19,7177,2024-10,10.90600900284005
2024-07-30,Office Supplies,West,4416.53,905.26,0.25,7386,2024-07,20.497087079675673
2024-07-07,Office Supplies,West,4008.77,671.8,0.04,6717,2024-07,16.75825752038655
2024-02-28,Furniture,South,3520.69,353.04,0.29,7012,2024-02,10.027579821000996
2025-02-03,Furniture,South,1779.64,43.8,0.29,6236,2025-02,2.461171922411274
2025-12-06,Home,West,3908.08,978.63,0.0,8361,2025-12,25.041196700169905
2025-10-04,Home,East,920.39,158.53,0.1,5140,2025-10,17.224220167537673
2025-08-27,Electronics,East,3493.27,846.73,0.0,4909,2025-08,24.23889364406416
2024-04-20,Office Supplies,North,2990.42,636.48,0.15,6089,2024-04,21.283966800650074
2024-01-21,Electronics,South,1304.37,181.52,0.29,3775,2024-01,13.91629675628848
2025-03-27,Furniture,South,3122.19,378.09,0.27,4473,2025-03,12.109769104378657
2024-03-07,Office Supplies,South,3941.98,58.87,0.37,8594,2024-03,1.493411940192492
2024-12-14,Electronics,North,4555.94,99.17,0.26,7309,2024-12,2.1767187451985763
2024-02-01,Electronics,East,2409.06,163.84,0.37,5432,2024-02,6.800992918399708
2024-03-03,Office Supplies,East,3516.59,450.91,0.24,2092,2024-03,12.822364847764453
2025-02-20,Clothing,South,1308.76,319.19,0.03,5344,2025-02,24.38873437452245
2025-02-19,Home,East,3313.97,657.91,0.1,2468,2025-02,19.85262389218973
2024-07-28,Home,East,4635.45,271.21,0.22,7599,2024-07,5.850780398882525
2025-06-10,Clothing,South,3157.55,557.28,0.14,2748,2025-06,17.649126696331013
2024-03-30,Clothing,North,4462.33,641.42,0.15,6496,2024-03,14.37410500792187
2024-11-02,Furniture,East,1467.67,94.16,0.16,4262,2024-11,6.4156111387437225
2025-08-02,Clothing,North,1851.39,97.51,0.24,5902,2025-08,5.266853553276187
2024-08-08,Clothing,South,633.11,85.83,0.19,8393,2024-08,13.556885849220516
2025-05-25,Clothing,East,989.34,87.05,0.26,1095,2025-05,8.79879515636687
2024-11-11,Office Supplies,South,2770.81,322.69,0.15,3630,2024-11,11.646052959242965
2025-07-01,Office Supplies,North,1609.51,122.93,0.15,1847,2025-07,7.637728252698027
2024-02-29,Home,East,3794.19,582.38,0.17,7679,2024-02,15.34925768082252
2025-01-03,Furniture,West,3676.45,781.79,0.22,4702,2025-01,21.264807082919663
2025-02-16,Electronics,West,4488.25,694.92,0.09,2586,2025-02,15.48309474739598
2025-01-01,Furniture,North,1623.94,199.75,0.23,8847,2025-01,12.300331293028067
2024-08-03,Furniture,North,1395.19,207.9,0.04,1281,2024-08,14.901196252840116
2024-08-13,Furniture,South,3206.9,375.27,0.06,2257,2024-08,11.701955159188
2025-10-31,Electronics,North,4330.16,780.64,0.06,7954,2025-10,18.02797125279435
2024-08-03,Furniture,South,4659.09,394.29,0.23,4386,2024-08,8.462811407377837
2025-02-16,Electronics,South,4862.91,418.1,0.38,2550,2025-02,8.597732633340943
2025-03-08,Home,South,321.74,12.71,0.26,3815,2025-03,3.9503947286628955
2024-03-04,Clothing,North,2576.38,298.32,0.32,1158,2024-03,11.579037253821252
2025-09-04,Clothing,West,1350.3,17.14,0.37,1665,2025-09,1.269347552395764
2025-10-18,Furniture,North,791.74,174.38,0.23,3021,2025-10,22.02490716649405
2025-01-17,Office Supplies,East,410.41,87.13,0.1,7190,2025-01,21.229989522672447
2024-12-28,Office Supplies,East,312.92,77.03,0.07,3370,2024-12,24.616515403297967
2025-11-13,Home,South,4157.16,481.11,0.0,4218,2025-11,11.573045059608003
2024-12-10,Furniture,East,3162.15,91.23,0.28,2054,2024-12,2.8850623784450455
2024-02-07,Furniture,North,1996.49,94.37,0.28,5578,2024-02,4.726795526148391
2025-03-01,Electronics,North,1191.73,188.01,0.3,4490,2025-03,15.776224480377266
2025-04-08,Electronics,West,699.53,150.42,0.19,5115,2025-04,21.503009163295356
2024-12-26,Clothing,East,2062.8,350.31,0.27,7393,2024-12,16.982257126236185
2024-06-10,Furniture,North,2486.81,500.62,0.04,5990,2024-06,20.13101121517124
2024-04-20,Electronics,West,3861.88,431.77,0.23,3993,2024-04,11.18030596497043
2024-12-11,Clothing,West,4987.59,-34.83,0.4,3338,2024-12,-0.698333263159161
2025-09-03,Clothing,South,2853.53,751.78,0.08,1115,2025-09,26.34561402893959
2024-03-11,Electronics,South,1334.4,67.07,0.14,7940,2024-03,5.02622901678657
2025-10-12,Clothing,East,4118.57,959.2,0.04,6205,2025-10,23.289636937092244
2025-07-25,Electronics,South,3663.36,503.97,0.37,1713,2025-07,13.757042714884696
2025-08-13,Office Supplies,South,178.57,19.27,0.14,3888,2025-08,10.791286330290642
2025-02-06,Office Supplies,North,735.14,45.98,0.2,3697,2025-02,6.254590962265691
2025-07-16,Office Supplies,West,652.17,85.55,0.33,6671,2025-07,13.117745373138906
2024-03-12,Electronics,South,306.94,34.31,0.37,8966,2024-03,11.178080406594123
2025-05-28,Home,East,397.23,72.03,0.18,3814,2025-05,18.133071520277923
2025-08-06,Home,East,182.67,36.89,0.02,6556,2025-08,20.19488695461762
2024-07-23,Office Supplies,East,1986.5,441.21,0.23,7075,2024-07,22.210420337276616
2024-03-29,Electronics,West,191.72,49.64,0.0,4485,2024-03,25.891925725015646
2025-08-13,Clothing,East,4812.38,1045.98,0.13,5255,2025-08,21.73519131905627
2024-08-14,Electronics,North,717.51,63.85,0.39,3426,2024-08,8.898830678318074
2025-02-14,Electronics,North,983.32,136.71,0.35,3515,2025-02,13.902900378310216
2025-04-20,Clothing,North,4548.49,856.7,0.11,6409,2025-04,18.83482210579775
2025-06-17,Electronics,West,2535.14,156.09,0.08,6673,2025-06,6.157056415030334
2024-03-17,Electronics,South,1823.61,228.17,0.35,3198,2024-03,12.511995437620982
2024-07-17,Office Supplies,North,1809.9,142.38,0.14,1480,2024-07,7.866732968672302
2024-07-12,Furniture,East,2545.15,184.73,0.05,3150,2024-07,7.2581183820207045
2024-03-26,Home,South,565.2,76.89,0.29,3677,2024-03,13.604033970276008
2024-03-27,Office Supplies,West,3449.72,856.77,0.08,7674,2024-03,24.835928713054972
2025-08-28,Electronics,East,847.77,64.48,0.03,7017,2025-08,7.605836488670277
2024-09-27,Electronics,South,2771.33,415.53,0.29,1650,2024-09,14.993883803083719
2025-10-30,Home,North,1908.19,56.52,0.29,6743,2025-10,2.9619691959396075
2025-06-29,Office Supplies,South,233.52,16.26,0.05,3863,2025-06,6.96300102774923
2025-06-27,Electronics,West,1563.63,373.28,0.13,1496,2025-06,23.872655295690155
2025-01-13,Electronics,North,2364.66,189.42,0.27,3450,2025-01,8.010453934180813
2024-10-20,Home,West,1443.64,306.06,0.02,3305,2024-10,21.200576320966444
2025-02-27,Furniture,East,4213.54,1036.77,0.06,7565,2025-02,24.60567598741201
2024-10-31,Electronics,East,4861.24,595.36,0.22,3401,2024-10,12.247080991681136
2024-10-13,Clothing,West,2899.14,127.39,0.26,6762,2024-10,4.394061687258981
2025-05-16,Clothing,East,2208.92,411.29,0.04,7123,2025-05,18.619506365101497
2024-01-04,Clothing,East,4747.1,392.34,0.15,6232,2024-01,8.2648353731752
2024-04-19,Electronics,North,4535.16,358.58,0.27,4705,2024-04,7.906667019465685
2024-01-28,Home,East,2740.75,569.55,0.14,7901,2024-01,20.78080817294536
2025-05-30,Furniture,North,476.59,35.91,0.2,7074,2025-05,7.53477832098869
2025-02-25,Electronics,East,4578.62,888.74,0.29,8946,2025-02,19.41065211788705
2025-10-04,Electronics,East,1649.82,150.6,0.36,8949,2025-10,9.128268538386006
2025-02-25,Office Supplies,East,737.3,130.57,0.07,3347,2025-02,17.709209277092093
2024-08-31,Office Supplies,West,374.67,52.51,0.08,6046,2024-08,14.01499986654923
2024-05-01,Office Supplies,North,4147.16,329.17,0.32,5085,2024-05,7.937238977999403
2024-09-16,Home,East,331.92,52.94,0.1,4029,2024-09,15.949626416003854
2024-01-19,Home,South,2701.7,355.4,0.1,3782,2024-01,13.154680386423362
2024-08-29,Home,South,891.6,57.17,0.03,8091,2024-08,6.412068192014356
2024-06-28,Furniture,East,3325.63,609.33,0.07,2477,2024-06,18.32224270288637
2025-05-09,Furniture,West,4180.11,951.42,0.15,7552,2025-05,22.76064505479521
2024-10-21,Office Supplies,West,4360.36,21.3,0.33,8497,2024-10,0.4884917759084113
2025-01-13,Clothing,East,1328.49,19.7,0.37,3276,2025-01,1.4828865855219082
2025-03-01,Electronics,East,2097.97,344.25,0.31,6995,2025-03,16.408718904464795
2024-06-01,Electronics,West,1829.29,142.22,0.04,7513,2024-06,7.774601074733914
2025-07-03,Furniture,East,252.68,17.07,0.19,2927,2025-07,6.755580180465411
2024-04-20,Office Supplies,West,4617.78,567.52,0.15,8723,2024-04,12.289888214683247
2025-03-23,Clothing,East,612.9,62.85,0.28,2278,2025-03,10.254527655408713
2024-09-23,Office Supplies,North,3812.94,578.62,0.16,6773,2024-09,15.175166669289315
2025-12-28,Clothing,West,1759.79,237.68,0.04,3775,2025-12,13.506156984640214
2024-01-14,Office Supplies,South,476.88,63.9,0.35,8072,2024-01,13.39959738298943
2024-11-13,Office Supplies,West,624.43,120.65,0.16,1869,2024-11,19.321621318642602
2025-01-14,Clothing,North,2837.23,657.29,0.21,6280,2025-01,23.166609686208027
2024-08-19,Home,East,1229.83,216.85,0.33,6323,2024-08,17.632518315539546
2024-10-12,Home,East,2589.39,183.89,0.25,8813,2024-10,7.101672594703771
2024-02-14,Home,North,3353.38,184.58,0.25,4019,2024-02,5.504297156898414
2024-01-07,Furniture,North,1100.04,290.67,0.05,3485,2024-01,26.42358459692375
2025-06-20,Home,West,1725.73,328.53,0.13,6652,2025-06,19.03716108545369
2025-09-07,Home,South,425.66,77.07,0.09,3565,2025-09,18.106000093971712
2025-09-13,Home,North,2886.34,237.39,0.11,7517,2025-09,8.224602784148782
2024-01-13,Furniture,North,3933.06,798.52,0.21,7795,2024-01,20.302766802438814
2024-12-01,Office Supplies,West,1843.46,336.3,0.39,7536,2024-12,18.24286938691374
2025-03-04,Clothing,South,4029.95,455.28,0.19,6410,2025-03,11.297410637849104
2025-01-11,Electronics,North,4348.47,899.8,0.12,8440,2025-01,20.692335465117615
2025-02-22,Clothing,North,4811.48,356.53,0.16,8927,2025-02,7.409986116537946
2024-10-30,Electronics,South,3603.15,972.56,0.04,4662,2024-10,26.991937610146678
2024-11-01,Home,South,3726.85,374.98,0.17,5566,2024-11,10.061580154822437
2024-07-15,Home,West,2227.19,224.1,0.37,6751,2024-07,10.062006384726944
2024-11-22,Electronics,East,221.56,38.75,0.35,8712,2024-11,17.48961906481314
2025-07-18,Office Supplies,West,433.56,72.19,0.34,3305,2025-07,16.65052126579943
2024-04-19,Home,West,1516.25,181.38,0.34,1041,2024-04,11.962407254740313
2024-01-19,Home,East,3561.27,638.57,0.37,3039,2024-01,17.930962830675576
2024-02-08,Office Supplies,East,2180.85,282.01,0.09,8612,2024-02,12.931196551803195
2025-02-25,Home,East,3255.6,776.26,0.14,2763,2025-02,23.843838309374615
2024-03-08,Office Supplies,North,319.82,85.29,0.05,3165,2024-03,26.668125820774186
2025-09-08,Furniture,South,4071.97,273.06,0.12,2535,2025-09,6.705845082355716
2024-01-04,Electronics,West,2994.81,498.84,0.3,3323,2024-01,16.656816292185482
2025-04-19,Office Supplies,North,3770.74,342.63,0.35,2673,2025-04,9.086545346536754
2025-04-03,Office Supplies,North,1823.41,343.81,0.19,2401,2025-04,18.855331494288173
2025-01-21,Electronics,North,2215.13,433.03,0.26,1481,2025-01,19.54873980308153
2025-07-29,Electronics,North,4390.87,415.56,0.16,1595,2025-07,9.464183635589302
2025-12-15,Electronics,West,684.05,87.95,0.38,3977,2025-12,12.857247277245817
2024-10-11,Clothing,South,3387.47,604.34,0.32,1931,2024-10,17.840453199585532
2024-05-22,Furniture,South,2295.09,322.71,0.12,4873,2024-05,14.06088650118296
2024-12-12,Clothing,North,4973.49,500.23,0.19,1479,2024-12,10.057927129641358
2025-08-16,Furniture,East,3434.99,247.65,0.08,6828,2025-08,7.209627975627295
2025-07-24,Clothing,East,4427.05,519.28,0.02,1451,2025-07,11.729707141324356
2024-10-21,Home,North,3733.41,630.26,0.09,5780,2024-10,16.881617609638376
2024-07-21,Clothing,East,806.0,150.92,0.22,3984,2024-07,18.724565756823818
2024-10-22,Electronics,East,4600.89,391.22,0.33,1631,2024-10,8.503137436452512
2024-09-06,Electronics,South,2445.38,475.78,0.16,5597,2024-09,19.4562808234303
2025-11-29,Electronics,West,4611.45,641.39,0.11,2421,2025-11,13.908640449316376
2025-12-22,Clothing,South,3661.56,578.74,0.28,5099,2025-12,15.80583139426911
2024-05-11,Electronics,North,3770.2,641.02,0.37,6117,2024-05,17.00228104609835
2024-02-27,Electronics,North,3064.39,192.52,0.13,3469,2024-02,6.282490153015773
2025-12-02,Office Supplies,North,1285.86,213.12,0.18,6440,2025-12,16.574121599552054
2025-03-07,Office Supplies,East,4394.35,653.25,0.21,2593,2025-03,14.865679793371031
2024-12-17,Electronics,South,1260.01,29.32,0.33,8438,2024-12,2.3269656590027066
2025-05-07,Office Supplies,South,4935.13,1224.1,0.15,6031,2025-05,24.80380456036619
2025-06-16,Office Supplies,South,4050.96,58.14,0.4,4651,2025-06,1.4352153563599739
2025-02-16,Electronics,West,3594.77,417.41,0.03,1329,2025-02,11.611591284004263
2025-02-19,Home,South,4601.61,843.59,0.15,3374,2025-02,18.332496669643888
2024-10-03,Furniture,North,2577.51,49.31,0.36,1105,2024-10,1.9130866611574735
2025-12-17,Clothing,East,2373.87,41.11,0.4,6632,2025-12,1.7317713269892625
2025-06-16,Electronics,South,4478.56,252.84,0.09,2981,2025-06,5.645564645779
2024-05-03,Electronics,North,185.95,25.49,0.06,3594,2024-05,13.707986017746707
2024-05-05,Office Supplies,South,2766.33,531.45,0.25,7059,2024-05,19.211373914175102
2025-10-25,Electronics,North,3294.74,870.0,0.04,2323,2025-10,26.405725489719977
2025-04-21,Home,West,2369.91,220.02,0.12,6042,2025-04,9.283896856842667
2024-05-25,Clothing,North,3228.66,167.75,0.27,1279,2024-05,5.1956539245383535
2024-05-17,Clothing,West,2808.31,439.9,0.08,7519,2024-05,15.664225103353974
2024-11-14,Furniture,West,4016.19,190.56,0.39,7552,2024-11,4.744795440454759
2025-07-26,Home,West,297.91,45.46,0.31,7302,2025-07,15.25964217381088
2025-01-18,Furniture,North,190.79,9.94,0.21,1703,2025-01,5.209916662298863
2025-10-05,Electronics,South,3619.63,805.28,0.09,7965,2025-10,22.24757779110019
2025-02-10,Home,South,3822.07,356.78,0.01,3092,2025-02,9.334732226254358
2025-08-23,Office Supplies,East,2662.98,184.09,0.05,3117,2025-08,6.912932128667884
2025-03-04,Office Supplies,West,2709.67,154.72,0.38,4870,2025-03,5.709920396210609
2024-04-11,Clothing,West,1697.23,67.28,0.18,2051,2024-04,3.9641062201351613
2025-09-15,Office Supplies,West,4416.21,880.86,0.33,1717,2025-09,19.94606234757858
2025-12-04,Furniture,North,2421.39,22.65,0.39,2885,2025-12,0.9354131304746447
2025-08-11,Clothing,North,1085.01,220.15,0.11,5384,2025-08,20.290135574787328
2025-10-25,Electronics,East,2634.16,531.23,0.2,4205,2025-10,20.166960245391323
2024-10-16,Furniture,East,3067.15,-10.73,0.4,6955,2024-10,-0.34983616712583343
2024-08-09,Clothing,South,1885.06,333.08,0.24,5081,2024-08,17.669464101938402
2025-08-25,Home,West,3613.26,750.86,0.02,2071,2025-08,20.780680050702134
2024-02-04,Clothing,East,3827.57,193.84,0.17,6035,2024-02,5.064309731761927
2024-07-25,Furniture,South,610.13,114.6,0.07,7312,2024-07,18.782882336551225
2024-06-12,Clothing,South,246.25,19.0,0.17,3670,2024-06,7.715736040609138
2024-11-24,Electronics,South,1012.06,33.89,0.29,3007,2024-11,3.348615694721657
2024-06-26,Furniture,East,1007.21,211.87,0.26,1955,2024-06,21.035335232970283
2025-04-28,Electronics,West,3450.76,473.47,0.16,1583,2025-04,13.720745574887852
2025-08-11,Office Supplies,West,3304.95,150.28,0.18,4173,2025-08,4.547118715865596
2024-08-15,Electronics,South,4073.7,246.41,0.06,3034,2024-08,6.048800844441172
2024-09-01,Office Supplies,West,4083.03,647.89,0.12,3754,2024-09,15.867872633803817
2024-09-26,Office Supplies,West,4401.3,597.79,0.37,6274,2024-09,13.582123463522139
2025-02-26,Home,West,1501.39,404.51,0.02,4411,2025-02,26.94236674015412
2024-06-14,Office Supplies,North,4490.51,491.77,0.01,6683,2024-06,10.951317333665886
2024-03-13,Electronics,North,3845.16,241.72,0.06,6670,2024-03,6.2863443913907355
2024-03-15,Office Supplies,West,493.72,52.32,0.12,8272,2024-03,10.597099570606822
2025-12-31,Clothing,West,1227.53,116.87,0.02,1073,2025-12,9.520744910511352
2024-12-22,Office Supplies,North,4993.78,342.72,0.22,5580,2024-12,6.862937494242839
2024-04-02,Clothing,West,361.7,22.96,0.31,1410,2024-04,6.347802045894388
2024-10-23,Home,North,1729.98,132.77,0.15,5209,2024-10,7.6746551983259925
2025-07-25,Electronics,East,3834.5,308.05,0.07,8489,2025-07,8.033641935063242
2025-11-15,Office Supplies,East,2008.52,279.51,0.31,6464,2025-11,13.916216915938104
2024-10-22,Electronics,East,978.27,58.88,0.18,7195,2024-10,6.018788269087267
2024-12-11,Furniture,South,1482.76,270.92,0.21,5144,2024-12,18.271331840621542
2024-08-02,Home,East,4444.46,530.23,0.3,4112,2024-08,11.930133244533645
2025-06-09,Home,North,3528.8,310.51,0.09,5050,2025-06,8.799308546814782
2024-05-04,Electronics,North,1687.16,237.6,0.25,6200,2024-05,14.08283743094905
2024-10-26,Home,South,825.12,50.63,0.17,2129,2024-10,6.136077176653093
2024-05-21,Home,West,1082.38,227.87,0.32,3398,2024-05,21.052680204734013
2025-05-18,Office Supplies,West,1087.43,207.42,0.18,4262,2025-05,19.07433122131999
2025-04-12,Furniture,South,1439.28,228.67,0.09,5306,2025-04,15.88780501361792
2024-08-03,Furniture,South,1104.0,82.42,0.03,8305,2024-08,7.465579710144928
2025-04-05,Office Supplies,North,4271.36,477.05,0.31,5096,2025-04,11.168573943661974
2024-03-15,Office Supplies,North,3574.21,111.55,0.37,3049,2024-03,3.120969389039816
2025-03-22,Office Supplies,West,1878.78,409.15,0.24,3544,2025-03,21.777430034384015
2024-07-20,Home,West,4662.64,105.87,0.24,7793,2024-07,2.270602062350943
2025-02-25,Electronics,East,2581.88,428.57,0.4,3107,2025-02,16.599144809208795
2025-12-30,Home,North,724.13,89.48,0.33,3033,2025-12,12.356897242207891
2024-03-05,Office Supplies,South,2773.42,323.21,0.1,8310,2024-03,11.653842548189598
2025-03-04,Furniture,South,1918.46,158.63,0.37,4927,2025-03,8.268611281965743
2024-05-23,Electronics,South,3493.97,402.36,0.37,4260,2024-05,11.515840147454043
2025-08-11,Home,East,4787.87,436.1,0.38,1451,2025-08,9.108434439531568
2024-10-10,Electronics,East,2012.69,495.01,0.17,8494,2024-10,24.59444822600599
2025-12-01,Clothing,South,4698.56,786.17,0.37,2800,2025-12,16.732147721855203
2025-03-29,Furniture,South,4406.38,465.67,0.27,6818,2025-03,10.568085367126757
2024-06-17,Office Supplies,West,1706.02,144.04,0.25,8922,2024-06,8.443042871713109
2025-02-28,Furniture,West,4416.84,343.29,0.06,3306,2025-02,7.772298747520852
2025-09-23,Electronics,East,4698.09,701.54,0.11,1237,2025-09,14.932451272751265
2025-06-04,Electronics,East,2763.86,527.7,0.22,3089,2025-06,19.09286288017483
2025-02-05,Furniture,North,1702.46,329.51,0.39,2574,2025-02,19.354933449244033
2025-02-09,Electronics,South,1337.24,120.0,0.34,8735,2025-02,8.973707038377555
2025-12-22,Furniture,East,4712.75,277.66,0.35,3107,2025-12,5.891676834120206
2024-10-25,Office Supplies,North,3265.68,614.27,0.16,7073,2024-10,18.809865020455156
2025-04-25,Home,South,4695.05,871.87,0.07,6542,2025-04,18.569983280263255
2024-05-08,Office Supplies,North,2425.14,292.44,0.27,2850,2024-05,12.058685271778124
2024-07-28,Clothing,South,3329.62,251.01,0.38,2658,2024-07,7.538698109694199
2024-08-09,Electronics,South,1605.82,169.24,0.01,5528,2024-08,10.539163791707665
2024-03-19,Home,South,3900.38,423.77,0.2,6579,2024-03,10.86483881057743
2024-07-24,Office Supplies,East,3490.15,560.58,0.13,1331,2024-07,16.061773849261492
2025-04-10,Electronics,South,585.62,-1.3,0.37,3529,2025-04,-0.22198695399747279
2024-08-16,Home,West,4381.81,776.44,0.09,4342,2024-08,17.719618148664594
2025-01-31,Home,West,3840.22,539.23,0.31,6171,2025-01,14.041643447510822
2025-04-18,Home,South,729.02,158.97,0.23,2739,2025-04,21.805986118350663
2024-03-17,Clothing,West,3568.84,817.13,0.24,1135,2024-03,22.89623519126663
2025-05-28,Home,East,1494.12,368.56,0.1,7292,2025-05,24.667362728562633
2024-07-07,Office Supplies,North,980.4,149.83,0.18,1170,2024-07,15.282537739698085
2024-03-16,Office Supplies,North,4113.57,103.72,0.29,2464,2024-03,2.5214108426500585
2024-04-19,Electronics,West,3099.34,440.66,0.21,8565,2024-04,14.21786573915737
2025-02-08,Clothing,West,2750.94,387.13,0.02,8384,2025-02,14.072644259780292
2024-05-05,Office Supplies,East,3414.02,344.36,0.4,2471,2024-05,10.086642726170322
2024-12-31,Clothing,West,1376.52,220.35,0.06,8235,2024-12,16.007758695841687
2025-04-14,Clothing,West,1809.65,4.74,0.37,2932,2025-04,0.26192910231260186
2025-09-09,Furniture,West,2812.01,158.33,0.31,2876,2025-09,5.630492067951394
2025-11-01,Furniture,East,3232.64,610.96,0.29,2442,2025-11,18.89972282716294
2025-02-17,Furniture,East,4737.33,836.08,0.39,1418,2025-02,17.648759955502364
2025-02-26,Clothing,North,2982.75,552.1,0.39,5510,2025-02,18.50976447908809
2024-04-20,Electronics,West,2192.63,209.34,0.22,2211,2024-04,9.547438464309984
2024-03-23,Clothing,South,1461.85,137.36,0.01,2740,2024-03,9.396312891199509
2025-01-22,Clothing,North,4530.68,391.84,0.27,6448,2025-01,8.648591381426186
2024-08-16,Clothing,East,1298.45,138.87,0.21,8317,2024-08,10.69505949401209
2025-11-28,Furniture,South,2326.55,429.98,0.39,1201,2025-11,18.48144247920741
2024-01-01,Furniture,West,4607.27,598.51,0.29,5866,2024-01,12.990556229611027
2025-09-15,Home,South,3698.82,689.83,0.18,4049,2025-09,18.650001892495442
2025-05-13,Clothing,North,3346.69,294.65,0.24,7084,2025-05,8.804221484511562
2024-09-25,Furniture,East,4418.0,821.67,0.13,7501,2024-09,18.598234495246718
2025-12-30,Furniture,South,4306.63,500.46,0.22,3823,2025-12,11.620687173033206
2025-12-29,Electronics,West,1252.32,97.65,0.3,7244,2025-12,7.797527788424685
2025-02-27,Electronics,West,1067.02,222.45,0.11,1348,2025-02,20.84778167232104
2024-03-31,Furniture,North,2852.96,551.31,0.0,5579,2024-03,19.324140541753124
2025-06-13,Electronics,West,3492.27,666.55,0.13,2603,2025-06,19.086439479192617
2025-09-12,Office Supplies,West,4620.88,532.15,0.36,5979,2025-09,11.5162047055972
2024-11-15,Clothing,East,4281.11,574.32,0.29,2129,2024-11,13.415212409865667
2024-04-14,Office Supplies,North,4725.69,607.1,0.16,8326,2024-04,12.846801207865944
2025-08-30,Electronics,South,4421.7,160.74,0.23,6255,2025-08,3.635253409322207
2024-07-21,Home,South,1383.12,31.17,0.34,4194,2024-07,2.2536005552663543
2025-01-12,Furniture,North,2517.28,406.95,0.26,6109,2025-01,16.166258819042774
2025-03-22,Electronics,East,4715.41,101.26,0.34,6594,2025-03,2.1474272650734507
2024-02-21,Office Supplies,North,750.34,144.44,0.34,5610,2024-02,19.249940027187673
2025-12-20,Home,North,2664.96,251.07,0.2,3790,2025-12,9.421154538904899
2024-11-26,Furniture,East,530.66,51.22,0.02,8570,2024-11,9.652131308182264
2024-02-13,Home,East,4521.18,778.05,0.31,1361,2024-02,17.2090029594044
2025-05-27,Clothing,East,3701.88,408.23,0.39,7247,2025-05,11.027640009940894
2024-10-13,Office Supplies,West,1263.07,276.87,0.18,6385,2024-10,21.920400294520494
2024-06-26,Furniture,East,3461.51,505.12,0.24,4938,2024-06,14.592475538132202
2024-09-14,Electronics,West,3878.29,902.69,0.16,4743,2024-09,23.27546418653582
2025-05-11,Home,North,4717.93,957.54,0.34,7646,2025-05,20.295765303851475
2025-08-05,Office Supplies,West,1594.86,338.03,0.32,5946,2025-08,21.19496382127585
2025-06-07,Furniture,East,3905.53,582.88,0.1,1672,2025-06,14.92447887994715
2025-06-26,Clothing,East,4655.83,862.89,0.26,7290,2025-06,18.533537521773777
2024-06-09,Furniture,East,3319.92,182.5,0.37,6978,2024-06,5.497120412540061
2024-06-29,Electronics,South,1396.8,346.75,0.12,2296,2024-06,24.824599083619702
2024-04-09,Clothing,South,376.73,70.01,0.22,2030,2024-04,18.58360098744459
2024-02-14,Office Supplies,South,329.56,71.28,0.19,7989,2024-02,21.628838451268358
2024-03-23,Electronics,West,2750.75,211.3,0.4,7207,2024-03,7.681541397800601
2024-05-03,Clothing,West,1520.95,278.27,0.19,1373,2024-05,18.29580196587659
2024-10-21,Office Supplies,South,3491.75,401.93,0.29,5650,2024-10,11.51084699649173
2025-02-09,Home,South,1781.09,393.58,0.2,8765,2025-02,22.09770421483474
2024-06-18,Office Supplies,South,4623.57,718.0,0.03,8701,2024-06,15.529125762127535
2025-04-08,Furniture,North,727.71,57.29,0.35,7899,2025-04,7.872641574253479
2025-11-11,Home,North,4281.0,988.49,0.04,3699,2025-11,23.09016584910068
2025-08-02,Office Supplies,North,664.55,150.59,0.08,4555,2025-08,22.660446918967725
2024-07-13,Furniture,North,1922.59,340.93,0.36,5402,2024-07,17.732849957609268
2024-01-22,Clothing,West,4224.01,490.57,0.16,4268,2024-01,11.613845611160958
2025-07-30,Electronics,South,4681.55,251.93,0.1,6300,2025-07,5.381337377577939
2024-08-18,Electronics,South,172.47,13.05,0.31,3561,2024-08,7.566533310140895
2025-02-20,Office Supplies,North,4063.52,167.26,0.34,7027,2025-02,4.116135764066621
2024-10-15,Office Supplies,East,2614.09,596.22,0.12,4460,2024-10,22.807936987632406
2024-04-03,Furniture,West,4501.45,1179.29,0.0,5585,2024-04,26.19800286574326
2024-11-08,Home,South,2701.84,312.01,0.03,8075,2024-11,11.548056139519733
2025-06-09,Home,North,4295.38,980.81,0.06,4005,2025-06,22.834068231448672
2024-02-04,Electronics,East,228.13,38.4,0.27,3183,2024-02,16.832507780651383
2024-07-16,Clothing,North,4825.28,593.1,0.38,6522,2024-07,12.291514689303005
2024-04-22,Furniture,South,2424.69,240.66,0.1,1041,2024-04,9.925392524405181
2025-11-08,Home,North,3307.03,859.7,0.06,7157,2025-11,25.9961355052721
2024-08-20,Home,North,1885.74,43.37,0.39,8376,2024-08,2.2998928802486023
2025-11-09,Home,North,2882.38,219.9,0.22,5510,2025-11,7.6291120532337855
2025-01-30,Electronics,West,3603.08,591.57,0.11,3639,2025-01,16.41845310123561
2024-06-19,Furniture,East,2148.01,257.53,0.1,4948,2024-06,11.989236549178074
2024-07-17,Home,West,1048.2,267.1,0.02,3821,2024-07,25.481778286586533
2025-07-23,Furniture,West,4998.29,635.43,0.07,5752,2025-07,12.712947828157228
2025-04-27,Clothing,East,541.58,122.26,0.04,7870,2025-04,22.57468887329665
2025-09-25,Furniture,North,1626.12,333.15,0.25,8147,2025-09,20.487417902737807
2025-07-06,Clothing,South,4754.71,541.79,0.33,8726,2025-07,11.394806413009414
2025-08-09,Furniture,West,811.0,89.63,0.31,8346,2025-08,11.051787916152897
2025-04-15,Electronics,North,4011.12,357.47,0.02,2249,2025-04,8.911974710305353
2025-06-26,Office Supplies,East,2975.73,258.4,0.27,3034,2025-06,8.683583524042838
2024-09-06,Home,North,3807.05,150.89,0.31,6890,2024-09,3.963436256419012
2025-11-25,Clothing,South,3071.88,108.73,0.36,2300,2025-11,3.5395262835787857
2025-10-25,Home,West,2708.79,-0.21,0.36,5904,2025-10,-0.007752538956508256
2024-10-19,Home,North,960.0,56.59,0.2,2439,2024-10,5.894791666666667
2025-02-28,Electronics,South,2389.58,68.15,0.32,3746,2025-02,2.85196561738883
2025-04-20,Clothing,West,2324.29,367.69,0.28,6414,2025-04,15.819454543107788
2025-01-01,Home,East,1941.11,349.56,0.27,3886,2025-01,18.008253009875794
2025-08-26,Home,South,683.73,101.23,0.03,1315,2025-08,14.805551899141475
2025-12-02,Office Supplies,South,3955.3,605.99,0.07,8024,2025-12,15.320961747528633
2024-01-25,Electronics,North,1951.67,292.87,0.13,8971,2024-01,15.006122961361296
2024-03-12,Office Supplies,North,1068.26,201.61,0.29,4880,2024-03,18.872746335161853
2025-10-30,Furniture,East,1360.51,319.34,0.21,7236,2025-10,23.47208032282012
2025-03-03,Electronics,North,2736.12,290.61,0.29,1527,2025-03,10.62124468225078
2025-11-19,Furniture,East,2564.31,582.66,0.22,5222,2025-11,22.72190179814453
2025-09-05,Clothing,North,2510.83,165.87,0.31,6526,2025-09,6.6061820194915635
2024-10-21,Home,West,4277.07,139.99,0.2,4971,2024-10,3.2730350450191374
2024-06-11,Furniture,East,1145.24,214.72,0.05,1700,2024-06,18.748908525723866
2025-05-06,Home,East,4453.9,36.22,0.33,2149,2025-05,0.8132198747165407
2025-09-16,Clothing,West,3330.54,277.38,0.18,2429,2025-09,8.32837918175431
2024-01-19,Electronics,West,545.0,33.21,0.07,2813,2024-01,6.093577981651376
2024-06-19,Furniture,North,3403.48,429.63,0.13,2166,2024-06,12.623256196598776
2025-08-14,Home,West,878.66,173.16,0.31,5864,2025-08,19.707281542348575
2025-10-12,Office Supplies,South,3980.58,226.06,0.07,1315,2025-10,5.679071894045592
2024-03-08,Electronics,South,2091.3,185.23,0.05,4083,2024-03,8.857170181226987
2025-01-10,Clothing,North,2235.73,52.28,0.32,6206,2025-01,2.3383861199697638
2025-04-01,Clothing,West,936.0,93.95,0.22,5070,2025-04,10.037393162393164
2025-08-29,Clothing,East,2045.23,467.5,0.07,3840,2025-08,22.85806486312053
2024-06-14,Furniture,East,1922.05,240.02,0.35,1725,2024-06,12.487708436304988
2024-10-12,Office Supplies,East,2039.45,519.25,0.06,8493,2024-10,25.46029566794969
2025-05-22,Clothing,East,3113.2,519.17,0.2,6657,2025-05,16.676410124630607
2024-01-11,Office Supplies,North,4844.5,856.03,0.16,4728,2024-01,17.670141397461038
2025-06-08,Home,East,1741.97,96.53,0.37,4724,2025-06,5.541427234682573
2024-04-08,Furniture,East,1489.95,322.34,0.02,7147,2024-04,21.634283029631867
2025-12-15,Electronics,South,1621.21,75.72,0.14,5518,2025-12,4.670585550298851
2024-10-30,Clothing,West,4486.2,1029.58,0.16,4793,2024-10,22.949935357317997
2025-01-20,Office Supplies,South,3040.54,532.31,0.16,3702,2025-01,17.507087556815566
2025-08-29,Furniture,East,2420.5,381.44,0.24,8662,2025-08,15.758727535633133
2025-02-26,Furniture,South,1031.51,57.38,0.1,3436,2025-02,5.562718732731627
2024-05-02,Office Supplies,South,352.47,19.17,0.27,5573,2024-05,5.43876074559537
2024-01-25,Clothing,North,3626.93,757.82,0.3,7285,2024-01,20.894254920828363
2024-02-14,Electronics,South,4205.71,756.2,0.18,1065,2024-02,17.98031723537762
2025-07-20,Clothing,North,3745.43,693.04,0.11,2920,2025-07,18.5036164071949
2024-08-27,Furniture,West,4841.3,1073.45,0.27,1603,2024-08,22.17276351393221
2024-03-19,Home,West,3492.73,824.04,0.01,6327,2024-03,23.593006043982786
2025-02-05,Office Supplies,North,4401.88,553.8,0.05,2015,2025-02,12.580988123256425
2025-01-31,Home,East,4904.16,270.35,0.2,3564,2025-01,5.512666797168119
2025-05-31,Furniture,West,4377.52,537.02,0.4,7774,2025-05,12.267676675377839
2024-08-01,Home,South,1222.36,215.83,0.21,5580,2024-08,17.656827775778005
2025-03-01,Home,East,4384.5,672.24,0.38,4962,2025-03,15.332192952446116
2024-01-25,Office Supplies,West,4848.77,1093.68,0.14,7968,2024-01,22.55582343563419
2025-01-30,Home,East,3596.04,607.43,0.07,2908,2025-01,16.891636355546655
2024-01-19,Clothing,South,4101.88,757.74,0.08,2264,2024-01,18.472992871561335
2024-10-24,Electronics,West,3810.74,64.48,0.31,4664,2024-10,1.6920598099056878
2024-03-09,Office Supplies,North,2669.77,541.03,0.1,7972,2024-03,20.26504155788701
2025-02-18,Furniture,West,462.0,4.45,0.35,8882,2025-02,0.9632034632034633
2024-03-23,Electronics,East,1769.68,111.23,0.27,6292,2024-03,6.285317119479227
2025-12-26,Electronics,South,4049.47,553.98,0.26,7489,2025-12,13.680308781149138
2025-10-25,Clothing,East,816.27,57.9,0.19,3230,2025-10,7.093241206953582
2025-05-09,Office Supplies,North,4595.34,612.1,0.12,4251,2025-05,13.320015493956921
2025-06-09,Home,East,1651.6,260.68,0.28,3454,2025-06,15.783482683458466
2025-09-29,Furniture,South,702.01,78.01,0.11,7787,2025-09,11.112377316562442
2024-10-18,Furniture,South,2238.86,280.41,0.16,7276,2024-10,12.524677737777262
2025-09-05,Office Supplies,West,313.37,23.13,0.29,5973,2025-09,7.38105115358841
2025-10-11,Home,North,1532.86,323.11,0.31,3906,2025-10,21.07889826859596
2024-08-13,Clothing,East,3666.64,410.28,0.38,1106,2024-08,11.189535923897628
2025-03-17,Electronics,North,4810.19,382.25,0.24,5429,2025-03,7.946671545198838
2024-04-22,Home,North,3060.65,732.66,0.18,5903,2024-04,23.938052374495612
2024-09-15,Clothing,North,362.52,75.63,0.11,7726,2024-09,20.862297252565376
2024-09-01,Office Supplies,North,3586.57,325.38,0.08,7563,2024-09,9.072177595864572
2025-01-28,Clothing,East,970.44,150.8,0.15,3219,2025-01,15.539342978442768
2024-03-27,Electronics,North,2898.66,251.77,0.05,4527,2024-03,8.685737547694453
2025-09-27,Clothing,North,557.54,91.09,0.31,1541,2025-09,16.337841231122432
2024-09-13,Office Supplies,East,3408.77,358.89,0.14,6035,2024-09,10.528431076311984
2025-06-20,Electronics,South,3868.54,659.43,0.05,3359,2025-06,17.045965661464013
2025-05-02,Clothing,North,4524.97,995.83,0.06,1796,2025-05,22.007438723350653
2025-02-22,Electronics,North,1314.2,35.81,0.39,1679,2025-02,2.7248516207578755
2025-03-14,Clothing,West,1291.23,58.59,0.17,2334,2025-03,4.537533979229107
2025-09-17,Office Supplies,West,3344.23,533.46,0.34,7358,2025-09,15.951654042933649
2025-03-15,Clothing,East,1815.25,210.07,0.27,1463,2025-03,11.572510673460954
2024-03-19,Furniture,West,949.79,64.4,0.04,6727,2024-03,6.780446203897704
2024-02-28,Home,South,4398.9,450.49,0.09,6623,2024-02,10.240969333242402
2024-06-02,Furniture,East,940.72,224.2,0.04,7540,2024-06,23.832808912322477
2025-11-29,Home,South,349.96,86.3,0.04,4706,2025-11,24.65996113841582
2024-04-18,Office Supplies,South,4407.9,338.84,0.23,3175,2024-04,7.687107239274939
2025-08-11,Furniture,West,1429.8,180.81,0.13,6956,2025-08,12.645824590851868
2025-05-08,Furniture,North,3957.68,421.13,0.31,2665,2025-05,10.640829981201108
2024-04-04,Clothing,South,920.34,238.59,0.05,5359,2024-04,25.9241150009779
2024-04-16,Clothing,North,4337.71,856.92,0.36,7532,2024-04,19.75512424758686
2024-05-16,Electronics,West,849.63,187.67,0.07,2069,2024-05,22.08843849675741
2025-06-11,Home,North,284.2,14.07,0.37,6489,2025-06,4.950738916256158
2025-05-27,Office Supplies,North,4043.63,210.16,0.21,5200,2025-05,5.197310337493787
2025-07-16,Furniture,East,3088.72,510.83,0.32,7464,2025-07,16.538566137429097
2025-10-24,Home,North,2057.64,195.49,0.02,1606,2025-10,9.500690111000953
2025-08-16,Clothing,East,158.71,33.42,0.09,2057,2025-08,21.05727427383278
2024-11-27,Home,North,837.89,57.18,0.31,3097,2024-11,6.824284810655337
2025-03-22,Furniture,East,3529.42,260.11,0.13,8506,2025-03,7.369766137212347
2024-01-28,Electronics,North,685.01,55.19,0.26,1144,2024-01,8.056816688807462
2024-08-11,Electronics,East,4654.47,544.18,0.22,8019,2024-08,11.691556718595242
2025-06-03,Furniture,East,2024.86,430.25,0.19,5021,2025-06,21.24838260422943
2024-01-17,Home,West,1168.98,224.56,0.06,5337,2024-01,19.209909493746686
2025-12-16,Furniture,East,243.38,24.0,0.25,5056,2025-12,9.861122524447365
2024-07-22,Home,South,605.26,112.77,0.29,2904,2024-07,18.631662426064832
2024-12-08,Home,South,1559.72,339.88,0.27,4929,2024-12,21.79109070858872
2025-07-23,Clothing,East,302.52,30.77,0.24,1852,2025-07,10.17122834853894
2024-10-04,Electronics,North,3845.61,268.23,0.01,5689,2024-10,6.974966260229197
2024-05-07,Office Supplies,West,1303.31,173.09,0.09,1742,2024-05,13.280800423536995
2025-09-18,Office Supplies,East,3148.57,554.59,0.07,2004,2025-09,17.614027955548075
2024-03-22,Electronics,West,766.94,1.01,0.36,5198,2024-03,0.1316921793099851
2024-08-01,Office Supplies,West,656.93,31.79,0.36,8497,2024-08,4.839176167932656
2024-04-23,Home,South,1704.01,218.14,0.18,8799,2024-04,12.801568065915106
2024-12-13,Clothing,South,4909.73,681.98,0.33,8764,2024-12,13.890376863900869
2024-08-08,Office Supplies,West,4034.22,751.86,0.11,1586,2024-08,18.637059952109702
2025-12-19,Home,West,3865.98,270.98,0.11,6979,2025-12,7.00934821183762
2024-05-08,Electronics,West,3547.73,464.91,0.03,2645,2024-05,13.1044357941557
2025-03-25,Office Supplies,East,864.57,130.07,0.33,8241,2025-03,15.044472975004913
2024-09-17,Furniture,South,3561.86,652.44,0.01,5822,2024-09,18.317395967275527
2025-10-26,Electronics,North,1344.94,122.13,0.06,7740,2025-10,9.080702484869214
2024-03-09,Clothing,East,2517.6,131.11,0.14,8404,2024-03,5.207737527804259
2024-07-03,Furniture,North,2685.69,478.02,0.22,4879,2024-07,17.79877796767311
2024-04-08,Office Supplies,West,3661.64,109.6,0.27,8655,2024-04,2.993194306376378
2024-10-08,Electronics,North,3223.93,376.94,0.3,8233,2024-10,11.691941202197318
2024-12-05,Furniture,North,3178.73,334.69,0.24,1011,2024-12,10.529047764358722
2024-04-11,Electronics,North,4670.22,711.42,0.16,5482,2024-04,15.233115356450016
2025-12-11,Office Supplies,South,2959.21,548.82,0.27,5261,2025-12,18.54616603755732
2025-03-16,Clothing,East,1877.96,180.53,0.34,7872,2025-03,9.61309080065603
2024-05-16,Clothing,West,956.34,19.66,0.3,8172,2024-05,2.055754229667273
2025-11-16,Home,West,4135.16,102.67,0.36,4520,2025-11,2.4828543514640304
2024-03-24,Electronics,East,582.31,87.51,0.39,4238,2024-03,15.028077827961054
2025-07-24,Home,South,3010.48,571.31,0.35,1162,2025-07,18.977372379155483
2025-06-03,Clothing,West,1623.86,337.31,0.16,3373,2025-06,20.772110896259534
2025-03-22,Clothing,East,4400.56,100.89,0.39,6077,2025-03,2.29266275201338
2024-02-29,Furniture,North,897.48,70.59,0.24,4913,2024-02,7.865356331060303
2025-11-17,Clothing,South,4992.21,573.55,0.15,8007,2025-11,11.488899705741543
2025-03-21,Furniture,South,3275.94,550.16,0.36,4740,2025-03,16.79395837530602
2024-05-16,Home,North,3410.84,272.75,0.25,4607,2024-05,7.996563896283614
2024-12-28,Furniture,North,1672.28,184.92,0.18,6262,2024-12,11.057956801492573
2025-03-05,Furniture,South,2278.56,303.16,0.01,6266,2025-03,13.304894319219157
2024-02-14,Office Supplies,North,2452.35,684.06,0.0,4963,2024-02,27.894060798825613
2025-12-13,Furniture,South,4599.14,562.22,0.08,3597,2025-12,12.224459355444713
2025-02-03,Home,North,4934.4,455.09,0.27,6171,2025-02,9.222803177691311
2024-12-19,Furniture,East,597.03,21.17,0.28,7559,2024-12,3.5458854663919745
2025-04-20,Electronics,South,688.12,136.47,0.28,5759,2025-04,19.832296692437364
2025-06-22,Furniture,South,4390.28,407.86,0.31,6132,2025-06,9.2900680594404
2024-05-26,Home,South,1246.77,287.04,0.1,5492,2024-05,23.022690632594625
2025-12-11,Home,West,3976.12,382.12,0.07,1929,2025-12,9.610373932376287
2024-05-20,Clothing,South,644.18,66.2,0.15,5288,2024-05,10.276630755378932
2025-01-02,Furniture,South,1854.8,343.77,0.2,8593,2025-01,18.534073754582703
2025-03-12,Office Supplies,North,3015.1,427.87,0.34,5699,2025-03,14.19090577426951
2025-10-23,Furniture,West,406.28,46.18,0.21,7257,2025-10,11.366545239736144
2025-11-13,Office Supplies,West,2913.73,486.11,0.35,8475,2025-11,16.683426398465198
2025-06-02,Clothing,South,4470.57,328.65,0.15,7038,2025-06,7.351411564968226
2025-07-16,Home,South,687.61,76.34,0.36,7671,2025-07,11.102223644216926
2024-04-01,Home,South,3943.45,406.02,0.03,7576,2024-04,10.296060556112034
2025-12-05,Home,West,4774.04,811.6,0.05,1003,2025-12,17.000276495379175
2024-02-13,Home,North,4182.33,671.08,0.01,2306,2024-02,16.045601375309936
2025-12-01,Office Supplies,North,3668.87,890.48,0.16,5963,2025-12,24.271233377034346
2025-04-24,Clothing,East,2108.32,537.0,0.02,1555,2025-04,25.470516809592468
2024-06-26,Clothing,North,493.35,101.93,0.09,6096,2024-06,20.660788486875443
2024-05-29,Office Supplies,South,4673.39,808.54,0.36,1369,2024-05,17.300931443769937
2024-06-16,Furniture,North,812.79,151.61,0.37,1824,2024-06,18.65303460918565
2025-04-23,Office Supplies,South,3748.13,204.92,0.37,8230,2025-04,5.4672596734905134
2024-09-12,Clothing,East,1711.76,156.15,0.37,3706,2024-09,9.122190026639249
2025-07-12,Furniture,West,1609.63,345.31,0.18,1635,2025-07,21.45275622347993
2024-01-29,Electronics,East,3177.53,292.28,0.09,4296,2024-01,9.198339590814248
2025-10-13,Electronics,North,2416.88,180.3,0.14,1274,2025-10,7.460031114494721
2025-03-07,Electronics,North,605.47,121.96,0.11,1551,2025-03,20.143029382132887
2025-03-23,Home,North,4068.45,748.2,0.36,6698,2025-03,18.390296058695572
2024-04-19,Home,West,3919.83,406.83,0.06,3173,2024-04,10.378766426095009
2025-08-25,Furniture,North,2691.43,501.05,0.1,1604,2025-08,18.616497549629752
2024-11-03,Electronics,North,1331.49,191.93,0.21,5645,2024-11,14.414678292739714
2025-05-27,Furniture,East,895.6,64.84,0.06,3006,2025-05,7.2398392139347925
2025-06-16,Office Supplies,South,3126.17,446.96,0.31,5113,2025-06,14.297367065770574
2024-02-17,Electronics,West,3202.41,251.78,0.16,2458,2024-02,7.862203777779859
2024-05-01,Clothing,East,3426.1,879.21,0.08,3942,2024-05,25.662123113744496
2024-06-29,Home,East,2062.41,319.53,0.29,6616,2024-06,15.493039696277656
2024-08-26,Home,West,172.84,1.25,0.4,6677,2024-08,0.7232122193936589
2025-11-22,Clothing,West,171.1,26.07,0.39,3469,2025-11,15.236703682057277
2024-10-27,Office Supplies,South,1313.96,203.59,0.31,7836,2024-10,15.494383390666384
2024-01-11,Home,East,4458.9,1062.42,0.01,2638,2024-01,23.826952835901235
2024-12-18,Electronics,West,2625.85,446.05,0.2,6949,2024-12,16.986880438715087
2025-06-27,Clothing,East,1858.28,98.15,0.21,7392,2025-06,5.281765934089588
2024-11-18,Furniture,North,2166.57,162.18,0.35,4419,2024-11,7.485564740580733
2024-09-16,Office Supplies,North,2730.19,170.11,0.29,6377,2024-09,6.230701892542278
2025-12-02,Clothing,North,1544.64,64.34,0.25,8398,2025-12,4.1653718665838
2025-06-18,Home,North,4718.11,657.84,0.21,7993,2025-06,13.942871192066317
2025-06-24,Home,West,4976.1,839.32,0.33,2558,2025-06,16.867024376519765
2025-01-11,Clothing,South,3356.69,166.16,0.27,2980,2025-01,4.950114547366602
2024-11-26,Electronics,South,1638.66,285.71,0.09,4021,2024-11,17.435587614270194
2025-09-30,Electronics,East,3368.35,134.52,0.39,8138,2025-09,3.993646740985943
2024-10-05,Home,West,2631.27,137.64,0.3,5643,2024-10,5.230934111664709
2024-09-29,Home,West,2259.8,476.11,0.2,5387,2024-09,21.068678644127797
2025-03-03,Electronics,South,1372.26,10.28,0.4,6410,2025-03,0.7491291737717342
2025-08-27,Furniture,East,949.47,41.13,0.27,3250,2025-08,4.331890423078138
2024-04-06,Electronics,North,4822.77,431.39,0.15,2085,2024-04,8.944859489463523
2024-01-11,Furniture,East,3195.98,160.92,0.3,5414,2024-01,5.035075313362411
2024-05-25,Office Supplies,South,2299.19,44.59,0.29,7705,2024-05,1.939378650742218
2024-11-28,Clothing,West,3663.87,142.32,0.37,7683,2024-11,3.8844172964652133
2025-06-13,Home,West,3839.69,663.66,0.28,2945,2025-06,17.28420783969539
2025-08-19,Furniture,North,1544.51,231.64,0.25,3697,2025-08,14.997636790956353
2025-03-23,Furniture,East,4971.81,126.46,0.33,2635,2025-03,2.5435404812331925
2024-03-10,Electronics,East,1996.13,282.43,0.38,3239,2024-03,14.148878079083024
2025-04-25,Furniture,South,2683.79,558.73,0.02,4427,2025-04,20.81869296778064
2024-11-09,Home,East,409.04,65.87,0.1,5766,2024-11,16.10355955407784
2025-10-25,Home,North,938.33,146.35,0.13,2889,2025-10,15.596858248164292
2024-08-16,Furniture,South,3964.77,934.22,0.2,2674,2024-08,23.56303139904711
2025-07-01,Clothing,North,257.87,23.73,0.23,2079,2025-07,9.202311242098732
2024-01-18,Home,South,4308.47,561.3,0.1,5306,2024-01,13.027826583450736
2024-10-30,Furniture,East,2527.93,80.79,0.21,5076,2024-10,3.195895455965949
2024-08-13,Clothing,North,437.77,75.78,0.05,7659,2024-08,17.310459830504605
2025-10-05,Office Supplies,West,2248.59,199.4,0.31,6617,2025-10,8.867779363956968
2024-07-11,Home,South,373.73,38.12,0.05,3417,2024-07,10.199876916490513
2024-02-11,Office Supplies,East,2586.32,476.92,0.01,5960,2024-02,18.44010021961706
2025-06-14,Clothing,West,1910.44,268.33,0.4,1837,2025-06,14.045455497162957
2025-09-08,Furniture,West,4110.55,480.97,0.31,8988,2025-09,11.700867280534236
2025-06-08,Home,South,3392.93,840.64,0.08,7253,2025-06,24.776225857886843
2025-08-23,Electronics,West,4850.44,458.09,0.02,7744,2025-08,9.44429783689727
2024-11-10,Office Supplies,West,3134.44,441.75,0.3,5985,2024-11,14.09342657699621
2024-09-04,Electronics,West,3220.56,453.21,0.02,6887,2024-09,14.072397347045234
2024-10-25,Furniture,North,2696.68,102.6,0.35,7160,2024-10,3.8046783452244983
2025-07-18,Clothing,South,4697.06,880.57,0.06,5316,2025-07,18.747258923667147
2024-02-12,Furniture,East,3307.59,478.07,0.27,8591,2024-02,14.453726126877878
2024-08-07,Electronics,West,4037.57,550.65,0.16,8101,2024-08,13.638153641918283
2025-01-05,Office Supplies,North,1749.22,225.04,0.29,2045,2025-01,12.865162758257966
2024-12-03,Office Supplies,North,1497.97,289.74,0.02,4790,2024-12,19.342176412077677
2024-09-30,Office Supplies,South,4188.52,580.81,0.27,6564,2024-09,13.86671186958639
2025-02-26,Furniture,West,3424.6,562.92,0.35,7432,2025-02,16.437540150674533
2024-09-07,Electronics,West,1118.34,47.05,0.24,4329,2024-09,4.207128422483324
2024-08-02,Home,North,4667.07,634.38,0.1,7020,2024-08,13.592682346740032
2025-05-13,Clothing,South,409.48,43.5,0.04,7304,2025-05,10.623229461756374
2025-05-11,Office Supplies,North,4979.0,968.34,0.33,3955,2025-05,19.448483631251257
2025-11-10,Electronics,North,3260.2,641.4,0.31,7280,2025-11,19.673639654008955
2024-01-24,Furniture,West,1816.27,116.7,0.27,7431,2024-01,6.425256156848927
2025-11-21,Furniture,East,1876.69,390.49,0.15,6595,2025-11,20.807378949107207
2025-10-29,Home,North,1732.24,346.45,0.31,4608,2025-10,20.000115457442387
2024-10-27,Clothing,South,2137.63,151.59,0.05,5341,2024-10,7.09149852874445
2025-11-25,Electronics,North,348.24,21.91,0.31,4013,2025-11,6.291637950838503
2025-07-06,Clothing,North,4454.62,454.88,0.24,1713,2025-07,10.211420951731013
2024-10-07,Furniture,West,4919.09,131.11,0.26,8653,2024-10,2.665330376146808
2025-07-24,Home,South,3830.18,723.25,0.18,5189,2025-07,18.88292456229211
2025-03-17,Furniture,East,2966.65,663.01,0.05,5207,2025-03,22.348777240321574
2025-05-02,Furniture,West,3975.23,704.33,0.02,1588,2025-05,17.717968520060477
2025-06-04,Electronics,East,2001.87,261.39,0.23,5793,2025-06,13.057291432510604
2025-06-19,Furniture,North,4792.32,706.32,0.23,5618,2025-06,14.738581730769232
2024-02-01,Office Supplies,East,861.22,198.08,0.02,3365,2024-02,22.999930331390352
2025-06-17,Home,North,3409.92,248.53,0.33,7794,2025-06,7.288440784534535
2025-01-19,Furniture,East,1083.29,126.44,0.21,7609,2025-01,11.671851489444194
2024-05-31,Clothing,North,2842.7,413.09,0.25,5744,2024-05,14.531607274773982
2024-10-12,Electronics,North,4280.24,314.21,0.25,7857,2024-10,7.340943498495411
2024-05-09,Office Supplies,South,339.4,71.96,0.32,2867,2024-05,21.202121390689452
2024-07-16,Clothing,East,4935.6,175.78,0.36,1220,2024-07,3.561471756220115
2025-04-12,Home,North,756.82,97.64,0.26,1719,2025-04,12.901350387146216
2024-10-20,Office Supplies,East,2962.13,277.13,0.0,7862,2024-10,9.355767640177845
2025-05-26,Home,West,507.15,13.65,0.38,8348,2025-05,2.691511387163561
2025-07-05,Clothing,South,4326.72,749.45,0.27,4761,2025-07,17.3214351749131
2024-03-19,Home,West,435.57,17.17,0.2,5301,2024-03,3.941961108432629
2024-12-24,Office Supplies,North,200.31,36.92,0.05,2146,2024-12,18.431431281513653
2025-04-14,Home,West,4532.71,1066.23,0.15,1498,2025-04,23.523013826165805
2025-07-20,Home,North,1134.64,100.38,0.08,4027,2025-07,8.846858915603185
2024-11-04,Electronics,South,4893.89,355.85,0.28,5785,2024-11,7.2713117785647
2025-09-01,Electronics,West,3959.0,257.76,0.31,8626,2025-09,6.51073503409952
2024-06-06,Clothing,West,3870.47,289.34,0.21,8174,2024-06,7.475577901391821
2025-09-05,Furniture,South,2283.25,284.3,0.14,4756,2025-09,12.45154932661776
2024-03-22,Office Supplies,East,1925.06,142.45,0.16,7587,2024-03,7.399769357838197
2025-06-26,Office Supplies,South,1159.49,23.66,0.29,3257,2025-06,2.0405523117922533
2025-03-24,Home,North,3414.88,180.34,0.13,3643,2025-03,5.281005481891018
2025-10-02,Furniture,West,2479.91,499.05,0.14,8534,2025-10,20.123714167046387
2024-01-29,Home,North,3364.76,395.86,0.25,1480,2024-01,11.764880704715939
2025-03-11,Office Supplies,East,329.97,64.04,0.38,8513,2025-03,19.407824953783678
2024-04-02,Clothing,South,1794.02,133.59,0.11,8723,2024-04,7.446405279762767
2025-11-05,Furniture,South,223.22,6.1,0.35,3141,2025-11,2.732730042110922
2025-06-14,Clothing,North,194.02,26.86,0.04,2143,2025-06,13.843933615091228
2025-11-07,Electronics,East,3918.03,296.79,0.32,6174,2025-11,7.574980283458779
2024-04-22,Clothing,West,1112.15,194.47,0.22,2837,2024-04,17.48595063615519
2025-03-19,Electronics,East,1420.5,147.56,0.21,1678,2025-03,10.387891587469202
2024-06-27,Clothing,East,4678.41,611.23,0.06,1469,2024-06,13.064908804486997
2025-03-04,Clothing,South,1344.7,157.03,0.26,2900,2025-03,11.677697627723656
2024-05-07,Home,South,1493.66,105.6,0.16,5251,2024-05,7.069882034733473
2025-03-10,Electronics,North,3947.71,189.14,0.27,8819,2025-03,4.79113207403786
2025-08-16,Electronics,North,1966.94,146.11,0.23,4360,2025-08,7.4282896275432915
2024-02-27,Electronics,East,1836.96,123.42,0.27,7417,2024-02,6.718709171674941
2025-01-25,Home,North,4019.34,654.83,0.08,1037,2025-01,16.291978284992066
2024-07-17,Furniture,East,3347.98,176.4,0.32,7316,2024-07,5.2688486789048925
2025-10-18,Electronics,East,4109.94,705.16,0.32,3597,2025-10,17.157428088974534
2024-10-18,Furniture,West,3072.81,577.3,0.13,7697,2024-10,18.787364008838814
2024-12-20,Home,North,4867.94,1170.08,0.07,2158,2024-12,24.036450736862
2024-10-07,Office Supplies,North,3045.94,564.81,0.27,7014,2024-10,18.543044183404792
2024-02-29,Furniture,South,3503.73,341.2,0.22,2466,2024-02,9.738193296857919
2024-05-27,Home,North,642.86,87.88,0.28,5648,2024-05,13.670161465949041
2025-08-01,Furniture,West,4585.93,252.41,0.36,1629,2025-08,5.504009001445726
2024-09-06,Clothing,South,4813.57,665.15,0.28,1049,2024-09,13.818226389145686
2025-06-16,Clothing,South,4305.43,312.0,0.34,5343,2025-06,7.246662934944941
2024-04-02,Office Supplies,West,2150.6,278.75,0.02,4532,2024-04,12.961499116525621
2025-10-01,Home,West,4690.39,181.87,0.38,2751,2025-10,3.8775027236541098
2024-04-25,Furniture,North,300.68,23.15,0.27,7185,2024-04,7.699215112411865
2024-01-28,Electronics,East,3197.46,573.44,0.2,6206,2024-01,17.934235299268796
2025-03-09,Furniture,South,3298.85,329.33,0.3,7662,2025-03,9.983175955257135
2025-01-11,Electronics,West,1045.13,80.92,0.33,2941,2025-01,7.7425774783998165
2024-05-29,Clothing,East,3867.57,229.48,0.09,3822,2024-05,5.933441411532305
2024-07-02,Electronics,East,2272.56,478.17,0.05,7419,2024-07,21.041028619706413
2024-02-16,Furniture,East,4473.93,377.77,0.12,1057,2024-02,8.443806675562646
2025-08-24,Furniture,West,3588.33,391.32,0.07,3209,2025-08,10.905351514492814
2024-05-04,Home,North,4907.38,569.64,0.03,1323,2024-05,11.607823319164197
2024-01-12,Furniture,North,2164.93,456.56,0.17,8144,2024-01,21.088903567320884
2025-05-04,Furniture,East,3099.9,630.84,0.33,4181,2025-05,20.35033388173812
2025-06-16,Clothing,East,4902.54,458.07,0.1,5978,2025-06,9.343523969207798
2024-01-21,Office Supplies,North,1573.9,269.78,0.09,6633,2024-01,17.14086028337251
2025-11-24,Furniture,West,1971.07,394.67,0.35,8312,2025-11,20.023134642605285
2024-03-18,Furniture,South,1786.89,104.53,0.21,6459,2024-03,5.84982847293342
2024-06-24,Office Supplies,East,3955.27,430.61,0.34,2116,2024-06,10.886993808260877
2024-01-11,Clothing,East,807.6,74.01,0.31,5032,2024-01,9.164190193164934
2025-01-01,Electronics,South,2698.98,644.84,0.12,4898,2025-01,23.891988825408117
2024-11-30,Home,West,2008.17,233.97,0.09,7475,2024-11,11.65090604879069
2025-11-21,Office Supplies,North,300.69,78.45,0.05,1073,2025-11,26.089993016063058
2025-07-20,Clothing,South,3014.71,289.66,0.02,7356,2025-07,9.608221022917627
2025-01-21,Home,East,414.51,57.92,0.31,3050,2025-01,13.973124894453692
2025-05-04,Clothing,South,552.55,94.39,0.01,5588,2025-05,17.08261695774138
2024-01-09,Furniture,South,2041.05,380.75,0.06,2038,2024-01,18.654614046691652
2024-01-22,Electronics,East,3384.66,729.62,0.26,6920,2024-01,21.556670389344866
2025-09-13,Office Supplies,South,839.88,110.74,0.05,8772,2025-09,13.185216935752726
2025-04-24,Electronics,South,4320.85,875.48,0.23,2753,2025-04,20.261754053021974
2024-11-02,Electronics,West,2877.61,207.14,0.26,1557,2024-11,7.198334729167607
2025-04-17,Clothing,South,330.04,59.77,0.31,8762,2025-04,18.109926069567326
2024-12-27,Clothing,North,4409.24,733.49,0.02,5546,2024-12,16.63529315709737
2024-11-15,Home,South,3562.94,494.96,0.25,5374,2024-11,13.891898263793385
2025-01-24,Electronics,South,3064.92,232.28,0.03,3215,2025-01,7.578664369706225
2024-10-26,Home,South,504.37,77.81,0.03,2448,2024-10,15.427166564228642
2024-09-02,Clothing,East,3981.07,506.31,0.17,3480,2024-09,12.717937639880736
2025-12-27,Furniture,North,1594.97,81.08,0.35,4386,2025-12,5.083481194003649
2024-07-15,Clothing,West,3405.61,538.51,0.16,6920,2024-07,15.812438887600164
2025-05-14,Clothing,East,3612.77,665.49,0.22,4218,2025-05,18.42049175563349
2024-09-04,Furniture,South,3563.22,139.57,0.3,7016,2024-09,3.916962747178114
2025-12-09,Clothing,North,2440.18,48.42,0.32,2628,2025-12,1.9842798482079194
2024-05-26,Office Supplies,North,2977.47,425.81,0.2,7403,2024-05,14.301067684980875
2024-01-25,Office Supplies,South,244.17,21.79,0.13,8798,2024-01,8.924110251054593
2024-07-09,Clothing,North,499.15,108.47,0.21,1506,2024-07,21.730942602424122
2025-11-27,Furniture,East,3912.64,516.43,0.18,5504,2025-11,13.199016520814592
2025-06-08,Clothing,North,2624.71,415.66,0.13,4916,2025-06,15.83641621360074
2025-10-30,Office Supplies,South,4599.21,884.15,0.34,8369,2025-10,19.223953679001394
2024-08-22,Furniture,East,4268.33,701.38,0.32,2800,2024-08,16.43218776430126
2024-05-13,Electronics,East,3759.28,838.21,0.27,1492,2024-05,22.29708880423911
2025-02-10,Electronics,South,1849.77,305.86,0.12,3777,2025-02,16.535028679241204
2024-04-18,Home,North,4200.97,779.16,0.37,1141,2024-04,18.547145064116144
2025-03-01,Office Supplies,East,3280.07,401.88,0.35,2320,2025-03,12.252177544991417
2025-12-13,Home,South,4421.47,200.33,0.23,4931,2025-12,4.53084607607877
2025-11-22,Home,North,4722.53,1122.57,0.02,7720,2025-11,23.770521309552294
2024-07-21,Office Supplies,South,3507.53,542.71,0.4,5831,2024-07,15.472711566258878
2025-10-11,Electronics,West,3474.37,711.4,0.31,5311,2025-10,20.47565457910355
2024-12-03,Clothing,South,1128.61,87.49,0.26,4769,2024-12,7.752013538777788
2024-01-07,Electronics,North,4547.45,740.21,0.35,1096,2024-01,16.277474188831103
2024-01-21,Clothing,West,4479.06,49.49,0.39,3847,2024-01,1.1049193357534839
2025-12-13,Electronics,West,1094.98,225.28,0.18,8473,2025-12,20.5738917605801
2025-03-17,Office Supplies,West,2954.8,143.36,0.13,3322,2025-03,4.851766617029918
2025-01-19,Clothing,West,4447.96,992.31,0.09,3564,2025-01,22.30932832129785
2024-06-11,Electronics,North,1837.79,267.0,0.15,2796,2024-06,14.528319340076939
2024-02-15,Clothing,North,785.03,194.14,0.1,5183,2024-02,24.730265085410746
2025-03-22,Electronics,North,2792.98,39.25,0.35,5673,2025-03,1.4053090247692428
2025-07-29,Clothing,East,3128.34,125.21,0.27,7694,2025-07,4.002442189787555
2025-06-05,Clothing,North,1840.6,236.21,0.24,7905,2025-06,12.83331522329675
2024-07-10,Office Supplies,West,3836.34,384.96,0.07,6484,2024-07,10.034564193997403
2025-10-13,Home,East,3746.07,784.02,0.17,6139,2025-10,20.929133732151293
2024-09-01,Electronics,South,679.5,55.37,0.16,5988,2024-09,8.148638704930097
2025-03-08,Furniture,South,2625.5,195.69,0.22,6180,2025-03,7.453437440487526
2024-06-12,Furniture,East,977.18,121.84,0.17,5684,2024-06,12.468531897910315
2024-09-19,Home,North,2511.12,356.6,0.4,7387,2024-09,14.200834687310843
2024-06-17,Home,East,3612.04,799.48,0.23,5231,2024-06,22.13375267162047
2024-04-12,Office Supplies,East,3360.5,298.67,0.34,7939,2024-04,8.8876655259634
2025-08-05,Furniture,North,1438.23,113.73,0.24,4188,2025-08,7.907636469827496
2024-09-09,Electronics,North,4491.19,869.59,0.01,4904,2024-09,19.36212896804633
2025-11-06,Clothing,East,4767.57,748.69,0.13,5371,2025-11,15.703807180597245
2025-04-26,Home,West,2570.18,319.28,0.31,4163,2025-04,12.422476246799835
2024-09-01,Furniture,South,3142.83,262.95,0.38,6782,2024-09,8.366663166636439
2024-06-03,Home,South,4210.35,317.71,0.26,6583,2024-06,7.545928485755341
2025-01-16,Furniture,West,4463.96,676.47,0.2,7517,2025-01,15.154033638294251
2024-10-05,Electronics,West,4440.0,1118.78,0.06,8093,2024-10,25.197747747747744
2025-08-28,Office Supplies,East,563.69,116.4,0.02,4608,2025-08,20.649647856091114
2025-09-28,Home,North,451.4,119.82,0.0,7247,2025-09,26.544085068675233
2024-09-25,Furniture,West,4613.31,857.91,0.36,2593,2024-09,18.5964090858841
2024-03-26,Furniture,South,3903.76,693.03,0.37,6838,2024-03,17.75288439863106
2024-05-01,Furniture,West,257.29,45.78,0.23,2637,2024-05,17.793151696529208
2025-09-18,Home,West,2525.99,95.84,0.21,1084,2025-09,3.7941559546949915
2025-11-11,Office Supplies,East,4571.35,268.94,0.4,8390,2025-11,5.883163616874665
2025-07-22,Furniture,West,2600.87,666.55,0.05,6269,2025-07,25.627962950858752
2025-10-30,Electronics,South,2394.23,218.73,0.08,6196,2025-10,9.135713778542579
2024-04-21,Home,East,1202.05,127.64,0.26,4030,2024-04,10.618526683582214
2024-01-02,Office Supplies,South,1287.6,102.67,0.16,3276,2024-01,7.973749611680647
2025-03-01,Office Supplies,West,945.4,192.47,0.28,2274,2025-03,20.358578379521898
2024-10-21,Furniture,East,3546.48,637.96,0.14,5638,2024-10,17.988540750265052
2024-03-30,Clothing,East,212.2,10.72,0.31,5894,2024-03,5.051837888784166
2025-01-03,Furniture,South,4970.14,724.07,0.37,1862,2025-01,14.568402499728379
2025-02-10,Office Supplies,West,283.28,58.04,0.24,1338,2025-02,20.488562552951144
2025-10-14,Office Supplies,East,1754.85,305.26,0.03,6351,2025-10,17.395218964583865
2025-07-26,Home,West,4800.75,1261.78,0.0,1705,2025-07,26.28297661823673
2025-01-03,Furniture,South,607.35,37.07,0.39,5841,2025-01,6.103564666172717
2024-11-29,Electronics,South,1436.25,134.18,0.24,7281,2024-11,9.342384682332463
2025-05-02,Home,North,3152.13,469.36,0.25,3402,2025-05,14.890248815880055
2024-10-07,Clothing,North,2456.06,67.5,0.29,3085,2024-10,2.748304194522935
2024-10-22,Office Supplies,West,3576.03,538.32,0.14,6282,2024-10,15.053564986870915
2024-06-27,Electronics,West,3077.5,419.32,0.03,5137,2024-06,13.625345247766043
2024-06-29,Home,East,2747.32,130.74,0.13,5722,2024-06,4.75881950409854
2024-02-17,Office Supplies,North,2719.27,315.26,0.17,8802,2024-02,11.593552681418174
2024-10-24,Home,South,923.94,67.57,0.3,1684,2024-10,7.313245448838668
2025-11-17,Office Supplies,West,4887.24,1129.41,0.08,5738,2025-11,23.109362339479954
2024-05-03,Clothing,North,1049.38,122.75,0.24,5015,2024-05,11.69738321675656
2024-12-01,Furniture,East,3634.32,475.7,0.09,7677,2024-12,13.08910607761562
2024-10-28,Office Supplies,West,3344.14,587.31,0.28,3370,2024-10,17.562362819738407
2024-01-10,Home,North,3636.99,910.95,0.11,7380,2024-01,25.04681068685919
2025-06-25,Electronics,East,328.85,30.74,0.25,3710,2025-06,9.347726927170442
2025-11-20,Furniture,East,3422.43,523.7,0.37,4292,2025-11,15.30199302834536
2024-02-26,Furniture,West,4025.27,737.54,0.37,4989,2024-02,18.32274605181764
2025-01-31,Clothing,North,2875.47,240.15,0.2,4768,2025-01,8.35167816043986
2024-01-17,Office Supplies,West,4815.06,608.32,0.23,6132,2024-01,12.633695114910301
2024-03-17,Office Supplies,North,4507.08,586.76,0.23,7676,2024-03,13.018628468986574
2024-03-02,Home,West,4017.45,806.96,0.03,6556,2024-03,20.0863731969284
2024-03-22,Home,North,4123.57,992.42,0.18,1638,2024-03,24.067009896764212
2024-11-01,Furniture,West,3208.12,625.19,0.19,8427,2024-11,19.48773736643268
2024-10-31,Clothing,West,4237.35,290.49,0.33,7066,2024-10,6.855463910226909
2025-07-28,Clothing,North,154.31,12.24,0.16,6880,2025-07,7.932084764435228
2024-09-20,Electronics,West,4747.19,54.68,0.33,6147,2024-09,1.1518392986166552
2025-09-01,Electronics,East,1973.55,383.23,0.26,4543,2025-09,19.418307111550252
2024-10-17,Office Supplies,South,3063.96,113.95,0.27,7805,2024-10,3.7190433295473833
2024-10-15,Clothing,South,2205.03,189.03,0.16,6396,2024-10,8.57267248064652
2025-09-02,Furniture,West,2702.09,532.99,0.13,4881,2025-09,19.72510168055098
2025-06-13,Office Supplies,South,1858.74,65.54,0.3,6040,2025-06,3.5260445247856076
2025-07-30,Home,East,3847.27,573.19,0.19,6294,2025-07,14.898616421514477
2024-01-28,Office Supplies,West,3028.97,733.28,0.13,8420,2024-01,24.208889490486865
2025-11-14,Home,East,2517.46,312.46,0.24,1192,2025-11,12.411716571464888
2025-07-03,Home,East,2458.61,110.47,0.28,7400,2025-07,4.493189241075242
2024-05-06,Clothing,South,4846.84,569.31,0.17,5478,2024-05,11.746003581715096
2024-04-04,Clothing,West,4771.98,644.3,0.34,7913,2024-04,13.501733033248254
2024-01-29,Home,East,4482.28,1055.69,0.02,8130,2024-01,23.55252237700456
2025-03-20,Electronics,North,3718.21,950.41,0.03,7710,2025-03,25.560955405961472
2024-08-30,Clothing,North,1086.17,214.39,0.14,6655,2024-08,19.7381625344099
2025-04-01,Electronics,North,1526.06,205.2,0.04,4574,2025-04,13.446391360759078
2024-01-30,Electronics,East,894.57,149.3,0.4,1571,2024-01,16.689582704539614
2024-05-28,Electronics,East,2340.13,341.94,0.25,3619,2024-05,14.612008734557481
2024-03-25,Furniture,North,374.81,31.04,0.3,3789,2024-03,8.281529308182813
2025-02-23,Electronics,North,282.45,66.2,0.04,1734,2025-02,23.437776597627902
2025-01-25,Clothing,West,3980.59,214.07,0.38,6576,2025-01,5.377845997703858
2025-09-30,Furniture,South,1860.23,429.11,0.18,2112,2025-09,23.06757766512743
2024-03-30,Electronics,East,3520.21,200.21,0.35,8700,2024-03,5.687444783123734
2024-12-07,Home,South,2215.38,302.31,0.27,2863,2024-12,13.645965929095686
2024-04-13,Clothing,East,3827.1,462.56,0.37,4993,2024-04,12.08643620495937
2024-03-14,Electronics,East,1377.88,248.01,0.05,4808,2024-03,17.99939036781142
2025-09-20,Furniture,East,2083.28,39.62,0.32,7772,2025-09,1.901808686302369
2024-02-12,Home,North,4370.92,294.89,0.24,6405,2024-02,6.746634575787248
2025-09-17,Office Supplies,South,4610.17,492.23,0.17,6202,2025-09,10.677046616502212
2024-09-06,Office Supplies,West,3269.27,352.85,0.19,4813,2024-09,10.792929308377712
2024-09-01,Electronics,South,4928.13,514.64,0.13,1140,2024-09,10.442906335668905
2024-11-19,Home,West,3313.09,365.73,0.21,8009,2024-11,11.038939479458755
2024-09-13,Clothing,South,3643.1,515.1,0.06,1057,2024-09,14.139057396173591
2024-05-15,Office Supplies,South,2563.71,143.59,0.38,1313,2024-05,5.600867492813149
2024-01-17,Office Supplies,West,3936.62,521.66,0.07,3291,2024-01,13.251469534778565
2025-09-13,Furniture,West,4330.84,104.67,0.28,3418,2025-09,2.4168521580109172
2025-07-11,Furniture,West,3664.15,155.11,0.33,5369,2025-07,4.2331782268739
2024-06-04,Furniture,South,4033.13,382.21,0.27,1960,2024-06,9.476758745688832
2025-12-04,Electronics,East,3744.05,324.93,0.1,8353,2025-12,8.678569997729731
2024-08-22,Furniture,West,2492.23,405.67,0.16,8443,2024-08,16.27739012851944
2025-01-07,Furniture,South,2890.49,244.66,0.04,3322,2025-01,8.464308819611901
2024-07-12,Home,South,1644.25,310.91,0.28,1984,2024-07,18.908925041812378
2025-08-30,Office Supplies,South,306.93,52.4,0.35,4488,2025-08,17.072296614863323
2025-09-18,Home,North,1372.87,173.56,0.36,3299,2025-09,12.642129262056862
2024-04-22,Furniture,West,2322.36,226.46,0.3,6132,2024-04,9.751287483422036
2024-12-05,Home,North,905.58,102.3,0.37,4101,2024-12,11.296627575697341
2025-12-23,Office Supplies,North,4832.55,498.28,0.18,3171,2025-12,10.310912458225987
2025-09-03,Furniture,North,936.79,201.29,0.05,3824,2025-09,21.4872063109128
2025-03-16,Furniture,West,2047.18,184.36,0.4,6726,2025-03,9.00555886634297
2025-10-15,Furniture,West,4141.31,219.52,0.29,1544,2025-10,5.300738172220867
2024-09-14,Office Supplies,East,3966.96,298.85,0.28,1526,2024-09,7.533476516022346
2024-03-22,Clothing,North,3926.98,77.06,0.26,2603,2024-03,1.9623221916078004
2024-05-02,Furniture,North,4037.97,369.61,0.06,4335,2024-05,9.153361713930515
2025-04-25,Office Supplies,South,2647.7,250.55,0.07,2008,2025-04,9.462930090267026
2025-07-15,Home,South,864.47,112.41,0.22,6618,2025-07,13.003343088828991
2025-10-17,Clothing,West,2495.13,545.28,0.16,2379,2025-10,21.853771146192784
2025-09-15,Electronics,West,3341.87,394.38,0.23,7953,2025-09,11.80117718522863
2025-01-13,Electronics,West,336.94,10.51,0.26,2767,2025-01,3.1192497180506913
2025-09-26,Home,East,4016.16,582.02,0.26,7320,2025-09,14.49195251185212
2025-12-21,Home,East,1869.43,137.85,0.26,8070,2025-12,7.373905415019551
2025-05-29,Electronics,North,2189.6,180.47,0.22,2572,2025-05,8.242144683960541
2025-01-25,Clothing,North,4588.95,796.26,0.1,2953,2025-01,17.351681757264732
2025-12-02,Electronics,South,3389.31,344.38,0.19,7946,2025-12,10.1607701862621
2024-09-28,Home,South,802.0,140.84,0.15,7204,2024-09,17.561097256857856
2025-09-08,Home,East,2872.22,288.31,0.12,4942,2025-09,10.037880106677067
2024-02-13,Office Supplies,North,3291.98,403.09,0.12,4615,2024-02,12.244606589347445
2024-09-04,Furniture,South,3860.59,675.75,0.09,6170,2024-09,17.503801232454105
2024-05-10,Home,South,3449.66,491.73,0.38,5877,2024-05,14.254448264466642
2024-12-04,Electronics,South,1290.58,306.09,0.18,7764,2024-12,23.717243409939716
2025-09-22,Clothing,East,167.28,25.95,0.28,8431,2025-09,15.512912482065996
2024-09-17,Clothing,East,3276.59,409.4,0.23,1805,2024-09,12.494697230962675
2024-01-23,Clothing,West,2838.59,235.82,0.12,3585,2024-01,8.307645697335648
2024-07-24,Home,East,4767.56,676.23,0.19,1873,2024-07,14.183985099296075
2024-07-11,Electronics,West,4434.98,299.65,0.33,2232,2024-07,6.7565129944216205
2025-01-28,Home,North,4606.28,1019.73,0.22,7236,2025-01,22.1378205406532
2024-12-15,Electronics,East,4766.14,713.3,0.27,1711,2024-12,14.965989249161794
2024-10-03,Electronics,East,2655.08,409.6,0.08,4493,2024-10,15.427030447293491
2024-05-08,Office Supplies,North,1120.38,102.27,0.18,4700,2024-05,9.12815294810689
2025-05-20,Office Supplies,East,2912.2,214.97,0.3,2702,2025-05,7.381704553258706
2025-01-20,Furniture,North,1746.63,428.4,0.12,5903,2025-01,24.527232441902402
2025-05-12,Furniture,South,4839.95,478.27,0.29,3906,2025-05,9.881713654066674
2025-11-16,Office Supplies,West,2176.39,213.79,0.24,2990,2025-11,9.823147505731969
2025-09-27,Office Supplies,West,780.6,124.38,0.07,2643,2025-09,15.933897002305915
2025-05-24,Electronics,West,1559.76,368.89,0.12,5796,2025-05,23.650433400010257
2024-07-29,Electronics,West,1143.59,99.21,0.03,3538,2024-07,8.675311956208082
2024-04-26,Furniture,North,4045.85,904.81,0.12,1592,2024-04,22.363903753228616
2024-01-23,Furniture,South,1309.49,121.88,0.39,8250,2024-01,9.307440301185958
2025-12-19,Electronics,West,2494.81,403.8,0.04,4296,2025-12,16.185601308316063
2024-03-15,Furniture,East,1950.93,144.82,0.15,2612,2024-03,7.423126406380547
2025-04-22,Furniture,West,3271.0,108.58,0.25,5460,2025-04,3.319474166921431
2025-05-28,Office Supplies,West,875.69,119.75,0.25,5310,2025-05,13.674930626134818
2025-07-28,Office Supplies,South,1971.66,190.0,0.24,4866,2025-07,9.636549912256678
2025-07-08,Furniture,West,924.82,27.82,0.36,7910,2025-07,3.0081529378689904
2024-06-01,Office Supplies,North,1471.65,110.88,0.29,3240,2024-06,7.534400163082254
2025-04-22,Office Supplies,North,2404.32,261.9,0.15,4671,2025-04,10.892892792972647
2025-11-05,Office Supplies,North,2115.62,275.59,0.0,5158,2025-11,13.026441421427288
2025-05-12,Office Supplies,North,1434.41,83.55,0.12,4908,2025-05,5.824694473686044
2024-04-11,Office Supplies,West,4667.69,857.2,0.31,1864,2024-04,18.36454434634691
2024-08-28,Clothing,North,3311.78,678.05,0.34,4039,2024-08,20.473884134815716
2025-12-06,Furniture,South,4946.2,1115.54,0.13,2459,2025-12,22.553475395252924
2025-02-24,Electronics,West,3936.19,956.55,0.15,2829,2025-02,24.301418376653565
2025-01-21,Home,West,644.01,51.64,0.17,3467,2025-01,8.018509029362898
2025-11-02,Clothing,East,3227.0,269.4,0.35,8253,2025-11,8.348311124883793
2025-02-25,Furniture,West,3360.24,403.55,0.24,3938,2025-02,12.009558841035165
2025-11-01,Office Supplies,North,951.88,194.53,0.11,4456,2025-11,20.436399546161283
2024-12-24,Electronics,South,648.2,125.55,0.19,7631,2024-12,19.36902190681888
2024-02-04,Clothing,West,1142.55,270.09,0.05,5623,2024-02,23.63922804253643
2024-05-02,Electronics,West,2266.67,45.32,0.3,6594,2024-05,1.9994088243987875
2025-10-31,Home,East,3326.35,25.57,0.32,4395,2025-10,0.7687104483893757
2024-05-14,Clothing,North,1177.84,172.82,0.18,2034,2024-05,14.672621069075598
2024-05-07,Clothing,West,463.41,63.44,0.09,2550,2024-05,13.689821108737402
2025-02-18,Office Supplies,West,4611.38,583.66,0.16,1135,2025-02,12.656948679137264
2024-08-27,Electronics,East,4344.0,378.47,0.11,4165,2024-08,8.712476979742172
2025-02-20,Electronics,East,972.82,110.76,0.29,5704,2025-02,11.385456713472173
2025-08-28,Clothing,East,3012.58,188.17,0.15,6928,2025-08,6.246141181313027
2025-03-07,Furniture,East,3400.0,349.19,0.38,3592,2025-03,10.27029411764706
2025-05-01,Electronics,North,408.48,32.62,0.14,2652,2025-05,7.985703094398746
2024-09-06,Clothing,East,2214.57,496.67,0.24,3328,2024-09,22.427378678479343
2025-12-05,Furniture,West,3987.37,283.67,0.17,4975,2025-12,7.1142131279515075
2024-01-30,Clothing,North,1588.02,286.82,0.14,4571,2024-01,18.06148537172076
2025-01-23,Furniture,North,3570.89,363.22,0.01,3718,2025-01,10.171693891438832
2024-09-24,Clothing,North,4118.49,483.79,0.2,1509,2024-09,11.746780980407868
2024-03-21,Office Supplies,West,3000.61,232.97,0.17,4673,2024-03,7.764087968779681
2024-06-16,Office Supplies,South,1587.52,417.67,0.02,4056,2024-06,26.30958980044346
2025-05-25,Electronics,North,4105.08,563.29,0.2,7970,2025-05,13.721778869108519
2025-08-12,Office Supplies,North,488.96,107.61,0.25,6510,2025-08,22.007935209424083
2024-03-17,Office Supplies,West,658.19,80.94,0.23,4188,2024-03,12.297360944408148
2024-03-05,Clothing,South,3250.13,273.78,0.28,2602,2024-03,8.42366305347786
2025-02-25,Furniture,East,1460.31,284.0,0.29,1680,2025-02,19.447925440488664
2024-03-11,Electronics,East,2780.34,615.73,0.12,2486,2024-03,22.14585266550134
2024-07-02,Home,East,718.99,75.79,0.06,2575,2024-07,10.541175816075327
2025-06-26,Furniture,West,3417.97,373.37,0.36,6943,2025-06,10.923735433605328
2025-12-07,Home,East,2387.18,394.66,0.1,1297,2025-12,16.532477651454858
2024-08-28,Clothing,South,2649.21,693.46,0.07,6383,2024-08,26.176105329513327
2024-06-28,Home,South,3956.15,157.01,0.2,3888,2024-06,3.9687575041391248
2024-05-02,Office Supplies,West,4465.74,1004.18,0.25,1114,2024-05,22.486306860677065
2025-09-27,Home,South,4021.63,616.36,0.05,3483,2025-09,15.326123984553528
2025-08-26,Furniture,East,3763.37,353.59,0.14,2902,2025-08,9.395568333700911
2025-06-06,Furniture,East,3035.49,635.37,0.31,1193,2025-06,20.931381753851934
2025-10-04,Home,North,2943.84,435.65,0.24,1393,2025-10,14.798698298820586
2024-09-28,Furniture,West,1343.06,83.51,0.36,5016,2024-09,6.217890488883595
2025-04-25,Clothing,North,1898.92,304.04,0.28,4257,2025-04,16.011206369936595
2025-12-29,Electronics,North,1764.38,252.88,0.29,6113,2025-12,14.332513404141963
2024-08-15,Office Supplies,West,3040.36,556.62,0.37,2992,2024-08,18.30770040389954
2024-05-19,Furniture,West,470.31,51.72,0.15,5298,2024-05,10.99700197741915
2025-10-15,Home,South,2697.42,415.47,0.08,6110,2025-10,15.402495718130659
2025-09-22,Electronics,East,3158.48,496.82,0.24,3713,2025-09,15.729718092246902
2024-12-08,Office Supplies,East,2420.21,106.86,0.18,7609,2024-12,4.415319331793522
2025-04-13,Home,South,609.03,6.32,0.3,3896,2025-04,1.0377157118696947
2025-11-05,Home,North,1299.77,145.21,0.26,4191,2025-11,11.17197658047193
2024-01-02,Furniture,East,3205.85,238.29,0.36,4241,2024-01,7.432974094233978
2024-06-11,Office Supplies,South,4406.03,941.39,0.14,3137,2024-06,21.36594621461951
2024-10-04,Furniture,South,339.0,23.96,0.01,7281,2024-10,7.067846607669617
2024-10-21,Furniture,North,2892.11,717.36,0.06,2993,2024-10,24.80403580776665
2024-04-29,Electronics,South,4365.09,629.13,0.29,4619,2024-04,14.412761248908957
2025-07-26,Furniture,South,4997.87,1136.1,0.21,3809,2025-07,22.73168369725503
2025-05-25,Clothing,North,3517.88,615.85,0.25,5642,2025-05,17.506282192684232
2024-06-09,Office Supplies,South,4388.15,623.44,0.23,6136,2024-06,14.207353896288872
2024-12-19,Electronics,West,2752.12,431.18,0.33,8319,2024-12,15.667194744415216
2024-02-29,Home,West,627.85,152.71,0.17,3563,2024-02,24.322688540256433
2024-03-21,Home,North,3853.01,806.68,0.0,1577,2024-03,20.936358846719834
2024-04-03,Office Supplies,North,2840.33,259.05,0.02,4983,2024-04,9.120419106230615
2025-07-24,Home,West,3996.76,584.17,0.29,8949,2025-07,14.616089032116012
2025-10-16,Office Supplies,South,3887.62,766.71,0.21,6391,2025-10,19.72183495300467
2024-10-01,Furniture,North,3727.62,242.04,0.29,3369,2024-10,6.493151125919487
2024-08-01,Home,West,3781.02,547.83,0.31,8426,2024-08,14.48894742688481
2024-07-02,Office Supplies,South,4821.83,812.17,0.01,3302,2024-07,16.843605021330074
2024-02-26,Electronics,West,510.8,107.2,0.14,7953,2024-02,20.986687548942832
2024-11-20,Furniture,North,216.58,38.84,0.19,2356,2024-11,17.93332717702466
2024-06-12,Clothing,North,2492.27,405.66,0.34,1874,2024-06,16.27672764186866
2025-12-20,Office Supplies,West,2177.97,249.89,0.26,8075,2025-12,11.473528101856315
2025-01-21,Clothing,East,163.79,11.53,0.27,6905,2025-01,7.039501801086757
2024-01-29,Furniture,West,3437.54,640.03,0.02,7865,2024-01,18.618837889886372
2024-11-03,Home,East,166.74,27.08,0.24,1135,2024-11,16.240854024229336
2025-12-15,Clothing,South,388.7,73.24,0.39,5305,2025-12,18.842294828916902
2025-08-14,Clothing,West,158.87,41.15,0.03,5751,2025-08,25.90168061937433
2024-08-17,Office Supplies,East,2372.64,128.22,0.1,8169,2024-08,5.404106817722031
2025-11-21,Office Supplies,North,4474.05,887.94,0.35,3129,2025-11,19.84644784926409
2024-09-14,Furniture,West,231.21,25.77,0.4,6937,2024-09,11.145711690670817
2025-01-12,Electronics,East,2397.06,591.81,0.01,4321,2025-01,24.688994017671646
2025-11-06,Electronics,South,812.51,118.4,0.38,6542,2025-11,14.572128343035779
2024-01-20,Electronics,North,150.42,10.92,0.24,8518,2024-01,7.259672915835661
2024-02-08,Clothing,North,2046.49,105.22,0.28,6107,2024-02,5.141486154342313
2024-09-13,Clothing,South,4820.04,519.85,0.33,8253,2024-09,10.785180205973395
2025-10-02,Office Supplies,South,300.92,46.27,0.33,8770,2025-10,15.376179715539015
2024-11-02,Office Supplies,South,4248.04,1003.19,0.19,2542,2024-11,23.615361437274604
2024-03-20,Office Supplies,East,3729.21,832.87,0.09,7233,2024-03,22.333684614167613
2025-12-01,Electronics,East,4398.11,853.07,0.12,7704,2025-12,19.396286131997613
2025-03-23,Clothing,East,4247.37,235.31,0.1,8771,2025-03,5.540134247781568
2024-02-21,Clothing,South,3326.0,542.03,0.35,6373,2024-02,16.296752856283824
2024-08-12,Office Supplies,West,2880.45,355.06,0.12,4164,2024-08,12.32654619937857
2024-01-25,Electronics,West,398.27,98.12,0.08,1790,2024-01,24.636553092123435
2025-03-03,Home,South,4766.4,974.37,0.01,3549,2025-03,20.442472306143003
2024-11-17,Office Supplies,South,3765.19,446.94,0.32,1510,2024-11,11.870317301384524
2025-05-13,Office Supplies,East,3243.05,280.24,0.17,2346,2025-05,8.64124820770571
2025-09-03,Electronics,North,2386.04,27.68,0.33,6305,2025-09,1.1600811386229906
2025-10-15,Furniture,North,810.36,22.0,0.35,3589,2025-10,2.714842785922306
2024-03-06,Office Supplies,South,4291.74,397.69,0.13,8401,2024-03,9.266404768229204
2025-08-04,Clothing,East,3732.64,531.69,0.29,7035,2025-08,14.244341806335465
2025-03-10,Clothing,West,3999.29,754.94,0.0,8633,2025-03,18.876850640988778
2025-05-27,Office Supplies,West,4402.81,651.87,0.3,5100,2025-05,14.805771768484217
2025-08-19,Office Supplies,South,1282.87,64.43,0.39,1185,2025-08,5.022332738313314
2024-12-24,Clothing,North,4769.08,598.78,0.36,4227,2024-12,12.555461430716196
2025-12-03,Clothing,East,1592.11,287.14,0.21,3562,2025-12,18.035186011016826
2025-08-23,Office Supplies,South,1939.57,427.21,0.03,1891,2025-08,22.026016075728126
2025-11-04,Home,East,4323.23,586.17,0.33,1840,2025-11,13.558612426357145
2024-03-14,Furniture,North,4764.56,1003.25,0.03,6756,2024-03,21.056508890642576
2024-02-27,Electronics,East,4070.81,959.76,0.1,5779,2024-02,23.576634625541352
2024-05-04,Office Supplies,North,4516.9,200.96,0.14,7148,2024-05,4.449069051783304
2025-01-25,Electronics,East,604.65,51.68,0.14,1553,2025-01,8.547093359794923
2025-10-14,Clothing,South,4728.02,684.55,0.15,2108,2025-10,14.478576655767107
2024-11-15,Office Supplies,South,3770.42,553.89,0.35,5109,2024-11,14.690405843380844
2025-01-15,Office Supplies,West,2100.77,65.69,0.3,4832,2025-01,3.1269486902421493
2025-05-07,Home,North,754.54,81.9,0.21,4024,2025-05,10.854295332255415
2024-10-13,Electronics,West,4009.81,635.01,0.25,6800,2024-10,15.836411201528252
2024-06-28,Home,North,4953.98,1311.24,0.07,4667,2024-06,26.46841529436938
2024-05-28,Furniture,North,2888.14,446.01,0.26,3050,2024-05,15.442810944067809
2024-06-08,Office Supplies,East,4558.71,841.11,0.01,6820,2024-06,18.45061431852432
2024-02-09,Office Supplies,West,1373.84,304.14,0.12,3241,2024-02,22.137949106155013
2025-09-16,Electronics,South,2546.54,379.86,0.04,5207,2025-09,14.916710517015245
2024-03-27,Electronics,North,1382.29,180.78,0.39,5004,2024-03,13.078297607593198
2025-03-11,Furniture,East,4091.83,585.85,0.19,3555,2025-03,14.317554737122512
2024-08-04,Clothing,North,863.76,92.04,0.34,7048,2024-08,10.655737704918034
2024-10-18,Home,West,3135.64,75.98,0.32,4448,2024-10,2.4231097957673713
2025-02-13,Furniture,West,636.21,113.59,0.28,3239,2025-02,17.854167649046698
2024-02-13,Office Supplies,North,3301.23,604.15,0.12,5794,2024-02,18.30075456723706
2024-11-10,Clothing,West,4695.52,236.5,0.24,3114,2024-11,5.036715848297952
2024-08-10,Clothing,North,3570.4,345.19,0.19,3027,2024-08,9.668104414071252
2025-03-03,Office Supplies,East,3648.53,585.81,0.32,6303,2025-03,16.0560554524699
2024-05-25,Furniture,East,3832.03,472.33,0.09,2708,2024-05,12.32584296051962
2025-09-15,Office Supplies,West,4744.98,1020.34,0.19,2567,2025-09,21.503567981319208
2025-02-18,Clothing,West,1448.35,132.27,0.09,2329,2025-02,9.132461076397282
2024-02-11,Clothing,East,3293.96,211.91,0.23,8904,2024-02,6.433290021736754
2024-10-07,Clothing,West,3499.89,106.99,0.38,4095,2024-10,3.0569532185297255
2025-05-16,Electronics,West,3157.76,312.38,0.36,7064,2025-05,9.892455411430886
2024-04-11,Home,West,848.22,134.15,0.25,2604,2024-04,15.815472401028035
2025-09-13,Electronics,South,4884.79,819.62,0.05,3102,2025-09,16.779022230228936
2025-05-03,Electronics,West,3482.8,605.07,0.4,7161,2025-05,17.37309061674515
2024-02-23,Furniture,East,732.48,106.4,0.15,1512,2024-02,14.525993883792049
2024-08-22,Home,East,2189.41,475.11,0.28,1286,2024-08,21.700366765475632
2025-02-11,Home,West,3979.63,731.76,0.12,6308,2025-02,18.387639051871655
2024-08-21,Office Supplies,East,4317.86,877.56,0.09,5185,2024-08,20.323956774883854
2024-05-31,Electronics,South,1709.72,97.88,0.11,1108,2024-05,5.724914021009288
2025-10-09,Clothing,West,1022.11,129.97,0.11,4520,2025-10,12.715852501198501
2024-11-14,Office Supplies,West,418.84,69.35,0.14,3013,2024-11,16.557635373889788
2024-07-06,Home,South,4168.25,381.75,0.19,8451,2024-07,9.158519762490254
2025-02-24,Clothing,North,3333.54,621.93,0.16,3084,2025-02,18.65674328191652
2025-10-14,Clothing,East,3441.39,598.87,0.05,8087,2025-10,17.401980013889737
2024-05-24,Electronics,South,330.67,41.49,0.11,7293,2024-05,12.54725254785738
2025-09-23,Clothing,South,2530.07,515.58,0.38,6327,2025-09,20.37809230574648
2025-07-05,Furniture,South,1097.54,171.73,0.11,5170,2025-07,15.64681013903821
2025-04-21,Home,North,3564.04,322.09,0.36,2424,2025-04,9.037216192859788
2024-04-26,Office Supplies,West,2343.12,160.68,0.39,2424,2024-04,6.857523302263649
2025-03-30,Electronics,South,4872.24,482.3,0.37,8331,2025-03,9.898937654959527
2025-06-30,Home,South,1311.18,220.82,0.1,2839,2025-06,16.841318506993698
2025-08-28,Electronics,North,3303.04,643.06,0.23,3376,2025-08,19.46873183491571
2025-08-28,Office Supplies,South,4183.88,1013.23,0.05,7760,2025-08,24.217472776465865
2024-12-26,Furniture,South,801.48,80.19,0.2,7788,2024-12,10.005240305434945
2025-12-16,Clothing,East,4623.53,461.77,0.31,8485,2025-12,9.987390586845981
2024-08-28,Clothing,South,1329.87,199.06,0.27,8036,2024-08,14.968380368005896
2025-06-05,Home,East,4646.35,543.42,0.33,3986,2025-06,11.695632055269188
2025-11-08,Clothing,North,4326.8,975.78,0.04,2262,2025-11,22.552001479153184
2024-07-08,Home,South,858.62,206.34,0.1,2276,2024-07,24.031585567538606
2025-04-17,Furniture,North,466.07,70.26,0.14,4232,2025-04,15.074988735597659
2025-11-10,Furniture,West,2664.47,339.34,0.2,7486,2025-11,12.7357410667037
2024-12-23,Electronics,East,445.51,77.92,0.13,3337,2024-12,17.490067563017668
2024-09-03,Furniture,West,2575.22,405.91,0.16,4543,2024-09,15.762148476635007
2025-08-12,Furniture,West,354.82,30.83,0.28,2782,2025-08,8.688912688123555
2025-09-06,Electronics,North,4735.03,408.99,0.27,3907,2025-09,8.637537671355831
2024-06-29,Electronics,South,2938.52,267.44,0.32,1631,2024-06,9.101180185943944
2024-08-21,Furniture,North,4116.84,196.98,0.2,3205,2024-08,4.784737808610487
2025-08-15,Furniture,East,3582.02,622.63,0.05,8976,2025-08,17.382091668946572
2025-02-23,Electronics,East,1195.32,121.32,0.33,1248,2025-02,10.149583375163136
2024-05-05,Clothing,South,2029.95,257.19,0.04,7504,2024-05,12.669770191384025
2024-06-06,Electronics,West,3855.02,740.28,0.2,3035,2024-06,19.203013213939226
2025-03-19,Clothing,West,3650.32,374.41,0.11,2518,2025-03,10.25690898332201
2024-06-09,Clothing,North,328.28,31.02,0.26,6782,2024-06,9.44925063969782
2024-05-14,Electronics,South,4568.12,952.7,0.06,5024,2024-05,20.855406600527132
2024-01-25,Office Supplies,East,4693.49,671.22,0.04,8479,2024-01,14.301085120027954
2024-11-21,Office Supplies,North,4939.23,397.65,0.29,1444,2024-11,8.050850031280179
2025-07-13,Home,North,2862.93,680.74,0.11,2053,2025-07,23.777738191293537
2024-05-23,Electronics,West,438.34,80.56,0.21,2173,2024-05,18.378427704521606
2024-05-12,Home,North,3511.7,821.2,0.1,1223,2024-05,23.384685479966972
2025-03-08,Office Supplies,North,573.3,96.57,0.08,1542,2025-03,16.84458398744113
2025-03-16,Electronics,North,437.02,75.71,0.01,3260,2025-03,17.32414992448858
2024-05-13,Electronics,South,3212.99,289.94,0.11,1990,2024-05,9.02399322749215
2024-02-11,Electronics,South,2039.97,500.72,0.13,2872,2024-02,24.545459001848066
2024-10-24,Home,East,992.6,85.27,0.27,2726,2024-10,8.590570219625226
2025-06-28,Office Supplies,North,4854.91,371.87,0.32,5414,2025-06,7.65966825337648
2025-12-27,Office Supplies,East,4953.01,709.63,0.13,3707,2025-12,14.327247471739406
2024-06-26,Electronics,South,3918.18,278.82,0.31,7680,2024-06,7.116058986570295
2025-11-29,Office Supplies,North,797.94,87.54,0.33,5026,2025-11,10.9707496804271
2024-05-26,Home,South,3310.96,235.04,0.12,8821,2024-05,7.098847464179572
2024-08-20,Furniture,West,4575.98,884.5,0.17,2710,2024-08,19.32919287234647
2024-04-27,Clothing,East,2885.66,326.81,0.05,7008,2024-04,11.325312060325889
2024-08-28,Office Supplies,North,2083.75,388.89,0.29,7369,2024-08,18.662987402519494
2025-07-06,Electronics,North,2282.26,152.61,0.12,2361,2025-07,6.686792915793993
2024-05-14,Clothing,East,2531.89,133.31,0.32,5318,2024-05,5.265236641402273
2025-06-19,Clothing,North,1639.94,400.73,0.12,3211,2025-06,24.4356500847592
2025-06-26,Clothing,North,3220.51,670.88,0.02,7765,2025-06,20.83148321228625
2024-01-30,Home,South,2444.17,365.2,0.35,3020,2024-01,14.941677542887769
2025-09-15,Home,West,2098.04,392.6,0.17,3183,2025-09,18.712703284970736
2025-11-05,Home,West,3834.59,984.09,0.0,6894,2025-11,25.663499878735408
2025-11-17,Clothing,West,4363.77,454.06,0.05,3601,2025-11,10.405223006712085
2024-02-08,Furniture,South,2561.43,28.3,0.31,4045,2024-02,1.104851586808931
2025-04-23,Home,South,623.16,62.83,0.35,1331,2025-04,10.082482829449901
2024-08-11,Home,East,3371.52,373.55,0.13,2853,2024-08,11.079572418375095
2025-06-03,Clothing,West,4635.29,383.93,0.17,3756,2025-06,8.28276116488936
2024-04-14,Furniture,East,232.93,17.61,0.3,2763,2024-04,7.560211222255613
2025-05-26,Electronics,North,3042.69,622.75,0.28,6692,2025-05,20.467086689738355
2024-11-14,Office Supplies,East,4665.0,1155.33,0.06,2784,2024-11,24.765916398713824
2024-07-03,Home,North,3004.49,653.74,0.03,4436,2024-07,21.75876771099255
2024-07-02,Office Supplies,East,4604.77,501.17,0.3,3142,2024-07,10.883714061722952
2025-08-25,Home,North,1736.08,85.87,0.32,7755,2025-08,4.946200635915396
2024-01-12,Office Supplies,West,3834.06,251.09,0.23,7372,2024-01,6.548932463237405
2024-07-18,Home,West,2770.28,362.05,0.19,1966,2024-07,13.06907605007436
2025-07-07,Office Supplies,South,3190.9,194.4,0.39,7767,2025-07,6.092325049359115
2024-12-17,Electronics,North,2566.52,119.72,0.37,1052,2024-12,4.664682137680595
2024-04-25,Clothing,South,3138.44,596.29,0.04,5988,2024-04,18.99956666369279
2025-01-29,Office Supplies,South,3470.64,649.98,0.26,3082,2025-01,18.72795795588134
2025-12-09,Office Supplies,East,3992.5,238.64,0.19,1454,2025-12,5.9772072636192854
2024-11-15,Electronics,West,4612.94,287.23,0.05,8577,2024-11,6.226614696917801
2024-12-21,Furniture,West,4695.69,813.09,0.1,7727,2024-12,17.315666068245562
2025-07-31,Clothing,West,1371.92,85.02,0.13,4991,2025-07,6.1971543530235
2025-01-28,Furniture,North,1031.87,22.75,0.29,3957,2025-01,2.2047350925988742
2024-06-14,Clothing,South,300.72,54.21,0.35,8085,2024-06,18.0267358339984
2025-03-15,Home,East,3846.09,195.77,0.31,5789,2025-03,5.0901044957346295
2025-10-11,Electronics,West,3925.65,546.21,0.33,2592,2025-10,13.913874135493487
2024-02-07,Home,North,4554.09,513.01,0.37,1426,2024-02,11.264819096680126
2024-05-21,Clothing,West,645.24,81.34,0.33,8984,2024-05,12.606162048230116
2024-07-04,Electronics,West,4531.3,576.71,0.1,8466,2024-07,12.727252664798183
2024-11-08,Electronics,South,316.9,79.95,0.04,6245,2024-11,25.22877879457242
2025-12-12,Home,North,1967.21,77.97,0.24,5025,2025-12,3.9634812755120192
2024-06-28,Office Supplies,East,2753.9,621.79,0.13,6294,2024-06,22.578525000907803
2024-03-12,Furniture,North,2834.45,406.57,0.02,1741,2024-03,14.343876237012473
2024-12-29,Furniture,North,2781.17,138.08,0.14,6843,2024-12,4.964816965521705
2024-11-24,Furniture,North,3986.94,424.38,0.26,8003,2024-11,10.644253487637135
2025-10-02,Electronics,North,375.06,37.92,0.07,1008,2025-10,10.110382338825788
2024-05-03,Home,East,3354.43,668.7,0.23,3651,2024-05,19.934832445452734
2025-01-30,Office Supplies,South,2933.67,424.28,0.12,5676,2025-01,14.462431016440158
2025-12-26,Electronics,West,3710.55,524.08,0.0,7453,2025-12,14.124051690450203
2025-05-25,Office Supplies,South,2585.1,451.44,0.3,5052,2025-05,17.463154230010446
2025-01-25,Clothing,East,1773.74,37.47,0.33,6671,2025-01,2.1124854826524744
2025-08-31,Furniture,West,4871.86,1077.21,0.27,3909,2025-08,22.110857044332146
2024-04-02,Electronics,North,320.55,55.1,0.02,3159,2024-04,17.18920605209796
2025-06-27,Clothing,North,3283.75,641.07,0.24,5519,2025-06,19.522497145032357
2025-05-20,Furniture,South,2893.72,678.85,0.03,4782,2025-05,23.459422473494328
2025-09-04,Furniture,East,585.94,38.13,0.28,7795,2025-09,6.507492234699798
2025-05-22,Office Supplies,South,3860.95,213.47,0.34,8800,2025-05,5.528950128854298
2024-10-12,Office Supplies,South,3194.34,677.84,0.3,6002,2024-10,21.22003293325069
2024-03-07,Furniture,South,1077.77,269.75,0.09,7852,2024-03,25.02853113372983
2025-11-25,Office Supplies,West,2063.03,211.29,0.4,8077,2025-11,10.241731821640983
2024-06-21,Clothing,East,586.05,65.6,0.37,6713,2024-06,11.19358416517362
2024-03-19,Electronics,South,1255.48,43.14,0.19,4717,2024-03,3.436135979864275
2025-12-26,Clothing,South,3712.85,617.85,0.38,6754,2025-12,16.640855407571003
2025-09-24,Clothing,East,4240.2,338.33,0.34,2063,2025-09,7.979104759209471
2025-02-15,Clothing,West,588.78,82.65,0.21,4153,2025-02,14.037501273820444
2025-02-21,Home,East,553.98,56.44,0.17,5025,2025-02,10.188093432975919
2025-01-18,Office Supplies,East,4994.67,1313.18,0.06,3497,2025-01,26.291626874247946
2025-12-15,Clothing,South,4740.17,1238.19,0.06,3998,2025-12,26.121215061907062
2025-01-24,Clothing,North,3189.86,146.83,0.24,7164,2025-01,4.603023330177501
2025-12-16,Clothing,North,2618.89,382.15,0.28,3897,2025-12,14.592059994883327
2024-05-29,Furniture,South,4316.55,2.37,0.39,6311,2024-05,0.05490495882128089
2025-11-01,Clothing,North,4053.41,1000.34,0.1,5063,2025-11,24.678973999669417
2025-05-14,Furniture,South,1405.38,42.61,0.26,7318,2025-05,3.0319201924034775
2024-11-12,Furniture,South,4694.17,496.31,0.14,8008,2024-11,10.572902131793267
2025-05-15,Furniture,West,2029.49,240.37,0.1,4601,2025-05,11.843862251107423
2024-10-14,Office Supplies,East,3437.46,748.18,0.18,1005,2024-10,21.765489634788477
2024-06-03,Home,East,4460.53,882.25,0.01,7704,2024-06,19.779039710527673
2024-12-12,Electronics,South,295.68,2.94,0.34,8846,2024-12,0.9943181818181818
2025-08-13,Electronics,West,275.22,10.49,0.35,1696,2025-08,3.8114962575394227
2025-08-05,Office Supplies,West,1254.38,44.99,0.21,6058,2025-08,3.586632439930484
2024-12-14,Clothing,North,165.15,31.1,0.28,4401,2024-12,18.831365425370876
2024-11-20,Electronics,North,253.34,34.62,0.11,5770,2024-11,13.665429857109022
2024-05-05,Furniture,East,2635.38,460.5,0.36,5071,2024-05,17.473760899756392
2024-07-30,Electronics,North,1701.93,226.65,0.27,5698,2024-07,13.317233963794045
2025-04-03,Office Supplies,North,2438.07,266.14,0.16,3910,2025-04,10.916011435274621
2025-09-19,Office Supplies,North,2449.94,359.16,0.3,4430,2025-09,14.65995085593933
2024-05-02,Clothing,East,1785.36,179.82,0.12,6930,2024-05,10.071918268584486
2024-01-20,Electronics,East,2445.87,223.59,0.17,3976,2024-01,9.141532460842155
2024-09-24,Clothing,South,791.22,96.85,0.17,4299,2024-09,12.240590480523746
2025-06-02,Furniture,North,2423.56,350.25,0.27,6778,2025-06,14.451880704418294
2024-01-05,Office Supplies,West,3062.8,166.15,0.36,4803,2024-01,5.424774715946193
2024-07-30,Clothing,West,3726.06,663.18,0.32,3860,2024-07,17.798425146132914
2025-01-07,Furniture,East,1176.3,139.95,0.16,5575,2025-01,11.897475133894414
2024-01-28,Office Supplies,West,1981.08,269.92,0.31,2197,2024-01,13.624891473337778
2024-03-15,Home,East,4017.59,693.32,0.02,3008,2024-03,17.257111850636825
2025-12-26,Furniture,West,547.66,67.28,0.36,2608,2025-12,12.284994339553739
2025-10-01,Furniture,East,891.64,97.39,0.18,1500,2025-10,10.922569646942712
2025-08-23,Office Supplies,East,632.43,124.3,0.02,6403,2025-08,19.65434909792388
2025-02-27,Office Supplies,East,263.61,12.08,0.31,7456,2025-02,4.582527218239065
2025-03-23,Clothing,South,1825.7,113.71,0.39,2514,2025-03,6.228295996056307
2025-12-10,Electronics,East,2162.74,158.48,0.38,2455,2025-12,7.327741661041087
2024-10-12,Office Supplies,North,400.6,43.12,0.14,5779,2024-10,10.763854218671991
2024-08-16,Home,South,4965.62,414.9,0.23,4862,2024-08,8.355452088560945
2024-12-24,Home,South,2639.28,671.69,0.02,7409,2024-12,25.449743869540175
2025-07-21,Home,North,2993.05,157.91,0.11,4376,2025-07,5.275889143181703
2024-02-04,Furniture,South,990.94,55.42,0.21,6223,2024-02,5.592669586453266
2025-08-08,Electronics,South,3226.83,281.37,0.09,7994,2025-08,8.71970323816253
2024-11-14,Electronics,South,511.55,40.6,0.08,3173,2024-11,7.936663082787606
2024-05-17,Electronics,East,3084.32,438.53,0.36,2105,2024-05,14.218044820252112
2025-09-22,Electronics,South,3778.94,384.74,0.38,5844,2025-09,10.18116191312908
2024-03-22,Electronics,North,3467.07,345.76,0.16,7161,2024-03,9.972685870201639
2025-09-29,Office Supplies,East,1062.5,134.69,0.23,1450,2025-09,12.67670588235294
2024-12-05,Home,East,868.13,103.96,0.23,3709,2024-12,11.975165009848755
2025-03-20,Home,East,2450.05,240.53,0.25,4104,2025-03,9.817350666312933
2024-03-30,Furniture,North,1209.73,316.84,0.03,6044,2024-03,26.19096823258082
2025-02-19,Home,East,2259.88,463.13,0.29,7410,2025-02,20.49356603005469
2024-05-19,Electronics,North,4921.33,675.57,0.28,3450,2024-05,13.727386702375172
2025-07-23,Furniture,East,2728.87,117.18,0.27,4700,2025-07,4.294085097494568
2025-01-11,Home,South,3894.13,373.57,0.23,2954,2025-01,9.593156879713826
2024-01-12,Clothing,East,1243.06,80.6,0.31,4340,2024-01,6.483999163354946
2024-03-21,Clothing,North,180.51,34.91,0.16,3471,2024-03,19.339648772921166
2024-05-16,Electronics,East,3444.02,535.91,0.38,8470,2024-05,15.560594886208559
2024-04-20,Clothing,East,2861.68,538.87,0.12,6004,2024-04,18.830547091219145
2024-11-03,Office Supplies,West,3350.51,45.98,0.31,7487,2024-11,1.3723283917970694
2024-06-17,Office Supplies,West,4081.24,504.22,0.14,8793,2024-06,12.354578510452708
2024-01-07,Clothing,North,2828.67,220.5,0.18,1787,2024-01,7.795182895141532
2025-06-05,Clothing,East,2177.85,418.35,0.21,1650,2025-06,19.209311936083754
2025-12-19,Clothing,North,4606.57,492.37,0.34,5623,2025-12,10.688429786153256
2024-01-07,Electronics,South,205.02,21.83,0.18,6877,2024-01,10.647741683738172
2025-06-01,Clothing,West,2146.72,199.93,0.0,4578,2025-06,9.313277930983082
2025-04-13,Clothing,North,3744.05,465.23,0.24,3181,2025-04,12.425849013768513
2024-06-11,Furniture,East,974.99,166.93,0.17,6093,2024-06,17.121201243089672
2025-01-22,Office Supplies,North,265.73,31.17,0.1,5433,2025-01,11.729951454483874
2025-12-10,Clothing,East,4354.4,737.12,0.36,6857,2025-12,16.928164615101966
2025-09-14,Furniture,West,4686.06,487.79,0.01,7712,2025-09,10.409384429563428
2024-12-21,Clothing,West,2335.89,445.52,0.18,3300,2024-12,19.072815928832267
2024-02-24,Electronics,South,4716.96,1073.03,0.02,4876,2024-02,22.748337912553847
2024-12-25,Home,West,4765.22,658.14,0.3,8671,2024-12,13.811324555844221
2024-11-15,Home,North,1095.81,251.11,0.25,3723,2024-11,22.91546892253219
2024-07-23,Electronics,East,1508.41,331.39,0.23,2391,2024-07,21.96949105349341
2025-11-03,Office Supplies,West,1780.19,216.46,0.15,8025,2025-11,12.159376246355725
2024-12-18,Clothing,South,3925.68,-11.6,0.37,7959,2024-12,-0.29549020806586374
2025-02-02,Home,North,3983.81,314.06,0.36,7956,2025-02,7.883408094261524
2025-09-22,Home,North,3288.92,314.64,0.26,3206,2025-09,9.566666261265096
2025-11-20,Clothing,West,2814.84,93.13,0.34,3735,2025-11,3.3085361867814864
2024-03-09,Electronics,East,4766.6,687.22,0.3,6263,2024-03,14.417404439222924
2024-09-08,Furniture,West,1329.36,62.95,0.28,4248,2024-09,4.735361376903172
2025-02-24,Furniture,East,4695.74,478.92,0.03,4872,2025-02,10.199031462559683
2024-06-22,Office Supplies,South,4308.77,159.09,0.21,7339,2024-06,3.6922369957087517
2025-02-09,Clothing,North,3948.67,633.97,0.37,4884,2025-02,16.055279372548227
2025-03-09,Clothing,West,4794.39,372.43,0.39,3532,2025-03,7.768037226842204
2025-10-17,Office Supplies,South,1430.55,258.83,0.04,8996,2025-10,18.093041138023835
2024-08-09,Electronics,South,2283.61,525.21,0.04,4791,2024-08,22.9991110566165
2024-07-15,Electronics,North,4303.97,279.86,0.39,7249,2024-07,6.502368743276556
2025-08-11,Office Supplies,East,4557.05,197.07,0.29,7695,2025-08,4.324508179633754
2025-11-22,Home,West,2149.58,155.55,0.32,3579,2025-11,7.236297323198021
2024-12-03,Clothing,South,3885.54,182.3,0.14,7906,2024-12,4.691754556638203
2024-05-30,Furniture,North,3547.01,741.88,0.19,5351,2024-05,20.91564444419384
2024-01-29,Office Supplies,West,1012.32,109.96,0.02,7790,2024-01,10.862177967441124
2025-03-28,Clothing,South,3906.26,868.71,0.23,2412,2025-03,22.238919068367185
2025-05-19,Electronics,North,2514.48,175.62,0.08,7129,2025-05,6.984346664121409
2025-01-27,Electronics,West,1740.52,34.43,0.39,1095,2025-01,1.9781444625744031
2024-05-30,Furniture,North,2993.05,229.05,0.26,1642,2024-05,7.6527288217704355
2024-02-01,Electronics,West,1625.71,267.69,0.04,7932,2024-02,16.466036377951788
2024-09-07,Clothing,East,675.92,7.67,0.34,5243,2024-09,1.1347496745176944
2025-08-25,Furniture,West,943.22,169.39,0.38,3346,2025-08,17.958694684167
2025-05-09,Office Supplies,North,1478.35,179.52,0.23,6031,2025-05,12.143267832380696
2024-05-15,Furniture,West,1935.15,237.63,0.27,7134,2024-05,12.279668242771876
2024-01-27,Clothing,West,3832.4,547.52,0.09,8993,2024-01,14.286608913474586
2024-05-28,Electronics,West,2944.59,534.76,0.0,1802,2024-05,18.1607626189045
2025-08-17,Furniture,West,634.42,51.08,0.4,1942,2025-08,8.051448567195234
2025-02-19,Home,North,616.25,40.78,0.34,8982,2025-02,6.617444219066937
2025-08-16,Electronics,East,3880.68,813.62,0.14,5025,2025-08,20.965913190471774
2024-03-15,Furniture,North,3722.24,246.59,0.12,5458,2024-03,6.62477432943604
2024-09-27,Home,East,1012.45,139.97,0.18,1457,2024-09,13.824880240999555
2025-03-22,Clothing,North,2352.41,274.69,0.28,3763,2025-03,11.676961073962449
2024-09-16,Home,West,2833.24,606.27,0.23,1233,2024-09,21.398469596645537
2025-04-05,Office Supplies,South,4269.36,280.09,0.14,1997,2025-04,6.5604680795248
2025-05-31,Furniture,North,1624.86,281.8,0.2,2250,2025-05,17.34303263050355
2025-01-04,Office Supplies,East,2701.23,419.02,0.18,1321,2025-01,15.51219259374433
2025-01-01,Home,West,4392.74,295.23,0.04,3536,2025-01,6.720862149819931
2025-01-02,Furniture,North,4935.63,380.72,0.15,7057,2025-01,7.713706254318091
2025-11-28,Office Supplies,East,2664.39,267.54,0.23,3268,2025-11,10.041322779322847
2024-01-10,Electronics,South,3113.05,683.58,0.02,6131,2024-01,21.958529416488652
2024-05-24,Office Supplies,South,1601.79,90.27,0.13,3399,2024-05,5.6355702058322255
2024-11-01,Home,North,953.72,162.0,0.4,6706,2024-11,16.986117518768612
2024-01-11,Home,West,4303.4,185.37,0.19,6991,2024-01,4.307524283124971
2024-10-25,Furniture,North,3582.55,72.55,0.3,4096,2024-10,2.025093857727038
2024-12-21,Electronics,North,2736.55,155.79,0.35,8558,2024-12,5.6929345343589555
2024-01-18,Clothing,South,1987.29,408.23,0.22,3331,2024-01,20.542044694030565
2025-06-29,Office Supplies,South,2052.06,263.46,0.28,2212,2025-06,12.83880588286892
2024-12-24,Electronics,West,4507.18,264.46,0.1,5898,2024-12,5.867526923708393
2024-05-26,Furniture,East,2997.5,205.15,0.09,8398,2024-05,6.844036697247706
2025-04-22,Furniture,West,880.46,127.49,0.34,7331,2025-04,14.479930945187741
2024-11-25,Home,West,4145.71,702.58,0.38,3477,2024-11,16.947157422974595
2025-01-02,Clothing,East,1142.48,88.66,0.15,2654,2025-01,7.760310902597857
2024-07-31,Electronics,South,4045.14,666.17,0.36,1226,2024-07,16.46840406018086
2025-11-09,Clothing,North,1693.07,221.78,0.27,3152,2025-11,13.099281187428755
2024-06-03,Clothing,North,4478.09,54.2,0.3,6396,2024-06,1.2103374429723388
2024-12-05,Office Supplies,North,2402.94,452.85,0.2,2507,2024-12,18.845664061524634
2024-06-11,Office Supplies,West,971.42,196.91,0.26,5622,2024-06,20.270325914640424
2025-03-26,Electronics,North,2302.79,405.12,0.03,3603,2025-03,17.59257248815567
2025-07-18,Furniture,South,189.55,19.61,0.01,2665,2025-07,10.34555526246373
2025-10-24,Home,West,2116.18,171.04,0.14,8293,2025-10,8.082488257142588
2024-08-10,Clothing,North,4382.13,190.19,0.34,6362,2024-08,4.340126833297962
2025-12-10,Furniture,West,3957.45,886.99,0.15,1794,2025-12,22.413170096905837
2025-09-16,Electronics,South,4789.93,536.06,0.19,5348,2025-09,11.191395281350665
2025-01-31,Electronics,South,790.23,97.92,0.24,8553,2025-01,12.391329106715766
2025-05-22,Clothing,North,178.31,27.31,0.36,7266,2025-05,15.316022657170098
2024-11-29,Office Supplies,South,2594.83,401.05,0.12,1501,2024-11,15.455733130879482
2024-12-27,Electronics,West,2217.57,425.5,0.15,8341,2024-12,19.187669385859294
2025-03-05,Home,West,451.05,57.75,0.23,2256,2025-03,12.803458596607914
2024-01-19,Clothing,South,2657.97,275.67,0.3,7069,2024-01,10.371448887684965
2025-09-24,Furniture,East,4620.6,630.68,0.07,3022,2025-09,13.649309613470109
2024-08-03,Office Supplies,East,1380.17,66.81,0.14,2462,2024-08,4.8407080287210995
2025-03-25,Clothing,North,1965.83,209.8,0.06,3472,2025-03,10.67233687551823
2024-10-05,Electronics,West,3329.07,274.49,0.1,8671,2024-10,8.24524566921092
2024-03-30,Electronics,South,3710.42,176.07,0.19,1840,2024-03,4.745284900361684
2024-11-04,Furniture,North,2317.78,90.17,0.18,1243,2024-11,3.890360603681108
2025-05-14,Electronics,East,246.8,66.09,0.0,4389,2025-05,26.778768233387357
2025-04-13,Clothing,South,2924.97,728.28,0.15,3960,2025-04,24.898716909917027
2025-12-24,Clothing,West,1644.19,222.52,0.28,6359,2025-12,13.533715689792542
2025-12-01,Home,West,3683.76,312.61,0.01,7871,2025-12,8.486166308337134
2025-11-30,Home,North,4210.57,31.31,0.39,4163,2025-11,0.7436047851003545
2025-10-20,Home,East,3154.44,331.37,0.21,6033,2025-10,10.504875667313375
2025-12-04,Home,West,985.46,217.61,0.13,5431,2025-12,22.08207334645749
2024-05-22,Clothing,South,2656.75,302.95,0.31,3909,2024-05,11.403030017878987
2024-05-16,Office Supplies,West,1544.41,274.5,0.04,3172,2024-05,17.773777688567154
2025-04-19,Home,North,264.12,57.96,0.05,8164,2025-04,21.94457064970468
2025-02-27,Clothing,West,1592.33,131.58,0.2,3744,2025-02,8.2633624939554
2025-06-30,Office Supplies,North,3931.78,891.62,0.03,4763,2025-06,22.67726068091297
2024-07-08,Home,East,2561.14,128.49,0.15,4413,2024-07,5.016906533809164
2024-07-03,Office Supplies,North,2599.55,202.64,0.4,5727,2024-07,7.795195322267315
2024-07-22,Office Supplies,West,3499.62,538.91,0.09,3975,2024-07,15.399100473765722
2025-03-31,Home,West,4209.84,550.82,0.07,5994,2025-03,13.084107709556658
2024-06-21,Furniture,West,844.49,147.44,0.26,8167,2024-06,17.45905812975879
2024-06-18,Clothing,South,2694.07,221.39,0.34,4505,2024-06,8.217678085573128
2025-01-01,Home,East,1873.48,296.74,0.25,5239,2025-01,15.83897346115251
2024-06-02,Clothing,East,2457.75,425.15,0.09,2476,2024-06,17.29834197945275
2024-10-03,Furniture,West,2011.38,493.6,0.17,6036,2024-10,24.54036532132168
2025-08-24,Clothing,East,1496.23,333.35,0.19,7843,2025-08,22.279328712831585
2025-11-04,Clothing,West,3598.73,788.84,0.23,1936,2025-11,21.91995509526972
2025-08-27,Home,South,1534.53,66.57,0.29,4694,2025-08,4.338136106820981
2024-03-01,Furniture,South,4083.02,622.89,0.29,7675,2024-03,15.255619614892899
2025-07-29,Office Supplies,West,589.94,121.17,0.26,8721,2025-07,20.539376885784993
2025-11-30,Electronics,West,2852.87,193.43,0.14,5660,2025-11,6.780189773806729
2024-04-25,Furniture,North,913.96,67.72,0.01,7175,2024-04,7.409514639590354
2025-09-11,Furniture,South,2046.97,263.92,0.28,3962,2025-09,12.893203124618339
2024-01-08,Furniture,West,1582.31,256.58,0.0,4053,2024-01,16.215532986582907
2024-09-04,Electronics,North,4027.02,297.09,0.3,1558,2024-09,7.377415557906342
2025-11-26,Furniture,South,953.8,107.04,0.14,1096,2025-11,11.222478507024535
2024-10-19,Clothing,East,2066.71,382.49,0.22,7182,2024-10,18.50719259112309
2024-10-07,Clothing,East,825.37,82.89,0.05,3948,2024-10,10.042768697674981
2024-01-05,Home,West,897.73,110.11,0.29,1237,2024-01,12.265380459603668
2025-11-14,Furniture,West,2861.77,452.9,0.05,1139,2025-11,15.825870003529282
2025-04-30,Home,East,2083.81,307.99,0.27,1912,2025-04,14.780138304355964
2024-02-20,Office Supplies,North,4943.97,1061.88,0.02,5084,2024-02,21.47828566920916
2024-10-29,Clothing,North,2191.42,302.12,0.0,6932,2024-10,13.786494601673802
2025-04-26,Clothing,East,1854.68,141.89,0.08,4648,2025-04,7.650376345245539
2025-04-09,Electronics,South,275.29,30.42,0.33,5691,2025-04,11.050165280249919
2025-04-27,Furniture,East,1379.29,115.12,0.34,3953,2025-04,8.346323108265848
2025-09-18,Clothing,North,4582.68,455.7,0.34,7011,2025-09,9.943962921260049
2025-10-03,Furniture,North,2888.14,526.44,0.08,5607,2025-10,18.22764824419869
2024-04-11,Furniture,East,1249.84,256.72,0.09,1254,2024-04,20.540229149331118
2024-09-27,Home,West,2503.45,483.01,0.09,4246,2024-09,19.293774591064334
2024-03-14,Home,West,372.12,21.29,0.1,4085,2024-03,5.72127270772869
2024-01-21,Clothing,South,306.99,45.09,0.17,5217,2024-01,14.687774846086194
2025-09-05,Home,West,1591.25,215.32,0.32,7078,2025-09,13.531500392772976
2024-12-21,Home,South,1578.04,278.47,0.25,3543,2024-12,17.646574231324937
2025-05-25,Office Supplies,East,2658.4,332.08,0.14,5500,2025-05,12.491724345470958
2025-12-19,Furniture,West,586.31,20.37,0.31,7888,2025-12,3.4742712899319477
2024-04-08,Clothing,West,563.16,34.51,0.15,2779,2024-04,6.127921017117693
2024-10-07,Furniture,South,4469.86,374.6,0.35,8814,2024-10,8.38057567798544
2025-04-09,Furniture,South,4595.14,738.25,0.3,1800,2025-04,16.06588700235466
2024-07-22,Electronics,West,956.63,200.41,0.31,8767,2024-07,20.949583433511386
2025-02-22,Office Supplies,West,4313.32,308.47,0.13,5442,2025-02,7.1515677019094355
2024-05-07,Clothing,West,3516.5,393.39,0.01,6388,2024-05,11.186975686051472
2025-06-22,Office Supplies,North,1641.09,270.91,0.17,4517,2025-06,16.50793070459268
2024-10-30,Furniture,South,354.19,27.19,0.09,5296,2024-10,7.676670713458879
2024-03-29,Office Supplies,South,2064.2,222.69,0.21,3535,2024-03,10.788198817943998
2025-07-08,Furniture,East,4027.15,804.29,0.24,3916,2025-07,19.97169213960245
2025-05-26,Electronics,South,3506.48,708.57,0.34,7657,2025-05,20.207444502749198
2025-09-14,Electronics,West,2139.84,371.86,0.21,7888,2025-09,17.377934798863464
2025-03-28,Home,West,2316.72,462.81,0.38,3969,2025-03,19.976950170931318
2025-12-08,Office Supplies,North,547.56,49.3,0.29,4573,2025-12,9.00357951640003
2025-08-23,Clothing,West,4254.34,301.29,0.4,7601,2025-08,7.081944555442207
2024-04-06,Home,East,3053.89,575.29,0.4,2604,2024-04,18.837941117721986
2025-07-31,Home,South,3453.72,219.63,0.4,1099,2025-07,6.359230047600849
2024-09-04,Furniture,South,3786.23,983.67,0.05,6709,2024-09,25.980196660002164
2024-10-30,Electronics,North,4363.61,177.88,0.26,7758,2024-10,4.076441295166158
2024-06-30,Home,North,222.89,38.93,0.32,7780,2024-06,17.466014626048725
2024-02-24,Clothing,North,2116.5,356.67,0.19,5965,2024-02,16.851878100637848
2025-03-25,Home,West,3586.1,497.25,0.12,8259,2025-03,13.86603831460361
2025-10-28,Furniture,North,2641.84,546.23,0.2,6406,2025-10,20.67611967416649
2024-02-15,Furniture,West,1993.58,221.34,0.35,4473,2024-02,11.102639472707391
2025-08-28,Furniture,South,4688.56,397.67,0.16,1909,2025-08,8.481708669612845
2025-07-15,Clothing,East,1759.04,55.28,0.3,4462,2025-07,3.142623249044934
2024-02-03,Furniture,West,2604.38,447.65,0.36,3245,2024-02,17.188351930209876
2024-03-10,Clothing,West,2354.37,419.44,0.24,8376,2024-03,17.815381609517623
2025-10-09,Clothing,South,4507.32,259.98,0.07,5784,2025-10,5.767950800031948
2025-08-27,Electronics,East,2390.01,454.19,0.3,5833,2025-08,19.00368617704528
2024-05-11,Home,East,799.75,121.31,0.08,6733,2024-05,15.168490153172867
2024-10-22,Office Supplies,North,3835.05,101.77,0.24,5511,2024-10,2.6536811775596143
2025-09-11,Furniture,East,4582.7,627.96,0.21,2775,2025-09,13.702838937744128
2025-06-24,Office Supplies,North,3473.76,281.28,0.33,3212,2025-06,8.097277877573578
2025-07-25,Home,South,618.46,113.67,0.04,5823,2025-07,18.379523332147592
2025-01-01,Home,East,266.64,14.23,0.32,8952,2025-01,5.336783678367837
2025-08-25,Home,North,876.4,42.29,0.33,4919,2025-08,4.825422181652214
2025-06-26,Electronics,East,224.54,17.7,0.28,3804,2025-06,7.882782577714438
2025-07-28,Home,North,1606.42,310.38,0.38,3507,2025-07,19.321223590343745
2024-10-29,Home,South,3222.33,443.83,0.22,5257,2024-10,13.773573780463206
2025-05-17,Furniture,North,3831.14,722.32,0.39,8983,2025-05,18.853918154909508
2024-04-08,Electronics,South,3360.02,742.55,0.12,8212,2024-04,22.09957083588788
2024-07-06,Electronics,West,4536.9,653.92,0.32,7796,2024-07,14.413365954726794
2024-01-23,Clothing,East,2162.62,277.16,0.26,6415,2024-01,12.81593622550425
2024-11-07,Electronics,South,2457.89,374.9,0.39,5662,2024-11,15.252920187640617
2025-07-14,Electronics,East,3521.47,154.43,0.28,4707,2025-07,4.3853845127177005
2025-01-21,Office Supplies,North,644.86,151.22,0.13,3345,2025-01,23.45005117389821
2024-04-14,Electronics,North,3792.02,180.67,0.19,3165,2024-04,4.764479090300156
2024-08-18,Electronics,North,4805.46,1085.25,0.11,8202,2024-08,22.583686057110036
2024-08-31,Office Supplies,East,2970.33,447.52,0.3,4416,2024-08,15.066339430298989
2025-05-27,Clothing,South,3839.96,272.32,0.14,7874,2025-05,7.091740538963948
2024-01-11,Clothing,East,3745.81,679.48,0.25,3780,2024-01,18.139734797013197
2024-09-19,Clothing,North,3829.3,411.79,0.33,2565,2024-09,10.753662549290993
2024-08-06,Electronics,West,988.06,118.35,0.16,4025,2024-08,11.97801752929984
2025-04-21,Home,South,2386.38,199.21,0.06,4471,2025-04,8.347790377056462
2024-10-19,Home,North,3800.01,769.12,0.05,5590,2024-10,20.23994673698227
2025-02-02,Office Supplies,West,1786.49,307.11,0.33,8508,2025-02,17.19069236323741
2025-02-10,Office Supplies,East,332.02,7.2,0.26,5916,2025-02,2.1685440636106263
2025-12-08,Furniture,North,693.06,88.51,0.09,6247,2025-12,12.77090006637232
2025-08-14,Furniture,East,2780.69,14.27,0.35,8135,2025-08,0.5131819800121552
2025-12-16,Furniture,South,3005.02,396.54,0.03,3563,2025-12,13.19591882915921
2024-01-24,Clothing,East,202.87,25.82,0.28,2188,2024-01,12.727362350273575
2024-08-23,Office Supplies,East,1480.21,320.87,0.03,6194,2024-08,21.677329568101822
2025-06-09,Clothing,West,3124.49,511.4,0.09,8796,2025-06,16.367471171295158
2025-07-03,Home,West,2748.52,184.21,0.07,8544,2025-07,6.702152431126571
2024-01-22,Clothing,West,1373.23,222.77,0.02,7212,2024-01,16.222337117598652
2024-05-06,Home,North,4751.6,149.93,0.36,3559,2024-05,3.15535819513427
2025-09-04,Electronics,North,2889.67,500.71,0.18,3474,2025-09,17.327584118601777
2024-12-18,Home,South,4558.01,106.82,0.27,8491,2024-12,2.34356660033655
2024-05-22,Electronics,South,544.02,32.37,0.12,8264,2024-05,5.950148891584868
2024-01-10,Home,South,3057.87,217.25,0.23,1695,2024-01,7.104618574367125
2025-01-12,Office Supplies,North,1908.42,107.68,0.22,5889,2025-01,5.64236384024481
2024-08-02,Office Supplies,West,3304.42,729.23,0.1,3094,2024-08,22.068320612997137
2025-07-23,Electronics,South,1327.19,8.62,0.39,2381,2025-07,0.649492536863599
2025-07-05,Home,East,252.4,25.17,0.26,5789,2025-07,9.972266244057053
2025-03-22,Furniture,East,2104.85,57.93,0.33,8033,2025-03,2.7522151222177356
2025-09-02,Home,West,3715.74,561.77,0.35,6299,2025-09,15.118657387223003
2025-10-29,Electronics,North,1488.56,291.65,0.07,7715,2025-10,19.592760788950393
2024-08-20,Office Supplies,North,269.53,27.36,0.17,3684,2024-08,10.15100359885727
2024-04-28,Home,South,2616.7,637.98,0.13,5870,2024-04,24.381090686742844
2025-01-29,Home,North,2729.19,589.55,0.28,7780,2025-01,21.601647375228545
2024-08-29,Electronics,North,4447.74,882.71,0.37,6280,2024-08,19.84625899895228
2025-03-16,Office Supplies,East,3051.18,639.52,0.21,3195,2025-03,20.959759830622907
2025-08-07,Furniture,South,1933.57,186.25,0.11,3502,2025-08,9.632441545948685
2025-03-27,Home,South,241.89,9.15,0.22,6570,2025-03,3.7827111496961434
2025-04-15,Electronics,East,1248.77,232.48,0.27,1235,2025-04,18.616718851349727
2025-08-30,Furniture,North,4827.72,967.02,0.08,2619,2025-08,20.03057343839328
2025-07-04,Home,West,905.63,104.6,0.27,2248,2025-07,11.549970738601857
2024-05-30,Furniture,West,2950.66,546.01,0.4,8676,2024-05,18.504673530667716
2024-08-02,Furniture,North,3379.28,452.75,0.3,5395,2024-08,13.397824388627164
2025-01-01,Electronics,South,1369.29,200.12,0.19,4630,2025-01,14.614873401543866
2025-01-29,Clothing,North,814.18,162.91,0.24,6934,2025-01,20.009088899260608
2025-12-16,Electronics,East,3801.03,297.82,0.28,2943,2025-12,7.835244657369186
2024-05-16,Clothing,West,2697.94,509.53,0.4,5193,2024-05,18.88589071662083
2024-03-17,Furniture,South,870.58,136.37,0.39,3037,2024-03,15.66426979714673
2024-01-13,Office Supplies,South,260.96,31.54,0.34,3438,2024-01,12.086143470263643
2025-01-25,Home,West,3319.57,711.34,0.25,7960,2025-01,21.428679015655643
2025-08-27,Furniture,South,3978.14,1040.02,0.06,4435,2025-08,26.143373536376295
2025-12-15,Office Supplies,North,853.4,45.06,0.15,6760,2025-12,5.280056245605812
2025-12-21,Electronics,East,2843.61,449.13,0.24,8035,2025-12,15.794359986074038
2025-09-15,Electronics,East,2209.74,311.15,0.11,5179,2025-09,14.08084209001964
2024-10-23,Electronics,West,2408.84,469.05,0.17,7265,2024-10,19.47202803008917
2025-02-15,Furniture,East,3593.85,652.77,0.07,4445,2025-02,18.16352936266121
2025-03-03,Electronics,South,1355.16,336.23,0.15,7102,2025-03,24.811092417131555
2024-11-22,Home,North,3873.3,523.19,0.14,7329,2024-11,13.507603335656935
2025-04-24,Home,West,4126.91,548.8,0.12,7911,2025-04,13.298085007911487
2024-11-03,Clothing,South,983.13,88.95,0.37,5551,2024-11,9.047633578468767
2024-11-07,Clothing,North,2829.99,225.4,0.13,6306,2024-11,7.964692454743657
2024-02-21,Clothing,East,4073.48,587.08,0.09,5892,2024-02,14.412247022202148
2025-05-06,Furniture,South,612.05,160.11,0.04,5581,2025-05,26.159627481414923
2025-05-14,Electronics,East,4298.99,1080.89,0.05,5559,2025-05,25.142882397958594
2025-04-04,Clothing,East,4747.29,657.38,0.19,2808,2025-04,13.847479298715687
2024-12-14,Electronics,West,3756.99,997.18,0.01,3487,2024-12,26.541992392846403
2024-05-12,Home,East,1744.41,156.52,0.08,1684,2024-05,8.97266124362965
2024-09-28,Furniture,South,3321.03,223.01,0.13,4483,2024-09,6.715085380138089
2024-04-22,Electronics,South,2882.89,466.73,0.13,4000,2024-04,16.189656906784514
2024-07-10,Clothing,South,3110.63,515.98,0.03,7564,2024-07,16.587636588086657
2024-04-18,Electronics,North,1218.44,209.43,0.3,2062,2024-04,17.18837201667706
2024-02-09,Furniture,South,4582.13,336.16,0.39,2287,2024-02,7.336326119075627
2025-08-08,Electronics,North,4329.96,418.38,0.32,4900,2025-08,9.662444918659755
2025-02-21,Furniture,North,4581.21,336.56,0.14,4501,2025-02,7.346530720049943
2025-10-13,Home,East,1943.73,173.69,0.08,3932,2025-10,8.935911880765332
2025-07-06,Furniture,North,2555.42,72.71,0.24,1120,2025-07,2.8453248389697188
2024-06-09,Office Supplies,South,3990.86,640.71,0.37,7748,2024-06,16.05443438256416
2025-08-03,Electronics,South,4595.12,1043.01,0.07,3940,2025-08,22.698210275248528
2024-11-27,Electronics,North,3115.47,553.84,0.15,4554,2024-11,17.777093022882585
2024-02-23,Office Supplies,West,1755.2,72.0,0.19,8508,2024-02,4.102096627164995
2024-11-23,Electronics,North,4352.04,802.06,0.11,4405,2024-11,18.42951811104677
2025-08-27,Office Supplies,East,710.78,32.28,0.33,7765,2025-08,4.541489631109485
2024-04-06,Home,North,4830.02,431.08,0.19,5478,2024-04,8.925014803251331
2024-05-20,Home,North,1861.19,366.55,0.16,2683,2024-05,19.694389073657177
2024-06-10,Furniture,East,845.99,100.27,0.28,1045,2024-06,11.852385962009008
2025-11-28,Office Supplies,West,1955.22,121.35,0.07,4205,2025-11,6.2064626998496335
2025-06-04,Furniture,South,1500.29,286.22,0.3,1843,2025-06,19.077644988635534
2024-08-24,Electronics,North,1272.14,238.41,0.21,8755,2024-08,18.740861854827298
2024-08-09,Electronics,East,4359.58,300.83,0.25,1362,2024-08,6.900435363039559
2025-01-12,Home,East,2932.3,384.07,0.3,5158,2025-01,13.097909490843366
2024-01-07,Home,East,3842.64,139.73,0.28,1929,2024-01,3.636302125621968
2024-07-29,Furniture,South,490.34,15.82,0.4,3740,2024-07,3.2263327487049804
2025-11-24,Electronics,West,446.94,78.59,0.34,2191,2025-11,17.584015751555018
2024-03-29,Furniture,North,4418.39,346.26,0.11,6970,2024-03,7.836791229384459
2025-11-04,Electronics,South,2674.62,189.06,0.2,5499,2025-11,7.068667698588958
2024-10-13,Clothing,West,193.31,48.31,0.07,3200,2024-10,24.990947183280742
2025-04-23,Electronics,North,4249.79,348.13,0.06,3970,2025-04,8.191698883944854
2024-08-18,Home,West,3207.31,571.31,0.38,7564,2024-08,17.81274650719762
2025-03-02,Office Supplies,South,303.51,28.24,0.24,5868,2025-03,9.304471022371585
2024-08-30,Electronics,South,1182.82,237.65,0.32,8416,2024-08,20.091814477266194
2025-07-17,Home,North,3328.14,459.23,0.19,1096,2025-07,13.798397903934331
2025-05-03,Clothing,South,4650.8,367.14,0.15,7793,2025-05,7.89412574180786
2024-06-19,Clothing,West,2220.83,368.35,0.0,8762,2024-06,16.58614121747275
2024-11-21,Furniture,East,4701.25,218.61,0.2,7966,2024-11,4.650039883009838
2025-04-12,Home,West,4056.03,293.44,0.01,7586,2025-04,7.234660493142309
2024-06-05,Home,South,939.75,167.25,0.07,8188,2024-06,17.79728651237031
2024-02-14,Home,North,1424.77,237.75,0.27,6396,2024-02,16.686903851147903
2025-04-20,Clothing,East,4319.43,945.15,0.03,7727,2025-04,21.88135934602482
2025-07-19,Electronics,West,2003.73,443.5,0.05,6969,2025-07,22.133720611060372
2025-07-18,Clothing,South,2436.69,234.48,0.1,1976,2025-07,9.622890068084162
2025-12-21,Home,South,1438.83,57.01,0.3,4840,2025-12,3.9622471035494113
2025-08-18,Furniture,South,3389.85,406.83,0.03,6487,2025-08,12.001415991858048
2025-01-06,Furniture,South,4077.59,578.64,0.2,8105,2025-01,14.1907352136924
2024-12-20,Home,West,2268.2,179.67,0.27,1922,2024-12,7.921259148223261
2025-12-19,Home,South,663.95,69.87,0.09,7256,2025-12,10.523382784848256
2025-06-06,Home,East,3950.28,497.91,0.08,6038,2025-06,12.604422977611712
2024-06-19,Clothing,North,159.46,9.93,0.33,5169,2024-06,6.22726702621347
2025-04-15,Furniture,South,171.61,24.81,0.26,1291,2025-04,14.457199463900702
2024-01-24,Clothing,South,4322.96,628.33,0.04,5069,2024-01,14.534716953198734
2024-01-18,Home,West,257.64,9.48,0.35,7627,2024-01,3.6795528644620408
2025-06-19,Home,East,1589.83,277.61,0.23,2548,2025-06,17.461615392840745
2025-04-13,Electronics,South,2613.77,279.27,0.4,7607,2025-04,10.684566736935537
2024-03-29,Office Supplies,South,1840.09,339.77,0.13,5069,2024-03,18.464857697177855
2025-03-19,Clothing,East,3361.07,240.2,0.09,1748,2025-03,7.146533693139387
2024-11-11,Clothing,East,1348.5,114.75,0.09,1709,2024-11,8.509454949944383
2024-10-30,Clothing,South,3154.42,492.06,0.23,6520,2024-10,15.599064170275359
2024-03-11,Office Supplies,South,664.26,136.95,0.09,8858,2024-03,20.616927106855748
2024-12-03,Office Supplies,East,1705.36,133.3,0.29,6572,2024-12,7.8165314068583776
2024-02-19,Office Supplies,North,852.69,54.65,0.23,8602,2024-02,6.409128757227128
2025-02-19,Electronics,North,4603.35,648.72,0.19,2949,2025-02,14.09234579165173
2024-05-23,Home,West,2441.56,194.02,0.31,1153,2024-05,7.946558757515687
2025-04-24,Office Supplies,West,4767.08,364.81,0.37,6604,2025-04,7.652693053189793
2024-02-14,Electronics,North,1368.5,265.3,0.27,7029,2024-02,19.386189258312022
2024-07-25,Home,South,4084.35,771.21,0.39,8425,2024-07,18.88207425906203
2024-05-03,Office Supplies,West,1212.36,108.93,0.09,7467,2024-05,8.984954963872118
2025-02-01,Furniture,East,4761.18,763.91,0.31,8363,2025-02,16.044551980811477
2025-02-14,Electronics,North,3936.34,449.1,0.12,5777,2025-02,11.409075435556888
2024-12-14,Furniture,East,4511.4,311.04,0.32,2317,2024-12,6.894533847586117
2025-10-11,Furniture,West,591.74,15.84,0.23,1397,2025-10,2.6768513198364143
2025-03-14,Electronics,East,1757.16,43.35,0.29,5473,2025-03,2.4670491019599807
2024-10-30,Furniture,East,4124.12,352.82,0.32,4701,2024-10,8.555037195813894
2025-04-30,Electronics,North,3703.25,623.23,0.12,5137,2025-04,16.829271585769256
2024-03-17,Home,East,3204.06,196.35,0.31,3904,2024-03,6.1281623939626595
2025-06-19,Clothing,North,789.59,32.12,0.28,6557,2025-06,4.06793399105865
2024-01-26,Home,North,2165.94,46.77,0.32,2075,2024-01,2.159339593894568
2024-10-16,Furniture,North,520.19,36.13,0.31,7474,2024-10,6.945539129933294
2025-03-25,Office Supplies,West,1166.95,91.99,0.01,1781,2025-03,7.8829427139123345
2024-06-13,Office Supplies,North,1393.19,73.68,0.28,8140,2024-06,5.28858231827676
2024-01-19,Office Supplies,West,1004.85,114.7,0.07,7255,2024-01,11.414639000845897
2025-10-27,Furniture,South,1383.02,252.9,0.13,6459,2025-10,18.28606961576839
2024-02-15,Electronics,North,752.86,129.34,0.24,7128,2024-02,17.17982094944611
2025-11-10,Electronics,North,3354.27,610.78,0.23,8993,2025-11,18.20902908829641
2025-10-14,Office Supplies,West,1746.88,77.87,0.35,6718,2025-10,4.457661659644623
2024-09-07,Furniture,East,1463.26,147.02,0.36,6266,2024-09,10.047428344928448
2024-03-04,Office Supplies,West,354.73,38.44,0.3,7094,2024-03,10.836410791306063
2025-05-21,Home,North,1885.07,235.27,0.17,3313,2025-05,12.480703634347796
2024-01-11,Home,North,1975.24,290.34,0.21,6753,2024-01,14.698973289321804
2025-03-18,Furniture,North,1030.09,123.62,0.38,7345,2025-03,12.000893125843374
2024-12-28,Office Supplies,North,1762.23,25.43,0.34,3720,2024-12,1.4430579436282438
2024-12-03,Home,South,4290.17,451.72,0.01,2617,2024-12,10.529186489113487
2025-04-02,Electronics,South,840.7,133.6,0.35,4276,2025-04,15.891518972284999
2025-04-08,Clothing,South,4538.39,475.12,0.19,3865,2025-04,10.46891078113604
2024-01-22,Clothing,West,4364.92,837.99,0.31,3461,2024-01,19.19829000302411
2025-06-11,Clothing,West,1488.96,54.82,0.3,3508,2025-06,3.681764453041049
2025-04-15,Home,North,4773.92,271.3,0.1,8772,2025-04,5.682960753426953
2024-05-27,Clothing,North,727.61,82.49,0.24,5446,2024-05,11.337117411800277
2025-11-22,Office Supplies,East,4257.99,513.74,0.18,7038,2025-11,12.065317203657125
2025-05-06,Furniture,North,2015.54,302.25,0.37,7815,2025-05,14.995981225874951
2024-11-24,Clothing,North,238.38,44.14,0.33,8228,2024-11,18.516654081718265
2025-03-13,Electronics,South,160.05,38.1,0.15,2721,2025-03,23.80506091846298
2025-09-30,Clothing,South,594.8,67.69,0.06,8260,2025-09,11.380295897780767
2025-04-25,Electronics,South,4016.3,819.26,0.19,2805,2025-04,20.398376615292683
2024-02-10,Furniture,East,1171.11,72.05,0.32,6725,2024-02,6.152282876928726
2024-08-27,Clothing,East,3263.45,679.35,0.1,6485,2024-08,20.81692687186873
2025-07-25,Electronics,East,595.26,50.86,0.39,8912,2025-07,8.54416557470685
2025-12-18,Electronics,South,3195.84,601.5,0.38,7674,2025-12,18.82134274556924
2025-05-25,Furniture,East,3093.38,277.25,0.39,5737,2025-05,8.962688062895603
2024-03-11,Electronics,North,2366.85,578.15,0.14,8127,2024-03,24.426981008513422
2025-07-11,Home,North,3469.07,818.97,0.04,4622,2025-07,23.60776807617027
2025-02-14,Electronics,North,1196.52,149.23,0.37,6834,2025-02,12.472002139537992
2025-09-08,Clothing,South,2852.37,565.73,0.2,1505,2025-09,19.833682166058402
2024-01-24,Furniture,North,3087.02,635.86,0.01,7377,2024-01,20.59785812855116
2024-12-22,Office Supplies,East,451.29,40.96,0.13,3009,2024-12,9.076203771410844
2024-01-13,Clothing,South,3474.71,585.91,0.03,6980,2024-01,16.862126623516783
2025-08-29,Furniture,West,4914.34,963.52,0.12,6518,2025-08,19.60629504674076
2025-06-08,Office Supplies,West,2076.89,342.26,0.18,7546,2025-06,16.47944763564753
2025-05-30,Furniture,North,4312.67,652.61,0.0,1435,2025-05,15.132388984086425
2024-02-18,Home,South,2279.32,471.45,0.17,7955,2024-02,20.6838004317077
2024-03-27,Electronics,West,4925.36,731.2,0.03,8164,2024-03,14.845615345883347
2025-01-04,Office Supplies,West,4707.48,825.52,0.26,3404,2025-01,17.536346410393673
2024-05-07,Furniture,West,2329.43,195.33,0.39,5215,2024-05,8.385313145275884
2025-02-09,Electronics,West,958.36,194.98,0.02,6387,2025-02,20.34517300388163
2024-11-12,Clothing,North,4969.23,503.37,0.39,3096,2024-11,10.129738410176225
2025-04-09,Furniture,East,1216.23,177.82,0.28,5753,2025-04,14.620589855537192
2025-04-01,Home,West,2460.67,420.05,0.05,2057,2025-04,17.070553954817182
2024-09-09,Home,North,749.06,164.69,0.22,2176,2024-09,21.986222732491388
2024-08-17,Furniture,North,3013.95,252.33,0.34,5612,2024-08,8.372069875080875
2025-09-07,Office Supplies,North,4570.89,929.61,0.28,3504,2025-09,20.337614775240706
2024-08-08,Furniture,South,492.9,122.0,0.12,2257,2024-08,24.751470886589573
2025-09-12,Clothing,North,4082.54,724.11,0.13,2469,2025-09,17.736752120003725
2025-02-22,Home,North,4484.64,252.16,0.15,6049,2025-02,5.622747868279282
2025-01-30,Home,West,3071.73,521.86,0.33,5209,2025-01,16.989123393006548
2024-03-09,Clothing,East,608.72,63.19,0.12,7176,2024-03,10.380799053752135
2024-08-20,Office Supplies,East,1528.66,364.2,0.16,6899,2024-08,23.82478772258056
2024-02-26,Home,South,4481.58,587.94,0.19,1261,2024-02,13.119033912147056
2024-03-16,Home,North,2332.13,84.3,0.3,1116,2024-03,3.614721306273664
2025-03-21,Home,North,933.35,224.98,0.16,7065,2025-03,24.104569561257833
2025-12-25,Clothing,South,1772.96,355.08,0.09,6080,2025-12,20.027524591643353
2024-01-21,Furniture,East,1604.5,60.94,0.37,1909,2024-01,3.798067933935805
2024-11-10,Home,West,4912.02,358.88,0.07,4864,2024-11,7.3061591768763146
2024-06-06,Furniture,West,4078.51,639.36,0.38,5710,2024-06,15.676313163385647
2025-10-21,Office Supplies,North,962.1,94.41,0.1,5544,2025-10,9.81290926099158
2025-01-07,Office Supplies,West,2115.96,232.67,0.05,7873,2025-01,10.995954554906518
2025-03-10,Office Supplies,West,1100.51,60.68,0.39,8587,2025-03,5.513807234827489
2024-03-15,Home,South,606.14,19.09,0.22,3559,2024-03,3.149437423697496
2025-03-01,Clothing,East,3246.47,190.97,0.19,3063,2025-03,5.882389179632031
2025-11-28,Furniture,North,2860.31,623.46,0.02,6947,2025-11,21.796938094122666
2024-02-07,Clothing,East,3915.35,755.94,0.32,3978,2024-02,19.30708621196062
2024-08-16,Clothing,East,3448.03,713.33,0.15,5239,2024-08,20.68804505761261
2025-11-17,Home,South,164.98,32.92,0.07,6284,2025-11,19.95393381015881
2024-05-01,Furniture,North,2762.15,59.47,0.29,5757,2024-05,2.153032963452383
2025-02-06,Furniture,West,3273.21,432.27,0.26,2439,2025-02,13.20630207044461
2024-03-28,Electronics,South,4282.66,611.22,0.21,6755,2024-03,14.271971158112015
2024-02-04,Office Supplies,West,2756.25,350.46,0.31,2589,2024-02,12.715102040816326
2025-01-13,Furniture,North,3827.62,175.22,0.24,4576,2025-01,4.5777794033890515
2024-12-31,Office Supplies,North,4548.39,709.04,0.31,8882,2024-12,15.588812744729452
2024-12-08,Electronics,North,1634.89,243.18,0.09,5470,2024-12,14.874395219250225
2024-09-14,Office Supplies,West,4798.98,830.44,0.24,4191,2024-09,17.304510541823472
2024-01-23,Home,West,1999.64,428.97,0.24,4138,2024-01,21.45236142505651
2024-05-06,Furniture,North,1975.5,171.62,0.34,3098,2024-05,8.687420906099721
2025-04-25,Electronics,West,4173.58,488.72,0.35,8340,2025-04,11.709851015195587
2024-12-15,Clothing,North,865.84,155.54,0.01,7023,2024-12,17.964058024577287
2024-10-30,Clothing,North,3713.92,543.11,0.35,6475,2024-10,14.62363217301396
2025-02-28,Clothing,East,3443.34,845.47,0.11,3250,2025-02,24.55377627536055
2025-04-27,Furniture,East,2149.11,151.37,0.31,5599,2025-04,7.043380748309764
2024-09-20,Electronics,North,1968.81,336.93,0.07,4624,2024-09,17.113383211178327
2025-12-25,Home,East,1317.54,169.73,0.32,1186,2025-12,12.882341333090455
2024-08-23,Furniture,West,4507.64,619.01,0.11,7891,2024-08,13.732463107080422
2025-09-11,Home,North,2385.68,266.61,0.07,8873,2025-09,11.17543006606083
2024-02-20,Home,North,2151.03,588.12,0.02,8227,2024-02,27.341320204739123
2024-07-29,Electronics,East,3811.49,677.82,0.13,4640,2024-07,17.783596441286743
2025-10-01,Furniture,South,4379.32,118.78,0.26,1108,2025-10,2.7122932327393294
2024-12-13,Furniture,West,4556.32,245.42,0.33,8743,2024-12,5.386364434455877
2025-08-28,Office Supplies,South,803.01,212.45,0.07,8167,2025-08,26.45670664126225
2025-10-30,Office Supplies,East,2116.47,189.47,0.08,1344,2025-10,8.952170359135732
2024-06-20,Home,East,278.03,32.89,0.27,3301,2024-06,11.829658669927708
2025-05-15,Office Supplies,East,2576.67,124.92,0.36,7702,2025-05,4.848117919640466
2025-07-25,Home,South,4626.23,1224.27,0.02,8430,2025-07,26.46366479833471
2025-09-25,Home,West,1504.46,89.74,0.13,7286,2025-09,5.96493093867567
2025-06-03,Office Supplies,South,283.95,52.67,0.03,7530,2025-06,18.549040324000707
2025-12-27,Electronics,North,1639.87,275.06,0.12,4805,2025-12,16.773280808844603
2025-08-15,Electronics,North,584.97,112.57,0.1,7714,2025-08,19.243721900268387
2025-07-23,Clothing,North,1523.01,139.41,0.17,7375,2025-07,9.153584021116078
2024-10-16,Home,North,3518.43,674.56,0.15,4703,2024-10,19.172187595035282
2024-02-02,Clothing,South,1563.76,77.99,0.3,4780,2024-02,4.98733821046708
2025-05-15,Electronics,East,1926.77,155.91,0.31,5689,2025-05,8.091780544642068
2025-02-07,Electronics,North,3142.29,484.85,0.06,2571,2025-02,15.429829837475218
2024-06-04,Electronics,East,4833.12,709.2,0.3,5117,2024-06,14.673751117290696
2024-05-25,Office Supplies,East,466.61,117.09,0.03,6484,2024-05,25.093761385311076
2025-02-18,Furniture,North,3937.0,275.02,0.3,3859,2025-02,6.985521971043942
2024-09-11,Clothing,East,2729.49,710.34,0.03,1269,2024-09,26.024641966081578
2024-09-29,Home,South,3824.26,431.06,0.28,2390,2024-09,11.271723156898329
2024-08-23,Office Supplies,South,4593.39,346.43,0.32,5220,2024-08,7.541924373937331
2025-07-15,Clothing,East,2920.41,104.13,0.22,7917,2025-07,3.565595241763999
2025-11-07,Office Supplies,South,1759.24,106.29,0.15,1760,2025-11,6.041813510379482
2024-08-08,Electronics,East,4218.15,363.16,0.16,7680,2024-08,8.60946149378282
2025-01-28,Home,North,937.44,82.01,0.34,3922,2025-01,8.748293224099676
2025-01-13,Clothing,West,770.79,81.94,0.34,3112,2025-01,10.6306516690668
2024-06-27,Furniture,South,2791.47,418.46,0.22,3844,2024-06,14.99066799929786
2024-04-03,Home,South,397.77,82.54,0.1,8157,2024-04,20.75068506926113
2025-07-17,Furniture,South,2763.57,124.75,0.35,1781,2025-07,4.514088660681654
2024-07-16,Electronics,South,4969.09,488.25,0.14,6817,2024-07,9.825742741628748
2025-03-29,Furniture,South,522.22,70.66,0.29,6769,2025-03,13.530695875301596
2024-02-19,Electronics,South,4863.55,348.14,0.34,3362,2024-02,7.158145798850633
2024-07-19,Electronics,South,2828.1,632.99,0.11,4777,2024-07,22.38216470421838
2024-11-23,Office Supplies,South,1962.35,447.64,0.06,3224,2024-11,22.811425077075956
2024-05-02,Office Supplies,West,1969.08,89.53,0.24,3293,2024-05,4.546793426371707
2025-05-22,Electronics,East,776.87,91.04,0.28,2752,2025-05,11.718820394660625
2024-04-09,Office Supplies,West,3853.47,350.0,0.26,7918,2024-04,9.082722844604993
2024-12-18,Electronics,North,4558.27,176.14,0.25,5892,2024-12,3.864185315920294
2025-09-18,Furniture,East,2578.29,411.31,0.27,3512,2025-09,15.952821443670029
2025-06-28,Electronics,East,4430.26,823.89,0.31,5146,2025-06,18.59687693273081
2024-02-08,Clothing,North,4450.2,530.85,0.37,2132,2024-02,11.928677362815156
2025-03-06,Clothing,North,4299.39,309.46,0.11,1786,2025-03,7.197765264374713
2024-01-22,Home,North,785.09,17.78,0.37,7629,2024-01,2.2647085047574165
2024-09-18,Electronics,East,2892.1,328.93,0.28,8233,2024-09,11.373396493897168
2025-06-10,Clothing,West,3303.16,816.04,0.15,5560,2025-06,24.704828103997382
2025-05-17,Office Supplies,North,3394.35,653.83,0.23,2369,2025-05,19.262303533813544
2024-01-18,Office Supplies,South,3067.86,379.44,0.2,8793,2024-01,12.368230623300933
2024-09-04,Electronics,East,3167.78,552.99,0.0,2056,2024-09,17.456704695401825
2025-08-20,Furniture,South,467.94,51.1,0.25,3403,2025-08,10.920203444886097
2025-01-20,Furniture,South,2576.73,448.15,0.33,7970,2025-01,17.39219863936074
2025-12-12,Clothing,North,4478.69,907.26,0.17,7026,2025-12,20.257262726377583
2024-07-14,Clothing,North,1039.87,26.41,0.27,8308,2024-07,2.5397405444911385
2025-08-22,Home,South,1204.98,299.68,0.12,1035,2025-08,24.870122325681756
2025-04-30,Home,North,4428.07,240.92,0.12,3394,2025-04,5.440745065005748
2025-08-30,Clothing,North,2288.83,178.49,0.35,5455,2025-08,7.798307432181509
2024-12-26,Home,South,4384.76,682.98,0.34,5994,2024-12,15.576223100010033
2025-06-16,Clothing,West,3216.27,390.14,0.31,2270,2025-06,12.130200511772953
2024-07-23,Electronics,West,4635.64,716.66,0.07,5739,2024-07,15.459785488087944
2025-05-02,Electronics,East,3835.4,253.11,0.11,3230,2025-05,6.599311675444543
2025-04-13,Home,East,338.6,85.4,0.02,5005,2025-04,25.221500295333726
2024-06-13,Electronics,East,830.76,195.14,0.12,5690,2024-06,23.489335066685925
2025-02-10,Electronics,East,600.57,109.62,0.38,3150,2025-02,18.252659973025626
2025-10-05,Office Supplies,East,4432.25,795.26,0.04,2686,2025-10,17.942579953748098
2024-11-27,Furniture,South,4181.7,693.94,0.23,4337,2024-11,16.594686371571374
2024-02-06,Furniture,North,3703.29,358.56,0.01,2620,2024-02,9.682201501907763
2024-03-22,Furniture,South,3210.12,496.01,0.16,3657,2024-03,15.451447297920327
2025-06-28,Electronics,North,1947.35,420.89,0.08,4521,2025-06,21.613474722058182
2025-07-02,Clothing,North,4401.36,903.18,0.08,2412,2025-07,20.520475489394187
2025-05-24,Furniture,East,2439.92,137.61,0.24,6297,2025-05,5.639939014393915
2024-05-08,Home,East,1559.43,101.73,0.1,5870,2024-05,6.523537446374637
2025-06-25,Office Supplies,South,2104.21,473.44,0.05,2748,2025-06,22.499655452640184
2024-02-16,Home,North,4488.34,40.45,0.33,5065,2024-02,0.9012240605658217
2024-07-31,Furniture,East,1029.39,143.82,0.17,2217,2024-07,13.971381109200593
2025-01-11,Electronics,East,4498.65,798.76,0.4,7333,2025-01,17.75554888688829
2024-10-03,Office Supplies,South,4775.57,373.26,0.15,7974,2024-10,7.816030337739788
2025-08-17,Office Supplies,East,2820.69,221.5,0.32,2471,2025-08,7.852688526566194
2024-08-25,Clothing,South,4888.91,171.14,0.23,8473,2024-08,3.5005757929681662
2025-07-21,Home,West,1169.04,166.21,0.27,7656,2025-07,14.217648668993363
2025-01-06,Office Supplies,North,2651.8,608.68,0.24,4949,2025-01,22.953465570555846
2024-06-13,Furniture,North,406.15,104.7,0.04,5146,2024-06,25.778653206943247
2024-06-08,Electronics,North,286.37,33.33,0.27,2093,2024-06,11.638788979292523
2024-12-18,Furniture,East,2870.75,674.5,0.09,5345,2024-12,23.49560219454846
2025-08-25,Electronics,West,2474.05,83.63,0.28,5561,2025-08,3.3802873830359124
2025-02-24,Furniture,West,792.7,172.8,0.22,3271,2025-02,21.79891510029015
2024-11-04,Office Supplies,East,3054.42,276.46,0.17,1578,2024-11,9.051145553001879
2024-12-05,Home,West,4532.19,617.47,0.31,5870,2024-12,13.62409784232347
2025-09-22,Office Supplies,West,2102.81,144.8,0.11,2134,2025-09,6.886023939395382
2024-03-21,Furniture,East,3546.96,672.1,0.14,5637,2024-03,18.948620790761666
2025-08-01,Electronics,West,937.46,164.34,0.22,6239,2025-08,17.530347961513023
2024-09-09,Office Supplies,North,573.84,115.94,0.02,7096,2024-09,20.204238115154048
2024-02-21,Home,North,784.33,178.95,0.21,7885,2024-02,22.81565157522981
2024-10-22,Home,East,1117.12,81.6,0.33,3294,2024-10,7.3044972787167
2024-02-15,Home,South,3927.94,734.55,0.12,8091,2024-02,18.700642066834014
2024-11-03,Home,North,3947.86,891.08,0.03,7767,2024-11,22.571215797925966
2025-09-04,Electronics,East,924.93,210.37,0.2,4514,2025-09,22.74442390234937
2025-11-16,Furniture,East,3035.28,301.22,0.29,3170,2025-11,9.923960886639783
2025-09-26,Clothing,South,4679.23,791.51,0.35,5469,2025-09,16.915389925265483
2025-05-24,Furniture,East,949.87,48.62,0.13,8921,2025-05,5.118595176182004
2025-12-12,Furniture,West,4724.11,713.75,0.33,2382,2025-12,15.108665970944793
2025-06-30,Electronics,East,3921.06,889.95,0.08,8909,2025-06,22.696668757937907
2024-10-12,Electronics,South,4885.98,1318.63,0.03,4491,2024-10,26.988035153643697
2024-02-11,Clothing,East,365.07,33.1,0.25,2068,2024-02,9.066754321089107
2024-08-10,Office Supplies,South,4667.58,872.64,0.23,8116,2024-08,18.695769542246733
2025-05-13,Home,West,3946.86,584.99,0.35,4975,2025-05,14.821655695920303
2025-12-13,Office Supplies,East,1504.43,127.96,0.33,2152,2025-12,8.50554695133705
2025-04-09,Furniture,North,4143.5,975.07,0.06,8368,2025-04,23.53252081573549
2025-12-22,Home,West,1003.66,33.11,0.3,8223,2025-12,3.2989259310922026
2024-09-29,Furniture,East,573.37,152.82,0.06,3820,2024-09,26.65294661387934
2024-11-15,Furniture,South,1437.36,229.17,0.37,3257,2024-11,15.943813658373685
2024-03-04,Electronics,East,4904.1,114.35,0.39,3800,2024-03,2.331722436328786
2024-09-10,Electronics,North,2617.47,296.33,0.01,5552,2024-09,11.321237683717483
2025-08-21,Electronics,South,4133.33,236.1,0.38,1631,2025-08,5.71210138072692
2025-11-02,Office Supplies,South,2293.01,446.26,0.02,5325,2025-11,19.461755509134278
2024-07-20,Clothing,East,3136.98,287.96,0.16,7211,2024-07,9.179529356259842
2024-06-12,Home,North,2900.6,690.86,0.18,5060,2024-06,23.817830793628904
2024-11-05,Office Supplies,South,746.14,21.08,0.29,4645,2024-11,2.8252070656981263
2025-09-02,Furniture,East,3150.74,559.87,0.12,7701,2025-09,17.76947637697811
2025-07-09,Home,West,4300.84,413.85,0.34,7687,2025-07,9.622538852875252
2024-12-03,Electronics,South,4176.67,494.89,0.15,2470,2024-12,11.848913129359035
2024-04-19,Furniture,West,764.23,37.97,0.35,4760,2024-04,4.968399565575808
2024-07-07,Home,South,4361.55,577.32,0.09,3475,2024-07,13.236578739209683
2025-10-01,Electronics,South,4266.9,891.97,0.01,7092,2025-10,20.90440366542455
2025-04-23,Office Supplies,South,839.58,101.51,0.27,6047,2025-04,12.090569094070846
2024-12-31,Electronics,East,3533.54,47.37,0.33,4466,2024-12,1.3405819659604814
2025-07-04,Home,West,3135.18,555.35,0.35,7686,2025-07,17.713496513756787
2024-05-10,Furniture,South,2445.4,130.76,0.31,4270,2024-05,5.347182465036394
2024-01-02,Home,East,4293.75,378.61,0.21,4163,2024-01,8.817700145560407
2024-11-22,Electronics,South,1656.13,283.66,0.15,7636,2024-11,17.127882472994273
2024-08-11,Electronics,East,4705.55,461.72,0.17,7360,2024-08,9.812242989661145
2024-08-08,Electronics,East,2434.74,546.2,0.07,7973,2024-08,22.433606873834584
2024-01-17,Office Supplies,South,2799.28,533.05,0.27,3138,2024-01,19.042396616272754
2024-05-07,Office Supplies,South,4277.62,858.66,0.39,7092,2024-05,20.073311794876588
2025-05-23,Home,West,3625.28,417.57,0.21,8636,2025-05,11.51828272574808
2025-03-18,Clothing,West,1287.59,58.62,0.14,7658,2025-03,4.55269146234438
2024-03-07,Clothing,South,1868.02,340.5,0.36,6484,2024-03,18.227856232802647
2025-02-15,Clothing,North,4079.08,637.92,0.11,2318,2025-02,15.638820518352176
2024-04-08,Clothing,South,1264.71,327.59,0.07,5454,2024-04,25.90238078294628
2024-06-07,Home,West,1692.25,287.57,0.16,6708,2024-06,16.99335204609248
2024-11-22,Clothing,East,503.32,24.46,0.37,2537,2024-11,4.859731383612812
2025-12-29,Home,West,2277.87,289.53,0.05,1351,2025-12,12.710558548117321
2025-01-16,Electronics,East,2632.0,247.42,0.3,2132,2025-01,9.40045592705167
2025-09-04,Office Supplies,West,4918.17,670.14,0.2,1035,2025-09,13.625799840184458
2024-07-30,Furniture,North,917.41,139.29,0.23,2727,2024-07,15.18296072639278
2024-11-17,Office Supplies,North,4559.06,874.0,0.02,5970,2024-11,19.170618504691756
2024-06-09,Home,West,2944.61,169.55,0.24,1387,2024-06,5.757978136323656
2025-04-20,Home,West,2815.34,598.27,0.0,7687,2025-04,21.250364076807774
2025-01-19,Home,North,401.71,43.63,0.19,6208,2025-01,10.86106893032287
2024-10-18,Office Supplies,North,4027.38,522.01,0.07,2697,2024-10,12.96152833852281
2024-05-25,Clothing,North,2026.31,245.99,0.38,5593,2024-05,12.139800918911718
2025-10-13,Clothing,South,1185.23,221.56,0.34,4800,2025-10,18.69341815512601
2024-07-29,Office Supplies,North,1734.15,252.85,0.09,3513,2024-07,14.580630279964247
2024-04-09,Clothing,North,573.46,119.03,0.36,8457,2024-04,20.75646078192027
2024-05-31,Home,South,4761.34,291.76,0.39,6993,2024-05,6.127686743647796
2024-12-23,Electronics,North,2965.01,12.63,0.38,7828,2024-12,0.4259682092134597
2024-03-07,Clothing,North,4193.89,493.22,0.08,2419,2024-03,11.760441976303621
2025-11-18,Office Supplies,West,3212.32,557.17,0.05,4160,2025-11,17.344785077451807
2025-01-03,Clothing,East,3093.94,676.51,0.12,4277,2025-01,21.865647039050533
2024-08-06,Furniture,West,207.55,12.52,0.33,4832,2024-08,6.032281377981208
2024-02-12,Furniture,East,1891.12,374.75,0.25,5718,2024-02,19.81629933584331
2025-10-22,Home,West,3306.29,465.61,0.15,7751,2025-10,14.08255174228516
2024-12-08,Clothing,West,3819.53,537.0,0.12,7638,2024-12,14.059321434836223
2024-05-12,Clothing,North,1628.0,141.39,0.03,8430,2024-05,8.684889434889435
2024-12-21,Electronics,West,1314.75,187.43,0.31,2438,2024-12,14.255942194333523
2025-11-16,Office Supplies,West,3179.91,763.7,0.08,8375,2025-11,24.016402979958553
2025-04-30,Clothing,South,1429.52,273.7,0.35,2326,2025-04,19.146286865521294
2025-04-07,Clothing,West,3847.75,622.92,0.26,1664,2025-04,16.189201481385222
2024-11-30,Electronics,East,2858.22,165.55,0.28,3266,2024-11,5.792066390970605
2024-07-21,Clothing,North,3524.72,793.69,0.03,6247,2024-07,22.517817018089385
2025-09-23,Electronics,South,4217.69,281.59,0.32,2428,2025-09,6.676403434107296
2024-05-15,Electronics,North,1947.59,104.03,0.11,7204,2024-05,5.341473308037113
2025-09-22,Home,South,2015.85,374.48,0.18,7344,2025-09,18.57677902621723
2025-02-05,Home,West,2297.65,479.79,0.11,7602,2025-02,20.881770504646052
2025-05-20,Office Supplies,North,4171.33,590.64,0.07,1718,2025-05,14.159512673415914
2024-02-18,Furniture,West,4881.56,972.53,0.05,6189,2024-02,19.922524766672947
2025-09-02,Clothing,North,714.87,139.19,0.07,5210,2025-09,19.47067298949459
2025-07-14,Home,West,4035.75,602.47,0.33,4795,2025-07,14.928328067893204
2025-03-12,Home,West,2215.48,201.04,0.19,2939,2025-03,9.074331521837253
2025-06-25,Home,South,611.74,17.15,0.3,1211,2025-06,2.803478602020466
2025-02-17,Clothing,East,3643.62,771.76,0.14,1597,2025-02,21.18113304900072
2025-02-28,Home,West,2187.84,248.43,0.35,8504,2025-02,11.3550351031154
2025-11-06,Furniture,North,2253.56,97.56,0.25,2924,2025-11,4.329150322156943
2024-08-13,Furniture,West,2671.3,561.88,0.24,6242,2024-08,21.0339535057837
2025-03-12,Electronics,East,868.29,157.45,0.31,1710,2025-03,18.133342546844947
2024-10-21,Office Supplies,West,3094.16,404.88,0.27,1652,2024-10,13.085296170850894
2024-03-08,Office Supplies,North,3014.09,356.8,0.25,2939,2024-03,11.83773543590271
2025-05-22,Home,East,3335.93,768.44,0.13,8460,2025-05,23.03525553593751
2024-06-23,Furniture,North,1076.19,201.66,0.2,7255,2024-06,18.738326875365875
2024-04-09,Home,West,3114.67,242.09,0.17,5553,2024-04,7.772573017366205
2024-01-15,Electronics,West,3238.32,784.5,0.0,6322,2024-01,24.22552434595716
2025-10-04,Electronics,West,4339.44,43.45,0.39,4155,2025-10,1.0012812713161148
2024-04-20,Electronics,East,4204.83,290.79,0.35,2753,2024-04,6.915618467333995
2025-10-24,Electronics,West,3118.01,418.15,0.05,1684,2025-10,13.410797271336525
2025-07-22,Clothing,South,1419.34,197.93,0.11,5095,2025-07,13.945213972691533
2024-06-13,Office Supplies,West,2177.16,337.01,0.28,5240,2024-06,15.479340057689836
2024-02-13,Furniture,East,2001.53,348.27,0.16,8339,2024-02,17.40018885552552
2025-09-25,Furniture,West,3767.07,842.43,0.13,1277,2025-09,22.363003607578303
2024-11-18,Furniture,East,4743.49,439.8,0.38,4839,2024-11,9.271654414787426
2024-07-02,Furniture,West,797.29,79.53,0.27,6696,2024-07,9.97504044952276
2024-07-27,Office Supplies,South,860.35,47.52,0.09,4188,2024-07,5.5233335270529444
2025-03-10,Furniture,South,824.64,62.35,0.21,1474,2025-03,7.5608750485060146
2024-05-26,Electronics,South,612.64,113.69,0.3,1568,2024-05,18.557390963698094
2024-06-11,Electronics,East,3954.46,684.0,0.27,1840,2024-06,17.296925496780847
2024-02-19,Furniture,North,2213.77,115.59,0.25,8275,2024-02,5.221409631533538
2025-06-09,Home,South,400.68,50.36,0.1,7826,2025-06,12.568633323350303
2024-07-07,Furniture,West,2323.29,378.32,0.34,2980,2024-07,16.28380443250735
2024-10-05,Office Supplies,East,1478.64,147.5,0.34,4287,2024-10,9.975382784180056
2025-01-09,Home,South,2876.45,188.18,0.1,6347,2025-01,6.542091814563091
2025-04-26,Furniture,South,4729.99,100.69,0.3,8298,2025-04,2.1287571432497745
2025-07-31,Furniture,South,3158.38,855.15,0.02,7150,2025-07,27.075589384431257
2024-08-27,Furniture,East,3127.84,522.37,0.01,4029,2024-08,16.700662437976366
2025-11-03,Electronics,North,3870.53,808.82,0.35,2769,2025-11,20.896879755485685
2025-05-21,Electronics,South,2360.63,454.92,0.04,1243,2025-05,19.271126775479427
2025-03-11,Home,North,878.52,126.11,0.37,3297,2025-03,14.354824022219187
2025-07-17,Furniture,West,645.17,6.47,0.31,3740,2025-07,1.002836461707767
2025-02-26,Home,West,1267.97,222.22,0.17,1356,2025-02,17.52565123780531
2025-01-05,Home,South,2610.33,219.84,0.13,8263,2025-01,8.421923664823987
2025-10-18,Home,South,319.5,32.66,0.29,8262,2025-10,10.222222222222221
2024-05-20,Furniture,North,954.57,235.7,0.0,6741,2024-05,24.691746021768964
2025-06-21,Clothing,North,1028.65,57.28,0.28,8099,2025-06,5.568463520147766
2024-08-17,Electronics,North,259.98,55.96,0.31,2304,2024-08,21.52473267174398
2025-10-09,Office Supplies,North,924.91,104.06,0.09,8177,2025-10,11.250824404536658
2025-03-06,Furniture,West,1522.14,74.08,0.31,2443,2025-03,4.8668322230543835
2024-02-29,Electronics,North,2741.84,332.21,0.24,7679,2024-02,12.116316050535406
2024-03-09,Electronics,North,3982.57,905.03,0.1,2180,2024-03,22.72477319921558
2025-06-16,Home,West,2009.54,245.2,0.02,4032,2025-06,12.20179742627666
2024-02-25,Clothing,East,4981.35,414.93,0.06,5397,2024-02,8.329669667861122
2024-11-18,Office Supplies,East,4486.91,342.45,0.02,4354,2024-11,7.632201225342163
2025-03-11,Electronics,West,3412.83,362.63,0.09,3095,2025-03,10.625492626354081
2024-04-18,Furniture,North,2089.41,539.23,0.08,8324,2024-04,25.80776391421502
2024-10-11,Electronics,South,3134.09,626.87,0.34,1241,2024-10,20.001659173795264
2025-03-30,Electronics,North,1519.17,364.55,0.09,5785,2025-03,23.996656068774396
2024-09-05,Electronics,North,732.09,80.9,0.04,8293,2024-09,11.050553893646956
2024-06-12,Office Supplies,South,3002.01,173.68,0.28,3351,2024-06,5.7854570770916816
2025-04-12,Furniture,East,1049.19,201.54,0.28,6503,2025-04,19.20910416607097
2025-05-17,Home,East,3529.62,459.63,0.37,7271,2025-05,13.022081697179866
2025-12-18,Clothing,North,2776.49,439.69,0.31,1724,2025-12,15.83618165381471
2025-04-16,Furniture,South,3547.88,533.59,0.22,2904,2025-04,15.039685671443229
2025-10-02,Home,South,1046.72,36.45,0.36,8215,2025-10,3.4823066340568634
2025-06-03,Home,North,368.07,71.84,0.1,1201,2025-06,19.518026462357703
2025-07-28,Clothing,East,4637.81,581.89,0.15,8991,2025-07,12.546654563252913
2024-07-21,Home,East,4837.82,694.34,0.29,1526,2024-07,14.352332248822819
2024-12-22,Home,East,2219.93,484.76,0.12,7937,2024-12,21.83672458140572
2025-11-12,Furniture,East,3560.94,613.42,0.15,2931,2025-11,17.226350345695238
2024-05-08,Clothing,South,4894.14,572.37,0.13,7332,2024-05,11.695006681459867
2025-09-12,Clothing,East,4697.65,669.4,0.37,5777,2025-09,14.249678030504615
2025-01-17,Furniture,South,3874.09,212.48,0.12,3210,2025-01,5.484642845158475
2024-08-09,Clothing,North,414.0,83.37,0.33,8784,2024-08,20.13768115942029
2024-04-10,Electronics,East,3949.76,418.48,0.35,4323,2024-04,10.595074131086445
2024-08-19,Home,East,1488.79,110.6,0.03,4373,2024-08,7.428851617756702
2024-07-03,Electronics,West,3179.6,271.73,0.37,5445,2024-07,8.546043527487734
2024-03-22,Furniture,East,1251.65,13.55,0.34,5555,2024-03,1.0825710062717213
2024-11-03,Electronics,North,4970.41,407.79,0.16,1748,2024-11,8.204353363203438
2025-01-27,Office Supplies,East,4608.34,550.39,0.15,6740,2025-01,11.943346194074222
2024-03-31,Office Supplies,South,1677.83,299.96,0.09,4759,2024-03,17.877854133017053
2025-12-23,Office Supplies,North,4311.91,843.8,0.25,1768,2025-12,19.569054085080626
2025-10-23,Home,West,1582.21,294.8,0.18,3181,2025-10,18.632166400161797
2025-06-17,Electronics,South,1843.28,389.44,0.23,2727,2025-06,21.12755522763769
2025-03-26,Electronics,South,1090.22,232.13,0.06,6293,2025-03,21.29203280071912
2024-07-10,Furniture,West,1991.42,-13.6,0.39,6706,2024-07,-0.6829297687077562
2024-03-05,Clothing,East,4612.48,925.21,0.16,8338,2024-03,20.058840363535456
2024-02-05,Office Supplies,East,1004.99,157.94,0.04,2340,2024-02,15.715579259495119
2025-04-26,Home,North,2967.49,318.79,0.0,8298,2025-04,10.742748922490051
2024-07-07,Clothing,South,3253.99,602.88,0.16,4439,2024-07,18.527407890005808
2025-10-25,Electronics,West,871.02,237.74,0.01,5396,2025-10,27.2944364078896
2025-02-18,Office Supplies,East,1064.66,192.85,0.2,6756,2025-02,18.113764018559912
2024-12-01,Home,North,1182.63,25.61,0.36,4160,2024-12,2.165512459518192
2025-01-02,Clothing,South,4404.19,1019.58,0.03,1674,2025-01,23.15022739709232
2025-02-17,Electronics,East,877.02,147.62,0.4,4657,2025-02,16.831999270256095
2024-04-26,Clothing,East,769.43,180.19,0.21,1870,2024-04,23.418634573645427
2024-11-15,Furniture,North,3575.39,811.41,0.2,5219,2024-11,22.69430747414967
2025-11-19,Furniture,North,2047.75,142.55,0.12,3991,2025-11,6.961298986692713
2024-05-01,Furniture,South,3494.14,359.28,0.16,5812,2024-05,10.282358463026666
2024-03-24,Furniture,East,3629.43,698.79,0.06,3636,2024-03,19.253436490027358
2025-06-18,Clothing,South,3914.55,806.99,0.29,6630,2025-06,20.6151409485126
2024-12-20,Clothing,North,4147.52,821.82,0.18,5258,2024-12,19.814732659517013
2025-02-11,Electronics,East,3554.1,319.24,0.01,7082,2025-02,8.982302129934443
2024-11-18,Home,North,1946.85,362.01,0.16,5866,2024-11,18.59465290083982
2024-12-24,Furniture,East,859.05,149.62,0.24,4125,2024-12,17.41691403294337
2025-03-05,Electronics,North,4275.14,323.75,0.07,4161,2025-03,7.572851415392244
2025-07-01,Electronics,West,2213.71,161.86,0.03,7601,2025-07,7.311707495561749
2024-10-31,Clothing,South,3430.92,254.98,0.36,5306,2024-10,7.431825865948491
2025-05-04,Furniture,North,2390.33,547.61,0.22,5470,2025-05,22.90938908016885
2025-09-26,Clothing,West,3830.31,618.17,0.04,4452,2025-09,16.13890259535129
2024-09-30,Office Supplies,West,1862.13,167.04,0.31,7657,2024-09,8.97037263778576
2025-05-11,Home,East,1737.14,242.47,0.17,7444,2025-05,13.95799993092094
2025-02-03,Electronics,North,3701.48,468.87,0.35,8497,2025-02,12.667095324032548
2024-01-27,Electronics,West,731.93,39.11,0.14,1840,2024-01,5.343407156422063
2024-03-30,Furniture,North,1779.89,243.53,0.27,4107,2024-03,13.682306209934323
2024-05-20,Clothing,North,419.16,80.54,0.24,8217,2024-05,19.21461971562172
2025-09-14,Office Supplies,East,3353.34,675.29,0.14,3800,2025-09,20.137832727966742
2025-06-29,Home,West,220.98,28.3,0.07,5254,2025-06,12.806588831568469
2024-07-21,Home,East,4534.74,149.11,0.38,8236,2024-07,3.2881708763898265
2024-08-15,Electronics,North,313.11,34.3,0.29,6007,2024-08,10.954616588419404
2025-05-04,Clothing,North,1852.72,385.76,0.34,4167,2025-05,20.821278984412107
2025-03-19,Clothing,West,891.33,135.85,0.02,4416,2025-03,15.2412686659262
2024-11-16,Home,East,3320.12,329.71,0.2,4613,2024-11,9.930665156681084
2024-08-12,Office Supplies,North,3212.31,470.66,0.05,6027,2024-08,14.651761504960605
2024-08-30,Home,South,3329.33,537.64,0.2,3817,2024-08,16.1485944619488
2024-06-16,Electronics,South,3014.82,12.16,0.39,4911,2024-06,0.4033408296349367
2025-09-14,Home,East,214.67,15.32,0.04,6350,2025-09,7.136535146969767
2024-02-12,Clothing,North,4254.59,542.42,0.2,2415,2024-02,12.749054550497227
2025-12-10,Office Supplies,East,3899.28,62.54,0.33,6242,2025-12,1.6038858455920064
2024-12-19,Home,North,3904.34,321.33,0.19,2521,2024-12,8.23007217609122
2024-05-24,Furniture,West,2144.56,398.49,0.34,5389,2024-05,18.58143395381803
2024-03-25,Clothing,West,572.98,44.29,0.15,3689,2024-03,7.729763691577367
2024-05-18,Clothing,South,4203.78,166.41,0.16,6013,2024-05,3.958580135021338
2025-09-30,Home,East,3487.4,480.47,0.22,4533,2025-09,13.777312611114297
2025-08-04,Home,East,3100.38,260.91,0.21,8147,2025-08,8.415420045284772
2024-06-22,Home,East,3146.97,556.52,0.36,8681,2024-06,17.68431221142877
2024-04-29,Clothing,East,4201.71,815.87,0.19,8878,2024-04,19.417570465358153
2025-10-16,Office Supplies,East,1112.64,72.59,0.36,1823,2025-10,6.524122807017544
2025-02-26,Furniture,East,1996.28,401.63,0.03,8993,2025-02,20.118921193419762
2024-06-28,Furniture,West,3072.67,275.9,0.06,7825,2024-06,8.979161445908607
2025-01-03,Office Supplies,West,160.32,9.52,0.17,8185,2025-01,5.93812375249501
2024-12-25,Office Supplies,East,4580.69,76.8,0.33,4118,2024-12,1.6766033064887604
2025-04-14,Office Supplies,West,4352.73,67.81,0.38,4414,2025-04,1.5578728751840802
2024-04-21,Clothing,West,4473.83,627.82,0.28,4890,2024-04,14.033166213289286
2025-12-22,Home,North,3547.52,418.9,0.26,4150,2025-12,11.808249143063323
2024-05-13,Electronics,South,1203.19,57.43,0.12,8681,2024-05,4.773144723609738
2024-08-29,Home,South,2342.87,345.36,0.1,2671,2024-08,14.740894714602176
2024-08-26,Clothing,West,2760.13,148.23,0.31,3877,2024-08,5.370399220326578
2024-12-03,Electronics,West,4204.54,287.82,0.1,7316,2024-12,6.845457529242199
2025-04-29,Electronics,North,3311.25,700.47,0.27,5017,2025-04,21.154246885617216
2024-07-01,Home,West,1140.11,1.35,0.37,4392,2024-07,0.11840962714124077
2025-11-09,Home,East,551.83,113.11,0.11,2907,2025-11,20.49725458927568
2025-03-28,Office Supplies,East,571.92,99.05,0.36,6927,2025-03,17.31885578402574
2024-05-08,Office Supplies,East,4867.94,356.74,0.33,2659,2024-05,7.328356553285374
2025-04-09,Electronics,North,1294.82,191.68,0.29,7443,2025-04,14.803602045071903
2025-05-23,Home,West,2451.16,527.21,0.07,3217,2025-05,21.508591850389205
2024-10-17,Electronics,West,4471.28,1187.7,0.04,7014,2024-10,26.562863430606004
2024-04-29,Electronics,South,999.11,99.77,0.22,3128,2024-04,9.985887439821441
2025-03-17,Office Supplies,North,3399.23,216.25,0.1,6756,2025-03,6.36173486348379
2025-11-01,Electronics,South,4662.69,658.2,0.36,5240,2025-11,14.116314831138252
2025-03-09,Office Supplies,West,1358.02,256.09,0.1,4319,2025-03,18.857601508077934
2025-04-27,Furniture,West,278.19,39.25,0.21,2950,2025-04,14.109062151766777
2025-10-07,Furniture,South,3884.36,419.97,0.33,5524,2025-10,10.811819707751084
2024-11-24,Electronics,South,1344.18,63.51,0.28,6368,2024-11,4.724813641030219
2025-09-28,Office Supplies,North,2492.05,345.34,0.28,6317,2025-09,13.857667382275634
2025-12-25,Electronics,South,3392.83,279.61,0.28,5423,2025-12,8.241202771727437
2025-07-26,Furniture,South,3818.34,540.54,0.12,8346,2025-07,14.156413520011313
2024-10-18,Office Supplies,South,4439.39,724.24,0.21,3374,2024-10,16.313953043098262
2024-11-29,Clothing,West,3964.24,411.71,0.07,3429,2024-11,10.385597239319516
2024-08-31,Furniture,South,4554.45,331.03,0.36,8627,2024-08,7.268276081634445
2025-09-12,Clothing,West,634.87,88.29,0.22,8016,2025-09,13.906784066029267
2024-01-29,Furniture,West,4229.07,1064.08,0.01,1838,2024-01,25.161087425840666
2024-12-25,Furniture,West,2245.02,177.08,0.31,4439,2024-12,7.887680287926166
2025-12-12,Home,North,694.26,39.25,0.23,8448,2025-12,5.653501570016997
2025-07-06,Clothing,South,3786.79,321.97,0.05,3833,2025-07,8.50245194478701
2024-07-29,Furniture,North,386.8,66.74,0.11,8170,2024-07,17.254395036194413
2024-02-18,Furniture,East,2386.05,199.33,0.07,7468,2024-02,8.353974141363341
2024-11-25,Furniture,East,3830.06,777.99,0.24,4002,2024-11,20.31273661509219
2024-04-25,Office Supplies,East,3469.61,158.93,0.28,3643,2024-04,4.580630099636559
2024-09-17,Office Supplies,West,3317.32,396.11,0.34,6770,2024-09,11.940662944786755
2025-06-19,Furniture,South,4706.6,219.88,0.13,2867,2025-06,4.6717375600220965
2025-02-18,Furniture,East,4257.73,451.7,0.14,1410,2025-02,10.60893950532326
2024-06-12,Office Supplies,West,3236.44,595.35,0.24,5125,2024-06,18.395212023087097
2024-03-31,Electronics,West,4251.93,634.0,0.13,3635,2024-03,14.910875767004631
2024-01-09,Electronics,South,3103.59,526.05,0.15,6702,2024-01,16.949725962514375
2024-08-24,Office Supplies,South,423.7,19.6,0.22,7182,2024-08,4.625914562190229
2025-07-13,Office Supplies,South,3260.82,245.71,0.29,8005,2025-07,7.535221202028937
2024-05-03,Electronics,South,4583.2,345.86,0.06,7911,2024-05,7.5462558910804685
2024-07-21,Office Supplies,East,2545.67,321.69,0.04,6929,2024-07,12.636751817792566
2024-02-06,Home,East,609.03,110.37,0.22,6828,2024-02,18.122259987192752
2024-10-24,Clothing,West,1298.57,257.13,0.07,7402,2024-10,19.8010118823013
2025-09-25,Office Supplies,North,1424.86,230.0,0.05,5903,2025-09,16.14193675168087
2024-04-22,Clothing,South,3311.34,642.19,0.03,7474,2024-04,19.393659364486883
2025-11-14,Furniture,North,3058.68,274.77,0.04,7460,2025-11,8.983286908077995
2024-03-09,Furniture,East,506.5,46.42,0.26,5138,2024-03,9.164856860809477
2024-08-02,Furniture,North,2167.85,310.4,0.26,7253,2024-08,14.318333833060404
2025-10-05,Clothing,West,1205.07,231.63,0.1,3166,2025-10,19.22129004954069
2025-10-18,Electronics,East,4389.32,471.0,0.09,1350,2025-10,10.730591526705732
2024-12-19,Home,South,867.81,137.15,0.1,1873,2024-12,15.804150678143836
2025-03-22,Electronics,South,1088.09,241.49,0.02,8606,2025-03,22.19393616336884
2024-01-03,Home,East,2255.86,228.34,0.24,7866,2024-01,10.12208204409848
2024-07-05,Clothing,West,4667.14,1233.84,0.01,1106,2024-07,26.436747129933963
2024-11-19,Clothing,South,3071.22,552.15,0.35,3533,2024-11,17.97819758923164
2024-07-16,Clothing,West,2922.57,207.56,0.36,3849,2024-07,7.101968472953598
2025-11-04,Home,West,369.41,59.14,0.31,4112,2025-11,16.0093121463956
2025-07-13,Office Supplies,South,4554.96,901.5,0.26,3968,2025-07,19.791611781442647
2024-12-12,Office Supplies,North,854.01,215.48,0.05,5050,2024-12,25.231554665636235
2024-05-22,Clothing,West,1084.22,10.4,0.36,5372,2024-05,0.9592149194812861
2024-09-07,Clothing,North,3961.91,311.41,0.02,1200,2024-09,7.860097781120723
2024-04-10,Clothing,West,1939.12,253.31,0.19,6372,2024-04,13.063142043813688
2024-01-27,Furniture,North,4819.4,1020.26,0.18,3660,2024-01,21.1698551686932
2025-08-10,Clothing,South,1858.99,186.8,0.07,7870,2025-08,10.048467178414086
2024-03-17,Office Supplies,North,3300.08,367.77,0.37,6750,2024-03,11.144275290295992
2024-02-29,Home,West,2585.77,187.72,0.2,7767,2024-02,7.259733077574572
2025-12-15,Furniture,West,3253.96,369.01,0.22,1075,2025-12,11.340336082803722
2025-07-29,Furniture,North,2945.66,229.43,0.35,8155,2025-07,7.788746834325755
2024-06-13,Office Supplies,West,2697.68,306.35,0.3,7659,2024-06,11.356054090922573
2024-03-09,Office Supplies,West,926.22,199.95,0.17,3967,2024-03,21.58774373259053
2024-05-18,Electronics,North,4638.87,427.67,0.24,4373,2024-05,9.219271072481014
2025-07-09,Home,East,4735.86,877.03,0.24,8507,2025-07,18.51891736664513
2024-04-09,Home,East,3462.17,542.35,0.21,2329,2024-04,15.66503089103077
2024-03-23,Office Supplies,North,1639.29,266.88,0.17,2083,2024-03,16.28021887524477
2025-05-02,Home,South,1258.82,82.29,0.23,8834,2025-05,6.537074403012346
2025-02-16,Office Supplies,East,2274.23,222.35,0.08,7875,2025-02,9.776935490253843
2025-05-18,Furniture,North,2846.36,13.85,0.39,2552,2025-05,0.48658637698674795
2025-09-26,Office Supplies,North,3232.54,397.59,0.15,8228,2025-09,12.299615782016618
2024-08-10,Furniture,South,2914.13,459.18,0.16,3780,2024-08,15.757018389708078
2025-04-09,Clothing,North,1318.77,261.9,0.18,3432,2025-04,19.85941445437794
2025-06-23,Electronics,North,3645.87,285.5,0.23,6239,2025-06,7.830778387600216
2025-02-12,Office Supplies,East,4043.24,867.22,0.14,7918,2025-02,21.448640199444014
2025-01-20,Furniture,South,4690.44,786.97,0.31,8468,2025-01,16.778170065068522
2024-01-17,Home,East,838.69,123.07,0.37,4619,2024-01,14.674075045606838
2025-08-15,Clothing,East,3638.7,782.68,0.06,8178,2025-08,21.509879902162858
2025-01-07,Home,North,3113.68,517.75,0.03,3862,2025-01,16.628234115259115
2024-01-12,Clothing,South,4763.57,459.01,0.26,4209,2024-01,9.635840346630783
2025-09-27,Furniture,West,879.33,152.64,0.0,6164,2025-09,17.358670806181976
2025-09-11,Electronics,South,3371.1,784.17,0.06,3603,2025-09,23.261546676159117
2025-11-10,Electronics,East,4907.82,706.06,0.3,1467,2025-11,14.386428190112921
2025-06-08,Electronics,East,4787.47,319.66,0.08,8333,2025-06,6.6770131196644575
2025-10-01,Clothing,North,1609.22,311.13,0.36,8434,2025-10,19.3342116056226
2024-12-18,Furniture,South,2308.98,247.76,0.37,4296,2024-12,10.730279170889311
2025-07-24,Clothing,South,4244.2,493.99,0.25,6094,2025-07,11.639178172564913
2025-01-07,Office Supplies,North,2679.83,313.27,0.28,5195,2025-01,11.689920629293649
2024-12-02,Home,North,4338.07,1034.3,0.16,6005,2024-12,23.8423999612731
2024-12-20,Office Supplies,East,1472.39,191.9,0.18,5876,2024-12,13.0332316845401
2025-04-23,Home,North,205.7,11.29,0.33,7519,2025-04,5.488575595527467
2024-09-08,Furniture,South,2440.41,170.4,0.35,4198,2024-09,6.982433279653829
2024-09-11,Home,South,1296.52,51.57,0.3,6554,2024-09,3.9775707277944035
2024-10-30,Home,South,2354.65,119.3,0.1,3419,2024-10,5.0665704032446435
2025-03-12,Office Supplies,West,1491.67,335.9,0.06,8450,2025-03,22.518385433775563
2025-09-04,Home,East,696.18,120.2,0.33,7852,2025-09,17.265649688299003
2025-09-21,Home,North,2941.99,420.8,0.34,6324,2025-09,14.303243722786279
2025-07-07,Office Supplies,West,623.98,97.33,0.1,3982,2025-07,15.598256354370331
2024-08-22,Clothing,East,379.52,82.51,0.01,3705,2024-08,21.7406197301855
2025-03-13,Furniture,North,4222.14,835.26,0.39,8728,2025-03,19.782858929358095
2025-07-21,Electronics,East,3553.55,351.06,0.15,2972,2025-07,9.879134949557484
2024-06-07,Office Supplies,South,596.18,75.38,0.29,1473,2024-06,12.643832399610854
2024-08-12,Clothing,East,2490.04,347.86,0.06,3556,2024-08,13.970056705916372
2025-01-20,Furniture,West,2023.2,234.15,0.3,7088,2025-01,11.573250296559905
2024-07-08,Furniture,West,3176.02,517.71,0.28,4714,2024-07,16.300590046662176
2024-05-06,Electronics,South,388.59,65.93,0.25,8297,2024-05,16.966468514372476
2024-03-10,Home,East,3409.42,577.04,0.4,2684,2024-03,16.924872852273992
2024-08-29,Office Supplies,North,398.84,76.18,0.26,3058,2024-08,19.100391134289442
2024-11-27,Office Supplies,East,1396.46,175.32,0.25,5586,2024-11,12.554602351660627
2024-06-28,Home,South,1741.74,221.78,0.12,2642,2024-06,12.733243767726526
2024-03-17,Clothing,West,2376.67,120.89,0.11,8887,2024-03,5.0865286303946275
2025-11-21,Electronics,West,3905.5,2.3,0.38,6891,2025-11,0.058891307130969135
2024-06-14,Home,West,1304.2,103.66,0.34,3033,2024-06,7.948167458978683
2024-05-21,Home,North,1394.39,151.7,0.07,6930,2024-05,10.879309231993917
2024-01-29,Electronics,East,348.29,61.25,0.21,5641,2024-01,17.5859197794941
2024-09-19,Office Supplies,West,1061.25,140.22,0.0,7673,2024-09,13.212720848056536
2025-11-18,Home,South,3850.73,593.6,0.11,3242,2025-11,15.415258924931116
2024-01-22,Electronics,East,855.75,174.81,0.18,2315,2024-01,20.42769500438212
2025-09-18,Clothing,West,3924.12,628.36,0.39,1956,2025-09,16.012762096979706
2024-07-15,Home,South,2319.23,374.04,0.34,4246,2024-07,16.12776654320615
2025-02-05,Electronics,North,2328.53,144.89,0.1,6863,2025-02,6.222380643582001
2024-04-26,Home,West,4951.4,1063.99,0.15,2375,2024-04,21.488669871147557
2024-08-05,Home,East,4865.32,605.39,0.35,3388,2024-08,12.44296366939893
2025-06-14,Home,South,635.98,110.92,0.28,6470,2025-06,17.440800025158023
2024-07-03,Home,West,2280.84,398.21,0.13,2960,2024-07,17.458918644008346
2024-02-16,Office Supplies,West,2099.28,203.65,0.11,2751,2024-02,9.700945085934224
2024-10-17,Electronics,West,3155.28,541.79,0.21,1174,2024-10,17.170900839228214
2024-06-11,Office Supplies,South,459.75,37.02,0.01,6550,2024-06,8.052202283849919
2025-08-07,Electronics,North,1797.78,24.6,0.3,4585,2025-08,1.3683543036411574
2025-12-15,Clothing,West,1812.12,204.57,0.05,5268,2025-12,11.288987484272566
2025-01-14,Furniture,East,2030.43,430.78,0.18,8345,2025-01,21.216195584186597
2024-06-27,Electronics,South,4995.58,215.27,0.16,3652,2024-06,4.309209341057495
2025-07-09,Home,West,404.67,65.95,0.31,4049,2025-07,16.29722984159933
2025-11-14,Home,West,3591.42,161.66,0.28,1329,2025-11,4.501283614837584
2025-03-02,Furniture,West,1044.0,52.92,0.18,3081,2025-03,5.068965517241379
2024-12-01,Clothing,East,4083.63,1030.59,0.06,2844,2024-12,25.237105222559336
2024-01-22,Clothing,North,374.15,50.62,0.37,1938,2024-01,13.529333155151676
2025-01-21,Clothing,West,3649.77,458.37,0.31,4765,2025-01,12.558873572855275
2024-09-02,Furniture,South,2889.58,658.29,0.23,8750,2024-09,22.781511499941168
2025-07-10,Home,North,496.48,38.59,0.36,6541,2025-07,7.772719948436997
2024-09-08,Furniture,North,3932.57,474.98,0.03,8536,2024-09,12.07810668341568
2024-05-26,Office Supplies,South,1693.97,404.62,0.12,2532,2024-05,23.88590116708088
2024-08-01,Furniture,South,2811.93,290.37,0.26,5915,2024-08,10.326359475520373
2025-09-12,Electronics,North,3617.71,449.45,0.01,1575,2025-09,12.42360498768558
2025-09-26,Furniture,West,3039.29,427.06,0.38,3355,2025-09,14.051308035758353
2024-08-15,Electronics,North,4769.19,367.34,0.1,4869,2024-08,7.702356165302704
2024-05-24,Office Supplies,West,3570.04,331.88,0.23,7248,2024-05,9.296254383704385
2025-04-20,Office Supplies,North,3489.19,799.24,0.12,1376,2025-04,22.90617593194982
2025-02-21,Clothing,North,363.28,70.5,0.16,1705,2025-02,19.40651838802026
2024-08-01,Clothing,East,966.76,61.19,0.18,3733,2024-08,6.3293888865902606
2025-06-26,Office Supplies,East,2953.33,496.11,0.39,6065,2025-06,16.798325957478507
2024-01-25,Electronics,South,4168.8,496.0,0.05,6570,2024-01,11.897908270965265
2024-08-07,Furniture,West,4307.18,420.12,0.37,6448,2024-08,9.753945737118022
2025-10-13,Clothing,South,4615.91,436.27,0.25,6123,2025-10,9.451440777658144
2025-12-22,Furniture,East,4503.7,646.07,0.03,1703,2025-12,14.34531607345072
2025-12-27,Clothing,South,2810.41,474.47,0.39,3752,2025-12,16.882590084720736
2025-02-10,Furniture,North,3401.83,391.35,0.32,1798,2025-02,11.504102203813831
2024-04-26,Furniture,West,3692.65,326.37,0.17,2239,2024-04,8.83836810962317
2024-07-31,Electronics,West,4470.71,539.47,0.21,8956,2024-07,12.066763444732493
2025-05-11,Clothing,East,931.7,215.49,0.02,8140,2025-05,23.128689492325854
2025-01-17,Electronics,South,3157.2,157.63,0.15,1783,2025-01,4.992715063980743
2025-11-21,Furniture,South,345.4,32.4,0.12,8585,2025-11,9.380428488708743
2024-02-13,Clothing,North,3497.42,333.2,0.37,7729,2024-02,9.527022776789746
2025-01-18,Furniture,North,4664.45,980.57,0.22,3796,2025-01,21.022199830633838
2025-02-21,Office Supplies,South,351.76,30.85,0.27,2832,2025-02,8.770184216511257
2025-02-16,Clothing,North,3929.69,405.29,0.23,1374,2025-02,10.313536182243384
2024-06-15,Home,West,4164.57,855.88,0.35,5110,2024-06,20.5514614954245
2024-07-27,Clothing,East,3727.36,289.96,0.28,2872,2024-07,7.779232486263736
2024-11-05,Home,West,214.44,13.72,0.2,4262,2024-11,6.3980600634210045
2025-12-14,Furniture,East,3480.49,494.01,0.03,8704,2025-12,14.19369111820462
2025-01-07,Furniture,East,959.8,28.57,0.28,6410,2025-01,2.9766618045426134
2024-07-29,Clothing,South,1318.07,73.44,0.1,4752,2024-07,5.5717829857291346
2024-03-25,Electronics,West,3866.67,312.69,0.02,6668,2024-03,8.086803373445367
2024-06-18,Office Supplies,North,1774.1,326.52,0.09,5414,2024-06,18.404824981680854
2024-08-07,Furniture,East,903.11,134.6,0.23,2791,2024-08,14.90405376975119
2025-07-10,Electronics,West,2130.92,223.18,0.33,8913,2025-07,10.4734105456798
2024-05-11,Furniture,East,3512.81,508.26,0.3,7254,2024-05,14.468758629131665
2024-11-18,Office Supplies,East,583.17,157.9,0.02,2808,2024-11,27.07615275134181
2025-10-29,Home,East,2672.68,424.9,0.14,4199,2025-10,15.897900234970141
2024-02-04,Office Supplies,North,2670.57,307.93,0.37,1867,2024-02,11.530497234672747
2024-02-08,Clothing,East,1224.04,143.89,0.17,6854,2024-02,11.755334792980621
2024-01-19,Office Supplies,East,809.09,166.6,0.23,5815,2024-01,20.59103437194873
2025-01-09,Electronics,East,1398.76,60.68,0.4,6675,2025-01,4.338128056278419
2024-12-26,Furniture,East,2337.65,436.47,0.28,1664,2024-12,18.671315209719165
2024-01-14,Clothing,South,1428.37,291.21,0.28,2524,2024-01,20.38757464802537
2024-02-08,Electronics,North,2218.87,275.25,0.27,8597,2024-02,12.404962886514308
2024-03-20,Office Supplies,South,2790.38,71.44,0.35,8733,2024-03,2.560224772253241
2024-10-01,Office Supplies,North,1405.43,242.32,0.29,2203,2024-10,17.24169827028027
2024-05-15,Office Supplies,South,924.48,171.09,0.0,1960,2024-05,18.506619937694705
2025-11-02,Furniture,West,3536.83,616.15,0.12,8115,2025-11,17.420967363429966
2024-05-13,Office Supplies,South,405.71,60.34,0.15,1719,2024-05,14.872692317172367
2025-01-07,Electronics,South,4161.78,602.32,0.26,8920,2025-01,14.472653528057707
2024-06-22,Furniture,West,1514.71,137.29,0.37,6914,2024-06,9.063781185837552
2025-10-11,Furniture,South,4337.04,525.06,0.04,2910,2025-10,12.106413590836144
2025-11-05,Clothing,North,2621.22,457.55,0.24,6338,2025-11,17.455612272148084
2024-06-17,Furniture,South,2467.7,381.7,0.12,1655,2024-06,15.46784455160676
2025-10-21,Clothing,South,2853.8,218.78,0.37,7211,2025-10,7.666269535356367
2024-10-02,Electronics,East,1985.32,432.61,0.25,7764,2024-10,21.790441843128566
2025-10-25,Home,West,525.52,12.31,0.38,3087,2025-10,2.3424417719592023
2024-12-26,Furniture,West,3209.03,819.57,0.11,1274,2024-12,25.5394932425063
2024-08-03,Clothing,West,2863.57,582.19,0.28,1347,2024-08,20.330915605345776
2024-03-21,Furniture,East,2545.56,482.47,0.36,5719,2024-03,18.95339335941797
2025-05-14,Home,South,4600.51,355.3,0.37,6852,2025-05,7.723056791529635
2025-05-11,Clothing,North,1515.32,188.17,0.05,2407,2025-05,12.417839136288045
2025-09-14,Furniture,North,596.24,1.67,0.35,5243,2025-09,0.2800885549443177
2024-09-01,Home,South,3457.65,248.16,0.05,5872,2024-09,7.177128974881783
2024-11-28,Clothing,West,407.61,15.66,0.3,8235,2024-11,3.841907705895341
2025-08-13,Furniture,South,2014.26,107.78,0.4,2316,2025-08,5.350848450547596
2025-04-26,Clothing,North,4892.83,895.9,0.25,6371,2025-04,18.31046653981438
2025-10-28,Electronics,North,1107.79,124.77,0.4,6694,2025-10,11.26296500239215
2024-12-27,Home,South,2571.21,255.91,0.24,1399,2024-12,9.952901552187491
2024-09-19,Furniture,South,3041.42,226.48,0.34,6534,2024-09,7.4465216905261356
2025-10-01,Furniture,South,482.32,74.4,0.22,4494,2025-10,15.425443688837287
2024-03-30,Electronics,South,1585.57,215.53,0.39,2830,2024-03,13.593218842435212
2025-07-28,Electronics,South,3433.74,403.9,0.16,1179,2025-07,11.762684419903662
2025-01-25,Home,North,3261.37,423.68,0.32,1504,2025-01,12.990859669402735
2024-09-21,Electronics,South,896.98,127.4,0.18,2204,2024-09,14.203215233338536
2025-05-29,Office Supplies,West,3686.92,243.63,0.27,5962,2025-05,6.607954607097523
2024-09-18,Office Supplies,East,2397.59,231.75,0.17,2886,2024-09,9.665956231048678
2025-03-17,Home,East,3625.15,862.6,0.15,8945,2025-03,23.794877453346757
2024-01-26,Clothing,South,4467.79,321.27,0.2,5724,2024-01,7.19080350687924
2024-06-06,Home,South,2880.08,315.31,0.05,1065,2024-06,10.947959778895031
2025-01-05,Furniture,South,3533.74,610.25,0.23,3952,2025-01,17.26923882345617
2024-12-29,Office Supplies,North,2410.81,155.28,0.29,2809,2024-12,6.440988713337012
2025-08-17,Home,South,4584.86,471.66,0.08,1390,2025-08,10.287337017924212
2025-09-28,Office Supplies,West,1233.23,89.31,0.31,1875,2025-09,7.241958110003812
2025-05-13,Clothing,South,295.67,63.16,0.21,7083,2025-05,21.361653194439747
2025-06-09,Electronics,North,3496.83,608.01,0.06,5567,2025-06,17.38746235876494
2024-06-18,Electronics,East,1237.41,250.57,0.23,4847,2024-06,20.249553502881014
2025-10-15,Furniture,South,895.87,76.55,0.38,5063,2025-10,8.544766539788139
2025-07-02,Office Supplies,South,2717.78,501.38,0.37,4101,2025-07,18.448145177313833
2025-01-10,Home,East,3000.79,246.81,0.17,8996,2025-01,8.224834127013219
2024-01-19,Office Supplies,West,3959.4,588.68,0.07,3042,2024-01,14.867909279183714
2024-06-16,Office Supplies,West,380.12,61.8,0.14,8149,2024-06,16.25802378196359
2025-01-14,Office Supplies,South,3220.47,300.38,0.11,7870,2025-01,9.327210003508805
2024-03-07,Office Supplies,North,887.88,31.01,0.34,4092,2024-03,3.492589088615579
2024-12-17,Clothing,South,837.21,184.42,0.05,5826,2024-12,22.02792608783937
2025-06-17,Office Supplies,South,2344.19,140.95,0.19,6427,2025-06,6.012737875342868
2024-09-19,Clothing,West,3060.26,71.91,0.37,4001,2024-09,2.349800343761641
2025-01-23,Electronics,East,2024.94,74.17,0.21,4067,2025-01,3.662824577518346
2025-04-24,Home,East,879.5,141.58,0.02,7940,2025-04,16.097782831154067
2024-01-27,Clothing,South,1737.09,366.33,0.18,5007,2024-01,21.08871733761636
2025-07-01,Electronics,North,534.12,44.97,0.11,8197,2025-07,8.419456301954616
2025-09-30,Home,East,3947.99,277.81,0.16,8795,2025-09,7.036745280509829
2025-11-07,Home,North,1430.02,264.59,0.04,2735,2025-11,18.502538426035997
2025-04-28,Clothing,East,3562.63,654.85,0.17,8542,2025-04,18.381083637649713
2024-01-22,Office Supplies,North,4788.57,956.02,0.3,2686,2024-01,19.964624094458262
2024-02-09,Home,South,4455.18,658.64,0.2,3188,2024-02,14.783689996812699
2025-01-28,Home,West,3832.58,505.07,0.01,2415,2025-01,13.17832895856055
2025-01-05,Electronics,East,3026.64,522.81,0.27,1846,2025-01,17.273610340179207
2024-10-20,Clothing,East,4396.09,761.0,0.29,5794,2024-10,17.310837585217772
2024-11-06,Office Supplies,South,4731.51,462.85,0.2,4822,2024-11,9.782289374850734
2024-04-06,Home,South,958.76,57.99,0.28,3492,2024-04,6.048437565188369
2025-04-13,Home,South,3795.9,116.84,0.38,6050,2025-04,3.078057904581259
2024-09-26,Home,North,2163.0,150.55,0.18,7632,2024-09,6.96024040684235
2025-10-20,Office Supplies,East,3525.01,218.05,0.36,8908,2025-10,6.185798054473604
2024-11-19,Furniture,East,1700.44,359.57,0.13,6236,2024-11,21.145703464985534
2024-04-04,Electronics,East,4025.58,472.05,0.26,7947,2024-04,11.72626056369517
2025-05-30,Clothing,North,2387.61,150.44,0.28,8781,2025-05,6.300861530987054
2025-09-04,Electronics,North,2323.81,93.79,0.33,5642,2025-09,4.036044254908965
2025-10-04,Electronics,North,428.01,49.53,0.09,7779,2025-10,11.572159528982969
2024-03-23,Furniture,North,3888.5,239.39,0.14,6077,2024-03,6.156358492992156
2025-12-17,Office Supplies,East,4389.4,445.27,0.29,7796,2025-12,10.144211053902584
2024-07-21,Furniture,West,2373.68,480.8,0.33,7385,2024-07,20.255468302382802
2025-04-16,Electronics,East,4889.72,508.42,0.17,3163,2025-04,10.397732385494466
2024-10-05,Clothing,North,680.34,32.59,0.31,1216,2024-10,4.7902519328571005
2024-06-13,Home,West,1104.05,137.91,0.32,1142,2024-06,12.49128209773108
2025-10-23,Office Supplies,East,4500.32,605.03,0.06,8071,2025-10,13.44415508230526
2024-04-01,Home,South,4903.09,918.9,0.09,2632,2024-04,18.74124276731612
2025-05-22,Furniture,East,3346.74,544.68,0.27,8777,2025-05,16.274942182541814
2024-09-06,Home,South,4798.58,581.58,0.39,7184,2024-09,12.119835451321016
2025-06-19,Home,West,2989.2,390.73,0.02,5785,2025-06,13.071390338552122
2025-09-24,Furniture,South,1562.3,218.95,0.36,2844,2025-09,14.014593868015105
2025-09-09,Home,South,4421.95,1038.4,0.02,4631,2025-09,23.482852587659295
2024-06-28,Furniture,East,4726.03,664.04,0.07,7538,2024-06,14.050693711212158
2024-10-04,Home,South,3630.22,446.84,0.2,1846,2024-10,12.308895879588565
2025-09-25,Clothing,South,581.78,113.55,0.29,3551,2025-09,19.517687098215823
2025-07-15,Home,East,1776.27,216.52,0.29,5759,2025-07,12.189588294572335
2025-07-01,Office Supplies,West,3881.38,705.9,0.37,2405,2025-07,18.186830457208515
2025-04-27,Office Supplies,East,3054.09,329.41,0.33,8381,2025-04,10.785864201775325
2024-11-18,Home,East,680.43,71.06,0.08,8032,2024-11,10.44339608776803
2025-05-11,Home,East,2838.33,605.77,0.14,8160,2025-05,21.3424795566407
2025-12-07,Furniture,North,4119.57,858.21,0.18,3128,2025-12,20.832514073070733
2025-05-28,Home,West,1707.41,122.87,0.01,8006,2025-05,7.196279745345289
2024-07-13,Clothing,North,381.25,34.12,0.06,5330,2024-07,8.949508196721311
2024-02-10,Furniture,West,962.85,196.41,0.28,3822,2024-02,20.3988160149556
2025-08-26,Home,West,3417.79,712.86,0.04,4088,2025-08,20.85733763630884
2024-12-10,Clothing,North,1370.21,139.43,0.37,6045,2024-12,10.175812466702185
2024-03-25,Electronics,West,3527.57,790.08,0.27,6300,2024-03,22.39728765127269
2024-09-26,Electronics,West,2827.99,599.86,0.09,7979,2024-09,21.211531865388494
2024-09-28,Clothing,South,2194.72,484.44,0.26,7700,2024-09,22.07297514033681
2024-05-03,Clothing,East,3284.74,189.38,0.3,5422,2024-05,5.765448711313529
2024-07-30,Clothing,East,4869.39,464.37,0.32,2681,2024-07,9.536512787022604
2024-11-24,Furniture,South,342.03,62.84,0.31,6258,2024-11,18.37265736923662
2025-09-08,Furniture,South,3524.76,698.7,0.27,6223,2025-09,19.82262622135975
2025-03-19,Furniture,East,1749.77,413.51,0.01,8438,2025-03,23.632248809843578
2024-09-16,Electronics,North,4538.74,685.27,0.2,8830,2024-09,15.09824312474387
2025-12-02,Clothing,South,2830.99,472.03,0.09,5153,2025-12,16.673672460870577
2024-07-09,Home,East,4492.4,560.43,0.24,7366,2024-07,12.475069005431395
2025-07-10,Office Supplies,West,342.94,44.74,0.39,8685,2025-07,13.046013879979007
2024-05-20,Clothing,West,4985.64,597.84,0.07,2136,2024-05,11.991238837942571
2025-06-30,Electronics,North,2223.6,316.43,0.34,6273,2025-06,14.230527073214608
2024-06-06,Clothing,West,2069.59,170.31,0.0,7152,2024-06,8.229166163346363
2025-06-08,Furniture,North,3904.08,352.42,0.13,7866,2025-06,9.026966660519252
2024-12-01,Home,West,2699.92,297.15,0.27,7497,2024-12,11.005881655752763
2025-10-14,Office Supplies,South,1180.56,83.92,0.22,7194,2025-10,7.1084908856813716
2024-08-29,Electronics,East,4937.19,310.93,0.3,1689,2024-08,6.297711856339336
2024-09-11,Clothing,North,2933.99,593.34,0.1,7482,2024-09,20.222972811768276
2024-08-15,Home,East,4240.9,881.27,0.35,5524,2024-08,20.78025890730741
2024-12-30,Clothing,South,3282.61,606.46,0.09,2817,2024-12,18.47493305631799
2024-07-25,Furniture,East,512.63,46.26,0.17,8226,2024-07,9.024052435479781
2025-07-02,Clothing,East,2823.51,543.0,0.13,4519,2025-07,19.23138221575273
2024-12-15,Home,East,254.99,18.7,0.32,8003,2024-12,7.333620926310836
2025-12-06,Clothing,East,1811.31,369.86,0.18,7156,2025-12,20.4194754073019
2025-05-26,Office Supplies,North,4678.66,858.52,0.04,6435,2025-05,18.34969841792308
2025-03-30,Office Supplies,South,3664.74,366.0,0.12,3809,2025-03,9.987065931007384
2024-02-20,Furniture,North,3950.07,236.81,0.27,1717,2024-02,5.995083631429316
2024-12-07,Office Supplies,North,4741.02,805.12,0.31,5814,2024-12,16.981999654082873
2024-03-24,Furniture,East,789.6,102.02,0.38,7840,2024-03,12.92046605876393
2025-03-02,Office Supplies,East,3537.46,533.48,0.26,6825,2025-03,15.080877239601294
2024-10-10,Office Supplies,West,4842.03,778.41,0.09,7190,2024-10,16.07610857429632
2024-03-08,Office Supplies,East,309.18,30.28,0.11,3545,2024-03,9.793647713306166
2025-01-16,Home,North,2967.08,677.76,0.12,8308,2025-01,22.842660123758037
2025-12-07,Furniture,South,1711.54,287.84,0.04,5803,2025-12,16.817602860581697
2024-04-14,Electronics,North,2422.6,456.9,0.35,6054,2024-04,18.85990258400066
2025-03-10,Furniture,South,2279.74,303.99,0.09,6551,2025-03,13.334415328063729
2024-01-29,Clothing,West,2788.9,350.86,0.24,6225,2024-01,12.580587328337337
2025-05-07,Electronics,North,3237.89,279.17,0.32,1581,2025-05,8.621972951520899
2025-06-21,Clothing,South,1055.74,107.52,0.16,2637,2025-06,10.184325686248508
2025-11-24,Furniture,South,520.88,31.39,0.07,6569,2025-11,6.026340039932422
2024-03-30,Clothing,South,4076.13,210.79,0.39,1982,2024-03,5.171326724123126
2024-08-23,Electronics,East,1192.44,180.22,0.36,5250,2024-08,15.113548690080842
2025-12-30,Home,North,4503.98,521.1,0.14,4493,2025-12,11.569767183690871
2024-02-18,Office Supplies,North,2666.55,663.56,0.14,8858,2024-02,24.884588700755657
2024-12-12,Home,East,2749.04,361.12,0.19,8234,2024-12,13.136222099351047
2025-02-22,Furniture,South,3116.6,534.96,0.19,5178,2025-02,17.16485914137201
2025-03-07,Clothing,South,4344.27,762.83,0.04,2358,2025-03,17.559451875689124
2024-06-06,Electronics,East,3913.63,251.4,0.33,4918,2024-06,6.42370382483781
2025-11-14,Electronics,West,4005.81,654.02,0.33,3127,2025-11,16.326785344287423
2024-04-14,Office Supplies,South,2749.17,436.59,0.28,3463,2024-04,15.880793112102925
2024-06-11,Clothing,South,1018.35,187.1,0.01,5135,2024-06,18.372858054696323
2025-08-10,Home,West,1901.34,73.34,0.21,2375,2025-08,3.8572796028064418
2024-05-12,Furniture,North,1954.0,61.91,0.35,1012,2024-05,3.168372569089048
2025-12-20,Clothing,North,2761.45,455.0,0.22,7868,2025-12,16.47685092976516
2024-09-04,Office Supplies,West,4915.24,285.6,0.16,1191,2024-09,5.810499589033293
2024-08-14,Office Supplies,East,1282.7,208.14,0.31,2697,2024-08,16.226709285101737
2025-12-19,Furniture,West,1508.35,198.51,0.4,2809,2025-12,13.16073855537508
2025-05-01,Home,North,4368.32,624.85,0.06,1267,2025-05,14.304126071350085
2024-08-18,Clothing,West,4929.01,1210.55,0.12,4775,2024-08,24.559698600733206
2025-11-21,Office Supplies,East,1590.14,334.89,0.23,5315,2025-11,21.060409775239915
2025-07-22,Electronics,West,2581.04,396.93,0.34,1902,2025-07,15.378684561262126
2024-06-24,Electronics,East,4309.76,515.48,0.23,1590,2024-06,11.960758835758837
2024-06-25,Clothing,East,1355.68,165.24,0.39,5924,2024-06,12.188717101380856
2024-02-21,Furniture,East,1598.59,214.07,0.16,2086,2024-02,13.391175973826936
2025-01-19,Clothing,East,3703.79,433.29,0.06,7809,2025-01,11.69855742361203
2025-04-23,Clothing,North,169.72,32.52,0.15,2475,2025-04,19.16097101107707
2025-08-22,Electronics,North,4484.44,772.53,0.08,4167,2025-08,17.226900125768214
2025-09-23,Office Supplies,North,2946.93,495.09,0.18,2596,2025-09,16.800195457645753
2024-12-07,Office Supplies,West,3767.62,117.61,0.34,8121,2024-12,3.12159931203253
2025-12-27,Furniture,North,4926.95,788.82,0.11,6616,2025-12,16.010310638427427
2024-07-06,Furniture,North,2773.47,543.23,0.05,3506,2024-07,19.58665498455004
2024-10-28,Office Supplies,South,1994.19,353.81,0.1,8244,2024-10,17.742040628024412
2024-03-18,Home,East,3394.26,737.17,0.25,8109,2024-03,21.718135911804044
2024-03-10,Electronics,West,4039.4,444.13,0.28,3824,2024-03,10.994949745011635
2025-01-28,Electronics,East,429.16,45.44,0.3,6680,2025-01,10.588125640786652
2024-03-12,Clothing,North,4381.49,1123.51,0.11,1947,2024-03,25.642190213831366
2025-03-21,Home,West,2113.97,252.95,0.25,8549,2025-03,11.965638112177562
2025-05-13,Furniture,South,4281.45,528.96,0.34,8593,2025-05,12.354692919454859
2025-03-02,Electronics,East,269.68,6.19,0.26,4477,2025-03,2.295312963512311
2025-09-04,Electronics,West,1278.35,167.6,0.34,8031,2025-09,13.110650447842923
2024-06-24,Electronics,South,4155.82,290.12,0.36,3216,2024-06,6.981053077371014
2024-08-30,Electronics,West,4300.92,240.32,0.19,5528,2024-08,5.58764171386587
2025-02-25,Office Supplies,North,2832.26,212.06,0.27,8721,2025-02,7.4873069562822625
2024-02-24,Office Supplies,West,1484.55,166.8,0.05,7274,2024-02,11.23572799838335
2024-06-12,Office Supplies,West,4034.2,530.98,0.01,6604,2024-06,13.161965197560857
2025-09-12,Electronics,South,4737.85,130.99,0.27,4319,2025-09,2.764756165771394
2024-01-25,Office Supplies,North,914.45,148.36,0.19,5102,2024-01,16.223959757231125
2025-03-18,Home,South,3389.3,512.7,0.35,8326,2025-03,15.127017378219692
2024-09-04,Office Supplies,East,194.93,38.21,0.18,4962,2024-09,19.601908377366232
2024-12-04,Electronics,West,1923.98,331.6,0.12,4136,2024-12,17.235106394037363
2024-03-29,Office Supplies,South,1105.38,101.59,0.31,5297,2024-03,9.190504622844632
2024-01-14,Electronics,West,2103.1,331.7,0.39,6595,2024-01,15.771955684465787
2025-01-13,Home,South,4850.42,860.84,0.17,1241,2025-01,17.74774143270067
2025-06-06,Office Supplies,North,349.08,71.04,0.22,4825,2025-06,20.35063595737367
2024-09-10,Home,South,1111.99,160.23,0.31,1580,2024-09,14.409302241926635
2024-10-27,Electronics,West,1952.09,43.81,0.37,4360,2024-10,2.2442612789369343
2024-12-01,Home,East,4834.69,801.24,0.25,5908,2024-12,16.572727517172765
2025-03-30,Home,South,673.7,47.12,0.1,2612,2025-03,6.994211073177972
2025-12-25,Office Supplies,West,3394.81,151.98,0.29,7405,2025-12,4.476833755055511
2025-01-07,Electronics,East,1968.45,320.49,0.24,1872,2025-01,16.28133810866418
2024-04-15,Home,East,4815.69,921.57,0.28,4299,2024-04,19.136821514673912
2024-01-04,Office Supplies,South,2910.7,395.8,0.34,2499,2024-01,13.598103548974475
2025-04-01,Office Supplies,South,1112.17,211.0,0.05,5173,2025-04,18.97191976046827
2025-07-07,Office Supplies,East,2956.22,323.06,0.22,7558,2025-07,10.928144725358736
2025-07-19,Furniture,East,1832.08,77.93,0.14,1298,2025-07,4.253635212436139
2024-10-18,Electronics,West,4361.41,718.12,0.02,5684,2024-10,16.465317408819622
2025-11-13,Home,East,3045.3,261.26,0.02,2197,2025-11,8.579121925590252
2024-02-29,Home,West,4904.87,410.7,0.04,2333,2024-02,8.373310607620589
2025-09-21,Furniture,South,3439.23,389.8,0.0,1509,2025-09,11.333932304614697
2025-03-05,Home,West,3476.56,233.0,0.26,2040,2025-03,6.702027291345468
2025-12-13,Office Supplies,South,1753.2,297.8,0.16,1749,2025-12,16.986082591832076
2024-04-21,Clothing,South,4783.23,580.73,0.2,2749,2024-04,12.140959142671376
2025-04-19,Clothing,South,1991.56,222.04,0.03,4168,2025-04,11.149048986723976
2024-11-07,Electronics,West,944.04,223.85,0.15,3726,2024-11,23.711918986483624
2024-08-06,Office Supplies,South,184.93,7.95,0.21,2199,2024-08,4.298923917157844
2025-12-06,Clothing,South,191.55,15.98,0.19,2052,2025-12,8.342469329156877
2024-04-14,Electronics,West,1881.71,485.39,0.04,3854,2024-04,25.795154407427283
2024-02-17,Electronics,North,821.22,169.92,0.06,6585,2024-02,20.69116680061372
2024-03-31,Office Supplies,West,3562.76,139.75,0.32,2527,2024-03,3.9225207423458217
2024-08-15,Office Supplies,East,2630.34,196.28,0.25,3720,2024-08,7.4621531817179525
2024-09-27,Furniture,West,4127.6,335.24,0.4,1581,2024-09,8.121911037891268
2024-04-27,Home,North,1099.33,245.89,0.26,5773,2024-04,22.367260058399207
2025-09-08,Home,East,3089.34,646.78,0.09,6223,2025-09,20.93586332355778
2024-01-28,Electronics,North,788.61,53.91,0.27,3243,2024-01,6.83607867006505
2025-01-27,Office Supplies,North,317.74,34.61,0.26,4910,2025-01,10.89255366022534
2024-09-02,Home,West,1079.36,177.3,0.06,7921,2024-09,16.42640083012156
2025-04-09,Office Supplies,West,4380.99,382.74,0.24,3697,2025-04,8.73638150281101
2025-11-13,Office Supplies,South,2733.31,495.07,0.33,2814,2025-11,18.112471691831516
2025-09-06,Electronics,South,1874.0,50.36,0.24,6245,2025-09,2.687299893276414
2024-02-13,Electronics,East,481.54,47.69,0.16,1537,2024-02,9.903642480375462
2024-04-23,Home,West,1451.52,296.87,0.35,3879,2024-04,20.452353395061728
2024-12-06,Electronics,West,3224.01,493.89,0.4,3211,2024-12,15.319121218606641
2025-05-08,Home,West,587.08,32.94,0.07,6971,2025-05,5.610819649792191
2024-12-25,Furniture,South,377.68,42.1,0.16,7760,2024-12,11.147002753653886
2025-12-18,Furniture,South,3434.22,797.65,0.01,6673,2025-12,23.2265259651391
2024-01-27,Electronics,South,2585.25,522.34,0.21,3129,2024-01,20.204622376946137
2025-08-12,Electronics,North,3218.66,257.98,0.39,4421,2025-08,8.015136733920327
2024-03-30,Furniture,East,671.95,129.44,0.0,5227,2024-03,19.263338045985563
2025-10-20,Clothing,South,2608.89,576.8,0.22,1769,2025-10,22.109019544710584
2024-03-15,Clothing,North,1616.61,245.44,0.25,4884,2024-03,15.182387836274675
2024-12-05,Home,South,3166.01,200.49,0.11,5072,2024-12,6.332576334250366
2024-09-10,Home,South,2971.09,490.66,0.05,2904,2024-09,16.514477851562894
2025-07-16,Clothing,South,3184.15,554.42,0.39,5218,2025-07,17.411868159477407
2024-03-28,Office Supplies,North,3525.53,428.11,0.22,5710,2024-03,12.1431387621152
2024-04-18,Office Supplies,West,4845.35,549.05,0.21,6478,2024-04,11.331482761823189
2025-12-23,Office Supplies,North,679.03,25.18,0.31,3479,2025-12,3.7082308587249457
2024-12-01,Clothing,North,366.47,27.2,0.14,2606,2024-12,7.422162796408982
2025-11-25,Office Supplies,North,1600.78,207.37,0.14,6609,2025-11,12.954309773985182
2025-11-12,Furniture,East,908.31,102.23,0.28,6797,2025-11,11.254968017527057
2024-10-11,Home,South,3910.51,810.45,0.11,5736,2024-10,20.724918233171632
2024-10-14,Home,East,3252.48,450.84,0.29,8980,2024-10,13.86142266824085
2024-01-21,Clothing,North,523.99,76.73,0.38,8805,2024-01,14.643409225366897
2024-08-05,Furniture,East,3757.2,468.79,0.23,8495,2024-08,12.477110614287236
2024-09-05,Electronics,East,1240.75,34.84,0.27,3666,2024-09,2.807979044932501
2024-09-18,Office Supplies,East,2478.44,166.93,0.22,1347,2024-09,6.735285098691113
2025-10-17,Office Supplies,East,2410.6,235.3,0.02,2092,2025-10,9.761055338919771
2025-07-27,Office Supplies,West,3844.06,439.1,0.34,4580,2025-07,11.42281858243628
2024-08-21,Home,East,3215.8,397.37,0.2,2332,2024-08,12.356800796069408
2025-02-22,Office Supplies,North,4143.04,626.54,0.27,3886,2025-02,15.122711825133234
2025-06-25,Clothing,West,1010.74,247.54,0.17,5737,2025-06,24.490967014266772
2025-02-07,Electronics,West,3023.39,135.36,0.4,1842,2025-02,4.477093593615114
2024-10-14,Office Supplies,West,1714.63,259.48,0.11,7522,2024-10,15.13329406344226
2024-04-05,Furniture,South,1559.49,270.04,0.01,8331,2024-04,17.31591738324709
2024-10-19,Furniture,South,3001.61,98.49,0.22,8158,2024-10,3.2812390683666424
2025-08-17,Office Supplies,North,2035.7,215.05,0.32,3938,2025-08,10.563933781991452
2025-05-24,Clothing,East,2515.88,241.75,0.04,4259,2025-05,9.608963861551425
2024-05-06,Home,North,871.14,163.7,0.23,8664,2024-05,18.79146865027435
2024-09-03,Office Supplies,North,1123.15,111.77,0.38,1420,2024-09,9.951475760138893
2024-08-16,Electronics,West,663.21,83.59,0.34,2325,2024-08,12.60385096726527
2025-06-15,Home,East,2902.12,805.58,0.01,2894,2025-06,27.758328394415123
2025-06-02,Electronics,West,906.55,91.44,0.24,2063,2025-06,10.086592024709063
2024-12-23,Office Supplies,North,1582.62,211.05,0.25,6557,2024-12,13.33548166963643
2024-10-22,Furniture,West,3262.24,634.7,0.16,2492,2024-10,19.45595664328805
2025-02-25,Furniture,East,1361.94,198.08,0.17,8909,2025-02,14.54395935210068
2025-12-12,Electronics,North,757.43,174.32,0.16,6049,2025-12,23.014668022127456
2025-01-23,Electronics,East,224.8,21.35,0.21,3656,2025-01,9.497330960854093
2024-08-15,Office Supplies,East,4277.14,368.67,0.24,2750,2024-08,8.619544836035296
2025-05-25,Electronics,East,4361.63,554.62,0.36,4840,2025-05,12.715888326153296
2025-12-09,Clothing,North,3768.53,553.35,0.08,2452,2025-12,14.683444207688408
2025-11-29,Electronics,South,1191.57,57.35,0.34,5450,2025-11,4.8129778359643165
2025-12-13,Electronics,South,4307.5,784.8,0.28,8526,2025-12,18.219384793964018
2024-10-28,Clothing,North,3745.09,407.27,0.17,6134,2024-10,10.874772034850965
2025-01-15,Clothing,North,3504.44,204.09,0.29,5675,2025-01,5.823755007932794
2024-10-30,Clothing,North,4098.14,336.08,0.18,1767,2024-10,8.200793530723693
2024-08-30,Clothing,South,2138.79,432.45,0.1,7514,2024-08,20.219376376362337
2025-07-15,Clothing,South,4773.58,1154.33,0.09,6524,2025-07,24.181641451489238
2024-06-19,Furniture,South,2500.17,106.43,0.23,1800,2024-06,4.256910530083954
2024-06-03,Electronics,North,3124.51,573.4,0.3,3963,2024-06,18.351677543038747
2025-09-12,Office Supplies,North,1889.45,251.07,0.38,3557,2025-09,13.287993860647276
2024-07-14,Clothing,West,4103.26,865.12,0.21,2061,2024-07,21.083723673371903
2025-06-16,Clothing,North,3925.25,959.41,0.12,1823,2025-06,24.442010063053306
2024-03-25,Electronics,West,1812.12,184.66,0.25,6224,2024-03,10.190274374765467
2024-07-02,Home,West,3902.41,821.48,0.09,5533,2024-07,21.050581563700383
2025-10-02,Furniture,East,976.94,94.92,0.2,3535,2025-10,9.716052162875918
2024-08-12,Home,North,2987.71,359.3,0.36,2483,2024-08,12.025932905134702
2025-08-10,Office Supplies,South,2019.53,430.89,0.03,1162,2025-08,21.33615247111952
2025-11-15,Clothing,South,2958.06,407.25,0.01,8119,2025-11,13.767469219691284
2025-03-27,Electronics,North,876.59,166.38,0.01,7297,2025-03,18.98036710434753
2025-12-25,Furniture,West,317.95,36.56,0.04,4465,2025-12,11.498663311841485
2024-01-27,Office Supplies,East,3176.6,519.05,0.2,7833,2024-01,16.33979726751873
2025-11-25,Furniture,East,4008.31,602.17,0.01,1240,2025-11,15.023039635157959
2024-06-01,Clothing,North,894.3,52.51,0.38,6137,2024-06,5.871631443587163
2025-03-15,Home,South,1396.07,144.09,0.34,1984,2025-03,10.32111570336731
2024-01-06,Clothing,West,3899.33,218.22,0.1,4261,2024-01,5.596346038934894
2025-04-08,Office Supplies,South,3674.96,1004.27,0.02,5263,2025-04,27.32737227071859
2025-06-29,Office Supplies,North,3393.14,503.67,0.03,3273,2025-06,14.843773024396285
2025-05-25,Clothing,East,1975.39,99.42,0.37,3458,2025-05,5.032930206187133
2025-09-22,Office Supplies,North,3263.75,309.25,0.09,4055,2025-09,9.475296821141326
2024-06-27,Furniture,South,865.03,70.35,0.29,3132,2024-06,8.132665919101072
2024-06-08,Electronics,North,4931.31,552.43,0.33,4717,2024-06,11.202499944233884
2025-11-25,Home,North,1928.73,381.29,0.33,3095,2025-11,19.768967144182962
2025-10-31,Electronics,West,926.22,110.05,0.02,5596,2025-10,11.881626395456802
2025-10-04,Furniture,East,4454.16,581.84,0.28,8791,2025-10,13.062844621657058
2025-10-14,Clothing,East,3500.06,591.79,0.29,1698,2025-10,16.907995862928065
2024-02-11,Furniture,East,3518.5,10.93,0.35,6024,2024-02,0.31064374023021174
2024-10-16,Furniture,North,2674.41,374.4,0.38,1644,2024-10,13.999349389211076
2025-01-25,Electronics,East,1766.85,270.53,0.1,6058,2025-01,15.311429945949003
2024-08-05,Furniture,West,4454.47,662.02,0.4,5447,2024-08,14.861925212202573
2025-08-30,Furniture,North,2840.61,582.67,0.18,8400,2025-08,20.51214351846962
2025-07-01,Electronics,South,1815.97,166.64,0.24,3783,2025-07,9.176363045645026
2024-09-11,Office Supplies,East,964.93,153.95,0.01,7304,2024-09,15.954525198719077
2025-04-29,Electronics,North,1474.73,30.21,0.28,5794,2025-04,2.0485105748170853
2025-03-14,Office Supplies,East,1546.15,261.25,0.14,7736,2025-03,16.896808201015425
2024-04-13,Home,South,3875.93,334.63,0.37,5463,2024-04,8.633540853420985
2025-12-18,Electronics,North,181.08,45.75,0.11,1735,2025-12,25.265076209410203
2024-12-16,Office Supplies,North,4158.38,358.74,0.14,6576,2024-12,8.62691721295312
2024-05-04,Clothing,East,1261.85,188.76,0.31,2322,2024-05,14.958988786305822
2024-05-27,Office Supplies,East,4447.95,928.71,0.34,6630,2024-05,20.879506289414227
2024-07-23,Office Supplies,East,4835.21,441.82,0.23,2601,2024-07,9.137555556015146
2024-03-05,Home,South,4304.72,775.23,0.24,8861,2024-03,18.00883681168578
2025-01-27,Home,East,3063.97,140.2,0.26,3018,2025-01,4.575762817521059
2025-10-13,Home,East,1238.64,210.77,0.29,2225,2025-10,17.016243622037074
2024-07-14,Home,North,2727.17,413.08,0.28,8341,2024-07,15.14683719753444
2025-06-12,Electronics,West,552.42,47.49,0.27,4746,2025-06,8.596719887042468
2024-02-14,Furniture,South,3235.19,370.2,0.13,2316,2024-02,11.442913708313887
2025-10-16,Clothing,South,1698.6,105.91,0.39,1492,2025-10,6.235134816908042
2025-12-27,Furniture,East,2235.88,148.33,0.13,1626,2025-12,6.634076962985491
2025-08-19,Office Supplies,South,1274.26,165.82,0.31,7855,2025-08,13.013042864093668
2025-07-19,Furniture,West,4169.21,313.18,0.13,8223,2025-07,7.511734837055462
2024-03-25,Office Supplies,North,2754.72,690.53,0.03,8652,2024-03,25.06715746064936
2024-12-31,Furniture,East,4253.93,314.9,0.01,7838,2024-12,7.402566567856075
2025-05-04,Furniture,East,4111.81,360.09,0.04,4187,2025-05,8.757457178225646
2025-01-15,Office Supplies,West,2587.61,513.34,0.17,3542,2025-01,19.838383682239595
2024-05-20,Electronics,West,991.83,102.49,0.11,8899,2024-05,10.33342407469022
2025-07-21,Home,East,3583.25,735.37,0.18,7867,2025-07,20.522430754203587
2025-06-23,Clothing,West,210.45,45.34,0.03,8072,2025-06,21.544309812306963
2025-01-14,Home,North,3786.55,511.57,0.23,4924,2025-01,13.510187373730703
2025-01-08,Home,North,3227.74,394.81,0.03,5258,2025-01,12.231778272103702
2025-11-07,Office Supplies,North,4503.31,1108.92,0.09,4466,2025-11,24.6245539392136
2025-01-03,Furniture,East,938.46,88.14,0.02,5521,2025-01,9.391982609807558
2025-04-13,Furniture,South,2104.26,188.47,0.36,8607,2025-04,8.95659281647705
2025-01-31,Clothing,East,3082.18,227.45,0.13,4484,2025-01,7.379517095043118
2024-12-05,Home,North,1644.05,118.7,0.13,4405,2024-12,7.2199750615857194
2024-04-12,Office Supplies,West,1229.47,170.62,0.0,1422,2024-04,13.877524461759947
2024-10-29,Electronics,East,3609.55,286.27,0.06,8408,2024-10,7.930905514537823
2025-03-27,Office Supplies,East,858.11,139.87,0.26,8951,2025-03,16.299775087110042
2024-03-29,Home,South,522.6,84.96,0.07,4891,2024-03,16.257175660160733
2025-01-28,Home,West,2879.06,504.39,0.39,1041,2025-01,17.519259758393364
2025-06-02,Office Supplies,East,3546.29,119.26,0.34,4080,2025-06,3.362951140487665
2024-09-01,Home,North,3460.72,363.33,0.3,7908,2024-09,10.498682355116856
2025-11-19,Electronics,North,2117.85,86.18,0.24,7597,2025-11,4.069221144084803
2024-12-20,Furniture,West,1397.14,118.09,0.23,2576,2024-12,8.452266773551683
2025-05-11,Furniture,North,952.47,159.3,0.04,5548,2025-05,16.724936218463572
2024-06-22,Office Supplies,North,4830.13,442.53,0.08,2029,2024-06,9.16186520859687
2024-12-01,Furniture,West,4557.39,660.45,0.14,2622,2024-12,14.491847307340386
2024-05-07,Office Supplies,West,4942.54,337.99,0.06,8980,2024-05,6.838386740420918
2024-02-12,Home,East,2517.76,680.86,0.01,7715,2024-02,27.042291560752414
2025-09-10,Office Supplies,North,2874.71,209.73,0.33,4309,2025-09,7.295692435063014
2024-09-17,Home,West,3087.38,722.38,0.23,4494,2024-09,23.397832466363063
2024-11-14,Office Supplies,South,4946.46,976.93,0.31,1525,2024-11,19.750083898383895
2024-10-06,Clothing,East,3717.92,375.48,0.19,6055,2024-10,10.099195248956407
2025-03-11,Clothing,West,4143.26,447.86,0.27,3445,2025-03,10.80936267576739
2024-12-01,Electronics,North,1510.54,387.68,0.1,8325,2024-12,25.664993975664334
2024-11-25,Home,South,4234.13,110.4,0.22,6364,2024-11,2.607383334947203
2024-03-27,Furniture,East,655.15,101.43,0.38,8075,2024-03,15.481950698313366
2025-06-19,Furniture,West,482.48,2.13,0.38,1067,2025-06,0.4414690764384016
2024-08-07,Home,East,2915.44,711.81,0.11,5561,2024-08,24.415182613945063
2024-12-30,Home,South,2715.0,590.99,0.09,3995,2024-12,21.76758747697974
2025-03-28,Furniture,North,4445.38,695.01,0.13,2315,2025-03,15.634433951653175
2025-09-05,Furniture,South,2623.72,454.03,0.2,3014,2025-09,17.304819111795467
2024-08-18,Electronics,South,246.96,36.56,0.12,1004,2024-08,14.804016844833171
2024-04-29,Electronics,West,171.84,36.03,0.35,5712,2024-04,20.967178770949722
2024-09-17,Home,North,2142.83,184.99,0.31,5384,2024-09,8.632976017696224
2024-01-15,Clothing,North,4894.85,261.82,0.11,1936,2024-01,5.348887095620907
2025-08-29,Clothing,West,4629.29,135.53,0.29,1041,2025-08,2.9276627733410523
2025-02-07,Home,South,1900.4,386.98,0.02,6251,2025-02,20.36308145653547
2024-01-30,Clothing,West,1209.45,188.77,0.39,6903,2024-01,15.607920955806359
2024-12-09,Furniture,West,2697.77,483.25,0.14,7551,2024-12,17.91294291210889
2025-12-31,Furniture,West,4609.16,318.1,0.32,2627,2025-12,6.901474455215268
2025-06-01,Clothing,West,4441.34,484.17,0.34,3332,2025-06,10.901439655599436
2024-09-02,Office Supplies,South,1198.57,140.23,0.18,3774,2024-09,11.699775565882677
2024-05-12,Electronics,West,3563.31,521.54,0.09,1931,2024-05,14.636391445032848
2024-03-13,Furniture,North,4214.32,334.86,0.22,7102,2024-03,7.945765864955676
2025-04-28,Clothing,East,1580.94,24.46,0.36,2140,2025-04,1.5471807911748707
2024-06-27,Furniture,West,2350.61,524.79,0.12,1219,2024-06,22.32569418151033
2025-03-20,Furniture,North,4609.49,440.27,0.07,7989,2025-03,9.551382040095541
2024-11-27,Furniture,East,805.83,23.25,0.37,4462,2024-11,2.885223930605711
2024-01-25,Electronics,East,4913.67,1023.61,0.22,5329,2024-01,20.831883297006108
2025-04-03,Clothing,North,3312.04,455.36,0.04,3487,2025-04,13.748626224320962
2024-02-14,Home,East,1940.48,417.57,0.07,3419,2024-02,21.518902539577837
2024-09-22,Home,East,1829.49,307.89,0.11,5430,2024-09,16.829280291228702
2024-02-29,Home,North,4266.37,797.58,0.33,8968,2024-02,18.69458110759264
2024-07-15,Office Supplies,West,3743.88,502.33,0.09,6557,2024-07,13.417363804395437
2025-08-01,Furniture,West,3821.76,18.37,0.34,3295,2025-08,0.4806685924809512
2024-01-11,Furniture,North,1903.51,402.69,0.25,1248,2024-01,21.1551292086724
2024-12-14,Furniture,South,808.57,134.41,0.12,4290,2024-12,16.623174245890894
2025-11-14,Home,West,4044.99,502.85,0.35,5313,2025-11,12.43142751898027
2025-11-03,Clothing,North,4694.49,393.93,0.21,5152,2025-11,8.391326853396217
2024-07-21,Furniture,East,3281.43,595.83,0.03,2006,2024-07,18.157632495588814
2025-02-10,Home,South,1739.09,99.25,0.16,3823,2025-02,5.707007687928744
2025-12-29,Electronics,South,4288.42,281.99,0.25,4885,2025-12,6.575615261564866
2025-08-22,Clothing,West,3674.39,233.3,0.05,5524,2025-08,6.349353225977645
2024-08-12,Office Supplies,North,1944.12,157.8,0.31,3383,2024-08,8.1167829146349
2025-12-14,Office Supplies,South,3165.3,66.84,0.33,4663,2025-12,2.1116481850061604
2025-11-26,Home,East,3431.6,431.41,0.16,5836,2025-11,12.571686676768856
2025-03-24,Home,South,1058.24,140.07,0.4,8139,2025-03,13.236127910492893
2025-03-09,Furniture,East,4482.04,155.09,0.2,6640,2025-03,3.460254705446627
2024-10-22,Office Supplies,East,4415.78,390.97,0.31,4812,2024-10,8.853928411288607
2025-12-30,Home,West,3757.21,52.86,0.32,4611,2025-12,1.4068950098610404
2024-12-12,Furniture,South,3521.62,439.5,0.28,4701,2024-12,12.480051794344648
2025-08-22,Home,East,4144.41,79.87,0.39,2079,2025-08,1.9271741936729234
2025-09-13,Office Supplies,East,531.14,48.44,0.34,4846,2025-09,9.120006024776895
2025-11-16,Clothing,West,3814.14,815.84,0.21,8637,2025-11,21.38988081192615
2024-02-26,Office Supplies,South,1548.84,114.59,0.36,7023,2024-02,7.398440122930711
2024-12-10,Furniture,South,3904.07,765.13,0.4,2651,2024-12,19.598265399954407
2025-04-13,Clothing,East,3136.6,81.45,0.35,7858,2025-04,2.596760823821973
2025-12-23,Office Supplies,South,2937.56,493.61,0.4,7798,2025-12,16.803401462438213
2025-12-08,Home,West,981.76,93.08,0.24,6587,2025-12,9.48093220338983
2024-11-25,Furniture,South,2733.83,518.01,0.3,4686,2024-11,18.948142349743765
2024-07-24,Home,East,460.94,84.07,0.24,1880,2024-07,18.238816331843623
2025-06-22,Electronics,East,2698.75,589.89,0.08,2571,2025-06,21.857897174617875
2024-03-30,Clothing,North,4402.17,747.58,0.25,3999,2024-03,16.98207929271246
2025-04-17,Home,East,195.5,9.06,0.21,4157,2025-04,4.634271099744246
2024-04-19,Furniture,South,2568.27,103.3,0.35,6104,2024-04,4.0221627788355585
2024-06-03,Furniture,North,2855.91,188.29,0.1,5537,2024-06,6.59299487728955
2024-11-24,Office Supplies,South,2556.01,618.92,0.09,6488,2024-11,24.214302760943813
2024-12-17,Electronics,North,2920.03,696.15,0.01,7800,2024-12,23.840508487926492
2025-02-14,Office Supplies,West,3395.71,258.38,0.29,1612,2025-02,7.609012548185799
2025-12-04,Clothing,East,2974.89,418.11,0.11,4157,2025-12,14.054637314320868
2025-03-30,Furniture,East,3849.34,861.73,0.03,8922,2025-03,22.386435077182064
2024-03-05,Home,North,3288.63,427.85,0.01,3163,2024-03,13.009976798849369
2024-11-08,Office Supplies,North,3898.94,621.72,0.15,5152,2024-11,15.945872467901534
2024-05-21,Electronics,East,1637.08,182.11,0.29,3622,2024-05,11.12407457179857
2025-10-10,Furniture,West,286.72,9.48,0.38,7822,2025-10,3.3063616071428568
2024-10-20,Clothing,East,4690.2,417.23,0.1,2886,2024-10,8.895782695833867
2025-10-30,Clothing,West,1320.27,50.95,0.37,8740,2025-10,3.8590591318442438
2024-07-04,Furniture,South,4449.34,396.93,0.1,5094,2024-07,8.921098410101273
2025-12-29,Home,West,2344.54,114.37,0.27,5818,2025-12,4.878142407465857
2024-05-22,Office Supplies,North,4184.18,992.62,0.07,7048,2024-05,23.72316678536774
2024-06-18,Electronics,North,2572.77,272.45,0.09,5122,2024-06,10.58975345639136
2024-07-20,Furniture,West,3637.26,312.53,0.16,4081,2024-07,8.592456959359517
2024-07-19,Clothing,North,2866.95,232.67,0.14,8436,2024-07,8.115593226250894
2025-05-03,Furniture,West,4540.6,409.65,0.17,7076,2025-05,9.021935427036073
2024-02-04,Clothing,South,2806.26,650.87,0.05,2419,2024-02,23.193503096648207
2024-04-21,Electronics,West,4613.19,519.61,0.31,7422,2024-04,11.263572495388225
2025-01-20,Electronics,North,4052.3,761.16,0.39,2075,2025-01,18.783406954075463
2025-06-24,Office Supplies,South,3472.31,600.01,0.39,8326,2025-06,17.27985116536254
2024-08-02,Electronics,North,999.08,134.11,0.02,6149,2024-08,13.423349481523003
2025-09-11,Electronics,South,351.82,45.18,0.4,5232,2025-09,12.841794099255303
2024-07-14,Office Supplies,South,1814.43,341.1,0.26,6929,2024-07,18.799292339743058
2025-12-25,Electronics,East,1747.2,264.91,0.14,5270,2025-12,15.161973443223445
2025-10-10,Furniture,East,4550.57,240.58,0.14,6765,2025-10,5.286810223774165
2025-06-30,Office Supplies,North,1358.89,212.13,0.29,8947,2025-06,15.610535069063719
2025-05-08,Furniture,North,238.87,26.36,0.29,4737,2025-05,11.035291162557039
2024-07-19,Electronics,South,4969.82,120.54,0.37,3211,2024-07,2.425439955571832
2024-02-03,Home,West,2856.74,618.2,0.3,8737,2024-02,21.640051247225863
2025-07-07,Electronics,West,2001.26,347.5,0.25,1855,2025-07,17.36406064179567
2024-04-05,Clothing,West,1367.49,187.01,0.2,6039,2024-04,13.675419929944644
2024-06-29,Office Supplies,East,889.76,96.58,0.23,6251,2024-06,10.854612479769825
2024-11-27,Clothing,West,1005.67,155.71,0.2,5955,2024-11,15.483210198176343
2024-03-07,Furniture,East,4195.63,901.58,0.26,6432,2024-03,21.488548799584333
2025-04-28,Office Supplies,East,2317.25,26.3,0.39,6446,2025-04,1.1349660157514296
2024-09-06,Office Supplies,South,4112.47,178.58,0.18,1968,2024-09,4.342402497768981
2025-06-24,Electronics,North,3803.61,889.17,0.17,8680,2025-06,23.377002374060428
2025-06-21,Office Supplies,North,195.52,41.63,0.09,2865,2025-06,21.29193944353519
2025-02-01,Electronics,West,2751.5,273.14,0.04,7253,2025-02,9.926948936943484
2025-10-26,Office Supplies,South,173.1,35.84,0.1,5508,2025-10,20.704794916233393
2024-06-21,Clothing,South,963.64,161.18,0.0,7355,2024-06,16.726163297496992
2025-04-09,Clothing,West,2550.75,450.55,0.3,2082,2025-04,17.663432323826324
2025-07-03,Office Supplies,South,179.53,1.86,0.37,8743,2025-07,1.0360385450899572
2024-01-01,Office Supplies,South,1145.93,49.13,0.14,1640,2024-01,4.287347394692521
2025-03-26,Furniture,South,4565.7,1108.68,0.05,6883,2025-03,24.28280438925028
2024-07-18,Clothing,West,447.76,88.36,0.29,1712,2024-07,19.73378595676255
2025-07-09,Office Supplies,East,3877.02,598.06,0.36,5996,2025-07,15.425765149522055
2024-01-21,Electronics,North,771.5,97.28,0.02,4406,2024-01,12.609202851587817
2024-04-30,Home,West,3993.97,486.43,0.16,1615,2024-04,12.17911000833757
2024-05-12,Office Supplies,North,1274.43,242.15,0.39,5597,2024-05,19.00065127154885
2024-01-31,Home,East,2821.02,71.26,0.38,8447,2024-01,2.5260366817675877
2024-04-24,Home,South,3217.17,751.48,0.22,1259,2024-04,23.35841749114905
2025-10-02,Office Supplies,East,2815.89,583.92,0.02,7629,2025-10,20.736605478196946
2024-03-06,Home,South,1776.69,372.13,0.3,5077,2024-03,20.945128300378794
2024-10-01,Furniture,North,621.49,119.46,0.22,6358,2024-10,19.22154821477417
2024-02-05,Office Supplies,West,2814.45,163.39,0.06,2649,2024-02,5.805397146867061
2024-08-12,Home,North,2632.72,205.78,0.35,2503,2024-08,7.816250873621199
2025-08-17,Electronics,East,1375.22,230.45,0.24,8964,2025-08,16.757318828987362
2024-03-11,Home,West,3142.49,448.49,0.29,3979,2024-03,14.271803569780653
2024-12-29,Home,North,884.91,65.26,0.28,5292,2024-12,7.374761275157926
2025-12-24,Home,North,299.32,43.05,0.08,6842,2025-12,14.382600561272216
2025-08-07,Electronics,South,2734.74,400.06,0.22,1008,2025-08,14.628812976736363
2025-10-26,Electronics,South,3348.77,593.65,0.23,1859,2025-10,17.727404390268664
2025-05-12,Clothing,West,4536.46,425.1,0.33,1397,2025-05,9.3707428259039
2025-05-31,Home,East,4142.81,362.69,0.36,4618,2025-05,8.754685829183572
2024-11-30,Furniture,South,806.85,49.79,0.31,2292,2024-11,6.170911569684575
2024-08-29,Home,East,1457.43,279.85,0.29,3399,2024-08,19.2016083105192
2024-08-05,Furniture,East,807.29,109.41,0.17,5945,2024-08,13.552750560517287
2025-01-21,Office Supplies,West,3392.02,532.81,0.31,2310,2025-01,15.707749364685347
2025-09-02,Office Supplies,North,4628.49,227.7,0.13,4951,2025-09,4.919530991748929
2024-11-15,Electronics,South,2638.02,601.08,0.18,7116,2024-11,22.785270771260265
2025-11-09,Home,North,1961.58,362.47,0.21,5600,2025-11,18.478471436291155
2024-10-26,Office Supplies,East,1611.05,42.92,0.35,2860,2024-10,2.6641010521088733
2024-05-05,Clothing,South,4396.07,616.24,0.35,6231,2024-05,14.017975145982664
2025-01-02,Clothing,North,4041.9,751.41,0.01,4136,2025-01,18.590514362057448
2025-10-19,Furniture,North,851.58,24.31,0.29,4497,2025-10,2.854693628314427
2024-09-02,Clothing,West,3132.99,123.91,0.38,6806,2024-09,3.955007835965005
2024-05-02,Furniture,North,4849.24,849.85,0.39,4018,2024-05,17.52542666479696
2024-04-25,Home,North,4957.49,474.22,0.13,8462,2024-04,9.565727817907854
2024-09-17,Office Supplies,North,635.56,145.82,0.02,2939,2024-09,22.943545849329723
2025-07-06,Clothing,South,3669.13,974.45,0.01,6614,2025-07,26.558066898692605
2025-10-18,Home,South,2220.24,333.2,0.18,7151,2025-10,15.007386588837242
2024-11-25,Electronics,West,4839.29,860.1,0.22,7682,2024-11,17.773268392677437
2024-11-01,Office Supplies,North,857.56,64.14,0.12,4899,2024-11,7.479360044778209
2024-05-23,Office Supplies,West,2662.87,130.19,0.14,6969,2024-05,4.889085835958946
2024-05-20,Office Supplies,East,1295.77,181.95,0.0,7597,2024-05,14.041843845744229
2024-09-04,Electronics,South,1990.49,405.61,0.12,6949,2024-09,20.37739451089933
2024-04-29,Furniture,South,329.58,30.07,0.17,3710,2024-04,9.123733236240064
2024-12-07,Electronics,North,1200.53,68.49,0.4,6176,2024-12,5.704980300367338
2025-01-05,Electronics,East,1474.72,249.97,0.08,2916,2025-01,16.95033633503309
2025-11-12,Home,North,3395.97,824.46,0.14,7179,2025-11,24.27759962543839
2025-09-04,Home,North,3931.59,846.04,0.19,1583,2025-09,21.519029196838936
2024-07-01,Office Supplies,East,444.7,74.58,0.13,1861,2024-07,16.770856757364516
2025-12-04,Home,West,2427.17,520.05,0.11,7301,2025-12,21.42618770007869
2024-04-07,Home,East,3072.33,620.41,0.02,3769,2024-04,20.193468800552022
2024-08-05,Clothing,West,3876.51,221.52,0.16,3297,2024-08,5.714418381482313
2024-12-28,Office Supplies,North,4645.46,208.02,0.3,7671,2024-12,4.477920378175682
2025-02-24,Clothing,South,3613.38,447.28,0.01,7086,2025-02,12.378437916853471
2024-05-28,Office Supplies,West,2615.46,415.2,0.25,7535,2024-05,15.874836548828885
2024-07-05,Furniture,East,2508.06,253.9,0.09,1123,2024-07,10.12336228000925
2025-04-19,Office Supplies,North,3046.86,511.92,0.32,1113,2025-04,16.80155963844745
2024-07-21,Clothing,West,3876.7,813.63,0.08,2130,2024-07,20.987695720587098
2025-06-25,Home,East,921.5,26.71,0.39,8307,2025-06,2.898534997287032
2025-10-28,Office Supplies,West,3969.42,700.97,0.03,5388,2025-10,17.659255004509475
2024-10-27,Office Supplies,North,4184.32,778.15,0.38,8789,2024-10,18.596809039461608
2025-05-13,Furniture,West,919.64,107.3,0.05,6172,2025-05,11.66760906441651
2024-01-15,Office Supplies,West,399.11,50.68,0.11,4640,2024-01,12.698253614291799
2025-08-19,Home,South,2741.66,99.68,0.25,2506,2025-08,3.635753521589111
2024-05-24,Home,West,2211.3,424.22,0.03,6967,2024-05,19.184190295301406
2024-08-02,Office Supplies,East,2393.12,419.02,0.11,3491,2024-08,17.50936016580865
2025-11-24,Clothing,South,4416.26,678.66,0.24,1221,2025-11,15.367301744009634
2025-12-28,Clothing,North,3597.51,446.05,0.11,5213,2025-12,12.398853651553434
2025-09-18,Home,East,3255.86,486.79,0.18,1209,2025-09,14.95119569023238
2024-02-17,Home,South,3394.2,502.15,0.04,6519,2024-02,14.794355076306639
2025-11-30,Furniture,East,1559.16,33.25,0.3,5346,2025-11,2.1325585571718104
2024-07-25,Home,South,981.42,162.97,0.29,2470,2024-07,16.60553076154959
2025-04-21,Home,West,169.4,16.09,0.36,1178,2025-04,9.498229043683589
2025-01-01,Electronics,South,4079.38,93.21,0.27,3759,2025-01,2.284906039643279
2024-09-05,Clothing,North,1049.65,93.26,0.13,5018,2024-09,8.884866384032772
2025-06-27,Clothing,East,2987.3,298.13,0.06,8804,2025-06,9.97991497338734
2025-12-29,Electronics,South,3283.01,654.61,0.15,3519,2025-12,19.93932397403602
2024-03-19,Clothing,West,237.32,50.05,0.22,2893,2024-03,21.089667958874095
2024-11-02,Furniture,West,1436.44,212.92,0.22,7300,2024-11,14.822756258528024
2025-05-05,Home,South,4388.8,295.16,0.21,3445,2025-05,6.725300765585127
2025-08-18,Office Supplies,South,4813.87,457.61,0.22,7496,2025-08,9.506073076339828
2025-09-24,Clothing,South,2405.23,163.57,0.22,2213,2025-09,6.800597032300446
2025-06-11,Home,North,3175.09,847.62,0.02,2135,2025-06,26.695936178187075
2024-10-01,Home,North,742.86,178.41,0.07,7204,2024-10,24.016638397544625
2024-12-15,Clothing,South,2704.85,597.49,0.12,5511,2024-12,22.089579828825997
2024-11-17,Electronics,West,742.83,89.13,0.06,4666,2024-11,11.99870764508703
2024-12-23,Furniture,North,3662.4,105.34,0.33,6862,2024-12,2.876256006989952
2025-05-03,Electronics,North,4613.01,985.82,0.05,8097,2025-05,21.370428418754784
2024-10-03,Office Supplies,South,4641.61,853.19,0.12,1197,2024-10,18.38133751004501
2024-12-12,Furniture,South,2985.28,127.21,0.37,6775,2024-12,4.261241826562332
2024-02-23,Furniture,North,2248.36,283.73,0.27,8509,2024-02,12.619420377519614
2024-10-12,Furniture,East,4178.42,564.3,0.3,8790,2024-10,13.505104800379089
2024-07-08,Clothing,East,2382.75,379.9,0.32,3727,2024-07,15.943762459343194
2025-04-18,Office Supplies,East,4859.9,25.21,0.35,1005,2025-04,0.5187349533941028
2025-12-20,Office Supplies,South,3465.56,533.71,0.09,7342,2025-12,15.400397049827447
2025-02-19,Furniture,North,3123.2,531.47,0.34,5284,2025-02,17.016841700819676
2024-05-21,Furniture,East,4817.45,933.46,0.07,5463,2024-05,19.376641169083232
2025-03-16,Electronics,South,630.47,51.65,0.08,3854,2025-03,8.192300981807223
2025-07-13,Electronics,South,3740.75,684.09,0.04,2149,2025-07,18.28750918933369
2024-08-23,Electronics,East,1174.31,276.46,0.22,5438,2024-08,23.542335499144176
2025-02-18,Furniture,North,3997.25,395.69,0.0,4305,2025-02,9.899055600725498
2024-12-12,Office Supplies,South,2141.59,308.38,0.11,8654,2024-12,14.39958161926419
2025-08-10,Electronics,East,1280.1,246.63,0.07,5972,2025-08,19.266463557534568
2025-05-16,Home,West,448.35,87.8,0.0,3528,2025-05,19.58291513326642
2024-12-25,Furniture,South,3492.08,327.96,0.13,2810,2024-12,9.391537421823097
2024-09-10,Electronics,North,3300.28,491.59,0.16,1467,2024-09,14.895402814306664
2025-01-24,Furniture,North,3964.24,711.91,0.2,6752,2025-01,17.958297176760237
2025-10-07,Office Supplies,West,2149.44,320.99,0.0,4425,2025-10,14.933657138603543
2025-03-15,Electronics,West,2062.77,321.82,0.18,6080,2025-03,15.601351580641564
2024-06-11,Clothing,East,878.37,153.17,0.1,1828,2024-06,17.43798171613329
2025-11-20,Office Supplies,North,1813.9,374.25,0.24,4489,2025-11,20.632339158718782
2025-06-18,Clothing,West,1547.97,347.44,0.06,7253,2025-06,22.44487942272783
2024-07-06,Electronics,West,4905.78,330.41,0.02,4896,2024-07,6.735116536004469
2025-08-16,Office Supplies,West,1720.47,360.22,0.02,2822,2025-08,20.9373020163095
2024-06-22,Office Supplies,West,3629.58,610.65,0.27,7369,2024-06,16.82426065825798
2025-10-21,Clothing,West,3223.2,553.89,0.08,7467,2025-10,17.184475055845123
2025-08-04,Furniture,East,1615.44,355.33,0.16,1974,2025-08,21.99586490367949
2025-02-18,Electronics,East,3884.16,819.21,0.02,1558,2025-02,21.09104671280277
2025-04-25,Office Supplies,South,3224.99,425.25,0.01,8725,2025-04,13.186087398720616
2024-09-09,Furniture,West,4488.6,885.98,0.26,4116,2024-09,19.738448514013278
2025-08-23,Clothing,West,549.57,72.3,0.05,5906,2025-08,13.155739942136577
2025-08-18,Clothing,East,1084.04,186.25,0.15,5334,2025-08,17.181100328401165
2024-06-15,Office Supplies,North,4613.3,748.62,0.16,5099,2024-06,16.22742938894067
2025-11-09,Office Supplies,North,3809.57,121.39,0.23,6906,2025-11,3.18644886430752
2024-02-17,Electronics,North,3700.48,926.21,0.09,3098,2024-02,25.029455638187482
2025-10-17,Home,North,2888.66,208.2,0.18,4152,2025-10,7.207494132227399
2025-02-17,Electronics,North,799.74,74.26,0.1,8982,2025-02,9.285517793282818
2024-01-02,Clothing,North,3983.19,773.55,0.37,2720,2024-01,19.420364080046394
2025-09-14,Electronics,West,1321.54,67.79,0.18,3426,2025-09,5.129621502186843
2025-07-11,Clothing,West,4913.6,577.38,0.2,2744,2025-07,11.750651253663301
2025-07-06,Electronics,East,4594.18,429.03,0.15,8823,2025-07,9.338554431911678
2025-09-25,Electronics,West,923.49,31.45,0.34,1514,2025-09,3.40555934552621
2025-02-27,Home,West,1549.51,241.73,0.02,4981,2025-02,15.600415615259017
2025-10-11,Furniture,East,810.83,150.86,0.2,6079,2025-10,18.60562633351011
2024-09-18,Home,South,2917.83,128.29,0.22,4652,2024-09,4.396760606341013
2024-11-10,Electronics,North,2521.41,497.95,0.39,1458,2024-11,19.748870671568685
2024-12-01,Furniture,West,1365.33,269.21,0.19,3470,2024-12,19.717577435491783
2024-06-17,Electronics,West,3242.95,361.19,0.23,7324,2024-06,11.137698700257483
2025-12-08,Home,North,1029.34,63.41,0.08,1277,2025-12,6.160258029416908
2025-06-17,Electronics,West,1419.47,181.99,0.11,8024,2025-06,12.820982479376106
2025-05-12,Home,West,4193.18,844.56,0.29,5571,2025-05,20.141277026027975
2024-04-25,Furniture,South,4612.25,1077.16,0.14,6334,2024-04,23.354328147867097
2025-08-02,Office Supplies,South,4610.64,517.76,0.14,5004,2025-08,11.229677441743444
2025-12-20,Home,East,242.07,36.92,0.32,3223,2025-12,15.251786673276326
2025-08-31,Clothing,North,2653.88,415.33,0.08,5823,2025-08,15.649916348892939
2025-11-18,Clothing,West,2461.26,424.02,0.19,3277,2025-11,17.227761390507297
2025-08-25,Office Supplies,South,3731.4,585.5,0.24,2407,2025-08,15.691161494345284
2024-01-14,Electronics,North,1272.21,241.49,0.15,7477,2024-01,18.981929084034867
2025-09-16,Furniture,North,2962.86,796.87,0.04,4896,2025-09,26.895297111574628
2024-08-06,Clothing,East,1111.09,88.05,0.25,7559,2024-08,7.9246505683608
2024-04-25,Furniture,East,600.69,62.27,0.12,3952,2024-04,10.366411959579816
2025-07-17,Furniture,South,2143.84,286.94,0.05,1504,2025-07,13.384394357787894
2024-08-09,Electronics,East,3304.16,475.13,0.07,1893,2024-08,14.37975158587962
2024-04-24,Office Supplies,North,3035.14,712.64,0.04,3537,2024-04,23.4796417957656
2025-05-03,Office Supplies,East,4890.96,1067.21,0.25,6760,2025-05,21.820051687194333
2024-07-03,Furniture,West,3635.61,532.72,0.16,2666,2024-07,14.652836800426888
2024-09-26,Clothing,West,1793.17,277.04,0.3,2776,2024-09,15.449734269478077
2024-11-10,Office Supplies,South,2317.44,458.38,0.24,7513,2024-11,19.77958436895885
2025-05-13,Clothing,North,4666.02,656.06,0.24,6915,2025-05,14.060376937947114
2024-09-09,Electronics,East,4464.36,750.51,0.1,8577,2024-09,16.81114426255947
2025-10-17,Furniture,South,493.25,41.58,0.22,2897,2025-10,8.429802331474912
2024-06-19,Clothing,North,1495.14,117.03,0.29,6941,2024-06,7.827360648501143
2024-03-17,Office Supplies,West,3428.17,350.03,0.12,5974,2024-03,10.210403801445086
2025-03-07,Clothing,North,3055.83,169.02,0.14,2920,2025-03,5.531066845996015
2024-08-01,Home,East,1324.36,197.42,0.1,1990,2024-08,14.906822918239754
2024-01-06,Office Supplies,North,3391.08,708.32,0.23,1355,2024-01,20.887740778748956
2024-06-30,Furniture,South,3474.27,485.21,0.26,5775,2024-06,13.965811522996196
2025-11-27,Electronics,North,640.39,156.09,0.15,1071,2025-11,24.374209466106592
2024-07-02,Clothing,East,974.8,174.11,0.3,2777,2024-07,17.861099712761593
2024-12-19,Furniture,South,4835.42,913.87,0.34,7374,2024-12,18.89949580388053
2025-08-21,Office Supplies,West,207.65,15.27,0.25,7469,2025-08,7.353720202263424
2025-12-11,Home,South,511.21,66.75,0.24,8763,2025-12,13.057256313452397
2024-04-06,Home,West,3701.0,847.09,0.23,7966,2024-04,22.888138340988924
2025-07-07,Office Supplies,North,3518.18,543.19,0.36,1133,2025-07,15.439517023006216
2024-07-24,Clothing,North,3193.77,337.28,0.28,7547,2024-07,10.560560090426048
2024-09-09,Home,West,3360.19,420.84,0.17,4682,2024-09,12.524291781119521
2024-03-23,Electronics,East,1445.1,67.76,0.39,6985,2024-03,4.6889488616704735
2025-07-11,Electronics,East,4577.34,592.24,0.09,3358,2025-07,12.938518877776175
2025-03-08,Home,North,869.76,140.47,0.01,6667,2025-03,16.15043230316409
2025-03-08,Home,North,3445.55,188.54,0.21,1461,2025-03,5.471985604620452
2025-12-06,Home,West,1537.19,303.41,0.24,7175,2025-12,19.73796342677223
2024-01-28,Clothing,South,481.02,61.52,0.19,2398,2024-01,12.789489002536278
2025-08-13,Electronics,East,635.28,16.5,0.28,5392,2025-08,2.5972799395542125
2024-05-27,Home,South,3537.04,393.32,0.36,2784,2024-05,11.120032569606224
2025-01-24,Clothing,East,2893.87,233.54,0.13,8314,2025-01,8.070162101269235
2025-07-19,Home,North,3348.27,285.79,0.25,8127,2025-07,8.535452636734792
2024-08-28,Electronics,South,295.49,53.63,0.08,7282,2024-08,18.149514365968393
2024-06-16,Home,West,1755.54,167.85,0.36,5566,2024-06,9.561160668512253
2025-05-04,Home,East,3524.12,384.43,0.4,1842,2025-05,10.908538869278004
2025-08-29,Office Supplies,West,2414.01,426.37,0.12,2874,2025-08,17.662312915025204
2025-05-26,Clothing,North,3866.7,292.78,0.11,8900,2025-05,7.571831277316575
2024-04-25,Clothing,West,2581.08,232.19,0.26,1859,2024-04,8.995846699831079
2024-01-22,Electronics,East,4096.09,737.7,0.34,1994,2024-01,18.00985818182706
2024-10-02,Furniture,West,1464.54,131.63,0.05,1398,2024-10,8.987805044587379
2024-03-14,Clothing,North,4055.38,126.05,0.39,4520,2024-03,3.1082167392451505
2024-06-07,Clothing,North,4874.85,761.62,0.08,5609,2024-06,15.623455080669146
2025-08-11,Office Supplies,North,640.1,146.78,0.24,2036,2025-08,22.93079206374004
2025-02-14,Furniture,West,1097.49,237.06,0.02,1626,2025-02,21.600196812727223
2025-04-19,Home,North,3743.8,869.56,0.02,1351,2025-04,23.22666809124419
2025-05-06,Electronics,East,4073.81,825.69,0.02,1094,2025-05,20.268250114757443
2024-01-13,Home,North,2043.68,521.04,0.12,5257,2024-01,25.495185156188832
2024-02-19,Electronics,East,984.91,50.22,0.14,2896,2024-02,5.098943050634068
2025-07-24,Office Supplies,West,3560.2,600.99,0.26,8122,2025-07,16.88079321386439
2024-09-14,Office Supplies,West,1377.46,303.87,0.02,4689,2024-09,22.06016871633296
2024-02-16,Electronics,South,2473.35,296.78,0.25,4630,2024-02,11.999110518123192
2024-08-07,Furniture,South,537.12,95.91,0.22,4833,2024-08,17.85634495084897
2025-09-29,Clothing,East,1046.87,97.42,0.3,2008,2025-09,9.305835490557568
2025-10-08,Office Supplies,West,2828.44,597.4,0.08,4279,2025-10,21.12118340852201
2024-08-15,Home,West,2539.68,99.67,0.22,4060,2024-08,3.924510174510175
2025-08-07,Clothing,East,2652.85,173.72,0.18,8366,2025-08,6.5484290480049765
2024-08-26,Furniture,West,4751.9,303.56,0.08,6092,2024-08,6.3881815694774735
2025-03-16,Clothing,East,2037.72,286.12,0.13,7901,2025-03,14.04118328327739
2024-05-25,Home,East,4534.51,680.13,0.04,8422,2024-05,14.998974530875442
2024-05-26,Home,North,3543.41,319.56,0.18,2811,2024-05,9.018431398003617
2025-08-15,Furniture,East,3217.84,591.06,0.28,6568,2025-08,18.368222161449914
2024-09-17,Electronics,South,1748.18,326.81,0.2,4190,2024-09,18.694299214039745
2025-07-01,Electronics,North,756.44,150.75,0.17,8377,2025-07,19.928877372957537
2024-03-12,Electronics,East,3315.32,375.28,0.11,8581,2024-03,11.319570961475813
2024-10-29,Office Supplies,South,3987.02,515.47,0.14,1607,2024-10,12.928703643322583
2025-02-22,Home,South,1046.9,77.7,0.39,1221,2025-02,7.42191231254179
2024-04-26,Office Supplies,South,4386.6,572.7,0.26,7458,2024-04,13.055669539050745
2025-05-17,Furniture,West,4330.5,233.9,0.13,1084,2025-05,5.401223877150445
2025-08-09,Clothing,East,4711.0,586.78,0.19,2539,2025-08,12.455529611547442
2024-07-15,Electronics,South,602.75,137.69,0.11,6594,2024-07,22.843633347158853
2024-06-02,Clothing,West,2566.41,323.3,0.06,2833,2024-06,12.597363632467143
2024-05-10,Home,South,2975.22,172.06,0.28,2576,2024-05,5.783101753819886
2025-06-24,Clothing,North,230.76,49.02,0.09,2207,2025-06,21.242849713988562
2024-12-23,Office Supplies,West,4818.14,563.96,0.24,4488,2024-12,11.704931778653172
2024-11-15,Office Supplies,West,341.89,38.29,0.05,6744,2024-11,11.199508613881658
2024-11-20,Furniture,West,3146.85,594.0,0.21,4393,2024-11,18.876018876018875
2024-06-29,Electronics,South,4571.86,514.09,0.13,7489,2024-06,11.244657535445093
2025-05-18,Furniture,North,399.87,39.11,0.31,4182,2025-05,9.78067872058419
2025-01-30,Electronics,South,4589.15,660.93,0.36,2240,2025-01,14.402013444755566
2025-08-25,Furniture,West,2635.45,180.44,0.36,4799,2025-08,6.84664857993891
2024-07-19,Electronics,West,2457.77,244.64,0.35,6476,2024-07,9.953738551613862
2025-10-21,Clothing,West,4221.27,802.19,0.17,3125,2025-10,19.003522636552507
2024-06-15,Electronics,North,926.15,162.91,0.32,8966,2024-06,17.590023214382118
2024-08-28,Clothing,East,1531.78,203.16,0.33,2149,2024-08,13.26300121427359
2024-04-19,Office Supplies,North,1028.51,68.34,0.27,6877,2024-04,6.64456349476427
2025-05-14,Home,South,2328.06,196.36,0.2,6482,2025-05,8.43449052000378
2024-10-19,Home,West,1873.0,352.81,0.19,7173,2024-10,18.836625734116392
2025-07-03,Furniture,South,4450.58,582.61,0.03,5479,2025-07,13.09065335304612
2024-12-23,Clothing,South,273.3,13.36,0.25,8040,2024-12,4.8884010245151845
2024-07-05,Home,North,1247.85,66.85,0.24,3665,2024-07,5.357214408783107
2024-08-28,Furniture,North,4799.65,717.35,0.1,7933,2024-08,14.945881470523895
2024-06-28,Office Supplies,North,3861.38,974.78,0.12,4664,2024-06,25.24434269613454
2024-10-30,Furniture,East,2726.34,236.6,0.05,2896,2024-10,8.678301312382168
2025-05-15,Furniture,West,4747.89,959.78,0.31,4551,2025-05,20.214874396837327
2024-10-26,Office Supplies,West,296.97,57.28,0.03,1039,2024-10,19.288143583526953
2024-10-31,Home,East,4277.33,638.31,0.07,1985,2024-10,14.923094547299364
2024-12-03,Electronics,South,1330.28,192.27,0.28,2612,2024-12,14.453348167303126
2025-01-18,Home,South,745.08,181.92,0.17,4659,2025-01,24.416170075696566
2025-05-02,Electronics,North,1354.18,159.8,0.29,3213,2025-05,11.800499195084848
2024-05-16,Clothing,East,4745.96,488.01,0.36,5686,2024-05,10.28264039309223
2025-08-25,Clothing,West,4000.94,402.87,0.35,3746,2025-08,10.069383694831714
2024-03-14,Home,North,2424.68,543.22,0.03,7886,2024-03,22.40378111750829
2024-08-31,Clothing,North,3113.99,159.8,0.4,8217,2024-08,5.131679934746098
2025-09-11,Home,South,4270.25,431.13,0.25,7002,2025-09,10.096130203149698
2024-06-11,Clothing,North,4057.82,267.34,0.33,1656,2024-06,6.588266606207273
2024-10-18,Clothing,West,892.66,161.93,0.18,4348,2024-10,18.14016534850895
2025-02-27,Home,North,943.01,80.29,0.31,3395,2025-02,8.51422572401141
2024-12-14,Furniture,South,4656.36,1154.42,0.04,4483,2024-12,24.792327053750142
2024-12-05,Electronics,North,4234.51,946.51,0.17,7008,2024-12,22.352291056108026
2025-06-15,Office Supplies,North,4761.38,505.12,0.38,5455,2025-06,10.608689077536344
2024-10-06,Office Supplies,North,1746.92,125.29,0.36,1810,2024-10,7.172051381860646
2025-09-02,Clothing,East,4866.2,607.17,0.38,8207,2025-09,12.477292343101393
2024-06-24,Furniture,West,4885.29,705.83,0.33,1595,2024-06,14.448067566101502
2025-02-02,Office Supplies,South,4447.6,1015.2,0.03,4713,2025-02,22.825793686482594
2025-10-27,Electronics,North,4331.08,304.56,0.3,5706,2025-10,7.0319643137508425
2025-10-08,Clothing,West,4765.82,582.52,0.25,7556,2025-10,12.222870355993303
2025-11-27,Office Supplies,North,3865.65,761.4,0.06,6434,2025-11,19.696558146754104
2024-12-01,Clothing,South,3238.13,715.1,0.0,2504,2024-12,22.083733512860817
2025-09-23,Office Supplies,East,571.82,57.95,0.38,5660,2025-09,10.13430799902067
2025-09-29,Furniture,East,2739.44,394.53,0.21,6256,2025-09,14.40184855298893
2024-06-05,Furniture,West,3316.33,812.4,0.04,2588,2024-06,24.496958987796752
2024-06-25,Home,East,1033.12,219.13,0.01,8261,2024-06,21.210507975840176
2024-03-30,Furniture,South,4340.18,59.81,0.29,6757,2024-03,1.3780534447880042
2025-09-20,Electronics,North,4317.89,832.51,0.25,7557,2025-09,19.280481902040115
2025-10-06,Clothing,West,605.97,102.31,0.08,3918,2025-10,16.883674109279337
2024-07-15,Electronics,West,806.29,167.08,0.17,4439,2024-07,20.722072703369758
2024-06-27,Electronics,West,4693.09,391.91,0.29,6376,2024-06,8.35078807352938
2025-02-27,Clothing,East,2373.33,378.85,0.06,6725,2025-02,15.962803318543989
2025-06-11,Clothing,South,2753.11,460.66,0.37,6412,2025-06,16.732349960590025
2025-07-26,Office Supplies,North,885.3,160.54,0.32,5087,2025-07,18.133965887269852
2025-03-25,Furniture,South,4876.68,767.84,0.06,4711,2025-03,15.74513808574686
2025-06-21,Office Supplies,West,1895.54,240.22,0.18,2100,2025-06,12.672905873787945
2024-01-10,Clothing,East,1528.92,295.13,0.13,8806,2024-01,19.303168249483292
2024-07-29,Home,East,3609.11,281.45,0.14,5461,2024-07,7.798321469836053
2025-03-13,Clothing,East,3199.89,599.03,0.22,2056,2025-03,18.720331011378516
2025-04-21,Furniture,North,556.21,70.6,0.29,1053,2025-04,12.693047589939049
2025-10-18,Home,South,4423.82,784.68,0.16,6302,2025-10,17.737611385635038
2024-10-26,Furniture,East,4493.86,895.46,0.3,6240,2024-10,19.92629943967992
2025-03-10,Home,East,2130.96,364.4,0.1,6581,2025-03,17.100274054886057
2025-02-16,Office Supplies,East,3263.06,162.26,0.21,3644,2025-02,4.97263304995924
2024-08-08,Home,West,1219.05,130.43,0.12,2572,2024-08,10.699315040400313
2024-05-06,Clothing,West,1598.94,292.03,0.19,6467,2024-05,18.263974883360223
2024-05-06,Electronics,South,3986.29,987.63,0.01,4801,2024-05,24.775668604140694
2024-10-11,Clothing,South,3506.86,294.1,0.36,5050,2024-10,8.386419760127293
2025-02-18,Home,North,3806.33,601.23,0.33,5547,2025-02,15.795530077528749
2025-05-12,Electronics,West,1378.91,323.95,0.19,4769,2025-05,23.493193899529334
2024-07-29,Clothing,North,3274.26,170.39,0.09,3786,2024-07,5.203923940065846
2025-08-30,Electronics,North,2454.72,408.52,0.34,6438,2025-08,16.642223960370224
2024-08-11,Electronics,East,3184.21,646.34,0.22,5881,2024-08,20.298284346823863
2024-08-28,Furniture,West,1148.95,49.31,0.18,7979,2024-08,4.291744636407154
2025-12-30,Furniture,South,1510.38,149.76,0.34,2072,2025-12,9.915385532117744
2025-06-27,Furniture,South,1157.89,221.79,0.14,8858,2025-06,19.154669269101554
2024-12-06,Home,South,2604.12,213.28,0.36,2020,2024-12,8.190098766569898
2024-03-12,Office Supplies,North,1079.3,71.23,0.33,5260,2024-03,6.599647919948115
2025-01-10,Furniture,West,2282.11,346.04,0.12,4810,2025-01,15.163160408569262
2024-06-05,Clothing,East,1838.35,75.43,0.38,7008,2024-06,4.103135964315827
2025-11-21,Furniture,East,2679.13,178.29,0.15,2848,2025-11,6.654772258158431
2024-01-21,Home,North,3955.46,809.69,0.2,2491,2024-01,20.470185515717514
2024-08-18,Electronics,South,1760.63,139.27,0.4,4293,2024-08,7.910236676644155
2024-07-08,Clothing,West,191.06,30.8,0.34,2828,2024-07,16.12059039045326
2024-11-06,Furniture,North,3188.15,216.47,0.16,3603,2024-11,6.789831093267256
2024-01-27,Home,East,3054.97,-12.72,0.38,1575,2024-01,-0.41637070085794625
2025-07-22,Home,East,3322.88,531.75,0.31,6730,2025-07,16.0026844183359
2025-02-02,Furniture,North,3655.69,649.76,0.21,1254,2025-02,17.773935973783335
2024-10-01,Office Supplies,West,689.21,88.58,0.19,7712,2024-10,12.852396221761145
2024-11-02,Home,South,171.32,37.68,0.21,1614,2024-11,21.993929488676162
2024-06-15,Furniture,West,2306.43,286.64,0.19,7022,2024-06,12.427864708662305
2024-12-31,Home,West,1223.72,244.13,0.36,4721,2024-12,19.94982512339424
2025-06-02,Furniture,North,1654.57,339.87,0.22,5054,2025-06,20.541288673190014
2025-03-25,Furniture,North,481.21,99.95,0.16,6510,2025-03,20.770557552835562
2024-06-07,Home,North,3256.87,94.3,0.35,8303,2024-06,2.895417993349443
2024-07-31,Furniture,North,1678.18,232.09,0.27,4734,2024-07,13.829863304293937
2025-01-01,Clothing,East,486.31,85.01,0.0,3344,2025-01,17.48061935802266
2024-12-08,Home,East,3158.01,664.39,0.24,1720,2024-12,21.038248770586538
2024-08-20,Furniture,West,4319.36,863.91,0.28,4796,2024-08,20.00087975996444
2025-10-28,Electronics,North,1118.61,237.96,0.28,1044,2025-10,21.27282967254003
2024-11-03,Clothing,East,3908.66,607.07,0.14,2983,2024-11,15.53140974144592
2025-06-19,Office Supplies,West,801.07,143.19,0.25,2405,2025-06,17.87484239829228
2025-12-17,Home,South,2968.36,105.87,0.35,5607,2025-12,3.566615909121535
2024-01-15,Furniture,South,4482.09,286.05,0.19,4305,2024-01,6.382067294498772
2025-10-26,Home,West,1607.88,198.58,0.25,8588,2025-10,12.350424161007039
2024-03-09,Home,West,3444.27,832.84,0.13,5226,2024-03,24.18045042926368
2025-12-11,Home,East,2730.36,149.96,0.14,2011,2025-12,5.492316031585578
2024-05-09,Furniture,West,817.66,75.76,0.0,4306,2024-05,9.265464863146052
2025-09-27,Clothing,East,399.84,28.55,0.27,7150,2025-09,7.140356142456983
2025-05-03,Office Supplies,North,1611.57,395.47,0.12,2431,2025-05,24.53942428811656
2024-12-09,Office Supplies,South,4053.56,179.64,0.36,3072,2024-12,4.431660071640731
2024-06-20,Clothing,North,2634.42,560.0,0.07,7061,2024-06,21.257050887861464
2024-09-11,Furniture,West,1420.01,106.5,0.2,2996,2024-09,7.499947183470539
2024-11-23,Home,North,4653.82,1117.01,0.16,8856,2024-11,24.002002655882695
2025-01-14,Home,North,2599.32,586.71,0.1,4249,2025-01,22.571672591293108
2024-12-30,Electronics,West,4335.61,697.61,0.22,2586,2024-12,16.09023874379845
2025-07-07,Office Supplies,West,3845.94,538.16,0.21,5225,2025-07,13.992938007353208
2024-04-15,Furniture,West,1218.93,85.92,0.21,5208,2024-04,7.048805099554527
2024-10-15,Office Supplies,North,3678.98,348.53,0.19,5637,2024-10,9.473549733893632
2025-12-14,Office Supplies,East,3513.68,232.61,0.12,5882,2025-12,6.620124769472463
2024-10-18,Furniture,South,4671.46,468.49,0.16,1166,2024-10,10.028770448639184
2024-07-09,Home,South,805.81,176.48,0.06,4941,2024-07,21.900944391357765
2025-11-04,Furniture,East,668.3,109.78,0.12,6205,2025-11,16.4267544515936
2025-01-10,Electronics,East,2458.54,346.08,0.11,3394,2025-01,14.076647115767893
2024-04-17,Clothing,West,1743.25,11.08,0.32,8313,2024-04,0.6355944356804819
2025-05-12,Furniture,West,558.06,11.9,0.38,6556,2025-05,2.132387198509121
2025-10-14,Office Supplies,West,1327.34,251.04,0.31,4799,2025-10,18.913013997920654
2024-11-01,Office Supplies,West,517.78,76.79,0.12,4524,2024-11,14.830623044536292
2025-08-19,Furniture,West,3506.54,198.82,0.16,6704,2025-08,5.6699766721611615
2024-08-19,Furniture,North,832.86,190.65,0.04,4981,2024-08,22.891002089186657
2024-01-18,Furniture,West,4727.98,681.74,0.3,8651,2024-01,14.419265732934575
2024-05-20,Clothing,West,4107.75,740.72,0.37,8369,2024-05,18.032256101271987
2025-03-06,Clothing,North,4733.1,813.28,0.1,2679,2025-03,17.18281887135281
2025-04-11,Furniture,South,2810.26,387.01,0.09,8292,2025-04,13.77132364976906
2025-12-08,Home,East,3438.99,487.82,0.28,4120,2025-12,14.184978729219916
2025-06-18,Electronics,South,3601.63,828.43,0.2,1199,2025-06,23.001529862867645
2025-04-23,Home,East,3155.47,256.4,0.39,4174,2025-04,8.125572418688815
2025-03-22,Home,North,402.28,13.14,0.32,7618,2025-03,3.2663816247389885
2024-11-24,Office Supplies,South,3029.86,419.52,0.16,8948,2024-11,13.846184312146434
2025-02-24,Office Supplies,North,2099.79,430.94,0.2,1258,2025-02,20.523004681420524
2025-09-25,Office Supplies,East,2025.63,87.24,0.19,5142,2025-09,4.306808252247449
2025-09-24,Clothing,East,3414.39,682.95,0.09,1572,2025-09,20.002108722202212
2024-08-30,Office Supplies,South,1221.69,143.18,0.2,6482,2024-08,11.719830726288993
2024-05-28,Electronics,North,3758.52,915.87,0.03,2604,2024-05,24.367836275980974
2024-04-25,Home,East,957.14,233.92,0.14,5871,2024-04,24.439475938734144
2025-08-07,Clothing,East,3513.52,45.26,0.33,2659,2025-08,1.2881668526150412
2025-10-18,Clothing,West,1396.61,194.44,0.04,8986,2025-10,13.92228324299554
2025-12-07,Electronics,North,2659.26,288.14,0.1,2051,2025-12,10.835345171213042
2024-12-16,Electronics,East,316.69,78.51,0.06,2932,2024-12,24.790804888060883
2025-11-20,Electronics,East,1060.89,171.85,0.16,7973,2025-11,16.198663386401982
2025-11-08,Office Supplies,West,224.88,40.28,0.37,7708,2025-11,17.91177516897901
2024-08-07,Clothing,North,4557.56,801.68,0.01,3619,2024-08,17.590114008372897
2025-08-01,Furniture,East,2527.19,266.14,0.39,4208,2025-08,10.531064146344358
2025-02-04,Electronics,East,2303.73,168.32,0.19,2935,2025-02,7.306411775685519
2025-07-29,Furniture,East,3043.98,596.09,0.34,3877,2025-07,19.582585956543735
2025-08-16,Clothing,North,4995.0,782.89,0.22,8696,2025-08,15.673473473473473
2024-11-16,Furniture,South,3551.1,773.39,0.02,2049,2024-11,21.778885415786657
2024-09-18,Electronics,North,2906.79,419.17,0.14,5295,2024-09,14.420374364849199
2025-04-18,Home,South,4606.7,792.15,0.29,4773,2025-04,17.195606399374824
2024-06-16,Electronics,North,3193.12,275.09,0.16,6556,2024-06,8.6150849326051
2024-12-09,Electronics,South,3125.45,777.16,0.09,1357,2024-12,24.865539362331823
2024-02-16,Home,West,404.59,62.35,0.25,4978,2024-02,15.410662646135595
2025-11-01,Furniture,South,829.36,29.64,0.31,3205,2025-11,3.573840069451143
2024-11-20,Office Supplies,East,4214.87,465.9,0.37,8286,2024-11,11.053721704346753
2024-08-16,Home,North,650.38,14.42,0.3,8772,2024-08,2.217165349487992
2024-02-04,Furniture,West,3653.15,570.99,0.07,2343,2024-02,15.630072677004778
2024-06-06,Home,North,2934.37,92.09,0.23,7580,2024-06,3.138322706407168
2024-05-19,Office Supplies,West,318.7,23.9,0.22,3251,2024-05,7.499215563225604
2025-02-08,Furniture,East,1997.02,356.09,0.15,8300,2025-02,17.831068291754715
2025-02-23,Clothing,South,1587.45,127.18,0.28,3565,2025-02,8.01159091624933
2024-05-08,Home,West,4437.28,334.11,0.37,2579,2024-05,7.529612735729997
2025-10-06,Office Supplies,East,3738.78,470.06,0.13,1154,2025-10,12.572550404142527
2025-03-07,Office Supplies,East,495.08,47.87,0.34,2118,2025-03,9.669144380706149
2025-02-17,Home,South,2802.37,288.33,0.15,5957,2025-02,10.288791273100982
2025-07-17,Electronics,East,4776.17,443.22,0.22,2198,2025-07,9.279820441902194
2024-11-14,Electronics,South,1681.12,54.04,0.22,6952,2024-11,3.214523650899401
2024-07-15,Electronics,North,1680.44,369.25,0.15,4943,2024-07,21.973411725500462
2024-08-08,Furniture,South,768.12,191.99,0.1,5607,2024-08,24.994792480341616
2024-08-20,Clothing,East,199.52,3.63,0.27,2393,2024-08,1.819366479550922
2025-05-05,Clothing,North,3848.95,587.84,0.39,5918,2025-05,15.272736720404268
2024-08-25,Clothing,North,182.61,32.85,0.02,5919,2024-08,17.989157220305568
2024-05-24,Office Supplies,West,617.53,37.27,0.15,8722,2024-05,6.035334315741745
2024-10-07,Furniture,West,4589.99,846.41,0.05,7366,2024-10,18.440345185937225
2025-07-01,Office Supplies,East,3571.37,261.86,0.2,5601,2025-07,7.33220024808407
2025-08-26,Office Supplies,West,670.47,31.02,0.14,4931,2025-08,4.62660521723567
2025-06-28,Home,East,2577.68,303.8,0.18,2221,2025-06,11.78579187486422
2025-03-07,Office Supplies,East,3327.03,513.28,0.27,8484,2025-03,15.427573541567103
2025-12-11,Furniture,East,1852.96,155.16,0.03,2735,2025-12,8.373629220274587
2025-01-14,Clothing,East,3352.14,721.06,0.01,5701,2025-01,21.510438108193572
2024-07-11,Electronics,North,2460.82,202.24,0.24,7154,2024-07,8.218398745133735
2025-09-04,Home,South,3753.0,364.27,0.37,2300,2025-09,9.706101785238475
2024-08-10,Clothing,South,3185.9,720.98,0.17,8690,2024-08,22.630339935340093
2025-05-29,Home,North,3195.16,226.29,0.28,3542,2025-05,7.082274440090637
2025-10-16,Clothing,South,3581.01,787.73,0.07,1538,2025-10,21.997425307385345
2025-08-05,Clothing,East,2376.67,167.21,0.09,6539,2025-08,7.035474003542771
2024-03-05,Office Supplies,West,1952.57,109.1,0.12,3724,2024-03,5.587507746201161
2025-03-22,Electronics,North,1876.25,58.53,0.28,2501,2025-03,3.1195203197868087
2024-08-29,Electronics,East,344.85,22.51,0.3,7861,2024-08,6.527475714078585
2025-06-02,Office Supplies,West,1994.31,471.29,0.12,6797,2025-06,23.631732278331853
2024-11-01,Home,South,2753.4,294.8,0.18,7469,2024-11,10.706762548122322
2025-01-16,Furniture,North,4364.5,485.27,0.32,8132,2025-01,11.118570282964829
2025-08-07,Office Supplies,East,3700.68,791.92,0.31,6500,2025-08,21.39931039700812
2025-08-16,Home,North,1377.49,351.3,0.11,6049,2025-08,25.502907462123137
2025-01-31,Office Supplies,North,1991.04,218.16,0.12,7577,2025-01,10.95708775313404
2024-11-20,Clothing,East,257.8,7.69,0.35,1135,2024-11,2.982932505818464
2024-08-11,Furniture,North,2887.37,256.42,0.24,5265,2024-08,8.88074614614684
2024-09-30,Home,West,2176.34,309.11,0.35,3667,2024-09,14.203203543563964
2024-01-12,Home,North,4992.05,957.93,0.1,3623,2024-01,19.189110685990723
2025-01-11,Electronics,East,3054.58,25.74,0.37,8501,2025-01,0.842669041242986
2025-01-25,Office Supplies,South,2518.58,463.53,0.37,3606,2025-01,18.404418362728205
2025-04-14,Clothing,South,2401.71,155.51,0.13,2628,2025-04,6.47496991726728
2025-10-21,Furniture,North,3436.21,415.87,0.0,4886,2025-10,12.102578131138667
2024-07-04,Electronics,North,4970.46,365.23,0.26,1369,2024-07,7.348012055222252
2024-06-26,Office Supplies,North,1109.06,22.83,0.28,2647,2024-06,2.0584999909833552
2024-02-23,Home,West,2528.13,317.5,0.13,8050,2024-02,12.558689624346849
2024-09-12,Electronics,South,2159.52,260.63,0.39,4482,2024-09,12.068885678298882
2025-09-14,Office Supplies,South,1310.41,90.56,0.28,2488,2025-09,6.910814172663517
2024-03-31,Home,South,2060.71,307.14,0.25,5027,2024-03,14.904571725279151
2024-07-23,Home,West,266.84,46.28,0.03,4970,2024-07,17.343726577724482
2024-06-26,Furniture,North,3006.58,351.73,0.32,7963,2024-06,11.698674241164381
2024-06-27,Clothing,South,1296.61,114.93,0.28,8453,2024-06,8.863883511618761
2025-02-25,Furniture,North,3325.84,505.58,0.03,6126,2025-02,15.201573136410651
2025-04-15,Furniture,North,1714.09,163.55,0.18,4489,2025-04,9.541505988600367
2025-03-13,Clothing,East,2551.61,102.7,0.24,8652,2025-03,4.024909762855609
2025-10-01,Clothing,West,1970.26,100.41,0.37,6937,2025-10,5.096281709013024
2024-08-29,Clothing,South,364.68,28.66,0.06,8295,2024-08,7.858944828342657
2025-02-15,Office Supplies,South,4893.33,282.02,0.28,7663,2025-02,5.763355424629035
2024-09-15,Clothing,West,3300.43,37.42,0.3,7280,2024-09,1.1337916574506959
2024-02-27,Furniture,East,4392.7,68.03,0.33,8525,2024-02,1.5487058073622146
2024-12-19,Furniture,North,390.76,35.69,0.16,5273,2024-12,9.13348346811342
2024-12-14,Home,South,3552.5,528.21,0.17,2008,2024-12,14.868684025334272
2024-12-11,Furniture,East,2971.08,493.45,0.18,8731,2024-12,16.60843868223003
2025-07-13,Electronics,West,4321.16,426.95,0.13,4440,2025-07,9.880448768386268
2025-07-26,Electronics,East,1759.12,96.1,0.11,5377,2025-07,5.462958752103324
2025-12-11,Furniture,West,3996.7,624.81,0.24,4335,2025-12,15.633147346560913
2025-01-03,Furniture,East,1835.82,346.2,0.16,3503,2025-01,18.858057979540476
2024-03-07,Office Supplies,South,3463.86,547.3,0.37,5556,2024-03,15.800292159613837
2024-04-26,Furniture,South,2834.63,271.49,0.02,1156,2024-04,9.577616831826376
2025-11-10,Home,West,4724.1,608.0,0.4,4499,2025-11,12.87017632988294
2025-07-17,Electronics,East,3727.99,457.98,0.38,2918,2025-07,12.284904197704394
2025-11-01,Furniture,West,2396.13,366.12,0.35,3964,2025-11,15.279638416947328
2025-03-30,Furniture,East,2046.74,126.68,0.14,8822,2025-03,6.189354778819
2025-02-07,Office Supplies,East,4172.13,241.32,0.32,7128,2025-02,5.784095893464489
2024-12-30,Home,South,2700.66,259.75,0.18,6603,2024-12,9.618019298986175
2025-07-29,Home,East,3104.31,472.16,0.32,3492,2025-07,15.209821184095663
2025-10-29,Office Supplies,East,4426.62,479.43,0.05,4228,2025-10,10.830611166081571
2025-06-06,Clothing,South,1444.38,286.8,0.03,5425,2025-06,19.856270510530468
2025-12-15,Home,West,2017.59,508.82,0.01,1877,2025-12,25.219197160969276
2025-01-01,Furniture,North,277.58,52.7,0.32,8492,2025-01,18.985517688594282
2024-01-29,Clothing,North,3614.89,496.49,0.39,6107,2024-01,13.73458113524893
2024-04-11,Clothing,North,4166.99,332.69,0.12,8874,2024-04,7.983940446221374
2025-10-16,Home,South,855.95,104.53,0.14,3893,2025-10,12.212161925346106
2025-05-17,Furniture,East,1392.34,142.49,0.28,5172,2025-05,10.233850927216055
2024-03-18,Furniture,North,471.46,23.99,0.18,6092,2024-03,5.088448648877954
2024-07-29,Clothing,South,1551.81,318.06,0.14,8366,2024-07,20.4960658843544
2025-01-30,Office Supplies,South,2073.99,366.33,0.34,5370,2025-01,17.663055270276136
2025-05-31,Furniture,West,3404.46,663.5,0.11,4101,2025-05,19.489140715414486
2024-10-16,Electronics,South,3678.59,626.75,0.36,5528,2024-10,17.037778061702987
2024-11-23,Electronics,South,2542.54,660.9,0.07,7227,2024-11,25.993691348022057
2025-08-11,Office Supplies,South,4882.47,289.54,0.18,6679,2025-08,5.9301951676098374
2024-09-03,Home,West,499.36,40.74,0.28,6174,2024-09,8.158442806792694
2025-06-16,Office Supplies,West,1652.77,209.34,0.03,1383,2025-06,12.666009184581037
2025-06-15,Home,South,4295.06,966.37,0.21,3184,2025-06,22.4995692726062
2024-12-31,Home,South,3296.84,550.11,0.37,1106,2024-12,16.685978088108612
2025-07-06,Home,East,2028.94,412.31,0.24,4318,2025-07,20.32144863820517
2025-11-07,Furniture,North,4006.2,264.62,0.14,7478,2025-11,6.605261844141581
2025-11-23,Home,North,2382.81,118.41,0.16,8545,2025-11,4.969342918654865
2025-11-03,Electronics,West,4829.35,620.51,0.36,5993,2025-11,12.848727054365494
2024-10-06,Electronics,East,4737.22,801.1,0.28,7270,2024-10,16.910762008097578
2024-12-15,Furniture,South,415.27,52.24,0.07,1520,2024-12,12.579767380258627
2025-07-05,Electronics,South,1316.22,197.76,0.36,4610,2025-07,15.02484387108538
2024-05-05,Electronics,North,2620.44,132.93,0.1,3636,2024-05,5.0728121994779505
2024-12-22,Furniture,East,1562.26,64.93,0.3,3023,2024-12,4.156158385928079
2025-05-09,Furniture,West,3762.12,183.88,0.33,2107,2025-05,4.887669718137646
2024-10-02,Home,North,489.71,104.07,0.2,8099,2024-10,21.25135284147761
2025-04-15,Office Supplies,South,3941.7,682.04,0.23,7929,2025-04,17.303194053327246
2024-04-24,Furniture,West,2019.22,360.84,0.33,2409,2024-04,17.87026673666069
2024-04-02,Furniture,East,2231.76,229.67,0.16,3468,2024-04,10.290981109079828
2024-01-05,Home,East,347.17,50.89,0.16,7337,2024-01,14.65852464210617
2025-11-25,Office Supplies,East,498.64,64.05,0.25,5229,2025-11,12.844938231991016
2024-01-16,Furniture,South,3522.05,871.15,0.07,3307,2024-01,24.73417469939382
2025-07-09,Furniture,North,1059.08,40.71,0.34,5667,2025-07,3.8439022547871744
2025-01-28,Home,North,2479.6,202.52,0.17,3195,2025-01,8.167446362316504
2024-06-13,Clothing,East,333.46,47.37,0.09,4286,2024-06,14.205601871288911
2024-04-08,Electronics,West,1347.12,189.26,0.19,5725,2024-04,14.049230951956767
2025-09-08,Office Supplies,West,1976.8,238.03,0.12,7494,2025-09,12.041177660866047
2024-06-03,Office Supplies,East,2821.35,601.02,0.02,8748,2024-06,21.30256791961295
2025-03-27,Electronics,East,3852.09,565.01,0.17,6706,2025-03,14.667621992217212
2025-11-05,Home,South,590.14,74.44,0.28,8642,2025-11,12.613956010438201
2025-02-15,Office Supplies,East,4739.53,361.71,0.39,7703,2025-02,7.631769394855609
2025-05-26,Home,East,3432.15,571.87,0.29,5451,2025-05,16.6621505470332
2024-06-17,Furniture,East,4808.75,425.28,0.25,4651,2024-06,8.843878346763711
2025-06-21,Clothing,East,1439.21,272.9,0.04,3257,2025-06,18.961791538413433
2025-09-26,Clothing,East,1482.34,116.37,0.14,7792,2025-09,7.850425678319414
2024-11-01,Furniture,South,4870.55,526.5,0.29,5343,2024-11,10.809867468766361
2025-05-23,Office Supplies,South,3403.68,478.94,0.4,8884,2025-05,14.071240539651203
2025-07-14,Electronics,East,1765.83,218.48,0.3,3676,2025-07,12.372651954038611
2024-01-14,Furniture,East,3568.04,441.58,0.09,4357,2024-01,12.375982332036637
2025-12-03,Furniture,North,1656.77,216.03,0.24,7215,2025-12,13.039226929507416
2024-08-25,Clothing,North,841.88,166.28,0.28,2895,2024-08,19.751033401434885
2024-04-15,Electronics,West,4397.99,478.36,0.32,2015,2024-04,10.87678689583196
2024-07-08,Furniture,South,3055.11,620.55,0.36,4852,2024-07,20.31187093099757
2025-07-01,Furniture,North,1144.52,222.04,0.19,5941,2025-07,19.400272603362108
2024-01-21,Furniture,South,4447.15,940.8,0.05,7808,2024-01,21.155121819592324
2024-06-24,Home,North,3582.7,156.79,0.24,2383,2024-06,4.376308370781812
2024-08-27,Clothing,West,1127.45,218.52,0.14,2842,2024-08,19.38179076677458
2025-07-17,Furniture,East,682.84,17.65,0.28,3934,2025-07,2.5847929236717233
2025-06-26,Furniture,North,411.95,106.4,0.0,1636,2025-06,25.828377230246392
2025-02-19,Furniture,East,467.4,54.28,0.19,3743,2025-02,11.613179289687634
2025-04-30,Home,East,611.67,137.63,0.27,6183,2025-04,22.500694819101806
2025-03-29,Office Supplies,North,3407.05,275.31,0.17,6839,2025-03,8.08059758442054
2025-01-24,Furniture,West,3489.72,589.48,0.39,5249,2025-01,16.891899636647068
2025-03-26,Home,East,3473.83,321.84,0.33,7839,2025-03,9.264702072352417
2025-06-12,Office Supplies,West,1155.49,90.87,0.07,7355,2025-06,7.864196141896512
2024-12-15,Clothing,South,2460.35,322.45,0.3,1288,2024-12,13.105858922511024
2024-08-16,Clothing,South,3306.0,216.76,0.06,3306,2024-08,6.556563823351482
2024-10-15,Electronics,West,2239.57,53.91,0.27,1075,2024-10,2.407158517036752
2025-01-02,Clothing,North,2581.61,67.92,0.31,6602,2025-01,2.630916366143608
2024-08-09,Furniture,South,1758.4,194.38,0.08,7157,2024-08,11.054367606915378
2024-08-19,Furniture,North,1462.35,186.34,0.22,3308,2024-08,12.742503504632955
2025-01-07,Home,South,4059.76,581.27,0.04,8731,2025-01,14.317841448755592
2025-05-23,Electronics,South,4529.52,705.1,0.07,7948,2025-05,15.566770871968771
2025-12-08,Office Supplies,South,585.51,95.62,0.22,3612,2025-12,16.33106180936278
2025-03-09,Electronics,East,3090.68,172.72,0.28,1855,2025-03,5.588414200111302
2024-02-16,Furniture,West,4631.98,678.17,0.35,7277,2024-02,14.641039037301542
2025-01-01,Home,North,3386.17,769.46,0.16,7810,2025-01,22.723608088194037
2025-03-10,Home,East,1699.29,104.97,0.07,5623,2025-03,6.177285807601999
2024-01-18,Clothing,North,2242.46,422.26,0.03,6542,2024-01,18.830213247950912
2025-02-03,Clothing,North,4757.52,182.78,0.39,1758,2025-02,3.84191763776085
2024-11-04,Home,West,2886.47,310.64,0.08,4826,2024-11,10.76193412715185
2024-01-19,Clothing,North,2323.62,401.69,0.29,1560,2024-01,17.28725006670626
2025-04-02,Furniture,South,1077.13,32.94,0.38,6019,2025-04,3.0581266885148493
2025-07-24,Clothing,South,4957.38,570.81,0.29,5765,2025-07,11.514348304951405
2025-08-28,Home,West,3134.9,449.22,0.29,5200,2025-08,14.329643688793903
2025-06-02,Furniture,South,2385.83,440.47,0.17,2656,2025-06,18.461918912915003
2025-05-29,Clothing,West,4022.22,468.77,0.23,8842,2025-05,11.6545092013863
2025-05-06,Home,North,1303.1,300.49,0.16,8065,2025-05,23.059627043204667
2025-05-13,Electronics,West,1769.33,359.13,0.08,4028,2025-05,20.297513748141952
2024-05-28,Electronics,South,1265.94,49.08,0.34,6063,2024-05,3.87696099341201
2025-04-27,Furniture,North,1711.05,163.28,0.35,4293,2025-04,9.542678472283102
2025-08-17,Home,North,1048.9,88.47,0.13,7939,2025-08,8.434550481456764
2025-03-30,Home,North,3428.29,357.25,0.06,6560,2025-03,10.420647028110224
2025-01-14,Office Supplies,East,3526.07,568.78,0.07,3492,2025-01,16.13070642386566
2024-06-07,Office Supplies,North,4824.37,1105.7,0.07,5204,2024-06,22.91905471595255
2024-05-17,Office Supplies,South,2492.56,442.56,0.12,8857,2024-05,17.755239593028854
2025-10-26,Clothing,East,4557.11,951.06,0.01,8409,2025-10,20.869805644366714
2024-12-16,Home,South,975.68,155.38,0.17,1633,2024-12,15.925303378156775
2024-02-29,Electronics,North,1846.77,242.11,0.37,8767,2024-02,13.109916232124197
2025-02-08,Furniture,West,886.15,128.91,0.39,4948,2025-02,14.547198555549286
2024-02-10,Electronics,North,1821.12,102.43,0.07,6674,2024-02,5.624560709892814
2025-12-16,Clothing,West,728.6,30.01,0.33,4837,2025-12,4.118858083996706
2024-01-01,Electronics,South,538.71,131.89,0.08,3697,2024-01,24.482560190083714
2025-01-24,Home,South,966.65,156.61,0.22,2602,2025-01,16.201313815755448
2024-12-11,Electronics,West,2788.42,139.24,0.25,4094,2024-12,4.99350886882177
2025-01-22,Clothing,North,4894.48,1072.86,0.24,6935,2025-01,21.91979536130498
2025-01-17,Office Supplies,South,3698.14,701.09,0.23,1504,2025-01,18.957908570254236
2024-03-31,Electronics,West,2074.6,288.45,0.28,7976,2024-03,13.903885086281692
2024-05-20,Office Supplies,West,3129.31,588.69,0.34,3716,2024-05,18.81213430436742
2024-05-19,Electronics,South,3659.12,567.12,0.07,1595,2024-05,15.498808456678109
2024-03-14,Clothing,East,230.92,14.63,0.35,7968,2024-03,6.335527455395809
2024-02-12,Office Supplies,East,3491.0,406.18,0.18,7237,2024-02,11.63506158693784
2024-09-28,Clothing,East,3908.49,64.56,0.34,2063,2024-09,1.6517887982315422
2024-08-06,Home,South,855.71,170.57,0.05,3097,2024-08,19.933154923981252
2024-04-01,Electronics,South,3859.27,683.25,0.25,1229,2024-04,17.7041253915896
2024-08-07,Clothing,North,1467.22,85.93,0.34,5476,2024-08,5.856654080505992
2025-06-05,Home,North,197.3,40.31,0.0,5174,2025-06,20.430816016218955
2025-06-26,Office Supplies,South,1886.96,183.86,0.38,6986,2025-06,9.74371475812948
2024-09-16,Clothing,North,988.43,17.13,0.36,7453,2024-09,1.7330514047529924
2025-06-21,Home,North,4808.2,351.77,0.18,2311,2025-06,7.316043425814234
2025-04-26,Electronics,West,578.84,27.16,0.15,3690,2025-04,4.69214290650266
2024-07-05,Electronics,East,4135.01,891.78,0.09,4700,2024-07,21.566574204173627
2024-01-31,Clothing,South,4687.25,28.85,0.34,7211,2024-01,0.6154994933063097
2024-12-01,Office Supplies,East,2885.34,436.3,0.06,7734,2024-12,15.121268204093798
2024-06-04,Electronics,East,3265.95,686.61,0.16,3197,2024-06,21.02328572084692
2024-07-04,Office Supplies,South,3292.01,173.43,0.22,7882,2024-07,5.2682099993620914
2024-06-12,Clothing,North,1809.15,196.56,0.38,5163,2024-06,10.864770748694138
2025-01-23,Furniture,West,2350.24,476.75,0.29,3556,2025-01,20.285162366396627
2024-11-22,Office Supplies,North,3962.04,396.72,0.04,5551,2024-11,10.013023593906171
2024-08-17,Office Supplies,South,3670.99,430.38,0.33,2756,2024-08,11.72381292239968
2025-07-01,Furniture,East,4896.85,604.86,0.01,2254,2025-07,12.352022218364866
2025-08-19,Home,South,3614.62,500.99,0.28,4855,2025-08,13.86010147678041
2024-09-13,Furniture,North,4100.13,248.32,0.31,5732,2024-09,6.056393333869901
2025-04-22,Furniture,East,2901.17,739.4,0.04,2959,2025-04,25.486269332717487
2024-08-08,Home,West,1217.56,272.74,0.15,1675,2024-08,22.400538782483
2025-09-02,Home,South,963.92,189.66,0.21,2839,2025-09,19.675906714250146
2025-03-01,Office Supplies,North,253.22,24.12,0.38,1803,2025-03,9.525313956243583
2024-07-23,Office Supplies,West,1520.46,123.2,0.05,6246,2024-07,8.102810991410495
2024-04-30,Office Supplies,West,2032.1,189.19,0.28,2692,2024-04,9.31007332316323
2024-04-01,Furniture,West,2207.33,250.73,0.06,6152,2024-04,11.358972151875795
2024-06-27,Home,North,2620.49,505.93,0.31,3844,2024-06,19.306694549492654
2024-02-09,Home,South,2454.28,396.97,0.08,7208,2024-02,16.174601105008392
2025-05-16,Furniture,West,2787.0,674.36,0.09,2211,2025-05,24.196627197703624
2025-08-03,Clothing,North,4777.28,899.27,0.07,2574,2025-08,18.823891419385088
2025-08-13,Furniture,North,3851.09,421.43,0.01,2336,2025-08,10.943135579796888
2025-02-22,Home,West,2457.95,444.98,0.11,6683,2025-02,18.103704306434228
2025-09-29,Electronics,East,3355.58,72.26,0.3,5894,2025-09,2.153428021385275
2024-10-07,Electronics,North,276.02,39.71,0.11,1999,2024-10,14.386638649373234
2024-03-09,Electronics,North,3597.52,131.6,0.27,6228,2024-03,3.6580755631657365
2025-03-29,Office Supplies,West,3319.63,207.14,0.15,8064,2025-03,6.239852031702328
2025-08-08,Office Supplies,West,500.38,56.93,0.32,1768,2025-08,11.377353211559214
2024-03-19,Furniture,West,4909.62,88.94,0.26,8754,2024-03,1.8115454963927962
2024-08-07,Electronics,North,2886.01,538.14,0.07,3627,2024-08,18.64650503636508
2024-08-31,Furniture,West,1519.97,246.62,0.22,8224,2024-08,16.225320236583617
2024-10-29,Office Supplies,South,958.44,232.34,0.11,7158,2024-10,24.241475731396854
2024-03-17,Office Supplies,West,1273.61,203.43,0.24,6794,2024-03,15.972707500726283
2024-03-12,Office Supplies,East,1810.03,62.97,0.37,7047,2024-03,3.478947862742607
2024-04-30,Clothing,East,1107.19,210.63,0.28,8977,2024-04,19.02383511411772
2025-01-13,Furniture,South,4053.1,778.04,0.21,4510,2025-01,19.19617083220251
2025-07-05,Home,South,3130.85,710.52,0.13,7963,2025-07,22.694156538959067
2025-04-04,Clothing,South,1497.18,257.28,0.24,5684,2025-04,17.18430649621288
2024-09-09,Electronics,North,1844.46,360.77,0.33,4070,2024-09,19.55965431616842
2024-05-24,Office Supplies,East,1341.7,131.05,0.05,5336,2024-05,9.76745919356041
2024-11-24,Furniture,South,3975.35,321.68,0.28,4089,2024-11,8.091866124995285
2025-06-12,Home,South,3509.95,589.08,0.3,7564,2025-06,16.78314505904643
2024-11-27,Home,North,1702.92,87.05,0.14,6290,2024-11,5.111807953397693
2025-02-17,Office Supplies,North,3095.61,399.95,0.31,1860,2025-02,12.919909161683805
2024-03-16,Clothing,East,4567.6,906.73,0.17,3587,2024-03,19.85134425081005
2024-08-17,Office Supplies,South,2151.67,28.43,0.39,3235,2024-08,1.3212992698694501
2025-05-26,Clothing,South,3097.22,579.26,0.13,4815,2025-05,18.702578441311886
2024-06-02,Furniture,North,3190.89,156.5,0.27,5434,2024-06,4.904587748245787
2025-06-08,Clothing,South,1588.55,132.5,0.05,1850,2025-06,8.34093985080734
2024-09-28,Home,East,3519.2,349.41,0.11,3069,2024-09,9.928676972039101
2024-06-19,Clothing,East,4931.11,370.46,0.13,7555,2024-06,7.512710120033826
2024-01-20,Furniture,West,2928.72,405.26,0.07,2597,2024-01,13.837444344286926
2025-09-26,Clothing,South,3348.47,320.69,0.3,8130,2025-09,9.577209889890009
2024-03-10,Home,West,2005.56,76.56,0.36,4986,2024-03,3.817387662298809
2025-08-27,Home,South,3374.67,177.21,0.34,3298,2025-08,5.251180115389061
2025-06-16,Clothing,North,3873.82,240.43,0.14,2669,2025-06,6.206535151349314
2024-12-07,Electronics,West,2525.71,277.83,0.01,1998,2024-12,11.00007522637199
2025-01-19,Home,East,3470.85,691.84,0.28,5928,2025-01,19.932869470014552
2024-11-08,Office Supplies,North,3520.52,451.21,0.22,3958,2024-11,12.816572551782123
2024-03-14,Electronics,South,203.59,10.06,0.18,7960,2024-03,4.941303600373299
2025-10-09,Furniture,North,4589.18,488.37,0.17,3942,2025-10,10.641770425217576
2024-10-20,Home,South,2961.93,417.57,0.26,1111,2024-10,14.097902381217652
2025-07-23,Electronics,North,3224.5,603.05,0.03,3000,2025-07,18.702124360365946
2025-02-16,Clothing,West,2006.58,137.28,0.04,5107,2025-02,6.8414914929880695
2025-02-13,Furniture,South,2365.11,356.51,0.03,1746,2025-02,15.073717501511558
2025-10-26,Electronics,West,3599.97,512.53,0.34,7163,2025-10,14.237063086636834
2024-08-09,Furniture,West,4051.5,300.75,0.39,5500,2024-08,7.423176601258794
2024-07-18,Clothing,East,3275.7,495.38,0.22,4697,2024-07,15.122874500106848
2025-04-17,Office Supplies,North,3920.81,937.31,0.03,2754,2025-04,23.906029621430264
2024-08-12,Clothing,East,2863.84,496.87,0.2,5508,2024-08,17.34978211073244
2025-06-11,Home,East,3601.86,768.71,0.05,2858,2025-06,21.34202884065455
2025-02-28,Electronics,South,4303.37,67.85,0.34,2089,2025-02,1.5766713064412308
2025-03-07,Electronics,North,2322.33,206.85,0.28,2400,2025-03,8.907002880727545
2025-06-26,Electronics,South,887.94,154.65,0.07,6549,2025-06,17.416717345766607
2024-09-24,Home,South,2948.22,88.52,0.32,1960,2024-09,3.00248963781536
2024-08-27,Home,South,2507.07,187.56,0.36,4877,2024-08,7.481243044669673
2025-04-08,Office Supplies,North,1298.95,258.38,0.33,3809,2025-04,19.891450787174257
2025-11-10,Home,East,2251.85,432.19,0.01,6985,2025-11,19.192663809756425
2025-12-27,Electronics,East,3650.78,276.69,0.07,4283,2025-12,7.578928338601614
2024-11-13,Home,South,4259.3,765.17,0.15,1163,2024-11,17.964689033409247
2024-01-24,Clothing,West,4942.01,811.47,0.21,3793,2024-01,16.419837272688643
2024-11-15,Office Supplies,South,3960.33,192.5,0.29,5837,2024-11,4.860706052273422
2024-12-06,Home,East,4526.07,997.87,0.04,2078,2024-12,22.047162328465976
2024-07-29,Clothing,North,2048.39,338.93,0.01,7421,2024-07,16.54616552511973
2024-12-17,Home,North,182.63,39.71,0.14,7393,2024-12,21.743415649126653
2024-01-27,Clothing,South,211.63,26.37,0.37,6355,2024-01,12.460426215564901
2024-12-22,Clothing,East,1368.05,63.5,0.37,8436,2024-12,4.64164321479478
2024-12-14,Electronics,North,1281.93,77.22,0.06,4450,2024-12,6.023729844843322
2024-05-11,Electronics,North,625.63,46.05,0.3,2976,2024-05,7.3605805348209
2025-08-08,Furniture,West,1068.08,146.02,0.34,1396,2025-08,13.671260579731856
2025-02-10,Furniture,South,2892.35,505.29,0.1,7145,2025-02,17.469877435303474
2025-11-21,Clothing,West,2235.04,547.35,0.05,7199,2025-11,24.48949459517503
2024-04-23,Office Supplies,East,2018.98,205.33,0.1,4120,2024-04,10.169986825030461
2024-12-29,Home,West,1773.29,363.52,0.3,7987,2024-12,20.49974905401824
2025-02-04,Clothing,North,970.61,30.23,0.26,6888,2025-02,3.1145362194908355
2025-02-09,Clothing,West,2705.2,199.5,0.02,8286,2025-02,7.374685790329735
2024-05-21,Office Supplies,South,4505.71,574.61,0.32,8033,2024-05,12.752929061124663
2025-06-07,Office Supplies,South,1120.33,73.23,0.36,6007,2025-06,6.536466933849848
2024-03-24,Electronics,West,3301.03,291.54,0.33,4274,2024-03,8.831788865899432
2024-12-24,Electronics,North,4990.32,834.74,0.01,6872,2024-12,16.727183827890798
2025-10-01,Office Supplies,North,792.18,155.78,0.26,1405,2025-10,19.664722664041
2025-01-12,Electronics,West,2978.62,346.79,0.2,5394,2025-01,11.642639880212986
2025-12-10,Home,West,2713.59,383.62,0.28,8060,2025-12,14.136991955306438
2025-02-09,Electronics,East,2963.39,332.52,0.03,5328,2025-02,11.220932783062642
2024-01-11,Electronics,North,1157.18,256.38,0.27,7655,2024-01,22.155585129366216
2025-04-02,Home,North,273.25,45.16,0.11,1527,2025-04,16.52698993595608
2025-11-28,Clothing,North,3955.72,733.12,0.07,5814,2025-11,18.533162104496782
2025-02-11,Clothing,North,2253.61,499.58,0.14,8969,2025-02,22.16798824996339
2025-04-20,Furniture,West,2952.73,175.63,0.16,6771,2025-04,5.948054850934559
2025-01-12,Electronics,East,3467.68,319.18,0.34,1206,2025-01,9.204424860425414
2025-03-12,Electronics,South,4903.73,511.87,0.35,8385,2025-03,10.438380579681182
2024-08-11,Furniture,East,3777.87,209.69,0.09,6909,2024-08,5.550482149994574
2025-12-03,Clothing,South,4869.86,342.84,0.28,5847,2025-12,7.040038111978579
2025-11-10,Furniture,North,689.47,146.47,0.1,7959,2025-11,21.24385397479223
2025-02-21,Furniture,East,3426.98,637.78,0.27,8554,2025-02,18.610555065976456
2024-11-21,Clothing,West,3399.85,713.89,0.11,6170,2024-11,20.997691074606234
2024-09-07,Office Supplies,East,3278.06,464.0,0.35,6274,2024-09,14.15471345857001
2025-08-21,Clothing,East,223.48,38.3,0.25,8933,2025-08,17.137998926078396
2025-02-20,Office Supplies,South,1041.59,236.02,0.19,8924,2025-02,22.659587745658083
2025-11-17,Home,West,604.23,67.39,0.27,7354,2025-11,11.153037750525462
2024-12-17,Office Supplies,North,247.76,51.48,0.29,4964,2024-12,20.778172424927348
2024-08-28,Office Supplies,South,1403.27,186.82,0.09,4501,2024-08,13.313189906432832
2025-11-21,Furniture,West,172.99,12.22,0.14,5326,2025-11,7.063992138273889
2025-11-06,Clothing,East,2730.33,355.31,0.2,2461,2025-11,13.013445261195534
2025-01-25,Electronics,North,1441.99,257.15,0.15,6987,2025-01,17.832994680961725
2025-12-29,Office Supplies,South,3260.57,500.08,0.27,6645,2025-12,15.337195643706467
2025-07-13,Clothing,South,2516.86,459.22,0.09,8744,2025-07,18.24575065756538
2024-02-03,Clothing,South,3296.0,331.52,0.33,6421,2024-02,10.058252427184465
2024-04-10,Office Supplies,North,2416.59,283.71,0.17,6047,2024-04,11.740096582374337
2024-03-08,Office Supplies,North,2085.84,506.5,0.0,4718,2024-03,24.282782955547884
2024-05-23,Electronics,East,263.95,31.24,0.24,7921,2024-05,11.835574919492329
2024-06-26,Electronics,East,870.62,143.63,0.02,4962,2024-06,16.497438606969745
2024-12-20,Office Supplies,East,2944.32,200.33,0.25,3990,2024-12,6.8039479404412555
2024-11-10,Clothing,West,3759.08,188.68,0.33,3721,2024-11,5.019313236217372
2025-10-03,Home,East,4235.14,937.63,0.26,2989,2025-10,22.139291735338144
2025-01-09,Electronics,South,543.63,107.5,0.25,5910,2025-01,19.77447896547284
2024-04-02,Electronics,East,2716.24,23.86,0.31,4532,2024-04,0.8784201690572263
2025-07-01,Office Supplies,East,1023.47,116.23,0.33,7952,2025-07,11.356463794737511
2024-08-16,Electronics,East,3505.21,624.98,0.1,4116,2024-08,17.830030155111963
2024-02-05,Home,North,2647.54,208.84,0.19,1173,2024-02,7.888077233960583
2024-07-04,Office Supplies,West,640.37,105.95,0.28,4431,2024-07,16.545122351140748
2025-01-05,Clothing,North,2059.5,230.18,0.36,8277,2025-01,11.176499150279193
2025-06-07,Office Supplies,East,462.47,58.49,0.25,2129,2025-06,12.647306852336367
2025-04-06,Electronics,South,534.93,56.04,0.18,2010,2025-04,10.476137064662668
2025-11-21,Clothing,South,359.16,58.76,0.02,2966,2025-11,16.360396480677135
2025-05-12,Home,East,4731.86,326.35,0.27,7827,2025-05,6.896865080539155
2025-04-09,Home,North,2102.49,168.57,0.29,8535,2025-04,8.017636231325714
2024-04-05,Home,East,3110.21,759.6,0.03,2708,2024-04,24.42278817185978
2024-12-26,Office Supplies,South,4800.28,1134.03,0.03,2032,2024-12,23.62424691892973
2024-12-14,Home,East,3335.77,433.12,0.21,1770,2024-12,12.984108616601265
2025-04-18,Clothing,North,4788.75,1023.84,0.16,7293,2025-04,21.380109631949885
2025-09-20,Home,North,1924.4,424.92,0.12,3701,2025-09,22.08064851382249
2025-07-31,Office Supplies,South,1211.43,36.01,0.28,3991,2025-07,2.9725200795753777
2025-08-30,Electronics,North,2552.17,333.19,0.02,3357,2025-08,13.055164820525277
2024-06-16,Electronics,West,4898.23,757.4,0.03,5100,2024-06,15.46272837331036
2025-09-21,Clothing,East,1530.9,69.12,0.2,3598,2025-09,4.514991181657849
2024-05-24,Clothing,West,1830.19,360.16,0.4,5936,2024-05,19.678831159606382
2024-11-16,Home,West,3693.84,704.28,0.33,8639,2024-11,19.06633746994997
2025-07-08,Clothing,West,3406.03,876.43,0.03,7711,2025-07,25.731716984289626
2024-04-02,Office Supplies,East,3078.8,314.63,0.38,6984,2024-04,10.219241262829673
2024-12-27,Home,South,2830.23,456.71,0.37,3252,2024-12,16.136851068641064
2025-12-07,Furniture,North,2406.82,273.16,0.29,1534,2025-12,11.349415411206488
2025-09-26,Furniture,South,3616.25,574.67,0.23,4537,2025-09,15.891323885240233
2024-02-28,Office Supplies,East,1959.32,442.52,0.11,8252,2024-02,22.585386766837473
2024-03-11,Electronics,West,4213.12,416.94,0.21,6217,2024-03,9.896228922983443
2025-05-31,Clothing,East,534.64,12.79,0.35,5252,2025-05,2.3922639533143797
2024-04-17,Clothing,South,2645.54,214.62,0.22,7890,2024-04,8.112521451197109
2024-07-23,Office Supplies,West,4135.28,842.55,0.08,4058,2024-07,20.37467837728038
2024-04-30,Office Supplies,East,3187.39,583.61,0.16,8668,2024-04,18.309965206642424
2024-03-31,Office Supplies,North,864.65,175.01,0.16,2790,2024-03,20.240559764066386
2025-10-13,Furniture,East,496.39,27.75,0.31,8958,2025-10,5.5903624166482
2024-09-15,Electronics,East,4772.73,977.32,0.28,7723,2024-09,20.477169251141383
2024-01-15,Furniture,West,2472.0,290.99,0.19,3483,2024-01,11.771440129449838
2025-07-24,Electronics,North,1297.54,221.54,0.15,5035,2025-07,17.073847434375818
2024-09-22,Electronics,North,2705.58,659.93,0.0,6224,2024-09,24.39144286992068
2025-04-28,Electronics,South,3193.55,380.04,0.36,7842,2025-04,11.900236414022013
2024-08-28,Home,East,1198.29,245.02,0.03,2351,2024-08,20.447470979479093
2025-01-05,Furniture,North,4444.79,133.61,0.35,2668,2025-01,3.0059912841776555
2025-09-12,Furniture,West,2463.04,390.78,0.17,3840,2025-09,15.865759386774068
2025-03-24,Furniture,East,4659.32,398.69,0.25,3888,2025-03,8.55682803499223
2025-09-25,Clothing,South,3969.13,354.26,0.33,5861,2025-09,8.925381632750753
2025-06-11,Home,North,3849.19,176.42,0.19,3320,2025-06,4.583301941447421
2025-09-20,Office Supplies,North,3518.9,504.87,0.27,2112,2025-09,14.347381283923955
2025-03-21,Home,North,721.94,167.97,0.03,1714,2025-03,23.26647643848519
2025-01-25,Clothing,North,2808.26,453.02,0.01,6840,2025-01,16.13169720752352
2025-01-28,Home,West,2057.18,536.39,0.06,1011,2025-01,26.074043107555006
2025-01-11,Clothing,East,2737.0,290.98,0.33,6967,2025-01,10.631348191450494
2025-09-10,Home,West,4444.26,690.76,0.2,2803,2025-09,15.542745023918492
2024-11-28,Furniture,North,4686.7,459.24,0.36,6637,2024-11,9.798792327223847
2025-09-20,Office Supplies,North,265.12,22.12,0.09,4895,2025-09,8.343391671695837
2024-02-17,Clothing,West,4225.62,1109.49,0.01,5422,2024-02,26.256265352776637
2024-08-25,Electronics,North,494.62,101.93,0.22,2396,2024-08,20.60773927459464
2025-07-07,Electronics,East,4270.19,32.79,0.34,4197,2025-07,0.7678815228362205
2025-05-23,Clothing,South,896.72,32.95,0.39,8877,2025-05,3.6745026318137213
2025-06-15,Office Supplies,North,2767.49,364.33,0.31,5811,2025-06,13.164636547918873
2024-09-07,Home,North,4188.97,840.56,0.39,3910,2024-09,20.066030551663054
2025-09-13,Electronics,East,4597.33,265.11,0.19,1945,2025-09,5.766608009431562
2024-02-08,Electronics,North,4512.92,569.38,0.04,5357,2024-02,12.61666504170249
2025-06-23,Clothing,South,2665.39,188.39,0.08,2332,2025-06,7.068008809217413
2025-02-05,Furniture,South,2074.3,96.56,0.31,6010,2025-02,4.655064359060888
2025-08-11,Electronics,West,4357.47,877.66,0.16,4483,2025-08,20.14150412968993
2024-06-26,Home,South,4648.47,981.37,0.09,7502,2024-06,21.111677605749847
2024-12-25,Electronics,North,2636.5,98.0,0.18,7858,2024-12,3.7170491181490615
2024-01-13,Home,East,938.55,32.94,0.31,7624,2024-01,3.5096691705290075
2025-01-07,Furniture,East,210.08,14.07,0.07,2868,2025-01,6.6974485910129475
2024-04-18,Clothing,East,4835.71,1260.12,0.06,7354,2024-04,26.058634616219745
2025-09-06,Electronics,East,4254.27,1093.33,0.11,3687,2025-09,25.699591234218794
2025-07-22,Electronics,North,1070.16,242.28,0.01,8434,2025-07,22.639605292666516
2025-04-04,Office Supplies,East,2138.29,180.92,0.31,2417,2025-04,8.4609664732099
2024-04-10,Office Supplies,North,722.24,24.36,0.23,2155,2024-04,3.372840053167922
2024-04-28,Furniture,South,1564.08,244.47,0.27,7330,2024-04,15.630274666257481
2024-12-22,Furniture,North,4014.77,771.66,0.07,3569,2024-12,19.22052819962289
2024-06-06,Furniture,South,2790.31,247.42,0.2,1231,2024-06,8.867115123409226
2025-03-12,Office Supplies,East,1852.21,187.9,0.05,8031,2025-03,10.144638027005577
2024-04-07,Electronics,South,2900.85,434.87,0.1,7719,2024-04,14.99112329144906
2024-09-08,Office Supplies,East,249.29,30.94,0.09,2521,2024-09,12.411247944161419
2025-05-14,Furniture,West,1952.67,220.42,0.26,4171,2025-05,11.288133683622936
2024-04-03,Furniture,West,2260.6,459.39,0.3,5256,2024-04,20.3215960364505
2025-11-11,Furniture,North,445.34,24.8,0.11,4568,2025-11,5.568778910495353
2025-04-02,Clothing,North,3175.36,303.36,0.2,1318,2025-04,9.553562430716516
2024-07-03,Clothing,West,4407.51,548.62,0.13,2994,2024-07,12.44739093048002
2024-09-18,Home,North,1856.03,250.02,0.29,2834,2024-09,13.470687435009133
2024-03-31,Office Supplies,North,3997.23,314.43,0.39,1581,2024-03,7.8661973416591
2025-11-19,Clothing,North,4394.18,769.88,0.38,4230,2025-11,17.5204475010127
2024-11-08,Furniture,East,358.91,83.23,0.21,1492,2024-11,23.189657574322254
2025-04-14,Clothing,West,2012.22,169.74,0.23,6272,2025-04,8.435459343411754
2024-09-09,Home,South,1647.21,140.46,0.27,6473,2024-09,8.527145901251206
2024-06-17,Clothing,North,3025.2,248.2,0.15,6691,2024-06,8.204416236943011
2025-04-03,Office Supplies,East,3359.87,100.91,0.37,4822,2025-04,3.003390012113564
2024-05-16,Office Supplies,South,3680.62,429.96,0.23,6664,2024-05,11.681727535034858
2025-07-05,Furniture,North,3344.03,352.9,0.36,5333,2025-07,10.553134989817673
2025-03-25,Clothing,West,4920.48,986.83,0.08,1893,2025-03,20.055563684843758
2025-12-04,Office Supplies,East,2968.55,581.12,0.08,4296,2025-12,19.57588721766519
2024-06-01,Office Supplies,West,770.18,40.72,0.4,3021,2024-06,5.287075748526319
2024-07-03,Clothing,North,3002.69,599.09,0.1,2171,2024-07,19.951776573672277
2025-07-02,Furniture,South,4307.81,789.01,0.22,6740,2025-07,18.315803157520875
2024-02-06,Furniture,South,4945.44,819.34,0.05,2413,2024-02,16.56758549289851
2025-03-24,Office Supplies,East,4004.65,723.34,0.03,4740,2025-03,18.062502341028555
2024-09-27,Office Supplies,East,4935.2,933.9,0.02,2556,2024-09,18.923245258550818
2025-12-13,Office Supplies,West,1724.13,71.97,0.34,3932,2025-12,4.174279201684328
2025-04-07,Electronics,West,2574.92,235.43,0.39,1373,2025-04,9.143196681838658
2024-02-11,Clothing,South,4461.76,1040.61,0.06,5565,2024-02,23.32285914078749
2024-10-09,Furniture,West,1449.23,265.92,0.18,6963,2024-10,18.349054325400385
2024-09-17,Home,South,4539.68,396.67,0.21,6211,2024-09,8.73784055263807
2024-12-19,Furniture,East,1601.82,219.99,0.11,5307,2024-12,13.733752856126157
2025-06-18,Electronics,East,4153.93,959.43,0.04,7094,2025-06,23.096922673227517
2025-02-23,Clothing,South,4663.96,655.99,0.36,3168,2025-02,14.065086321495038
2024-08-28,Clothing,North,1088.66,152.46,0.03,2256,2024-08,14.004372347656751
2025-05-09,Electronics,North,4854.76,656.94,0.37,3798,2025-05,13.531873872240851
2025-04-03,Furniture,South,2638.04,324.54,0.14,6341,2025-04,12.302315355339571
2024-02-01,Clothing,West,472.84,46.74,0.11,7196,2024-02,9.884950511801033
2024-07-07,Home,South,529.17,35.99,0.02,2765,2024-07,6.801217000207874
2024-03-13,Office Supplies,West,1750.07,94.42,0.32,5118,2024-03,5.395212762918055
2024-04-30,Electronics,East,4457.34,429.96,0.06,8131,2024-04,9.646111806593169
2025-04-05,Office Supplies,West,3253.2,408.74,0.21,1458,2025-04,12.564244436247387
2025-03-07,Furniture,South,2344.59,352.86,0.18,6401,2025-03,15.049966092152573
2025-08-07,Electronics,North,4238.75,437.22,0.06,2449,2025-08,10.314833382483043
2024-10-15,Clothing,North,4346.72,805.39,0.07,3506,2024-10,18.52868369713255
2025-09-16,Office Supplies,South,2992.88,550.99,0.25,4129,2025-09,18.410026462805057
2025-09-20,Electronics,South,2952.49,475.65,0.02,5053,2025-09,16.110130770976365
2024-10-19,Furniture,East,4742.01,572.82,0.34,2804,2024-10,12.079687727356122
2025-09-28,Home,East,3198.24,184.19,0.11,8372,2025-09,5.759105007754265
2024-07-11,Clothing,South,4167.24,782.16,0.24,1976,2024-07,18.769257350188614
2025-06-01,Office Supplies,South,2487.51,416.12,0.26,1307,2025-06,16.728374961306685
2024-07-08,Office Supplies,West,903.67,180.54,0.3,3859,2024-07,19.978531986233914
2024-05-30,Clothing,East,3471.96,624.9,0.24,8722,2024-05,17.998479245152595
2024-01-14,Electronics,South,328.28,48.03,0.06,7578,2024-01,14.630802973071768
2025-04-25,Furniture,North,2368.17,225.04,0.3,7668,2025-04,9.502696174683404
2024-10-02,Electronics,North,2437.52,608.87,0.04,8992,2024-10,24.979077094752043
2024-09-10,Home,West,4721.34,642.33,0.06,8958,2024-09,13.604824054188006
2025-12-17,Furniture,East,3620.52,705.15,0.16,7346,2025-12,19.47648404096649
2025-08-07,Clothing,West,3306.9,525.02,0.26,8807,2025-08,15.876500650155734
2025-06-14,Office Supplies,West,4168.21,169.18,0.34,3287,2025-06,4.058816614326053
2025-08-12,Office Supplies,South,390.8,6.33,0.34,3063,2025-08,1.6197543500511768
2025-12-10,Office Supplies,East,2713.06,524.31,0.34,4721,2025-12,19.32541115935512
2025-05-18,Office Supplies,South,430.41,14.7,0.29,8611,2025-05,3.415348156409005
2024-08-03,Electronics,West,3992.37,883.08,0.08,2296,2024-08,22.119192359425607
2025-01-27,Furniture,North,1735.25,244.45,0.31,1476,2025-01,14.087307304422994
2025-12-05,Furniture,North,1078.23,86.97,0.25,1883,2025-12,8.065997050722016
2024-03-12,Furniture,South,4413.86,368.33,0.39,7064,2024-03,8.344850085865886
2025-01-28,Furniture,South,2963.23,325.69,0.28,7866,2025-01,10.991046931895262
2024-01-06,Home,East,2205.28,154.24,0.05,7804,2024-01,6.994123195240514
2025-11-18,Furniture,East,2497.22,369.38,0.09,3081,2025-11,14.791648312923972
2025-12-09,Home,East,3721.37,331.99,0.26,3086,2025-12,8.921176878407683
2025-05-21,Electronics,South,3453.09,313.54,0.34,5208,2025-05,9.079983435126222
2024-02-13,Office Supplies,North,394.17,98.19,0.06,1917,2024-02,24.910571580790013
2025-11-06,Furniture,West,3787.63,301.58,0.07,8632,2025-11,7.962234959592146
2025-12-03,Clothing,East,1985.65,14.86,0.34,8901,2025-12,0.7483695515322438
2025-11-06,Office Supplies,North,3358.43,723.04,0.31,5158,2025-11,21.529107350756156
2025-01-28,Office Supplies,East,672.97,41.88,0.23,3666,2025-01,6.223160021992065
2024-03-06,Home,East,4375.61,303.34,0.02,5178,2024-03,6.932519123047987
2025-03-28,Furniture,North,4608.67,888.28,0.15,4470,2025-03,19.274107280408447
2025-02-28,Clothing,North,3494.07,570.37,0.15,6660,2025-02,16.323943137945147
2024-05-06,Furniture,North,2588.92,106.58,0.27,6057,2024-05,4.116774562365774
2025-04-29,Clothing,East,2833.23,581.38,0.12,2691,2025-04,20.52004249566749
2024-05-06,Clothing,West,1421.7,256.67,0.36,6494,2024-05,18.053738482098897
2025-04-18,Electronics,South,3294.64,427.66,0.02,6609,2025-04,12.9804773814438
2025-06-29,Home,East,1673.25,118.61,0.26,7899,2025-06,7.088600029881967
2024-02-20,Clothing,North,2744.36,578.62,0.34,2680,2024-02,21.083968575551314
2024-07-07,Clothing,South,4759.76,796.53,0.21,6276,2024-07,16.734667294149283
2024-11-03,Office Supplies,South,4612.5,764.18,0.06,5365,2024-11,16.567588075880757
2024-04-28,Home,East,2750.73,529.4,0.07,6300,2024-04,19.24580020576356
2024-10-28,Office Supplies,North,4832.74,201.99,0.3,3950,2024-10,4.179616532236372
2025-07-23,Electronics,North,4882.11,378.52,0.35,1768,2025-07,7.753205069119705
2025-04-09,Office Supplies,West,1468.61,259.73,0.25,7461,2025-04,17.685430441029276
2025-09-11,Furniture,South,430.9,5.47,0.32,3085,2025-09,1.2694360640519842
2025-04-12,Clothing,East,4987.41,632.53,0.03,7773,2025-04,12.682534622178645
2024-10-24,Furniture,West,907.13,181.49,0.11,1541,2024-10,20.007055218105453
2024-10-16,Clothing,North,4410.05,584.23,0.25,5744,2024-10,13.247695604358228
2024-02-28,Clothing,North,4263.93,428.15,0.23,4064,2024-02,10.041206117361213
2025-08-29,Clothing,West,3397.98,631.32,0.35,7783,2025-08,18.579273568414177
2025-04-12,Clothing,South,2167.8,512.41,0.08,8228,2025-04,23.63732816680505
2024-07-11,Clothing,North,2726.05,580.16,0.07,1040,2024-07,21.28207479686726
2024-07-19,Furniture,West,1314.38,95.84,0.11,4020,2024-07,7.291650816354478
2024-05-04,Clothing,North,4944.07,586.73,0.19,3177,2024-05,11.867348156478368
2024-06-11,Office Supplies,West,4379.18,584.99,0.14,4580,2024-06,13.358436967651476
2025-08-17,Home,West,772.61,115.41,0.34,1745,2025-08,14.937678777132056
2025-03-06,Home,East,3352.99,665.24,0.15,5393,2025-03,19.8402023268784
2024-01-25,Clothing,North,1453.01,146.38,0.21,4118,2024-01,10.074259640332826
2025-12-17,Clothing,North,2857.75,133.87,0.26,8099,2025-12,4.6844545534074005
2024-07-22,Furniture,North,932.88,201.91,0.08,4630,2024-07,21.6437269530915
2025-04-16,Furniture,East,2628.89,504.46,0.1,4603,2025-04,19.189087409515043
2025-12-01,Clothing,East,877.76,169.45,0.1,7680,2025-12,19.30482136347065
2024-02-16,Clothing,South,3667.29,603.18,0.31,1306,2024-02,16.447567549880155
2025-11-29,Home,East,3704.92,216.55,0.35,6853,2025-11,5.844930524815651
2024-12-14,Electronics,North,2758.17,32.86,0.34,6175,2024-12,1.1913696400149374
2024-10-29,Furniture,West,2532.32,326.44,0.2,5698,2024-10,12.890945852025022
2025-09-18,Office Supplies,North,4349.81,455.57,0.13,4182,2025-09,10.473331019056003
2025-09-04,Home,East,577.79,50.87,0.11,5441,2025-09,8.8042368334516
2025-01-12,Furniture,North,4079.43,247.26,0.15,5539,2025-01,6.061140894683816
2025-04-03,Electronics,South,1365.24,142.54,0.32,6346,2025-04,10.440655122908792
2024-03-20,Clothing,West,1309.18,240.44,0.31,8337,2024-03,18.36569455689821
2024-03-14,Home,North,2257.54,459.76,0.13,1653,2024-03,20.3655306218273
2024-05-23,Electronics,West,3035.41,166.91,0.16,1607,2024-05,5.498762934825939
2025-05-16,Furniture,North,1089.26,90.13,0.36,7691,2025-05,8.274424838881442
2024-12-18,Electronics,West,4425.11,931.81,0.21,3046,2024-12,21.057329648302527
2025-10-07,Furniture,West,863.13,118.14,0.28,5664,2025-10,13.687393556011262
2024-10-03,Electronics,West,344.51,61.79,0.24,8053,2024-10,17.935618704827146
2025-04-17,Home,North,899.8,197.57,0.14,6825,2025-04,21.957101578128473
2025-11-14,Home,North,897.23,183.93,0.33,3585,2025-11,20.499760373594285
2024-09-20,Electronics,West,4655.34,500.3,0.21,2301,2024-09,10.74679830044637
2024-11-03,Office Supplies,East,4004.5,216.23,0.38,3304,2024-11,5.399675365214134
2025-05-17,Furniture,South,3304.63,433.38,0.15,3174,2025-05,13.11432747387756
2024-09-01,Clothing,South,1414.69,91.1,0.35,6548,2024-09,6.439573334087326
2024-07-29,Electronics,West,1337.52,182.59,0.05,5066,2024-07,13.651384652192117
2024-05-30,Office Supplies,West,4244.77,46.99,0.4,3809,2024-05,1.1070093314832135
2025-07-06,Home,West,4659.37,887.31,0.2,8655,2025-07,19.043561683231854
2024-10-06,Electronics,South,3614.49,374.7,0.25,1876,2024-10,10.36660773719114
2025-02-04,Office Supplies,East,3557.92,166.89,0.17,8203,2025-02,4.690661959796735
2025-08-08,Electronics,East,4528.04,242.33,0.22,2869,2025-08,5.35176367699932
2025-11-24,Home,North,1433.59,140.55,0.01,2839,2025-11,9.804058343040898
2024-02-22,Home,West,3363.31,412.55,0.04,1088,2024-02,12.266190151963393
2025-01-14,Office Supplies,West,4307.21,70.13,0.28,3386,2025-01,1.6282001574104814
2025-07-11,Electronics,North,2907.94,458.79,0.11,3652,2025-07,15.777148084210815
2024-03-01,Furniture,South,895.64,71.78,0.15,1486,2024-03,8.014380777991157
2025-04-20,Office Supplies,East,1282.97,237.7,0.37,3355,2025-04,18.52732332010881
2025-01-05,Office Supplies,North,2456.31,249.73,0.31,7671,2025-01,10.166876330756297
2024-10-16,Electronics,South,4125.56,903.81,0.09,2480,2024-10,21.90757133577017
2024-05-15,Office Supplies,South,4154.11,544.98,0.16,7973,2024-05,13.119055585913712
2025-03-07,Home,East,1883.41,191.73,0.24,3589,2025-03,10.179939577680909
2025-10-10,Clothing,West,3711.61,209.95,0.31,3375,2025-10,5.656574909540603
2025-05-09,Furniture,North,2235.12,256.16,0.16,8358,2025-05,11.460682200508252
2024-04-11,Furniture,East,433.06,104.32,0.07,3748,2024-04,24.08904077956865
2024-12-18,Furniture,South,2819.0,-23.68,0.4,7179,2024-12,-0.8400141894288754
2024-07-01,Clothing,West,1786.6,309.21,0.09,8001,2024-07,17.30717564088212
2025-08-01,Electronics,North,4045.52,116.91,0.39,5676,2025-08,2.8898633550198736
2025-08-08,Home,East,4938.76,773.36,0.3,4149,2025-08,15.658991325757881
2025-06-09,Electronics,North,4100.23,870.99,0.1,8807,2025-06,21.242466886003957
2025-05-13,Home,South,4813.24,176.39,0.21,7242,2025-05,3.664683248705653
2025-04-17,Office Supplies,North,4503.23,830.26,0.12,7258,2025-04,18.436988561543604
2025-06-05,Office Supplies,North,3345.01,344.12,0.1,5508,2025-06,10.287562667974086
2025-08-30,Office Supplies,East,3748.59,641.77,0.04,6589,2025-08,17.12030390093342
2025-09-03,Electronics,West,1527.99,294.56,0.14,4747,2025-09,19.277613073383986
2024-01-27,Clothing,West,4033.4,365.84,0.21,7953,2024-01,9.070263301433034
2025-01-10,Electronics,West,1745.55,401.95,0.01,5584,2025-01,23.02712612070694
2024-01-28,Electronics,South,4946.89,442.07,0.2,5725,2024-01,8.936321608121466
2025-10-06,Furniture,East,4186.29,614.8,0.02,8114,2025-10,14.686034651206676
2024-10-21,Electronics,West,362.92,54.1,0.37,5259,2024-10,14.906866527058305
2024-10-17,Electronics,South,2223.26,525.67,0.11,5179,2024-10,23.64410820146991
2025-12-30,Furniture,West,2946.7,641.26,0.11,3408,2025-12,21.761971018427396
2024-02-23,Furniture,North,3463.79,30.83,0.34,3834,2024-02,0.8900655062806925
2025-12-17,Clothing,South,2628.98,175.12,0.25,3612,2025-12,6.661138540422522
2024-12-26,Clothing,West,1922.36,377.63,0.02,2063,2024-12,19.644083314259557
2024-02-22,Furniture,South,2697.62,500.3,0.3,6624,2024-02,18.545977565409512
2024-08-19,Electronics,West,3312.44,195.5,0.06,4526,2024-08,5.901993696489597
2025-05-31,Clothing,West,3674.01,763.76,0.01,5004,2025-05,20.788185116534795
2024-01-11,Electronics,South,4520.15,252.73,0.24,8699,2024-01,5.591186133203544
2024-06-18,Clothing,North,1338.11,97.64,0.2,3088,2024-06,7.296859002623103
2025-08-16,Clothing,North,3516.62,469.54,0.27,7788,2025-08,13.352025524509331
2025-03-01,Office Supplies,South,2508.5,126.89,0.3,2396,2025-03,5.05840143512059
2024-11-20,Clothing,West,1787.59,244.22,0.32,6536,2024-11,13.661969467271579
2024-12-14,Home,West,893.07,41.49,0.13,6571,2024-12,4.645772447848433
2024-04-21,Electronics,East,4048.46,886.55,0.24,4813,2024-04,21.89845027491935
2024-12-24,Clothing,South,2903.15,415.6,0.06,1660,2024-12,14.315484904328057
2024-04-28,Office Supplies,North,4551.78,177.74,0.21,5933,2024-04,3.9048460162837397
2025-03-02,Clothing,South,323.46,18.35,0.32,2882,2025-03,5.673035305756509
2025-12-24,Furniture,North,2944.66,79.86,0.25,4403,2025-12,2.7120278741858144
2025-12-09,Office Supplies,West,4326.1,539.65,0.02,8777,2025-12,12.474283997133675
2025-10-09,Electronics,East,1813.1,147.87,0.38,5072,2025-10,8.155645027852849
2024-02-29,Electronics,East,4707.82,1042.27,0.22,5619,2024-02,22.139121716633177
2024-09-22,Office Supplies,South,3395.69,461.42,0.28,8749,2024-09,13.58840176812371
2025-12-21,Clothing,South,3112.65,533.41,0.11,2640,2025-12,17.136844810691855
2024-06-20,Electronics,West,576.9,128.94,0.01,2401,2024-06,22.35049401976079
2024-06-28,Electronics,West,1347.76,264.32,0.12,5297,2024-06,19.611800320531845
2024-11-15,Clothing,South,3956.92,489.64,0.14,2875,2024-11,12.374270897566793
2025-11-09,Home,North,2849.86,317.82,0.25,1059,2025-11,11.152126771139633
2025-10-20,Office Supplies,West,3422.05,922.44,0.01,1733,2025-10,26.955772124895894
2025-06-22,Clothing,South,1306.63,92.75,0.07,4065,2025-06,7.098413475888353
2024-11-29,Furniture,South,2931.31,122.03,0.32,5804,2024-11,4.162985149984137
2025-04-11,Home,North,3251.67,467.58,0.34,4532,2025-04,14.379687975717093
2024-05-10,Clothing,East,284.06,63.1,0.16,7188,2024-05,22.21361684151236
2025-03-05,Electronics,West,2044.42,9.65,0.37,4261,2025-03,0.4720165132409192
2025-03-06,Office Supplies,North,3062.86,608.98,0.08,4509,2025-03,19.88272398999628
2024-11-27,Office Supplies,East,1430.55,188.93,0.06,3147,2024-11,13.206808570130372
2025-04-18,Home,South,993.07,185.34,0.19,6105,2025-04,18.663336924889485
2024-11-21,Home,South,1341.95,304.01,0.07,3286,2024-11,22.65434628711949
2024-10-26,Furniture,East,2882.61,648.48,0.18,6990,2024-10,22.496279413448228
2025-12-28,Home,West,2221.0,543.42,0.08,5334,2025-12,24.467357046375504
2024-01-05,Electronics,South,469.33,109.29,0.02,5666,2024-01,23.286386977180236
2025-01-05,Office Supplies,North,937.8,51.17,0.12,6649,2025-01,5.456387289400726
2024-09-13,Clothing,North,4863.23,501.65,0.32,5509,2024-09,10.315160911575228
2024-04-28,Electronics,West,1423.43,191.99,0.17,1727,2024-04,13.487842746043007
2025-12-18,Electronics,West,4287.34,85.67,0.29,4562,2025-12,1.9982086795075733
2025-11-26,Furniture,West,390.07,85.64,0.24,2763,2025-11,21.955033711897865
2025-04-27,Furniture,East,3196.83,733.58,0.02,3924,2025-04,22.947106977849934
2024-10-02,Furniture,East,2749.05,555.46,0.12,1504,2024-10,20.205525545188337
2025-11-22,Home,South,4342.98,617.84,0.17,8646,2025-11,14.226176496322804
2024-01-22,Clothing,West,4603.61,220.89,0.29,7570,2024-01,4.798190984900979
2024-12-23,Office Supplies,South,4695.22,750.01,0.22,4803,2024-12,15.97390537610591
2025-02-08,Office Supplies,North,2545.56,249.9,0.33,2695,2025-02,9.817093291849337
2025-07-29,Electronics,North,2008.7,467.28,0.21,7128,2025-07,23.26280679046149
2024-07-11,Clothing,West,4899.7,387.68,0.04,6667,2024-07,7.912321162520154
2024-12-25,Office Supplies,East,4903.31,895.23,0.05,5465,2024-12,18.25766675980103
2024-11-07,Home,South,4575.22,1091.56,0.15,6395,2024-11,23.85808769851504
2025-04-13,Electronics,East,635.84,37.16,0.25,4593,2025-04,5.844237544036234
2024-07-12,Office Supplies,East,4764.09,413.18,0.24,2387,2024-07,8.672800052056111
2024-03-13,Home,South,447.32,53.44,0.09,4159,2024-03,11.94670481981579
2025-07-08,Furniture,North,1026.46,216.9,0.14,1082,2025-07,21.130876994719717
2025-11-10,Electronics,East,3628.1,374.53,0.01,5301,2025-11,10.323034094980843
2024-02-15,Furniture,East,615.29,26.31,0.36,3252,2024-02,4.276032439987648
2024-11-05,Furniture,South,2108.38,151.06,0.06,1691,2024-11,7.164742598582798
2025-12-18,Electronics,East,4663.73,208.93,0.34,8799,2025-12,4.479890559702214
2025-01-19,Electronics,North,2302.48,190.77,0.07,3928,2025-01,8.285413988395122
2024-03-10,Clothing,West,3669.55,563.1,0.05,7984,2024-03,15.34520581542696
2024-06-09,Office Supplies,East,4603.09,499.99,0.33,4284,2024-06,10.862051361150879
2025-07-02,Office Supplies,West,2060.05,148.33,0.26,2884,2025-07,7.200310672071067
2025-02-24,Furniture,West,1396.8,112.5,0.09,5806,2025-02,8.054123711340207
2025-07-04,Office Supplies,North,1901.55,140.65,0.38,3617,2025-07,7.396597512555547
2024-07-05,Clothing,East,599.22,31.17,0.11,3851,2024-07,5.201762290978272
2024-09-16,Home,South,1955.53,184.03,0.31,7076,2024-09,9.410747981365667
2024-02-21,Electronics,West,4937.15,1280.88,0.04,8190,2024-02,25.943712465693775
2025-11-04,Clothing,North,1804.56,99.04,0.39,3592,2025-11,5.488318482067651
2025-09-10,Furniture,East,1593.78,34.34,0.26,7543,2025-09,2.1546261089987326
2025-07-02,Home,West,4941.05,953.51,0.06,3650,2025-07,19.297720120217363
2024-11-22,Electronics,West,1317.55,22.63,0.38,7962,2024-11,1.717581875450647
2025-03-23,Furniture,North,3193.38,207.14,0.35,7787,2025-03,6.486544037978567
2025-04-03,Clothing,South,1242.53,113.65,0.39,6914,2025-04,9.14666044280621
2025-06-16,Electronics,East,1317.23,143.56,0.13,6648,2025-06,10.898628181866494
2024-12-21,Furniture,North,2147.25,167.88,0.28,6673,2024-12,7.818372336709745
2024-07-15,Clothing,East,3950.05,668.62,0.29,7192,2024-07,16.92687434336274
2024-11-17,Clothing,West,2054.21,239.17,0.19,3311,2024-11,11.642918688936378
2024-11-08,Clothing,East,1755.75,247.74,0.34,1175,2024-11,14.11020931225972
2025-03-13,Electronics,North,2337.41,530.32,0.21,7864,2025-03,22.688360193547563
2024-07-18,Clothing,North,4725.0,265.9,0.29,7242,2024-07,5.627513227513227
2025-05-20,Office Supplies,North,4588.5,674.99,0.14,6869,2025-05,14.710471831753297
2025-06-07,Clothing,West,3888.31,441.69,0.07,3394,2025-06,11.359433790001312
2025-08-19,Clothing,North,4003.41,747.07,0.0,7886,2025-08,18.660841632508287
2025-07-23,Electronics,South,1329.74,268.3,0.07,3082,2025-07,20.17687668265977
2025-04-22,Home,North,967.75,124.14,0.15,2151,2025-04,12.827693102557477
2024-12-09,Clothing,East,4733.41,495.09,0.26,2976,2024-12,10.459478473235997
2025-01-23,Home,North,874.21,52.41,0.29,4716,2025-01,5.995127028974731
2025-06-28,Home,East,1259.21,284.62,0.02,7738,2025-06,22.60306064913716
2024-04-06,Clothing,South,3909.31,573.66,0.21,6055,2024-04,14.674200818047172
2024-10-06,Electronics,East,1698.76,301.02,0.21,7256,2024-10,17.71998398832089
2024-10-12,Home,North,1009.03,169.69,0.36,7011,2024-10,16.817141214830084
2024-05-27,Home,South,512.03,129.83,0.04,1109,2024-05,25.355936175614712
2025-05-23,Furniture,North,590.88,43.57,0.33,4241,2025-05,7.373747630652586
2024-04-11,Clothing,East,4808.43,680.69,0.23,7406,2024-04,14.156179875759864
2024-03-29,Furniture,North,1975.87,198.02,0.39,2412,2024-03,10.021914397202245
2025-12-26,Office Supplies,West,1486.58,300.08,0.31,5207,2025-12,20.1859301214869
2025-01-07,Home,North,4020.52,411.43,0.22,7955,2025-01,10.233253410006666
2024-02-23,Office Supplies,West,484.81,104.74,0.2,7308,2024-02,21.604339844475152
2025-10-01,Home,South,4944.59,286.5,0.28,8771,2025-10,5.794211451303344
2024-09-24,Electronics,North,1681.37,132.38,0.38,1061,2024-09,7.873341382325128
2025-08-22,Home,North,3165.15,238.87,0.34,4304,2025-08,7.546877715116188
2025-05-16,Electronics,South,4637.4,575.35,0.1,5409,2025-05,12.40673653340234
2025-09-16,Clothing,South,3140.64,272.9,0.03,7803,2025-09,8.689311732640482
2025-12-16,Clothing,West,4359.4,259.99,0.22,5722,2025-12,5.963894113868882
2024-06-20,Clothing,South,872.23,153.79,0.2,3597,2024-06,17.631817295896724
2025-07-24,Furniture,East,1891.93,258.86,0.2,3346,2025-07,13.682324398894252
2024-06-22,Electronics,South,4155.84,595.38,0.32,4402,2024-06,14.326345576345576
2024-02-22,Clothing,East,3216.47,255.8,0.22,2205,2024-02,7.9528178406762695
2024-09-29,Clothing,South,1566.24,290.97,0.18,7867,2024-09,18.57761262641741
2024-08-02,Electronics,South,1864.7,439.04,0.16,8480,2024-08,23.544806135035127
2025-03-31,Home,East,3132.86,283.86,0.2,3095,2025-03,9.060730450770222
2024-08-03,Clothing,East,4566.5,503.15,0.29,8676,2024-08,11.01828533888098
2024-09-13,Electronics,South,3555.85,675.07,0.04,1854,2024-09,18.98477157360406
2024-08-02,Office Supplies,North,1536.55,103.1,0.02,8805,2024-08,6.7098369724382545
2024-04-22,Electronics,West,451.64,62.04,0.36,7675,2024-04,13.736604375166062
2025-08-08,Electronics,East,1194.18,77.7,0.2,1123,2025-08,6.50655680048234
2025-08-26,Home,North,1546.79,132.13,0.37,6084,2025-08,8.542206763684792
2024-05-12,Furniture,East,991.88,186.54,0.07,1093,2024-05,18.806710489172076
2024-02-08,Furniture,West,1658.23,300.57,0.31,1373,2024-02,18.125953577006808
2024-09-24,Office Supplies,North,505.57,71.45,0.15,7625,2024-09,14.132563245445734
2024-12-10,Office Supplies,East,2093.15,140.77,0.16,6337,2024-12,6.725270525284858
2024-02-08,Home,North,1176.61,206.34,0.15,6904,2024-02,17.53682188660644
2025-11-18,Home,North,4801.42,750.22,0.26,7937,2025-11,15.624960949052571
2025-12-02,Electronics,West,4555.9,807.06,0.08,2721,2025-12,17.714611822032968
2024-11-04,Office Supplies,South,4136.05,739.03,0.3,5332,2024-11,17.86801416810725
2025-08-16,Home,North,1034.69,105.77,0.36,4834,2025-08,10.22238544878176
2025-11-19,Furniture,East,2747.22,342.22,0.1,2379,2025-11,12.456956486921326
2025-04-02,Clothing,South,953.59,162.59,0.22,6193,2025-04,17.050304638261725
2024-09-04,Home,East,2672.96,596.42,0.17,3880,2024-09,22.313091104992218
2025-05-06,Electronics,East,3504.81,537.4,0.24,6395,2025-05,15.333213498021289
2024-01-25,Office Supplies,North,4306.4,576.65,0.34,6748,2024-01,13.390535017648153
2024-07-12,Electronics,South,904.7,76.71,0.25,8934,2024-07,8.479053829998893
2025-10-29,Clothing,North,451.02,28.87,0.27,1377,2025-10,6.401046516784178
2024-05-08,Clothing,North,3755.73,627.57,0.35,6978,2024-05,16.709667627864626
2025-07-17,Home,East,1181.43,16.62,0.35,7240,2025-07,1.4067697620680024
2024-01-21,Clothing,North,1557.08,110.38,0.16,3406,2024-01,7.088910011046318
2025-10-25,Clothing,North,2484.31,88.07,0.29,6156,2025-10,3.5450487258031407
2025-08-18,Office Supplies,North,1626.08,254.81,0.0,7115,2025-08,15.670200728131459
2024-01-25,Clothing,South,1704.35,416.18,0.16,3660,2024-01,24.41869334350339
2024-09-08,Clothing,North,586.41,94.44,0.32,7052,2024-09,16.10477311096332
2025-11-02,Clothing,East,1045.39,198.41,0.33,5703,2025-11,18.979519605123443
2024-01-12,Home,East,3376.95,77.58,0.39,1455,2024-01,2.2973393150624086
2025-07-04,Office Supplies,West,3337.49,689.5,0.17,6757,2025-07,20.659237930300918
2024-10-28,Electronics,South,404.41,99.16,0.14,6483,2024-10,24.519670631290026
2025-11-17,Furniture,East,4272.86,666.68,0.0,5611,2025-11,15.602664257663484
2025-06-01,Electronics,North,1511.25,408.36,0.04,2504,2025-06,27.02133995037221
2024-03-14,Clothing,West,211.61,23.95,0.38,4342,2024-03,11.317990643164311
2025-05-27,Home,South,4620.25,1165.4,0.03,5461,2025-05,25.22374330393377
2025-06-12,Clothing,South,1956.56,458.36,0.11,3256,2025-06,23.42683076419839
2024-07-30,Furniture,West,2516.01,134.48,0.24,5265,2024-07,5.3449708069522766
2024-09-20,Clothing,South,4098.74,625.1,0.2,6896,2024-09,15.251028364814553
2024-05-08,Electronics,West,620.51,93.32,0.18,5098,2024-05,15.039241913909526
2024-12-30,Clothing,South,3480.17,701.24,0.16,2204,2024-12,20.149590393572726
2024-08-29,Home,West,1511.23,229.08,0.32,6429,2024-08,15.158513264029963
2024-09-18,Office Supplies,East,2846.8,557.65,0.19,3112,2024-09,19.58866095264859
2025-03-09,Clothing,North,3923.16,206.97,0.31,3063,2025-03,5.275594163888294
2025-03-18,Office Supplies,South,3375.09,661.94,0.05,8241,2025-03,19.612514036662727
2024-12-10,Clothing,South,1456.72,314.74,0.29,3302,2024-12,21.606073919490363
2024-12-08,Home,East,1290.72,190.29,0.32,2164,2024-12,14.742934176273707
2024-08-28,Electronics,South,1508.74,219.9,0.32,8578,2024-08,14.575075891140951
2025-01-05,Office Supplies,East,4536.71,800.74,0.13,5916,2025-01,17.65023552309934
2025-07-18,Home,East,2963.95,483.11,0.11,6424,2025-07,16.299532718163263
2024-07-10,Electronics,North,2378.58,217.46,0.14,4737,2024-07,9.14242951677051
2024-06-02,Home,West,731.46,63.05,0.28,6674,2024-06,8.619746807754353
2024-06-27,Clothing,East,3390.46,656.58,0.4,3743,2024-06,19.365513824082868
2024-07-22,Electronics,South,4328.32,879.3,0.07,6348,2024-07,20.31504140174479
2025-08-21,Clothing,South,2769.45,101.95,0.25,6340,2025-08,3.681236346567008
2025-05-27,Furniture,North,2472.99,667.48,0.0,1852,2025-05,26.990808697164166
2025-01-16,Furniture,North,1089.94,150.57,0.22,6252,2025-01,13.814521900288087
2025-05-27,Clothing,North,3483.28,203.3,0.33,8679,2025-05,5.836452998323419
2024-08-27,Clothing,North,2292.09,376.29,0.14,4604,2024-08,16.416894624556626
2025-05-27,Home,South,4449.28,443.3,0.17,3302,2025-05,9.963409810126583
2025-06-20,Furniture,North,1528.7,179.93,0.23,2860,2025-06,11.77013148426768
2024-03-04,Furniture,East,1907.76,153.83,0.0,2407,2024-03,8.063383234788443
2024-01-31,Clothing,North,1720.66,114.57,0.16,2602,2024-01,6.6584915090721
2024-05-16,Electronics,North,583.75,70.4,0.0,1871,2024-05,12.059957173447538
2025-10-11,Furniture,East,4154.54,237.89,0.24,8731,2025-10,5.726025023227602
2025-06-19,Clothing,North,681.78,57.82,0.28,5220,2025-06,8.480741588195606
2025-05-24,Furniture,South,4897.6,1192.42,0.08,5678,2025-05,24.34702711532179
2025-07-15,Furniture,South,3743.54,502.32,0.01,3625,2025-07,13.41831528446337
2024-03-11,Furniture,West,2596.56,625.48,0.17,6305,2024-03,24.088794404904952
2025-11-16,Office Supplies,East,1486.07,114.55,0.25,7988,2025-11,7.7082506207648365
2024-11-28,Office Supplies,East,3777.28,91.21,0.35,7431,2024-11,2.4147005252456792
2024-05-09,Home,North,182.55,14.13,0.24,7562,2024-05,7.740345110928512
2024-07-01,Home,North,3814.0,640.24,0.15,4247,2024-07,16.78657577346618
2025-09-04,Office Supplies,South,1426.03,273.81,0.25,8159,2025-09,19.20085832696367
2024-10-03,Clothing,West,3824.15,763.42,0.26,6428,2024-10,19.96312906136004
2025-09-04,Home,South,3568.24,434.06,0.34,8851,2025-09,12.164540501759973
2024-06-28,Home,West,3318.67,280.43,0.28,4291,2024-06,8.450071866139146
2025-07-13,Home,East,1942.16,216.42,0.28,7070,2025-07,11.1432631709025
2025-09-07,Office Supplies,East,3499.53,480.05,0.34,7199,2025-09,13.717556357568018
2024-04-12,Electronics,West,4937.96,1123.06,0.02,7271,2024-04,22.743400108546847
2025-05-22,Clothing,West,4323.74,584.86,0.27,4416,2025-05,13.526715297404563
2024-03-29,Clothing,South,2355.52,400.11,0.09,1444,2024-03,16.986058280124983
2024-10-06,Clothing,North,1785.6,336.27,0.1,8250,2024-10,18.832325268817204
2025-05-17,Office Supplies,South,4036.1,301.75,0.22,7837,2025-05,7.476276603652041
2024-03-24,Clothing,North,752.43,36.98,0.26,3719,2024-03,4.9147428996717295
2024-08-27,Clothing,West,2334.77,258.17,0.03,6834,2024-08,11.057620236682842
2025-07-29,Electronics,South,1370.39,189.52,0.2,7766,2025-07,13.829639737592947
2025-11-28,Office Supplies,South,4166.2,1093.17,0.04,8181,2025-11,26.239018770102255
2024-02-16,Electronics,South,1927.61,252.36,0.05,5411,2024-02,13.091859867919343
2024-01-19,Office Supplies,East,2705.7,548.12,0.02,6170,2024-01,20.257973906937206
2024-10-03,Furniture,North,2928.89,613.65,0.09,4690,2024-10,20.951623311220292
2025-08-02,Home,South,3128.71,536.63,0.28,7330,2025-08,17.15179738614317
2025-11-12,Electronics,West,3257.87,454.24,0.23,6525,2025-11,13.942852231672841
2024-11-01,Home,North,2795.15,308.57,0.39,7057,2024-11,11.03947909772284
2025-11-19,Home,North,2992.66,284.95,0.23,4108,2025-11,9.521629587056331
2025-03-22,Furniture,East,654.31,137.5,0.16,5224,2025-03,21.01450382846052
2025-03-16,Home,North,401.57,22.54,0.19,3776,2025-03,5.612969096297034
2024-08-28,Clothing,North,659.32,89.97,0.04,4902,2024-08,13.64587757083055
2024-02-19,Electronics,North,2558.02,40.22,0.31,8105,2024-02,1.5723098333867602
2024-08-27,Clothing,South,470.37,32.85,0.23,1333,2024-08,6.983863766821864
2024-07-10,Office Supplies,East,4057.81,631.28,0.24,5542,2024-07,15.557160143032817
2025-09-15,Furniture,North,807.47,95.52,0.29,1027,2025-09,11.82954165479832
2024-09-14,Office Supplies,West,4517.11,125.74,0.33,3115,2024-09,2.783638211157134
2025-09-07,Home,East,1197.1,71.5,0.38,8970,2025-09,5.972767521510317
2025-11-18,Furniture,South,440.93,43.65,0.02,2072,2025-11,9.899530537727076
2025-12-06,Office Supplies,South,3182.22,463.64,0.31,6202,2025-12,14.56970291180371
2025-06-15,Clothing,West,549.54,78.49,0.37,1617,2025-06,14.282854751246497
2025-03-20,Home,North,1481.15,272.95,0.04,8982,2025-03,18.428248320561725
2025-06-06,Office Supplies,North,739.18,46.55,0.38,3321,2025-06,6.29751887226386
2025-11-23,Electronics,South,4980.85,599.38,0.02,2490,2025-11,12.033689028980996
2025-10-20,Home,West,1629.49,221.49,0.37,2424,2025-10,13.592596456560027
2024-06-09,Electronics,West,3225.09,475.28,0.31,5758,2024-06,14.73695307727846
2024-01-03,Office Supplies,North,4220.18,447.61,0.17,7256,2024-01,10.606419631390128
2025-02-17,Electronics,South,152.84,2.83,0.31,1139,2025-02,1.8516095263020151
2024-07-31,Clothing,West,857.42,89.84,0.16,4825,2024-07,10.477945464299877
2024-08-27,Home,North,4489.21,458.0,0.12,3579,2024-08,10.20224048329216
2024-06-14,Electronics,East,1960.17,182.3,0.13,7654,2024-06,9.30021375697006
2025-10-15,Home,West,4249.21,713.22,0.01,3768,2025-10,16.784767050816505
2024-12-09,Office Supplies,West,2848.97,369.52,0.33,1517,2024-12,12.970301547576844
2025-01-28,Furniture,North,908.67,190.44,0.15,4416,2025-01,20.95810360196771
2025-11-22,Clothing,West,3920.97,769.71,0.12,4860,2025-11,19.630601611335972
2024-03-30,Furniture,North,4034.18,630.93,0.33,1086,2024-03,15.639609536510518
2024-04-03,Electronics,West,468.0,21.78,0.31,6451,2024-04,4.653846153846154
2024-09-02,Office Supplies,West,3811.11,-17.94,0.39,3147,2024-09,-0.4707290002125365
2025-12-07,Furniture,North,1655.75,240.75,0.33,2152,2025-12,14.540238562584932
2025-08-21,Office Supplies,South,3072.45,279.9,0.39,6844,2025-08,9.109993653273445
2024-05-12,Office Supplies,West,2047.59,313.32,0.11,2115,2024-05,15.301891491949071
2025-12-15,Clothing,West,3296.06,313.96,0.3,7791,2025-12,9.525312039222586
2024-11-30,Home,North,1316.75,245.53,0.29,3014,2024-11,18.64666793240934
2025-07-06,Clothing,South,926.91,236.78,0.1,4280,2025-07,25.54509067762782
2024-06-06,Furniture,East,1712.74,243.29,0.4,3788,2024-06,14.204724593341664
2025-03-21,Office Supplies,East,3245.14,808.35,0.03,4750,2025-03,24.909557060712327
2025-08-06,Furniture,North,241.26,8.49,0.27,6192,2025-08,3.5190251181298184
2024-09-09,Office Supplies,West,412.32,75.56,0.33,7178,2024-09,18.325572370974
2025-11-14,Office Supplies,North,2876.92,197.9,0.21,2853,2025-11,6.878884362443169
2024-10-08,Office Supplies,West,2410.8,406.84,0.33,8946,2024-10,16.87572590011614
2024-04-07,Home,West,3747.11,631.08,0.22,5843,2024-04,16.841779397989384
2024-10-03,Home,West,3416.26,40.83,0.35,7481,2024-10,1.195166644224971
2024-02-28,Home,South,1885.09,318.85,0.33,2706,2024-02,16.914311783522272
2025-11-29,Home,West,3779.01,467.39,0.01,6944,2025-11,12.368054067070474
2025-07-23,Office Supplies,East,2698.65,228.7,0.02,5692,2025-07,8.474607674207475
2024-01-09,Home,East,2014.28,338.98,0.01,3955,2024-01,16.828842067637073
2025-08-01,Clothing,West,1123.4,175.75,0.02,8764,2025-08,15.644472138152038
2024-07-08,Electronics,West,2232.02,226.09,0.06,2348,2024-07,10.129389521599268
2024-09-03,Clothing,East,3932.74,907.53,0.15,7332,2024-09,23.076277607978156
2024-08-02,Furniture,North,1796.78,329.02,0.4,4490,2024-08,18.3116463896526
2025-09-12,Clothing,West,1413.62,119.82,0.28,7865,2025-09,8.476110977490414
2024-03-21,Home,South,4573.4,307.99,0.24,6557,2024-03,6.7343770498972315
2025-03-14,Office Supplies,East,4447.49,1063.6,0.15,4384,2025-03,23.914612511776305
2025-07-31,Clothing,East,4403.88,582.22,0.13,2194,2025-07,13.220614548988618
2025-03-14,Clothing,South,4639.51,335.81,0.19,3235,2025-03,7.238048845675513
2024-11-15,Furniture,East,3294.86,297.56,0.12,4071,2024-11,9.031036220051838
2024-08-26,Electronics,South,2692.97,273.74,0.0,6633,2024-08,10.164985127944242
2025-01-06,Office Supplies,West,2117.09,283.67,0.33,1787,2025-01,13.399052472969972
2024-11-14,Clothing,North,2279.12,498.68,0.14,1283,2024-11,21.880374881533225
2024-02-23,Office Supplies,North,2455.23,227.42,0.31,5280,2024-02,9.262676001840967
2025-07-17,Office Supplies,North,2772.31,499.0,0.2,6130,2025-07,17.99943007816586
2024-01-22,Electronics,South,1917.67,324.96,0.11,1382,2024-01,16.94556414815896
2025-01-01,Clothing,West,3031.17,127.09,0.22,7940,2025-01,4.19277044837472
2025-03-23,Office Supplies,West,3070.36,602.66,0.11,4994,2025-03,19.628317200588853
2025-10-12,Furniture,East,3498.78,408.45,0.19,3371,2025-10,11.674069246994666
2025-07-13,Electronics,East,2808.31,83.18,0.28,6325,2025-07,2.961923719247519
2024-05-04,Electronics,West,2702.52,110.26,0.32,1885,2024-05,4.079895800956145
2024-03-11,Clothing,West,4210.82,1026.17,0.17,5790,2024-03,24.369837703820163
2025-07-22,Electronics,East,3248.14,219.42,0.39,1469,2025-07,6.75525069732216
2025-10-18,Furniture,North,4495.24,209.23,0.28,7972,2025-10,4.654478959966543
2025-01-01,Electronics,South,4554.55,426.4,0.13,3948,2025-01,9.362066504923646
2025-01-04,Home,South,615.15,33.19,0.22,1651,2025-01,5.395432008453223
2025-01-15,Electronics,West,2675.08,346.02,0.09,4506,2025-01,12.934940263468755
2025-06-23,Clothing,West,2370.48,149.74,0.15,2015,2025-06,6.316864095035606
2025-05-30,Clothing,South,3696.9,185.09,0.24,2907,2025-05,5.006627174118856
2024-09-15,Clothing,North,1382.46,167.29,0.4,8458,2024-09,12.100892611721134
2024-05-17,Home,South,3772.12,394.97,0.13,1908,2024-05,10.470769752818045
2025-05-12,Furniture,West,3681.95,397.76,0.01,4550,2025-05,10.802971251646547
2024-04-05,Home,South,3780.7,485.7,0.35,8060,2024-04,12.846827307112441
2024-08-14,Office Supplies,West,1875.57,295.79,0.15,6522,2024-08,15.77067238226246
2024-08-28,Home,South,673.63,150.84,0.16,1427,2024-08,22.392114365452844
2024-11-10,Clothing,North,2027.26,150.59,0.24,1295,2024-11,7.4282529127985555
2025-05-03,Electronics,East,4975.28,654.83,0.17,4547,2025-05,13.161671302921645
2025-04-25,Home,North,539.3,63.1,0.26,6968,2025-04,11.70035230854812
2025-08-27,Office Supplies,West,1497.27,191.66,0.31,3558,2025-08,12.800630480808406
2024-12-23,Home,West,238.08,47.98,0.22,4008,2024-12,20.152889784946236
2024-08-16,Furniture,West,445.25,43.91,0.08,7505,2024-08,9.861875350926445
2025-01-01,Clothing,North,1282.24,41.47,0.21,7845,2025-01,3.23418392812578
2024-06-19,Electronics,North,2941.7,512.02,0.18,8462,2024-06,17.405581806438455
2024-07-25,Electronics,West,2736.43,610.14,0.27,1087,2024-07,22.296934326841907
2024-08-31,Office Supplies,West,4934.58,81.12,0.27,4698,2024-08,1.6439089041012611
2025-07-31,Office Supplies,West,214.01,40.42,0.19,6824,2025-07,18.886967898696323
2025-12-14,Home,West,2930.73,302.05,0.34,7520,2025-12,10.306305937428558
2025-09-19,Home,North,2723.89,222.38,0.28,6370,2025-09,8.164059488452176
2025-11-11,Furniture,West,4104.78,595.83,0.31,8868,2025-11,14.515516056889775
2025-04-27,Furniture,North,3238.77,536.18,0.12,8784,2025-04,16.555050219682162
2025-09-23,Clothing,South,2853.06,275.61,0.1,8316,2025-09,9.660154360581272
2025-02-07,Electronics,North,1763.07,167.43,0.23,7364,2025-02,9.49650325852065
2024-06-04,Home,North,884.68,87.27,0.06,4594,2024-06,9.864583804313424
2025-01-04,Furniture,West,972.26,57.56,0.35,1936,2025-01,5.920227099746982
2024-09-05,Clothing,South,1998.25,275.47,0.25,7200,2024-09,13.785562367071188
2024-09-09,Office Supplies,South,899.62,203.5,0.24,1685,2024-09,22.620662057313087
2025-04-10,Clothing,East,1475.03,100.56,0.1,7398,2025-04,6.817488457861874
2024-12-23,Office Supplies,South,3062.54,658.59,0.01,2152,2024-12,21.504698714139245
2025-02-01,Clothing,West,3350.13,112.67,0.36,4620,2025-02,3.3631530716718454
2025-09-12,Home,South,840.23,83.19,0.38,8126,2025-09,9.900860478678457
2025-12-04,Furniture,North,2037.72,478.72,0.03,2670,2025-12,23.49292346347879
2025-08-13,Home,East,4527.72,285.55,0.25,3011,2025-08,6.306706245085827
2025-01-03,Home,West,2606.99,341.71,0.15,6486,2025-01,13.107453423296601
2025-04-26,Furniture,North,1901.02,126.84,0.04,1533,2025-04,6.672207551735385
2024-04-21,Furniture,West,4372.34,228.81,0.33,4655,2024-04,5.233124596897771
2024-06-02,Electronics,East,3376.26,860.06,0.07,7225,2024-06,25.473749059610334
2024-11-14,Home,West,4904.86,228.7,0.25,1090,2024-11,4.662722279534992
2024-12-12,Clothing,North,4728.39,770.19,0.35,8057,2024-12,16.288631013939206
2025-05-23,Clothing,East,1302.48,162.33,0.34,4816,2025-05,12.46314722682882
2025-10-19,Furniture,North,1199.56,124.6,0.13,4091,2025-10,10.387141952049085
2024-07-06,Electronics,North,1070.16,42.83,0.27,1352,2024-07,4.002205277715482
2024-06-02,Electronics,East,302.35,68.1,0.19,8517,2024-06,22.523565404332725
2024-08-18,Furniture,West,2169.35,181.48,0.27,5873,2024-08,8.365639477262775
2025-05-18,Home,North,4046.88,378.41,0.13,8168,2025-05,9.350660261732495
2025-01-07,Clothing,West,2660.73,650.27,0.02,4885,2025-01,24.43953351147993
2025-04-20,Clothing,West,444.17,51.74,0.16,5369,2025-04,11.64869306796947
2024-01-10,Clothing,South,3134.21,28.55,0.33,8644,2024-01,0.9109153502796558
2025-05-19,Office Supplies,West,4201.76,137.1,0.26,7397,2025-05,3.2629183961006816
2024-03-22,Home,East,4830.96,838.69,0.1,2627,2024-03,17.360731614420324
2025-01-12,Clothing,South,2254.21,356.69,0.06,2164,2025-01,15.823281770553763
2025-03-19,Clothing,South,4931.04,985.49,0.02,1015,2025-03,19.98543917713099
2025-04-28,Furniture,South,2813.28,407.69,0.05,7163,2025-04,14.491625433657509
2025-10-13,Office Supplies,West,1771.54,77.19,0.34,4541,2025-10,4.357225916434289
2024-11-13,Electronics,East,258.15,42.79,0.29,7487,2024-11,16.575634321131126
2025-06-30,Office Supplies,North,1406.7,223.42,0.2,3903,2025-06,15.882562024596572
2024-10-01,Clothing,West,2679.17,126.18,0.16,7464,2024-10,4.709667546292322
2024-06-09,Furniture,East,2622.03,469.86,0.39,3936,2024-06,17.91970343588746
2025-01-24,Office Supplies,West,3819.4,709.62,0.3,8796,2025-01,18.579358014347804
2025-05-27,Electronics,West,4765.0,983.36,0.23,5115,2025-05,20.637145855194124
2025-11-15,Home,North,4534.99,724.22,0.3,3534,2025-11,15.96960522514934
2025-07-07,Furniture,South,1302.57,265.38,0.21,7304,2025-07,20.37356917478523
2025-03-03,Furniture,North,3225.88,288.52,0.26,5989,2025-03,8.943916078713404
2025-07-23,Home,North,4443.87,1174.0,0.03,6504,2025-07,26.418414580084477
2025-03-30,Electronics,East,4038.48,582.1,0.26,5978,2025-03,14.413838870069927
2025-05-20,Electronics,West,4687.46,654.36,0.29,8705,2025-05,13.959799123619188
2025-08-09,Furniture,North,4497.7,462.02,0.26,4000,2025-08,10.27236142917491
2024-11-13,Electronics,North,3879.76,726.25,0.12,8992,2024-11,18.718941377817185
2025-08-30,Clothing,East,1711.94,382.85,0.18,3407,2025-08,22.363517412993446
2025-01-21,Electronics,North,392.69,76.81,0.32,2280,2025-01,19.559958236777103
2025-09-17,Office Supplies,West,2324.03,239.61,0.03,2164,2025-09,10.310107872962053
2024-02-28,Home,West,4626.75,755.55,0.19,4756,2024-02,16.330037283190144
2024-02-14,Home,West,2223.66,365.19,0.28,8053,2024-02,16.42292436793395
2025-01-25,Office Supplies,South,3440.31,489.72,0.17,4300,2025-01,14.234763727687334
2025-09-07,Home,East,1956.76,380.03,0.31,4903,2025-09,19.421390461783762
2024-02-21,Furniture,East,3753.92,874.97,0.06,5994,2024-02,23.30816852783224
2024-11-15,Furniture,West,406.95,57.96,0.38,4060,2024-11,14.242535938075932
2025-08-26,Clothing,West,4916.66,1115.58,0.19,5875,2025-08,22.68979347768607
2024-10-05,Clothing,South,1756.26,104.95,0.32,6630,2024-10,5.975766686025987
2024-05-18,Electronics,South,3124.58,256.54,0.21,6605,2024-05,8.210383475539114
2024-05-01,Home,South,203.53,13.5,0.27,2977,2024-05,6.632928806564142
2025-03-01,Furniture,West,465.52,36.27,0.36,2871,2025-03,7.79128716274274
2024-08-13,Electronics,South,3521.96,301.9,0.34,7762,2024-08,8.571931538120818
2024-07-10,Clothing,South,2611.08,563.63,0.29,6674,2024-07,21.586086983164055
2024-04-21,Home,North,335.14,68.31,0.29,6814,2024-04,20.382526705257504
2025-09-24,Office Supplies,West,2425.68,307.95,0.09,7969,2025-09,12.695409122390423
2024-11-20,Clothing,North,2334.6,464.43,0.09,3358,2024-11,19.89334361346698
2025-05-17,Electronics,East,1492.15,252.7,0.24,1650,2025-05,16.93529470897698
2025-07-15,Home,East,2480.84,350.93,0.27,7152,2025-07,14.145611970139147
2024-11-14,Furniture,South,3146.05,663.02,0.02,2263,2024-11,21.07468094912668
2025-07-31,Home,East,3270.29,654.64,0.28,4878,2025-07,20.01779658684704
2025-05-25,Home,West,4483.91,1102.36,0.08,5772,2025-05,24.584793182735602
2024-06-13,Furniture,West,4866.57,551.29,0.04,3496,2024-06,11.328101722568462
2024-01-30,Office Supplies,East,4658.61,359.07,0.32,6177,2024-01,7.707663873988165
2025-01-05,Office Supplies,South,1564.79,198.3,0.29,5198,2025-01,12.67262699787192
2025-11-12,Clothing,North,2981.46,498.12,0.04,4836,2025-11,16.707250810005835
2024-09-19,Home,South,1057.91,206.39,0.09,1974,2024-09,19.509221011239138
2025-10-14,Electronics,South,2378.41,455.28,0.09,4548,2025-10,19.142200041203996
2025-08-16,Furniture,North,255.27,19.39,0.21,5329,2025-08,7.595878873349786
2024-02-17,Furniture,South,2940.37,662.4,0.09,8380,2024-02,22.52777711648534
2024-03-14,Home,West,1574.31,414.98,0.01,4345,2024-03,26.359484472562585
2024-01-19,Clothing,East,1501.59,57.27,0.17,5807,2024-01,3.8139572053623163
2025-12-20,Home,South,2369.1,334.86,0.26,7512,2025-12,14.134481448651387
2024-09-26,Clothing,South,2839.97,555.21,0.11,8460,2024-09,19.549854399870423
2025-08-27,Furniture,South,1024.08,222.07,0.11,5112,2025-08,21.68482931021014
2025-11-23,Office Supplies,South,1822.21,157.86,0.19,2265,2025-11,8.663106886692534
2024-11-20,Electronics,North,3196.73,449.91,0.12,2902,2024-11,14.074069439708703
2025-11-23,Electronics,South,2947.83,583.31,0.3,8586,2025-11,19.78777609292259
2024-08-11,Office Supplies,West,4920.11,1058.29,0.13,8818,2024-08,21.509478446620097
2025-09-27,Electronics,East,1276.85,117.66,0.16,7028,2025-09,9.2148647061127
2025-11-10,Electronics,West,2976.79,69.62,0.38,4784,2025-11,2.3387608800083313
2024-12-09,Furniture,North,4502.95,847.22,0.34,4401,2024-12,18.814776979535637
2025-07-21,Home,East,617.9,31.21,0.21,8274,2025-07,5.05097912283541
2024-09-12,Clothing,West,4874.48,390.01,0.11,8834,2024-09,8.00105857445307
2025-12-16,Furniture,East,3328.91,433.91,0.19,1015,2025-12,13.034596910099705
2025-05-19,Furniture,North,709.79,83.85,0.21,8287,2025-05,11.813353245326082
2025-11-07,Home,South,470.07,18.24,0.19,2567,2025-11,3.8802731508073265
2024-11-10,Clothing,South,1812.11,290.79,0.1,3529,2024-11,16.04703908703114
2025-04-25,Home,South,1190.15,272.55,0.22,5319,2025-04,22.90047473007604
2025-11-13,Office Supplies,North,3710.83,255.54,0.34,6914,2025-11,6.886330012423096
2025-01-29,Clothing,South,4481.84,1163.48,0.06,8526,2025-01,25.959873623333273
2025-07-12,Office Supplies,North,4283.01,493.97,0.03,4643,2025-07,11.533244143721355
2025-06-19,Furniture,West,2215.29,358.58,0.09,8519,2025-06,16.186594080233288
2024-07-10,Electronics,West,4866.0,633.35,0.13,4531,2024-07,13.015824085491165
2025-10-05,Clothing,South,4963.53,970.41,0.37,3669,2025-10,19.55080356117521
2024-06-23,Home,South,3367.97,316.29,0.17,7564,2024-06,9.39111690424796
2024-01-19,Furniture,South,1813.79,99.98,0.25,5078,2024-01,5.512214754740075
2025-11-22,Electronics,South,1233.61,166.17,0.39,2585,2025-11,13.470221544896685
2025-04-04,Furniture,West,1065.59,120.44,0.38,3557,2025-04,11.30265862104562
2025-03-13,Clothing,South,2568.43,448.11,0.17,8742,2025-03,17.446844959761414
2024-09-10,Electronics,West,4118.19,230.12,0.18,6274,2024-09,5.58789176798545
2024-02-20,Electronics,North,2341.89,309.2,0.02,5436,2024-02,13.203011243055823
2025-08-15,Home,East,4194.11,656.41,0.06,7900,2025-08,15.650757848506597
2025-11-01,Home,North,4574.41,1152.38,0.13,1194,2025-11,25.191882669021798
2024-05-19,Office Supplies,North,4422.28,647.41,0.31,4825,2024-05,14.639733350217535
2024-11-24,Home,South,2689.6,300.57,0.28,5309,2024-11,11.17526769779893
2024-10-26,Electronics,South,1802.14,280.47,0.08,3908,2024-10,15.563163794155837
2025-07-03,Clothing,South,4899.42,1132.66,0.13,5098,2025-07,23.118246649603424
2025-10-20,Furniture,North,859.35,146.34,0.17,4173,2025-10,17.029149938907313
2024-06-29,Clothing,South,4792.25,602.41,0.15,4422,2024-06,12.570504460326568
2024-02-25,Office Supplies,North,3167.57,642.59,0.31,7064,2024-02,20.286528790208266
2025-08-05,Clothing,North,4307.03,669.8,0.05,1588,2025-08,15.551319586815044
2024-12-24,Clothing,West,3869.92,452.12,0.34,6027,2024-12,11.682928846074338
2025-06-02,Electronics,West,3893.17,479.41,0.27,1554,2025-06,12.31412961673906
2025-07-12,Office Supplies,North,3714.2,833.83,0.25,8476,2025-07,22.449787302783914
2025-03-08,Office Supplies,East,2283.31,114.98,0.36,5828,2025-03,5.035671897377054
2025-08-04,Home,East,2447.9,97.2,0.23,6219,2025-08,3.9707504391519257
2025-07-09,Clothing,East,210.24,54.97,0.09,8782,2025-07,26.14630898021309
2024-08-26,Electronics,West,1773.38,154.21,0.22,8065,2024-08,8.695823794110682
2025-10-27,Clothing,West,883.09,173.11,0.15,8390,2025-10,19.602758495736563
2024-02-14,Furniture,North,1733.32,131.18,0.26,1858,2024-02,7.568135139501074
2025-10-21,Furniture,South,197.46,8.89,0.32,6978,2025-10,4.502177656234174
2024-03-03,Electronics,West,2003.29,439.6,0.15,5137,2024-03,21.94390228074817
2024-12-28,Clothing,West,1651.21,234.43,0.07,4301,2024-12,14.197467311850097
2024-03-02,Home,East,4718.3,698.37,0.07,6098,2024-03,14.80130555496683
2024-04-21,Clothing,West,2207.65,438.81,0.24,7437,2024-04,19.876792063959414
2025-10-19,Furniture,West,3713.47,434.05,0.27,7479,2025-10,11.68852851914786
2024-06-25,Office Supplies,West,4615.04,1158.25,0.13,1951,2024-06,25.097290597697963
2025-05-18,Home,North,353.33,67.42,0.21,5754,2025-05,19.081312087849884
2024-04-14,Clothing,North,646.79,62.9,0.28,6155,2024-04,9.724949365327232
2025-05-26,Electronics,South,2236.84,264.5,0.13,3409,2025-05,11.824717011498363
2024-06-13,Office Supplies,East,1035.5,112.14,0.18,6432,2024-06,10.82955094157412
2024-06-21,Furniture,South,2960.32,382.71,0.17,8034,2024-06,12.92799427088963
2024-07-24,Furniture,North,2853.18,342.63,0.34,4904,2024-07,12.008706075326478
2025-03-06,Home,South,4795.12,460.01,0.4,8479,2025-03,9.593294849763927
2024-06-22,Office Supplies,North,1230.35,147.77,0.11,8066,2024-06,12.010403543707076
2025-06-21,Home,East,276.55,61.12,0.04,5418,2025-06,22.100885915747604
2025-03-01,Clothing,South,3645.47,232.21,0.18,3989,2025-03,6.369823369826114
2025-10-01,Home,South,1971.86,326.18,0.09,4483,2025-10,16.541742314363088
2024-12-08,Home,East,163.76,19.7,0.26,3508,2024-12,12.029799706888129
2024-03-10,Clothing,West,2858.57,519.06,0.25,7832,2024-03,18.158030063983038
2025-12-06,Home,North,3088.25,721.33,0.14,1480,2025-12,23.357241155994497
2025-06-17,Home,South,2503.77,316.35,0.38,1850,2025-06,12.63494650067698
2024-07-02,Clothing,North,4221.71,292.6,0.28,7750,2024-07,6.930840820425847
2025-02-22,Furniture,North,1961.22,193.87,0.16,6982,2025-02,9.885173514445091
2025-12-29,Office Supplies,North,4663.31,192.28,0.38,4048,2025-12,4.123251510193403
2025-10-22,Clothing,South,1343.78,275.58,0.24,3229,2025-10,20.507821220735536
2025-11-01,Clothing,South,2579.57,144.17,0.08,6187,2025-11,5.58891598212105
2025-04-07,Electronics,North,450.24,69.63,0.28,2800,2025-04,15.465085287846481
2024-07-07,Office Supplies,East,1806.44,248.05,0.18,1447,2024-07,13.731427559177167
2024-02-07,Electronics,East,1893.19,434.37,0.02,3541,2024-02,22.94381440848515
2024-04-22,Home,East,1549.67,229.81,0.34,1903,2024-04,14.82960888447218
2025-05-17,Electronics,West,458.4,100.92,0.17,8599,2025-05,22.015706806282722
2025-08-09,Electronics,North,3953.42,786.9,0.05,5643,2025-08,19.904285403524035
2024-06-02,Home,East,730.53,65.58,0.2,4284,2024-06,8.977044063898813
2024-02-09,Furniture,West,3856.28,501.18,0.26,1147,2024-02,12.996462912444118
2024-02-18,Electronics,West,652.46,20.17,0.2,7849,2024-02,3.0913772491800264
2025-02-17,Clothing,East,4079.27,299.75,0.06,8895,2025-02,7.34812846416148
2024-10-08,Home,North,2846.44,629.68,0.16,4764,2024-10,22.12166776745689
2025-02-16,Furniture,North,208.0,16.28,0.18,2675,2025-02,7.8269230769230775
2024-07-06,Office Supplies,East,4306.77,413.07,0.03,5372,2024-07,9.591178539833797
2024-11-20,Clothing,East,1945.38,150.29,0.08,2391,2024-11,7.7254829390658895
2025-09-15,Office Supplies,West,3047.57,352.76,0.05,4455,2025-09,11.57512378714845
2024-06-12,Office Supplies,East,3234.18,461.38,0.18,4403,2024-06,14.265748968826719
2025-03-15,Furniture,West,2469.21,317.1,0.24,3887,2025-03,12.842164092969007
2025-11-15,Clothing,North,2557.57,640.72,0.06,2308,2025-11,25.051904737700237
2024-07-10,Office Supplies,West,197.16,14.77,0.24,5224,2024-07,7.491377561371475
2025-09-13,Furniture,North,4981.07,1176.79,0.07,4140,2025-09,23.625245178244835
2025-04-08,Office Supplies,East,4768.9,973.5,0.02,6250,2025-04,20.41351255006396
2025-09-08,Home,North,1852.89,265.41,0.31,6062,2025-09,14.324109903987825
2024-02-17,Furniture,West,894.29,77.57,0.11,8894,2024-02,8.673920093034697
2025-06-14,Office Supplies,North,3409.03,678.69,0.02,3288,2025-06,19.90859570024318
2025-11-12,Office Supplies,West,3035.31,462.04,0.22,1672,2025-11,15.222168411134284
2024-11-17,Home,South,1424.8,65.02,0.16,5674,2024-11,4.563447501403706
2025-01-22,Office Supplies,North,546.15,63.03,0.15,2432,2025-01,11.540785498489427
2024-04-11,Office Supplies,South,1302.69,149.63,0.02,1145,2024-04,11.486232334630648
2025-04-22,Office Supplies,South,3977.19,371.19,0.14,5480,2025-04,9.33297126865953
2025-11-08,Electronics,North,3966.89,110.14,0.27,8552,2025-11,2.77648233250733
2024-03-28,Home,North,3165.65,61.99,0.29,1837,2024-03,1.9582076350828421
2024-02-07,Clothing,East,1797.38,57.0,0.3,3169,2024-02,3.1712826447384526
2024-11-16,Electronics,East,1983.3,104.32,0.11,2316,2024-11,5.2599203347955426
2024-06-25,Home,East,1862.52,488.57,0.0,2786,2024-06,26.23166462642012
2025-11-04,Furniture,South,2072.67,257.37,0.29,1806,2025-11,12.417316794279841
2025-05-12,Office Supplies,West,1731.46,52.82,0.34,8720,2025-05,3.0506046919940397
2025-08-11,Clothing,West,1253.77,198.57,0.34,4486,2025-08,15.83783309538432
2025-02-10,Clothing,North,4698.22,800.08,0.29,6319,2025-02,17.02942816641196
2024-08-30,Office Supplies,South,2958.54,522.24,0.33,1541,2024-08,17.651949948285303
2025-03-20,Electronics,West,4196.22,885.23,0.21,2330,2025-03,21.095891063862236
2025-11-26,Home,South,4293.66,221.41,0.15,1413,2025-11,5.156672861847468
2024-02-25,Clothing,North,4417.63,616.05,0.0,4611,2024-02,13.945260241351129
2024-06-07,Electronics,North,214.56,14.96,0.18,2489,2024-06,6.972408650261
2025-12-17,Electronics,West,488.82,12.99,0.22,8528,2025-12,2.657419909169019
2025-08-25,Office Supplies,East,2039.71,91.43,0.24,3624,2025-08,4.482499963230067
2024-10-05,Clothing,West,4686.88,955.91,0.34,8275,2024-10,20.395444304099954
2025-10-29,Home,West,368.47,56.57,0.37,6263,2025-10,15.35267457323527
2024-12-17,Home,East,4070.52,763.86,0.04,5433,2024-12,18.7656613896996
2024-01-06,Office Supplies,South,2469.1,481.1,0.06,1024,2024-01,19.48483253007169
2024-01-14,Furniture,East,2041.94,228.09,0.31,3049,2024-01,11.170259655033938
2025-09-17,Office Supplies,North,3257.69,415.59,0.12,3617,2025-09,12.757199119621571
2025-05-11,Clothing,South,4540.59,636.61,0.23,8389,2025-05,14.020424658469494
2025-07-29,Office Supplies,East,2939.25,56.86,0.3,1861,2025-07,1.9345071021519094
2025-08-12,Electronics,South,2718.84,259.75,0.16,2128,2025-08,9.553706727869237
2024-01-29,Furniture,North,288.85,42.17,0.16,8453,2024-01,14.599272979054872
2025-09-07,Furniture,South,1039.5,241.3,0.19,3756,2025-09,23.213083213083213
2024-06-27,Office Supplies,South,2313.31,384.77,0.36,7436,2024-06,16.63287670048545
2024-02-06,Furniture,South,1079.84,178.53,0.18,7221,2024-02,16.533004889613277
2025-07-15,Furniture,East,4884.84,534.36,0.1,4049,2025-07,10.9391505146535
2024-07-23,Office Supplies,East,3872.04,461.58,0.39,7325,2024-07,11.92084792512474
2024-02-07,Furniture,West,2618.87,622.4,0.03,1138,2024-02,23.765975401604507
2025-05-21,Home,East,3856.29,607.33,0.33,3661,2025-05,15.74907488804006
2025-08-01,Furniture,East,3873.32,509.14,0.25,3247,2025-08,13.144795679158964
2024-03-14,Furniture,East,1916.09,395.0,0.14,8059,2024-03,20.61489804758649
2024-07-03,Clothing,North,4693.02,927.48,0.05,3667,2024-07,19.762967129907818
2025-02-10,Office Supplies,West,2826.3,93.02,0.36,4869,2025-02,3.291228815058557
2025-07-17,Furniture,North,601.24,81.64,0.26,3121,2025-07,13.578604217949572
2024-08-17,Office Supplies,North,1989.48,204.42,0.21,6057,2024-08,10.275046745883346
2025-12-26,Electronics,West,4589.54,921.8,0.03,1692,2025-12,20.084801526950415
2024-07-11,Furniture,East,206.98,32.14,0.26,2154,2024-07,15.528070344960868
2024-10-11,Office Supplies,North,4346.43,168.83,0.22,2440,2024-10,3.8843372606944095
2024-09-18,Office Supplies,North,1505.01,143.82,0.24,5835,2024-09,9.556082683835987
2025-04-01,Home,South,4332.71,334.0,0.34,1599,2025-04,7.708801189094124
2025-10-17,Electronics,East,1825.15,-7.23,0.39,5130,2025-10,-0.39613182478152487
2024-01-09,Home,North,3170.06,648.99,0.31,6284,2024-01,20.47248317066554
2025-04-17,Electronics,South,186.08,13.72,0.39,8623,2025-04,7.373172828890799
2025-10-08,Furniture,North,3088.85,314.76,0.04,6374,2025-10,10.19020023633391
2024-07-13,Home,North,4821.49,298.3,0.25,8201,2024-07,6.186884137476175
2025-06-19,Furniture,North,2863.2,390.83,0.08,1195,2025-06,13.65011176306231
2024-02-28,Office Supplies,South,4544.77,783.57,0.35,5517,2024-02,17.241136515159184
2025-10-06,Electronics,West,4368.04,771.43,0.21,4650,2025-10,17.660781494674957
2024-12-30,Office Supplies,East,1259.19,194.12,0.3,7747,2024-12,15.416259658987128
2025-12-13,Office Supplies,West,2107.36,402.72,0.26,5290,2025-12,19.110166274390707
2024-05-07,Office Supplies,South,3668.21,418.2,0.35,3810,2024-05,11.400655905741491
2025-11-18,Furniture,South,241.0,47.58,0.02,8549,2025-11,19.742738589211616
2024-05-28,Home,West,3862.71,571.43,0.37,4540,2024-05,14.793499900329044
2025-11-11,Furniture,West,1617.83,182.76,0.34,6861,2025-11,11.296613364815833
2025-03-25,Home,South,3823.99,435.27,0.23,7716,2025-03,11.382613448256926
2025-11-27,Clothing,West,1110.44,88.8,0.13,4825,2025-11,7.996830085371563
2024-09-09,Home,West,1477.05,320.94,0.3,7726,2024-09,21.728445211739615
2025-01-18,Home,North,960.08,126.26,0.04,3288,2025-01,13.150987417715191
2024-01-02,Home,West,4147.03,1122.42,0.0,1314,2024-01,27.06563492427111
2024-08-15,Home,South,2018.57,63.23,0.35,1620,2024-08,3.1324155218793504
2024-05-07,Home,North,749.78,36.18,0.23,4606,2024-05,4.825415455200193
2024-10-16,Electronics,East,4519.69,1186.7,0.05,4130,2024-10,26.256225537592183
2025-03-21,Office Supplies,West,1289.27,214.25,0.18,6636,2025-03,16.61793107727629
2025-03-18,Electronics,North,1774.52,81.07,0.22,1509,2025-03,4.568559385073146
2025-10-05,Electronics,South,2556.66,186.69,0.01,3898,2025-10,7.302105090234916
2024-12-21,Clothing,West,3486.7,338.44,0.2,5078,2024-12,9.706599363294806
2025-11-03,Clothing,South,2134.02,495.37,0.2,4972,2025-11,23.212997066569198
2025-11-15,Electronics,North,3281.73,111.63,0.35,8896,2025-11,3.4015595432896673
2024-01-22,Furniture,South,372.5,45.6,0.2,6122,2024-01,12.241610738255034
2025-04-02,Furniture,North,3046.5,513.27,0.38,7203,2025-04,16.84785819793205
2025-07-07,Clothing,North,4783.71,603.44,0.12,6307,2025-07,12.614477048148823
2024-03-24,Clothing,South,2796.31,328.75,0.39,3191,2024-03,11.756564901602468
2025-10-21,Office Supplies,West,3448.46,551.61,0.23,5675,2025-10,15.995835822367086
2024-03-10,Clothing,South,1493.91,278.07,0.32,3469,2024-03,18.61357109866056
2024-07-07,Home,South,1717.78,128.31,0.12,2409,2024-07,7.46952461898497
2025-09-21,Electronics,South,4617.53,1003.31,0.17,8356,2025-09,21.728283302978
2024-01-04,Clothing,West,3015.49,523.44,0.28,4571,2024-01,17.358372934415307
2025-07-30,Electronics,West,3623.16,340.97,0.17,5742,2025-07,9.410845781030924
2024-10-20,Clothing,South,4581.68,503.34,0.36,1240,2024-10,10.985926559689894
2025-04-05,Clothing,West,4846.65,1026.86,0.18,1629,2025-04,21.187005457377776
2025-06-03,Home,West,2595.78,560.12,0.05,1495,2025-06,21.578099838969404
2025-07-25,Electronics,South,3566.58,720.03,0.39,3979,2025-07,20.188247564894098
2025-07-06,Home,West,2074.83,316.27,0.36,5633,2025-07,15.243176549404048
2025-12-06,Home,East,3429.36,397.76,0.04,5097,2025-12,11.598665640236078
2024-08-20,Furniture,North,1325.93,14.68,0.38,8028,2024-08,1.1071474361391627
2025-01-26,Office Supplies,East,2363.03,201.2,0.31,2731,2025-01,8.514491986982813
2025-09-03,Home,South,4858.59,1044.73,0.15,2660,2025-09,21.502740507019528
2025-10-23,Furniture,South,2119.4,222.45,0.39,8198,2025-10,10.495895064640935
2024-01-13,Clothing,West,2355.34,336.28,0.24,1267,2024-01,14.27734424753963
2025-07-15,Electronics,East,1635.34,285.17,0.16,5125,2025-07,17.437963970795064
2024-03-26,Electronics,South,631.06,89.24,0.24,4374,2024-03,14.141286090070675
2025-07-19,Clothing,North,1105.29,103.83,0.23,2266,2025-07,9.393914719213962
2024-07-03,Home,North,3910.1,252.27,0.39,5158,2024-07,6.451753152093296
2025-11-05,Electronics,East,4104.84,194.29,0.21,5297,2025-11,4.733193011177049
2025-08-07,Electronics,North,1396.61,250.64,0.18,3123,2025-08,17.94631285756224
2025-12-29,Electronics,South,1364.63,118.36,0.04,5355,2025-12,8.673413306170904
2025-03-13,Home,North,4579.54,549.29,0.1,7074,2025-03,11.994436122405308
2025-12-27,Electronics,North,4985.78,577.12,0.29,5842,2025-12,11.575320210679173
2025-10-12,Office Supplies,North,2130.15,405.39,0.19,5312,2025-10,19.031054151116116
2024-08-07,Home,North,3720.87,445.86,0.09,5900,2024-08,11.98268146965629
2025-12-18,Furniture,South,3848.71,310.73,0.11,8193,2025-12,8.073614275952202
2024-01-06,Clothing,East,3058.23,277.21,0.13,5954,2024-01,9.064393456345664
2025-03-03,Clothing,North,3648.62,657.8,0.38,2575,2025-03,18.028734151542224
2024-09-22,Electronics,North,1426.99,207.78,0.32,2280,2024-09,14.56071871561819
2025-06-09,Electronics,West,3976.03,742.59,0.4,7576,2025-06,18.676669944643276
2025-05-11,Electronics,South,1989.53,381.36,0.2,7550,2025-05,19.168346292843033
2024-05-09,Home,South,632.25,20.69,0.29,4317,2024-05,3.272439699485963
2024-03-22,Furniture,West,4459.64,809.46,0.39,6970,2024-03,18.150792440645432
2025-02-23,Home,North,3185.28,506.95,0.11,6938,2025-02,15.915398332328712
2025-07-02,Home,East,4804.85,923.34,0.1,7318,2025-07,19.21683299166467
2025-07-05,Clothing,South,1791.07,397.07,0.09,5542,2025-07,22.169429447201953
2025-07-21,Electronics,North,3067.14,628.28,0.12,2573,2025-07,20.48422960803876
2025-11-28,Electronics,North,630.66,82.68,0.37,7777,2025-11,13.110075159356866
2025-03-25,Office Supplies,West,4384.09,683.8,0.23,7631,2025-03,15.597307537025925
2025-11-27,Office Supplies,North,4163.35,797.89,0.12,6408,2025-11,19.16461503356672
2024-07-03,Electronics,South,4107.65,696.29,0.12,1246,2024-07,16.95105473932784
2024-04-09,Home,West,4698.41,954.58,0.24,7206,2024-04,20.31708599292101
2024-02-06,Electronics,South,1810.75,188.91,0.05,2441,2024-02,10.432693635234019
2024-06-15,Office Supplies,East,1009.39,13.97,0.33,2716,2024-06,1.384004200556772
2024-11-09,Home,North,351.54,29.62,0.17,5366,2024-11,8.425783694600899
2024-09-16,Clothing,East,152.27,20.69,0.07,5399,2024-09,13.587706048466538
2025-04-04,Clothing,West,3226.8,641.4,0.37,4917,2025-04,19.87727779843808
2024-05-12,Home,East,3361.46,288.18,0.1,3919,2024-05,8.573060515371298
2025-04-09,Furniture,North,1278.02,192.88,0.39,6075,2025-04,15.0920955853586
2024-11-01,Furniture,North,4497.63,876.44,0.08,6542,2024-11,19.486707443698126
2025-09-18,Furniture,East,1792.84,404.68,0.19,4218,2025-09,22.57200865665648
2024-07-27,Office Supplies,West,4818.94,486.38,0.09,7540,2024-07,10.093091011716272
2024-05-03,Office Supplies,South,3277.11,125.74,0.26,5048,2024-05,3.836917283826298
2025-05-27,Office Supplies,East,4660.7,176.47,0.25,6177,2025-05,3.786341107558951
2025-02-01,Electronics,South,2267.35,67.02,0.23,2157,2025-02,2.955873596930337
2024-04-23,Electronics,South,2963.41,466.6,0.16,2063,2024-04,15.745374416634892
2025-09-09,Home,North,2714.65,424.63,0.03,7671,2025-09,15.642163814856428
2025-09-22,Home,North,3538.34,793.65,0.17,6104,2025-09,22.43000955250202
2024-02-21,Furniture,East,462.76,25.85,0.09,4799,2024-02,5.586048923848216
2024-09-25,Clothing,West,3151.11,162.63,0.11,7917,2024-09,5.161038491198339
2024-03-04,Office Supplies,West,1142.2,102.73,0.14,8830,2024-03,8.994046576781649
2024-06-12,Electronics,North,448.16,20.17,0.23,5729,2024-06,4.500624776865406
2025-12-08,Clothing,North,2809.9,203.82,0.02,2530,2025-12,7.253638919534502
2025-08-24,Home,West,1821.53,195.83,0.05,6637,2025-08,10.75085230547946
2024-07-16,Clothing,East,2530.57,488.19,0.24,1524,2024-07,19.2917010792035
2024-04-09,Furniture,West,2371.79,29.87,0.37,8291,2024-04,1.259386370631464
2024-05-31,Electronics,East,718.43,47.98,0.3,8731,2024-05,6.678451623679411
2025-01-20,Furniture,South,4204.76,320.5,0.17,6575,2025-01,7.622313758692529
2024-04-30,Furniture,North,1945.25,324.02,0.36,2672,2024-04,16.656984963372317
2025-03-05,Home,South,3356.84,706.52,0.31,4134,2025-03,21.047175319645856
2024-02-20,Furniture,West,1944.25,164.13,0.37,3322,2024-02,8.44181561013244
2025-05-24,Clothing,West,2358.85,408.25,0.25,6609,2025-05,17.307162388452
2024-04-29,Home,West,4869.11,933.22,0.12,2964,2024-04,19.16613097670827
2025-05-20,Office Supplies,East,4195.72,609.65,0.23,1879,2025-05,14.530283241017036
2024-12-02,Clothing,South,4918.75,755.22,0.21,4896,2024-12,15.353900889453623
2025-05-16,Furniture,North,2082.37,391.0,0.09,3652,2025-05,18.77668233791305
2025-11-13,Office Supplies,North,4825.63,1066.46,0.08,1325,2025-11,22.09991234305158
2024-06-20,Furniture,East,571.58,-2.13,0.38,7756,2024-06,-0.3726512474194338
2024-10-14,Furniture,East,1064.69,257.76,0.08,5807,2024-10,24.209863904047186
2024-11-23,Furniture,East,1602.35,331.39,0.04,4608,2024-11,20.68149904827285
2025-07-09,Electronics,East,2352.85,507.69,0.25,6314,2025-07,21.57766113436896
2025-04-21,Office Supplies,South,1278.95,139.97,0.28,8502,2025-04,10.944133859806872
2024-10-22,Furniture,East,3215.56,465.74,0.16,3688,2024-10,14.483946808642974
2024-08-26,Electronics,East,3007.08,363.35,0.05,5054,2024-08,12.083150431647978
2025-08-31,Clothing,West,4548.27,393.07,0.09,7386,2025-08,8.642187029354018
2025-10-23,Home,North,1897.7,196.86,0.26,6195,2025-10,10.373610159666965
2024-08-29,Clothing,West,964.88,169.39,0.37,3759,2024-08,17.55555094934085
2024-01-01,Clothing,South,2076.94,125.63,0.15,8642,2024-01,6.048802565312431
2024-11-12,Office Supplies,East,3115.12,201.64,0.15,6859,2024-11,6.472944862477208
2025-02-09,Office Supplies,South,4472.89,1093.58,0.17,7184,2025-02,24.449069840751726
2024-01-25,Furniture,South,2975.8,770.15,0.01,1813,2024-01,25.88043551313932
2025-05-10,Furniture,West,2918.53,228.95,0.19,8157,2025-05,7.8447026413982375
2025-11-12,Clothing,West,3268.24,126.12,0.32,8155,2025-11,3.8589577264827555
2024-04-18,Electronics,West,4221.26,850.73,0.0,3941,2024-04,20.153461288809503
2024-11-24,Electronics,East,183.73,31.78,0.22,2170,2024-11,17.29712077505035
2025-09-03,Electronics,South,4260.49,506.19,0.25,2465,2025-09,11.881027769106371
2025-07-10,Furniture,South,3353.09,378.48,0.38,1753,2025-07,11.287498993465729
2025-04-06,Office Supplies,East,1665.53,111.59,0.33,1523,2025-04,6.699969379116558
2024-09-13,Clothing,North,705.97,58.53,0.31,6891,2024-09,8.2907205688627
2025-10-16,Furniture,East,1950.88,96.48,0.17,7276,2025-10,4.945460510128762
2025-09-26,Electronics,South,216.57,36.16,0.16,4785,2025-09,16.696680057256312
2025-12-25,Home,East,4697.43,836.81,0.08,3848,2025-12,17.814209046223144
2025-08-03,Electronics,North,670.25,91.74,0.15,3255,2025-08,13.687430063409176
2025-07-07,Electronics,North,1726.23,362.31,0.24,1235,2025-07,20.988512538885317
2025-11-06,Furniture,West,3929.89,613.62,0.05,2694,2025-11,15.614177496062231
2025-09-18,Office Supplies,West,974.83,185.76,0.14,2820,2025-09,19.055630212447298
2024-08-13,Furniture,East,1761.09,-13.48,0.39,4207,2024-08,-0.7654350430699169
2025-11-30,Clothing,North,4687.39,421.52,0.34,5259,2025-11,8.992637693897883
2024-09-16,Clothing,South,2464.41,311.87,0.16,2279,2024-09,12.654955952946143
2025-01-29,Electronics,North,3174.12,424.57,0.08,4052,2025-01,13.375990825803688
2025-07-26,Office Supplies,East,998.24,240.35,0.01,6709,2025-07,24.077376182080464
2024-05-08,Electronics,North,4189.12,361.67,0.26,7765,2024-05,8.633555496142389
2024-01-07,Furniture,West,1759.11,332.75,0.11,4885,2024-01,18.91581538391573
2025-04-15,Clothing,South,1103.67,93.64,0.17,6606,2025-04,8.484420161823733
2025-08-26,Furniture,South,4152.38,96.97,0.37,8735,2025-08,2.335287232864044
2025-05-11,Furniture,East,2395.7,444.32,0.11,5984,2025-05,18.54656259130943
2025-12-31,Electronics,East,1581.99,123.14,0.11,5321,2025-12,7.783867154659638
2025-05-03,Office Supplies,North,2479.53,500.59,0.37,7225,2025-05,20.18890676862147
2025-08-29,Home,East,2735.09,121.85,0.26,1094,2025-08,4.455063635931541
2024-09-16,Clothing,West,3477.17,541.31,0.17,8176,2024-09,15.567544871260248
2025-06-02,Office Supplies,North,3055.66,300.71,0.08,7029,2025-06,9.841081795749528
2025-10-07,Clothing,West,2785.02,405.34,0.16,7194,2025-10,14.554294044567003
2024-07-08,Clothing,West,768.48,172.36,0.06,1393,2024-07,22.42869040183219
2025-12-04,Clothing,South,1906.82,68.34,0.39,3675,2025-12,3.5839775122979622
2025-09-01,Office Supplies,East,2067.45,163.88,0.32,1579,2025-09,7.926672954605916
2024-09-29,Office Supplies,East,3276.62,563.51,0.09,2295,2024-09,17.197905158364414
2025-06-29,Electronics,West,1643.12,171.32,0.08,7015,2025-06,10.426505672135937
2025-09-06,Clothing,South,3550.05,372.52,0.15,1192,2025-09,10.493373332769961
2024-07-31,Clothing,East,2310.34,94.43,0.3,1925,2024-07,4.087277197295636
2025-04-15,Furniture,West,3240.78,212.29,0.33,2496,2025-04,6.550583501502724
2025-08-26,Furniture,East,3447.76,267.36,0.06,6430,2025-08,7.75460008817319
2024-12-10,Furniture,South,2169.17,401.79,0.0,6650,2024-12,18.522752942369664
2024-04-24,Furniture,West,3503.81,511.18,0.33,3339,2024-04,14.589261404014486
2024-04-17,Home,West,4474.11,627.88,0.0,1820,2024-04,14.033629034601297
2025-07-11,Clothing,East,2743.64,114.22,0.28,8777,2025-07,4.163082620168828
2024-04-10,Office Supplies,East,3236.37,227.54,0.14,4850,2024-04,7.0307165126360704
2025-03-31,Office Supplies,South,298.61,50.52,0.39,6095,2025-03,16.91838853353873
2024-05-11,Clothing,South,1591.93,222.81,0.24,1323,2024-05,13.996218426689616
2024-05-01,Office Supplies,West,4541.51,810.39,0.15,1369,2024-05,17.84406507967614
2024-03-29,Furniture,South,1644.56,11.75,0.36,1160,2024-03,0.7144768205477453
2024-09-04,Clothing,East,1582.41,167.59,0.26,3103,2024-09,10.590807692064635
2025-08-02,Clothing,North,3386.94,186.95,0.3,5650,2025-08,5.519731675199442
2025-06-24,Electronics,West,2276.15,130.76,0.21,2861,2025-06,5.744788348746787
2025-01-04,Clothing,North,1490.85,96.38,0.36,6603,2025-01,6.464768420699602
2024-08-31,Home,South,1881.87,57.15,0.31,3057,2024-08,3.036872897702817
2024-03-15,Home,East,4105.05,211.81,0.16,7912,2024-03,5.159742268669079
2024-10-19,Home,North,1681.64,146.42,0.2,1036,2024-10,8.706976522918103
2024-03-07,Home,West,3087.77,656.69,0.1,2288,2024-03,21.267451915136167
2024-09-22,Electronics,West,950.13,82.4,0.14,7600,2024-09,8.672497447717681
2025-04-08,Office Supplies,South,2232.76,31.73,0.32,3530,2025-04,1.4211110912055034
2025-07-03,Furniture,West,1482.36,257.77,0.39,5442,2025-07,17.389163226206858
2025-05-14,Electronics,South,3067.92,406.48,0.25,5839,2025-05,13.24936764974315
2025-08-11,Clothing,East,1692.96,59.27,0.21,7519,2025-08,3.5009687175125226
2025-06-06,Home,West,3797.19,349.28,0.09,4962,2025-06,9.198380907987222
2024-04-07,Furniture,East,4547.96,491.35,0.39,8243,2024-04,10.803744975769357
2024-11-10,Home,West,4838.24,216.67,0.24,5510,2024-11,4.478281358510533
2024-02-29,Clothing,West,1494.93,147.97,0.12,4631,2024-02,9.898122320108634
2025-04-25,Clothing,North,903.46,56.22,0.17,2990,2025-04,6.22274367431873
2025-05-13,Furniture,West,448.55,25.75,0.18,1840,2025-05,5.740720098093858
2025-04-15,Office Supplies,South,4574.55,211.68,0.15,8134,2025-04,4.6273403941371285
2024-12-16,Electronics,North,3375.04,417.34,0.03,1620,2024-12,12.365483075756138
2025-01-09,Furniture,South,2635.69,127.3,0.29,3163,2025-01,4.829854800830144
2024-04-12,Furniture,South,1212.09,120.02,0.23,4839,2024-04,9.901904974053084
2025-06-21,Home,West,4361.05,373.69,0.07,2839,2025-06,8.568807970557549
2024-02-27,Electronics,East,630.4,128.67,0.37,4704,2024-02,20.410850253807105
2025-11-07,Furniture,North,807.4,86.8,0.04,2819,2025-11,10.750557344562795
2025-05-02,Home,West,2080.36,419.5,0.24,6842,2025-05,20.16477917283547
2025-08-06,Furniture,South,4502.61,199.73,0.39,5077,2025-08,4.435871638893886
2025-02-16,Furniture,West,2484.07,467.68,0.32,6557,2025-02,18.82716670625224
2025-10-01,Clothing,South,2036.68,193.83,0.13,5508,2025-10,9.516958972445352
2024-03-20,Electronics,North,2047.82,186.77,0.25,7359,2024-03,9.120430506587494
2024-12-23,Home,North,3513.04,85.78,0.24,1697,2024-12,2.4417598433265777
2024-08-12,Office Supplies,West,4902.76,398.8,0.27,3208,2024-08,8.134193801042677
2024-06-01,Home,West,289.87,65.02,0.22,6966,2024-06,22.43074481664194
2024-10-13,Home,South,1547.69,142.29,0.33,6359,2024-10,9.193701581065975
2025-12-03,Electronics,South,1264.64,144.03,0.25,6089,2025-12,11.38901189271255
2024-09-06,Office Supplies,South,156.23,3.36,0.31,2069,2024-09,2.1506752864366643
2025-06-12,Furniture,North,2690.87,199.67,0.33,7745,2025-06,7.420276713479283
2024-09-09,Furniture,North,333.7,24.49,0.01,6102,2024-09,7.338927180101888
2025-02-02,Clothing,East,1475.32,112.98,0.14,4903,2025-02,7.657999620421332
2025-12-21,Home,South,1785.43,421.05,0.19,5295,2025-12,23.58255434265135
2025-07-31,Home,West,3965.09,152.58,0.22,3347,2025-07,3.8480841544580326
2025-10-16,Office Supplies,East,643.8,51.08,0.05,3662,2025-10,7.934141037589313
2024-09-02,Electronics,East,1175.59,77.07,0.11,3819,2024-09,6.555857059008669
2025-01-29,Electronics,South,4904.78,1027.83,0.25,7614,2025-01,20.955679969336035
2025-03-17,Furniture,West,3810.55,301.65,0.4,5103,2025-03,7.916180078991221
2024-11-30,Home,North,1643.11,347.87,0.26,1565,2024-11,21.171437091856298
2024-05-04,Clothing,West,3924.38,1014.58,0.05,3984,2024-05,25.853255800916326
2025-07-20,Electronics,West,160.66,12.49,0.25,8588,2025-07,7.774181501307109
2024-02-20,Electronics,East,3696.34,629.37,0.32,8053,2024-02,17.026842768792914
2025-08-10,Furniture,North,3141.62,854.67,0.03,2242,2025-08,27.204754235076173
2024-09-23,Electronics,West,2804.2,537.86,0.32,8708,2024-09,19.180514941872907
2025-03-16,Home,South,190.45,30.85,0.08,1583,2025-03,16.198477290627462
2025-08-31,Home,North,2948.25,257.26,0.07,2082,2025-08,8.725854320359536
2024-03-05,Furniture,South,3782.45,781.22,0.34,5952,2024-03,20.65380903911486
2025-04-03,Electronics,North,2749.09,170.79,0.33,8832,2025-04,6.21260126078084
2025-10-05,Home,North,2455.73,386.77,0.37,7799,2025-10,15.74969560985939
2024-12-05,Home,West,1729.54,426.33,0.09,6018,2024-12,24.649906911664374
2024-04-18,Clothing,West,1747.6,72.5,0.21,8970,2024-04,4.14854657816434
2025-10-20,Home,South,4444.0,145.11,0.2,4844,2025-10,3.2653015301530157
2025-09-29,Home,South,1689.84,348.29,0.13,7921,2025-09,20.610827060550115
2025-04-14,Electronics,West,4487.24,9.25,0.35,8853,2025-04,0.20614007719667324
2024-10-15,Clothing,East,523.41,75.59,0.0,2741,2024-10,14.441833361991558
2025-12-15,Office Supplies,West,201.75,50.33,0.03,1398,2025-12,24.946716232961585
2024-01-07,Clothing,South,1303.59,300.95,0.16,7198,2024-01,23.086246442516437
2025-11-22,Clothing,South,2341.24,101.09,0.27,6097,2025-11,4.317797406502537
2024-03-20,Furniture,East,4270.55,1137.62,0.0,7758,2024-03,26.63872334945147
2025-11-24,Office Supplies,East,2210.11,60.56,0.38,5513,2025-11,2.7401351063974193
2025-05-29,Electronics,South,4132.43,436.22,0.08,5776,2025-05,10.556016677838462
2025-09-17,Furniture,South,4871.01,165.01,0.35,8323,2025-09,3.387593127503331
2024-01-27,Clothing,West,2389.17,400.64,0.28,2689,2024-01,16.76900346145314
2025-07-25,Home,North,2407.4,100.6,0.26,8080,2025-07,4.178782088560272
2024-10-03,Electronics,South,1818.72,178.62,0.34,6189,2024-10,9.821192926893639
2025-05-24,Furniture,West,3600.62,538.74,0.1,8488,2025-05,14.962423138237305
2025-03-14,Clothing,North,4648.9,171.55,0.21,6809,2025-03,3.6901202434984626
2024-02-16,Office Supplies,North,2250.31,127.99,0.32,4014,2024-02,5.6876608111771265
2024-05-25,Electronics,East,2827.24,355.75,0.33,2578,2024-05,12.582943082299348
2024-02-03,Furniture,East,1577.09,48.71,0.23,2021,2024-02,3.0885998896702156
2024-12-01,Electronics,South,492.71,19.63,0.38,4760,2024-12,3.9840880030849792
2024-02-03,Electronics,South,1809.62,106.8,0.16,8272,2024-02,5.901791536344647
2025-05-07,Furniture,East,3964.99,342.08,0.04,3067,2025-05,8.627512301418163
2025-09-22,Electronics,North,2905.09,412.3,0.16,4372,2025-09,14.192331390765862
2025-03-20,Furniture,North,1837.84,202.75,0.22,8919,2025-03,11.031972315326687
2024-08-31,Furniture,East,2283.66,466.84,0.21,5649,2024-08,20.442622807248014
2024-06-01,Home,East,4052.94,996.4,0.01,4164,2024-06,24.58462252093542
2024-07-27,Furniture,South,4917.67,797.28,0.09,6512,2024-07,16.212555946210298
2024-03-27,Home,East,1477.72,191.15,0.28,5609,2024-03,12.935468153642097
2025-11-01,Home,North,2510.82,411.28,0.31,1256,2025-11,16.380306035478448
2025-08-19,Clothing,West,963.59,225.62,0.11,6316,2025-08,23.414522774208947
2024-12-30,Home,East,3188.46,643.28,0.33,7775,2024-12,20.17525702063065
2024-08-04,Furniture,North,3507.61,334.14,0.03,6620,2024-08,9.526144582778587
2025-12-04,Electronics,East,1492.84,6.93,0.37,8399,2025-12,0.4642158570241955
2024-03-30,Electronics,East,404.64,58.99,0.13,7009,2024-03,14.57839066824832
2025-12-21,Office Supplies,North,1456.75,186.24,0.03,1374,2025-12,12.784623305302901
2024-07-22,Office Supplies,East,739.56,3.76,0.38,6570,2024-07,0.5084104061874628
2024-01-09,Home,North,3277.76,288.84,0.33,7795,2024-01,8.812115591135408
2024-11-13,Clothing,West,2651.79,404.68,0.19,7406,2024-11,15.260635269006972
2025-07-14,Office Supplies,East,4316.23,680.65,0.31,3927,2025-07,15.769548888729284
2025-06-24,Office Supplies,South,3893.44,948.25,0.15,5902,2025-06,24.355069039204405
2025-05-30,Electronics,South,194.1,19.84,0.32,3582,2025-05,10.221535291087068
2024-05-14,Furniture,East,3533.71,395.37,0.26,8375,2024-05,11.188524242227007
2025-05-04,Clothing,South,2767.24,175.65,0.34,3384,2025-05,6.347479799366878
2024-01-12,Home,East,1922.07,445.56,0.1,6820,2024-01,23.181257706535146
2025-10-25,Office Supplies,South,4295.98,900.11,0.07,2914,2025-10,20.952378735468976
2025-08-30,Office Supplies,West,860.47,202.03,0.01,1259,2025-08,23.479028902808928
2024-05-07,Clothing,North,412.36,23.21,0.21,1604,2024-05,5.628576971578233
2024-10-12,Home,West,3707.44,631.7,0.11,2122,2024-10,17.038711347992148
2024-02-23,Electronics,South,1557.08,153.48,0.22,2436,2024-02,9.856911655149382
2024-11-14,Home,East,2376.27,312.64,0.31,6705,2024-11,13.156754072559092
2025-07-03,Office Supplies,West,552.57,93.41,0.1,1839,2025-07,16.90464556526775
2025-04-09,Clothing,South,1765.02,5.34,0.4,4409,2025-04,0.3025461467858721
2024-10-15,Clothing,North,1429.39,298.57,0.32,2122,2024-10,20.887931215413566
2024-11-04,Clothing,East,1460.52,349.2,0.16,1324,2024-11,23.909292580724674
2025-05-31,Clothing,East,3063.2,535.95,0.11,5188,2025-05,17.49640898406895
2025-07-04,Electronics,North,499.77,99.89,0.31,2075,2025-07,19.987194109290275
2025-12-21,Office Supplies,East,3392.59,356.08,0.0,7986,2025-12,10.495815881082004
2025-02-06,Home,North,2163.04,175.4,0.32,7309,2025-02,8.108957763148164
2024-04-27,Home,South,1225.03,304.11,0.04,3469,2024-04,24.824698170657047
2024-12-28,Furniture,East,4408.7,481.21,0.01,4203,2024-12,10.91500895955724
2024-02-26,Clothing,East,2802.3,57.57,0.29,4209,2024-02,2.054383898940156
2025-06-06,Electronics,North,3462.77,224.8,0.18,3797,2025-06,6.491912544003789
2024-02-06,Furniture,South,3835.34,633.16,0.03,1944,2024-02,16.50857551090646
2025-12-11,Electronics,East,4248.18,47.22,0.37,7629,2025-12,1.1115348219708203
2024-07-09,Furniture,North,2099.5,486.64,0.23,5622,2024-07,23.178852107644676
2024-07-30,Clothing,North,1040.47,164.44,0.35,5592,2024-07,15.804396090228453
2025-08-16,Electronics,South,853.85,54.8,0.15,1848,2025-08,6.41798910815717
2025-09-14,Clothing,North,3645.58,186.43,0.33,7123,2025-09,5.113863911915251
2024-12-16,Office Supplies,West,651.67,59.51,0.03,1058,2024-12,9.131922598861388
2025-01-23,Office Supplies,West,4272.16,630.56,0.3,2082,2025-01,14.759746825961573
2025-03-30,Office Supplies,North,1819.27,362.09,0.26,3394,2025-03,19.903038031738003
2025-06-07,Home,South,870.13,52.2,0.19,4010,2025-06,5.999103582223346
2025-02-18,Furniture,South,3020.83,343.24,0.12,2829,2025-02,11.362440124071862
2024-05-04,Clothing,North,4857.6,686.38,0.39,5159,2024-05,14.13002305665349
2024-08-21,Furniture,North,4251.19,3.98,0.36,5949,2024-08,0.09362084498693309
2025-07-30,Furniture,South,2568.68,477.16,0.13,3533,2025-07,18.576077985580145
2024-06-26,Home,East,3699.44,101.9,0.31,5893,2024-06,2.7544709469541337
2024-08-22,Home,West,891.36,34.03,0.22,2259,2024-08,3.817761622688925
2025-12-24,Furniture,West,4638.85,1093.55,0.16,5346,2025-12,23.573730558220245
2025-12-11,Clothing,East,3583.55,549.25,0.21,8575,2025-12,15.326980229102425
2024-09-24,Clothing,North,2437.76,577.12,0.14,6280,2024-09,23.674192701496455
2025-01-12,Clothing,West,4901.37,381.94,0.4,3922,2025-01,7.792515153926351
2025-05-01,Electronics,East,3712.0,776.15,0.09,3931,2025-05,20.909213362068964
2025-11-29,Home,East,4840.68,848.79,0.34,3750,2025-11,17.53451994347901
2025-10-07,Office Supplies,West,334.76,35.84,0.3,4616,2025-10,10.706177560043017
2024-03-25,Clothing,North,4502.22,402.5,0.18,7076,2024-03,8.940034027657466
2024-11-23,Furniture,North,3902.83,766.01,0.29,2184,2024-11,19.62703986594343
2025-05-23,Clothing,South,4622.43,466.23,0.3,5101,2025-05,10.086253334285214
2025-11-26,Office Supplies,East,3991.57,428.76,0.08,2089,2025-11,10.741638002089402
2024-01-06,Office Supplies,East,309.38,30.47,0.3,1231,2024-01,9.848729717499515
2024-10-02,Furniture,East,252.44,25.09,0.36,3506,2024-10,9.938995404848677
2025-05-21,Clothing,South,4256.42,793.54,0.12,1195,2025-05,18.643366960967196
2025-11-27,Furniture,South,4187.45,636.67,0.24,1031,2025-11,15.204241244671579
2025-09-06,Furniture,East,3287.06,599.3,0.11,3188,2025-09,18.232097984216896
2025-10-03,Clothing,South,4697.83,860.55,0.17,3793,2025-10,18.31803194240745
2025-03-13,Electronics,South,4238.81,202.41,0.17,2676,2025-03,4.775160953192051
2025-12-14,Electronics,East,2831.84,200.73,0.15,2439,2025-12,7.088324199107293
2025-01-11,Furniture,South,2402.82,504.29,0.09,4171,2025-01,20.9874231111777
2025-09-21,Clothing,West,537.97,26.61,0.31,1483,2025-09,4.9463724743015405
2024-12-04,Clothing,South,1168.0,234.78,0.39,1840,2024-12,20.101027397260275
2025-12-01,Clothing,East,1542.06,185.4,0.12,3860,2025-12,12.022878487218398
2025-03-10,Home,East,4839.51,426.28,0.23,5631,2025-03,8.808329768922887
2025-11-08,Clothing,North,775.84,116.98,0.27,6476,2025-11,15.077851103320272
2024-12-14,Furniture,South,2737.07,229.6,0.28,6376,2024-12,8.388532262601979
2024-09-01,Furniture,West,3771.83,214.19,0.15,8958,2024-09,5.678675868212512
2024-08-07,Clothing,West,1415.99,137.15,0.12,3694,2024-08,9.685802865839449
2024-06-20,Home,South,2243.56,52.36,0.36,7249,2024-06,2.3337909393998824
2024-05-04,Furniture,South,640.12,86.63,0.06,8971,2024-05,13.533399987502342
2025-11-02,Office Supplies,East,2280.62,200.72,0.3,5338,2025-11,8.801115486139734
2025-10-14,Home,West,4760.04,1121.82,0.07,8695,2025-10,23.567449013033503
2024-08-06,Electronics,South,525.67,103.71,0.27,3820,2024-08,19.72910761504366
2025-04-26,Electronics,North,3754.03,667.8,0.21,8045,2025-04,17.788882880531055
2025-05-01,Office Supplies,West,4613.59,908.16,0.12,2547,2025-05,19.68445397185272
2025-03-11,Office Supplies,East,4888.02,460.09,0.19,4041,2025-03,9.412604694743473
2024-02-26,Office Supplies,East,633.0,27.32,0.16,5570,2024-02,4.315955766192733
2025-01-09,Electronics,South,775.81,129.9,0.14,1894,2025-01,16.74379036104201
2024-05-03,Home,North,2847.49,190.79,0.24,1470,2024-05,6.7002869193570485
2025-11-07,Clothing,South,1930.98,345.24,0.04,3832,2025-11,17.879004443339653
2024-11-09,Home,East,228.33,15.16,0.07,1406,2024-11,6.63951298559103
2024-11-02,Office Supplies,East,846.34,115.82,0.15,2332,2024-11,13.684807524162865
2025-09-02,Home,South,3947.82,119.31,0.4,6092,2025-09,3.0221742632642825
2025-11-21,Home,East,3704.05,570.18,0.34,6753,2025-11,15.393420715163131
2025-09-19,Electronics,East,400.27,72.15,0.23,7920,2025-09,18.025332900292305
2024-03-04,Furniture,East,283.58,54.61,0.22,3323,2024-03,19.2573524225968
2024-02-02,Office Supplies,East,478.8,40.62,0.14,6794,2024-02,8.483709273182956
2025-01-22,Furniture,East,333.78,55.21,0.06,4620,2025-01,16.540835280723833
2024-03-19,Clothing,East,2093.24,97.3,0.37,4062,2024-03,4.648296420859529
2025-06-22,Clothing,North,2269.75,622.36,0.01,4151,2025-06,27.419759885449942
2024-06-28,Office Supplies,North,3533.01,293.55,0.13,8245,2024-06,8.308779199606002
2024-09-03,Furniture,North,4863.9,199.61,0.19,3118,2024-09,4.103908386274389
2025-10-05,Clothing,North,4567.34,252.81,0.24,2707,2025-10,5.535169267013185
2025-08-21,Electronics,West,4222.71,904.03,0.12,5088,2025-08,21.40876356652481
2024-07-10,Electronics,South,2798.48,642.73,0.14,7081,2024-07,22.967110717246506
2025-08-02,Furniture,South,2806.3,265.82,0.06,5295,2025-08,9.472258846167552
2025-08-01,Clothing,East,548.21,146.84,0.03,6930,2025-08,26.785355976724247
2025-10-18,Office Supplies,West,1635.13,236.09,0.09,8625,2025-10,14.438607327857722
2024-12-29,Electronics,West,2857.61,343.15,0.39,2428,2024-12,12.008286645133518
2025-03-20,Electronics,South,2997.88,124.46,0.3,5252,2025-03,4.151600464328125
2024-03-17,Home,West,2223.92,397.38,0.17,6664,2024-03,17.86844850534192
2025-11-08,Furniture,North,2850.67,666.39,0.01,8622,2025-11,23.37660970929641
2024-04-09,Office Supplies,North,459.56,19.16,0.32,2680,2024-04,4.169205326834363
2024-04-04,Office Supplies,East,1985.83,151.07,0.11,1516,2024-04,7.6073984177900424
2025-12-26,Office Supplies,East,4969.42,978.69,0.16,2654,2025-12,19.69425003320307
2024-09-05,Office Supplies,East,3881.31,175.57,0.15,8215,2024-09,4.523472745026807
2025-05-09,Electronics,East,4318.99,148.09,0.38,3332,2025-05,3.428810902548976
2024-11-17,Furniture,East,2717.03,273.99,0.01,5307,2024-11,10.084172791614373
2025-02-19,Clothing,South,4457.84,448.73,0.09,2083,2025-02,10.066085817346519
2025-10-24,Clothing,North,3991.4,419.88,0.31,6679,2025-10,10.5196171769304
2025-09-10,Furniture,East,2580.86,209.89,0.14,3223,2025-09,8.132560464341342
2025-08-29,Clothing,North,3987.83,852.3,0.18,7964,2025-08,21.37252591008142
2024-03-14,Office Supplies,North,210.54,38.03,0.3,5408,2024-03,18.063075900066497
2024-03-13,Home,West,1552.56,185.15,0.37,5729,2024-03,11.92546503838821
2025-03-24,Electronics,West,2205.29,22.21,0.37,7228,2025-03,1.0071237796389592
2025-05-07,Clothing,North,775.84,124.12,0.06,2422,2025-05,15.998143947205609
2024-05-02,Furniture,North,3587.11,774.92,0.07,5584,2024-05,21.602905960508597
2024-04-19,Electronics,West,2644.63,295.03,0.37,3046,2024-04,11.15581385675879
2024-01-08,Clothing,East,4277.2,579.95,0.34,3857,2024-01,13.55910408678575
2025-10-10,Home,East,1110.52,160.66,0.22,5448,2025-10,14.467096495335518
2025-09-18,Clothing,South,4203.24,536.14,0.2,8139,2025-09,12.75539821661385
2024-12-24,Electronics,West,742.76,72.51,0.02,7992,2024-12,9.76223813883354
2024-03-27,Office Supplies,South,4392.48,102.94,0.3,1986,2024-03,2.3435507959057302
2024-06-06,Furniture,North,1435.31,185.26,0.22,4329,2024-06,12.907316189533969
2024-11-07,Home,South,1919.55,136.26,0.23,8260,2024-11,7.0985387200125025
2025-12-09,Clothing,East,3809.93,779.11,0.19,4791,2025-12,20.449457076639206
2025-03-18,Office Supplies,East,4606.46,542.81,0.21,7754,2025-03,11.783669021330914
2025-11-04,Electronics,West,1440.02,102.81,0.32,4645,2025-11,7.139484173830919
2024-08-26,Home,West,3360.83,482.49,0.3,4833,2024-08,14.356275086808914
2024-12-18,Electronics,East,1391.5,168.2,0.2,7271,2024-12,12.087675170679123
2025-01-13,Office Supplies,West,935.77,182.77,0.15,4492,2025-01,19.531508810925764
2025-10-12,Office Supplies,South,4421.85,302.85,0.25,2313,2025-10,6.848943315580583
2024-03-01,Electronics,East,4327.17,928.03,0.26,4871,2024-03,21.44658055958051
2024-01-23,Office Supplies,North,960.67,176.88,0.32,1724,2024-01,18.412149853747906
2025-03-22,Furniture,East,3965.84,930.95,0.15,3374,2025-03,23.474219837411496
2024-11-09,Home,East,4674.39,354.54,0.36,1500,2024-11,7.5847329812018245
2025-10-26,Office Supplies,East,2610.69,278.18,0.29,7979,2025-10,10.655420597619786
2024-10-14,Furniture,West,4696.47,961.32,0.19,1296,2024-10,20.468990539703224
2024-03-25,Clothing,North,1616.37,19.21,0.34,4970,2024-03,1.1884655122280172
2025-06-22,Electronics,North,347.27,37.39,0.21,8981,2025-06,10.766838483024737
2024-01-16,Furniture,North,674.46,121.32,0.2,5765,2024-01,17.987723512143045
2025-04-04,Clothing,North,3669.66,706.24,0.0,8389,2025-04,19.24537968095137
2025-07-23,Electronics,North,185.14,19.21,0.26,8051,2025-07,10.375931727341472
2024-02-29,Electronics,North,4404.93,808.74,0.19,6225,2024-02,18.35988313094646
2024-01-06,Home,South,350.44,66.9,0.25,8997,2024-01,19.090286496975235
2024-11-04,Electronics,North,2079.98,98.09,0.27,2173,2024-11,4.715910729910864
2024-04-20,Office Supplies,South,2697.88,291.61,0.25,1974,2024-04,10.80885732501075
2025-09-21,Clothing,South,4717.16,895.92,0.29,5988,2025-09,18.992783793638544
2025-11-28,Furniture,South,1858.99,214.34,0.05,2936,2025-11,11.529916782769138
2024-04-14,Office Supplies,East,4809.33,818.53,0.03,1647,2024-04,17.019626434451368
2025-01-20,Clothing,West,1841.88,180.0,0.05,2449,2025-01,9.772623623688839
2024-09-27,Clothing,South,4623.98,941.05,0.01,3967,2024-09,20.351515361225612
2025-02-23,Electronics,East,917.77,43.92,0.2,6102,2025-02,4.78551271015614
2025-05-23,Home,East,704.7,93.4,0.07,8503,2025-05,13.253866893713637
2025-06-01,Clothing,East,3668.78,423.66,0.09,1427,2025-06,11.547707957413635
2025-04-23,Clothing,South,3752.13,662.67,0.25,4743,2025-04,17.661168456316812
2025-12-23,Electronics,North,3522.07,349.28,0.28,1643,2025-12,9.916895462043627
2024-03-24,Home,North,4609.6,961.22,0.1,7675,2024-03,20.852568552585907
2024-09-18,Electronics,South,2877.51,379.17,0.18,8970,2024-09,13.177017629825786
2025-04-20,Electronics,North,1279.71,219.11,0.27,8240,2025-04,17.121847918669076
2024-05-29,Office Supplies,North,2113.3,428.22,0.27,4345,2024-05,20.263095632423223
2025-09-18,Home,North,2888.02,415.28,0.38,4064,2025-09,14.379401804696643
2024-12-06,Electronics,West,2277.43,518.4,0.06,3370,2024-12,22.762499835340712
2025-10-08,Clothing,North,3374.47,62.48,0.28,6572,2025-10,1.8515500211885125
2025-09-26,Home,South,4520.85,971.18,0.02,6505,2025-09,21.48224338343453
2025-10-24,Home,East,4381.45,864.27,0.1,4225,2025-10,19.72566159604697
2025-09-10,Office Supplies,South,4550.08,1150.51,0.03,2703,2025-09,25.28548948589915
2024-11-21,Office Supplies,South,2166.62,253.06,0.27,6289,2024-11,11.679943875714246
2024-11-04,Furniture,West,655.73,86.27,0.05,7117,2024-11,13.156329586872644
2024-08-21,Electronics,East,1966.72,440.38,0.21,6492,2024-08,22.391596160104132
2024-09-12,Electronics,East,2356.26,305.21,0.25,3608,2024-09,12.953154575471295
2025-12-06,Clothing,South,1184.32,141.91,0.01,2002,2025-12,11.982403404485273
2025-01-03,Clothing,North,2747.18,246.66,0.06,5728,2025-01,8.978661754963271
2025-10-14,Clothing,East,543.55,101.48,0.15,2630,2025-10,18.669855579063565
2024-09-26,Home,West,2872.27,130.48,0.31,7439,2024-09,4.542748418498261
2025-10-31,Office Supplies,North,3445.15,877.6,0.04,8965,2025-10,25.4734917202444
2025-10-28,Electronics,South,3586.48,472.61,0.12,6613,2025-10,13.177544556222257
2025-06-20,Clothing,West,2932.13,512.45,0.34,2524,2025-06,17.477055928625266
2025-05-19,Clothing,North,3987.31,626.94,0.23,6791,2025-05,15.723382430761593
2025-02-05,Home,South,2792.2,53.49,0.34,6279,2025-02,1.9156937182150275
2025-10-19,Office Supplies,South,837.07,101.47,0.24,5311,2025-10,12.122044751335013
2025-05-24,Office Supplies,South,770.06,38.39,0.39,4471,2025-05,4.985325818767369
2025-05-31,Furniture,North,4902.21,436.62,0.03,2431,2025-05,8.906595188700607
2024-07-25,Furniture,West,3480.14,702.76,0.17,5436,2024-07,20.19344049377324
2025-10-29,Clothing,North,3745.53,546.81,0.02,5435,2025-10,14.59900201039639
2025-08-09,Furniture,East,4919.26,417.31,0.08,6494,2025-08,8.483186495529814
2024-09-15,Furniture,East,2244.35,342.66,0.25,6168,2024-09,15.267672154521355
2024-12-01,Furniture,South,2348.46,459.76,0.11,1550,2024-12,19.577084557539834
2024-12-02,Clothing,North,4626.44,316.79,0.09,4651,2024-12,6.847381572007852
2025-09-23,Electronics,West,3198.03,443.64,0.3,4775,2025-09,13.872290128610423
2025-05-14,Furniture,East,1780.56,180.56,0.39,4239,2025-05,10.140629914184302
2025-12-09,Office Supplies,East,1169.05,52.69,0.24,8287,2025-12,4.507078396989008
2025-05-15,Home,South,3879.2,239.08,0.09,6657,2025-05,6.163126417818107
2024-10-05,Clothing,East,2194.55,204.87,0.21,5683,2024-10,9.335399056754232
2024-08-14,Clothing,West,341.03,78.06,0.1,4864,2024-08,22.889481863765653
2025-11-28,Electronics,West,4932.76,221.66,0.27,4902,2025-11,4.493630340823393
2025-10-14,Clothing,South,372.09,20.18,0.14,6820,2025-10,5.423419065279906
2025-03-31,Furniture,North,4978.74,1035.31,0.19,4676,2025-03,20.794618718792304
2024-02-11,Clothing,South,1257.4,274.56,0.04,3901,2024-02,21.83553364084619
2024-09-11,Clothing,North,3444.11,100.09,0.34,4659,2024-09,2.9061208846407345
2025-05-25,Clothing,South,1253.14,140.54,0.22,7907,2025-05,11.215027850040697
2024-09-04,Office Supplies,East,1734.13,441.68,0.01,5681,2024-09,25.469832134845717
2024-09-03,Home,North,4747.07,973.89,0.32,5240,2024-09,20.515602255707204
2024-11-16,Electronics,North,1680.51,237.21,0.27,7376,2024-11,14.11535783779924
2024-02-12,Furniture,West,4800.14,732.16,0.16,6129,2024-02,15.252888457419992
2024-06-27,Furniture,East,4894.52,886.1,0.39,4203,2024-06,18.10392030270588
2024-09-26,Home,North,2252.16,473.11,0.17,3339,2024-09,21.006944444444446
2024-08-04,Furniture,North,1163.93,43.37,0.4,3868,2024-08,3.726169099516294
2025-03-30,Office Supplies,West,3654.18,896.52,0.12,2058,2025-03,24.534095200564835
2025-10-10,Office Supplies,North,880.9,66.82,0.3,3463,2025-10,7.585423998183676
2024-07-04,Electronics,South,3765.54,78.23,0.31,8340,2024-07,2.0775240735724494
2025-02-24,Furniture,South,4053.88,715.03,0.39,1897,2025-02,17.63816393183814
2024-11-01,Home,South,2366.75,97.49,0.34,5354,2024-11,4.11915073412908
2024-12-07,Clothing,East,3107.71,650.21,0.1,5858,2024-12,20.922479896772867
2025-07-07,Clothing,West,524.37,104.48,0.22,3173,2025-07,19.924862215611114
2024-12-22,Office Supplies,West,1600.11,187.41,0.05,3192,2024-12,11.712319778015262
2024-07-30,Furniture,North,2449.63,400.06,0.31,8458,2024-07,16.331445973473542
2025-03-29,Furniture,East,4904.25,1238.53,0.12,1260,2025-03,25.254218280063213
2024-04-19,Home,West,2028.63,247.5,0.14,8928,2024-04,12.200351961668712
2024-03-21,Furniture,East,2028.92,415.58,0.23,7966,2024-03,20.482818445281232
2024-05-22,Electronics,West,1961.76,220.12,0.07,4788,2024-05,11.220536660957507
2024-03-15,Furniture,East,4916.74,737.45,0.4,5831,2024-03,14.998759340538651
2024-01-28,Electronics,West,3390.66,572.82,0.32,3900,2024-01,16.89405602449081
2025-12-13,Office Supplies,West,1328.77,192.81,0.1,6262,2025-12,14.5104118846753
2025-02-16,Furniture,East,267.78,44.0,0.3,4301,2025-02,16.43139890955262
2025-07-20,Electronics,West,2852.93,450.64,0.17,6271,2025-07,15.795690746004984
2025-03-07,Clothing,South,3050.23,240.2,0.33,4791,2025-03,7.874815997482157
2024-04-03,Home,East,2768.51,656.5,0.11,5090,2024-04,23.713116441696073
2025-02-02,Furniture,West,1015.92,240.59,0.16,6894,2025-02,23.68198283329396
2025-09-23,Furniture,West,2488.65,88.91,0.19,4121,2025-09,3.5726196934080723
2024-03-08,Clothing,North,244.01,22.55,0.13,8847,2024-03,9.241424531781485
2024-10-22,Electronics,South,3484.33,514.93,0.27,2371,2024-10,14.778450950397923
2025-07-28,Office Supplies,South,849.86,223.38,0.04,4811,2025-07,26.284329183630245
2024-10-14,Clothing,East,4195.71,195.52,0.36,7349,2024-10,4.659997950287317
2024-12-27,Furniture,North,4556.2,806.53,0.39,1106,2024-12,17.701812914270665
2025-02-23,Clothing,West,3310.36,414.35,0.36,6950,2025-02,12.516765548157904
2024-11-18,Office Supplies,North,3872.54,721.83,0.05,6052,2024-11,18.6397041734882
2024-11-11,Furniture,West,1688.44,215.51,0.37,5554,2024-11,12.763853024093244
2025-11-20,Clothing,North,3029.47,323.41,0.11,8798,2025-11,10.675464685241973
2024-01-25,Home,South,538.59,26.89,0.3,1219,2024-01,4.9926660353887
2024-09-29,Electronics,North,1967.09,325.12,0.3,4550,2024-09,16.527967708645765
2024-01-31,Clothing,West,2455.67,312.17,0.37,2296,2024-01,12.712212960210453
2025-03-26,Home,East,1294.32,326.32,0.07,4186,2025-03,25.211694171456827
2024-08-27,Office Supplies,East,2719.75,466.88,0.02,5953,2024-08,17.166283665778103
2024-05-03,Office Supplies,East,2434.8,40.53,0.36,8596,2024-05,1.664613109906358
2024-02-10,Office Supplies,South,2045.45,460.06,0.17,8346,2024-02,22.491872204160455
2025-12-30,Office Supplies,South,3123.18,709.92,0.26,3337,2025-12,22.730678347069333
2024-10-01,Electronics,West,1403.14,170.5,0.08,1347,2024-10,12.151317758741108
2024-11-22,Office Supplies,North,3400.99,866.03,0.09,6534,2024-11,25.464056054266553
2025-12-03,Furniture,East,2303.23,292.18,0.05,4234,2025-12,12.685663177363962
2025-04-28,Furniture,East,163.58,17.08,0.19,6237,2025-04,10.441374251130943
2025-05-18,Electronics,East,3025.3,157.7,0.31,6451,2025-05,5.212706177899712
2024-03-02,Electronics,East,3628.88,270.9,0.21,8097,2024-03,7.4651132029717155
2025-08-15,Clothing,North,1241.39,82.48,0.09,3147,2025-08,6.644165008579092
2024-04-16,Clothing,North,2682.58,241.57,0.17,5595,2024-04,9.005136845872256
2025-06-30,Furniture,East,1683.26,282.49,0.28,3586,2025-06,16.782315269180046
2025-11-17,Office Supplies,North,982.39,115.19,0.35,7924,2025-11,11.725485805026517
2024-12-23,Electronics,North,4484.97,763.6,0.09,1722,2024-12,17.025754910289255
2024-05-31,Electronics,South,2200.82,134.39,0.4,3185,2024-05,6.106360356594359
2025-03-19,Office Supplies,North,926.88,161.17,0.33,7051,2025-03,17.388442948385983
2025-12-02,Clothing,West,202.35,48.83,0.17,2496,2025-12,24.131455399061032
2024-12-05,Home,East,1765.61,147.43,0.1,4674,2024-12,8.350088637921173
2025-09-10,Home,West,2236.37,209.99,0.4,3173,2025-09,9.389770029109675
2025-12-16,Office Supplies,South,3779.36,521.33,0.24,8700,2025-12,13.794134456627576
2024-12-31,Home,West,4942.78,759.96,0.17,8381,2024-12,15.375153253836912
2025-06-04,Furniture,East,1275.73,131.67,0.23,1161,2025-06,10.321149459525133
2024-09-03,Office Supplies,South,529.4,81.21,0.27,3674,2024-09,15.340007555723458
2024-10-01,Home,South,4210.64,767.67,0.15,2016,2024-10,18.231670244903388
2024-02-06,Office Supplies,East,2234.73,279.89,0.18,4022,2024-02,12.524555539147904
2024-04-24,Electronics,East,3226.36,227.29,0.28,8165,2024-04,7.0447811155605695
2024-05-12,Home,West,3988.98,816.57,0.23,6346,2024-05,20.470646631469698
2025-06-06,Clothing,North,255.64,25.39,0.39,4910,2025-06,9.931935534345174
2025-12-07,Office Supplies,South,4928.76,417.19,0.39,3283,2025-12,8.464400782346877
2025-08-01,Furniture,South,4765.96,519.34,0.36,1781,2025-08,10.896860233824876
2024-09-11,Clothing,East,4808.61,493.14,0.28,1108,2024-09,10.255354457941069
2024-06-26,Furniture,North,180.23,42.77,0.2,1529,2024-06,23.730788436997173
2025-12-11,Office Supplies,North,3027.86,256.13,0.15,4441,2025-12,8.459109734267766
2024-01-07,Furniture,South,2091.58,446.49,0.24,5295,2024-01,21.347019956205358
2025-04-02,Furniture,South,1026.8,198.42,0.06,3278,2025-04,19.32411375146085
2024-04-15,Office Supplies,West,258.27,43.74,0.21,4624,2024-04,16.935764897200606
2024-02-27,Office Supplies,South,2873.77,696.92,0.16,3143,2024-02,24.251070892938543
2025-01-11,Home,North,772.78,87.39,0.11,4698,2025-01,11.308522477289786
2025-12-23,Furniture,North,3009.1,139.84,0.15,5645,2025-12,4.647236715296933
2025-01-09,Clothing,South,3315.84,320.23,0.1,5754,2025-01,9.657582995560702
2024-01-28,Electronics,North,3785.92,316.69,0.39,1812,2024-01,8.364941678640857
2024-03-25,Electronics,West,4098.82,254.74,0.37,8018,2024-03,6.214959427347384
2024-04-10,Office Supplies,South,598.96,76.48,0.39,1921,2024-04,12.768799252036864
2025-05-06,Office Supplies,North,1936.48,97.47,0.11,2907,2025-05,5.033359497645211
2024-01-10,Furniture,West,1658.06,253.0,0.06,2579,2024-01,15.258796424737344
2024-03-07,Clothing,South,220.21,31.09,0.29,8548,2024-03,14.118341583034374
2024-04-29,Home,North,4641.73,1016.71,0.1,5737,2024-04,21.903686771957872
2024-06-17,Clothing,East,4719.6,896.94,0.16,5709,2024-06,19.004576659038904
2024-03-28,Office Supplies,West,917.57,30.48,0.28,4028,2024-03,3.321817409026014
2024-09-07,Home,North,2176.59,154.82,0.02,7445,2024-09,7.112961099701827
2025-12-24,Electronics,North,1215.51,106.26,0.24,7324,2025-12,8.742009526865267
2024-05-04,Clothing,South,401.25,35.88,0.05,2623,2024-05,8.942056074766356
2024-04-02,Home,North,4569.47,673.74,0.35,8619,2024-04,14.744379545111357
2025-06-16,Electronics,South,2997.94,-19.27,0.39,3191,2025-06,-0.6427747052976377
2025-08-25,Clothing,East,2961.89,669.17,0.16,8218,2025-08,22.592668870214627
2024-04-27,Office Supplies,South,1477.5,338.42,0.22,2526,2024-04,22.904906937394248
2025-02-13,Home,East,4037.68,179.46,0.35,1892,2025-02,4.444631570604902
2025-05-25,Furniture,South,866.98,129.41,0.09,8650,2025-05,14.926526563473205
2024-10-27,Electronics,South,4991.26,1079.71,0.07,8034,2024-10,21.63201275830151
2024-09-03,Home,North,699.37,117.7,0.38,6867,2024-09,16.829432203268656
2024-02-20,Clothing,West,1155.15,236.03,0.25,7470,2024-02,20.43284421936545
2025-04-18,Electronics,West,2770.05,200.12,0.08,5267,2025-04,7.224418331799065
2024-09-05,Furniture,North,3512.85,224.3,0.27,8306,2024-09,6.385128883954624
2025-08-25,Office Supplies,West,1845.73,246.75,0.02,3268,2025-08,13.368694229383497
2025-05-15,Home,North,3754.62,348.54,0.0,1562,2025-05,9.282963389104625
2025-08-24,Office Supplies,North,362.04,42.83,0.16,8407,2025-08,11.830184509998894
2024-05-11,Furniture,South,4158.19,97.44,0.35,3398,2024-05,2.3433272649878916
2025-05-07,Electronics,South,3749.19,563.52,0.29,1079,2025-05,15.030446576460516
2025-05-22,Clothing,West,435.0,46.07,0.29,4857,2025-05,10.59080459770115
2024-07-06,Electronics,North,573.59,32.68,0.29,6195,2024-07,5.697449397653376
2025-08-19,Home,East,4618.02,376.15,0.34,6492,2025-08,8.14526571994058
2025-03-03,Furniture,North,1429.25,187.67,0.25,5517,2025-03,13.130662935105825
2025-03-02,Electronics,West,764.43,88.0,0.1,6306,2025-03,11.511845427311854
2025-05-27,Furniture,East,3783.01,606.51,0.21,6218,2025-05,16.032471497564106
2025-08-21,Office Supplies,South,321.7,53.86,0.34,2695,2025-08,16.742306496736088
2025-02-10,Home,South,3231.08,171.89,0.18,1127,2025-02,5.319893038860071
2025-10-06,Clothing,North,4726.55,782.99,0.18,2729,2025-10,16.565782653309498
2025-12-25,Office Supplies,East,3877.85,585.1,0.24,2177,2025-12,15.088257668553451
2025-09-09,Furniture,East,4357.7,681.5,0.11,5804,2025-09,15.638983867636597
2024-09-24,Office Supplies,North,4209.34,519.33,0.2,8548,2024-09,12.33756360854671
2025-10-09,Electronics,North,1984.43,248.07,0.38,4129,2025-10,12.50081887494142
2024-06-13,Office Supplies,North,1528.42,127.4,0.01,4076,2024-06,8.335405189672995
2024-06-11,Clothing,South,3739.46,762.25,0.07,7028,2024-06,20.383959181272164
2024-06-30,Office Supplies,South,2727.09,541.01,0.03,8977,2024-06,19.838362503621074
2025-04-18,Clothing,South,3427.12,324.03,0.06,3822,2025-04,9.45487756483578
2025-05-04,Clothing,North,4792.58,600.07,0.25,7217,2025-05,12.520813424084732
2024-08-01,Furniture,North,1188.45,77.88,0.34,3753,2024-08,6.5530733308090365
2024-10-26,Electronics,South,186.11,14.07,0.3,1407,2024-10,7.560045134597818
2024-09-28,Clothing,North,2619.2,294.36,0.17,1086,2024-09,11.238546120952964
2024-08-11,Clothing,East,1515.58,105.28,0.35,6820,2024-08,6.946515525409415
2024-01-17,Office Supplies,North,4468.06,807.59,0.14,8338,2024-01,18.074734896129417
2025-06-15,Office Supplies,North,1099.18,61.48,0.27,3436,2025-06,5.593260430502737
2025-04-15,Office Supplies,North,190.2,30.96,0.31,2040,2025-04,16.277602523659308
2024-02-23,Home,North,4799.88,357.32,0.33,8656,2024-02,7.4443527754860535
2024-12-01,Electronics,North,342.06,42.72,0.13,4436,2024-12,12.489037011050693
2024-07-01,Home,South,3153.17,634.42,0.07,8629,2024-07,20.12006964419933
2024-10-16,Home,West,3914.04,781.87,0.16,7402,2024-10,19.9760349919776
2025-03-14,Home,East,344.41,12.01,0.22,5692,2025-03,3.4871229058389708
2024-05-21,Furniture,South,4826.18,751.76,0.1,1839,2024-05,15.576708701291702
2025-05-14,Home,South,4979.66,537.38,0.32,3763,2025-05,10.79149982127294
2024-12-07,Electronics,West,3202.24,253.26,0.07,2960,2024-12,7.908838812831019
2025-04-18,Office Supplies,East,524.41,43.44,0.14,2068,2025-04,8.28359489712248
2024-05-22,Furniture,West,3277.58,650.41,0.12,8889,2024-05,19.844214328864588
2024-03-27,Electronics,West,4678.84,293.31,0.08,2357,2024-03,6.26886151268263
2024-09-10,Office Supplies,East,562.08,101.74,0.35,3378,2024-09,18.100626245374322
2024-05-07,Furniture,East,1659.54,152.11,0.15,3981,2024-05,9.165792930571124
2025-02-19,Office Supplies,North,4108.66,132.21,0.19,1802,2025-02,3.217837445785244
2024-01-02,Home,North,2330.2,210.11,0.29,8817,2024-01,9.016822590335595
2025-01-31,Office Supplies,North,2093.36,94.89,0.37,7525,2025-01,4.5329040394389875
2025-10-26,Clothing,West,1000.93,169.6,0.35,7828,2025-10,16.944241855074782
2024-11-04,Furniture,North,3041.72,38.92,0.34,7036,2024-11,1.2795392080796393
2024-10-22,Office Supplies,East,437.5,24.85,0.25,2058,2024-10,5.680000000000001
2024-10-12,Electronics,East,1035.13,71.43,0.16,2593,2024-10,6.900582535526939
2025-02-06,Clothing,West,473.32,117.89,0.1,8023,2025-02,24.907039634919297
2024-04-16,Furniture,West,3924.12,503.87,0.18,5494,2024-04,12.840331080598963
2025-10-28,Office Supplies,North,2389.33,502.64,0.15,7705,2025-10,21.036859705440435
2025-02-08,Electronics,North,4661.35,980.28,0.17,6675,2025-02,21.02995913201111
2024-10-17,Furniture,South,888.66,197.97,0.02,6864,2024-10,22.277361420565796
2024-03-04,Electronics,West,191.33,21.97,0.04,4927,2024-03,11.482778445617518
2025-12-24,Furniture,West,3730.45,571.01,0.38,4806,2025-12,15.30673243174416
2024-10-16,Office Supplies,West,1853.1,166.17,0.26,3414,2024-10,8.967136150234742
2024-05-09,Furniture,West,4745.28,392.34,0.17,6093,2024-05,8.268005259963584
2024-12-14,Clothing,North,3721.2,979.66,0.07,5555,2024-12,26.326453832097172
2025-07-21,Office Supplies,North,4590.77,847.52,0.01,1357,2025-07,18.461391008480057
2024-04-17,Clothing,North,797.96,65.18,0.23,5985,2024-04,8.168329239560881
2024-09-11,Furniture,West,735.99,128.27,0.03,8978,2024-09,17.428225926982705
2025-10-02,Home,South,2245.82,361.43,0.19,4157,2025-10,16.09345361605115
2025-05-02,Furniture,North,4205.93,95.84,0.4,6347,2025-05,2.278687472211853
2024-09-26,Electronics,East,3219.05,551.38,0.2,1119,2024-09,17.128655969929017
2024-11-29,Electronics,South,2312.63,230.79,0.32,8856,2024-11,9.979547095730833
2024-01-12,Furniture,South,4899.9,1038.11,0.05,4274,2024-01,21.186350741851875
2024-10-27,Office Supplies,South,4060.07,907.51,0.07,2147,2024-10,22.35207767353765
2025-05-24,Office Supplies,East,4631.27,977.35,0.25,8956,2025-05,21.103282684879094
2025-02-03,Home,West,4401.01,1024.37,0.0,5395,2025-02,23.275793511034966
2025-10-12,Office Supplies,West,2405.43,124.17,0.14,5973,2025-10,5.162070814781558
2025-12-19,Office Supplies,South,425.81,88.91,0.23,7089,2025-12,20.880204786172236
2025-08-12,Home,East,829.25,98.78,0.23,5402,2025-08,11.9119686463672
2025-07-25,Clothing,North,4319.27,1045.37,0.01,5985,2025-07,24.202469398764137
2024-01-19,Home,South,1424.0,193.32,0.39,3424,2024-01,13.575842696629211
2025-07-28,Clothing,North,3189.97,518.61,0.39,4803,2025-07,16.257519663194326
2024-03-06,Home,South,1509.49,333.22,0.11,7618,2024-03,22.075005465422098
2025-01-09,Clothing,West,1079.08,199.76,0.25,5320,2025-01,18.512065833858475
2025-03-20,Home,North,2145.68,554.89,0.04,7190,2025-03,25.86079937362515
2025-09-20,Clothing,West,393.34,80.69,0.06,8469,2025-09,20.514059083744343
2025-04-14,Office Supplies,North,520.59,94.57,0.1,7296,2025-04,18.165927121151
2025-11-03,Clothing,West,3581.43,242.98,0.32,5461,2025-11,6.784440851838512
2025-09-16,Office Supplies,North,4188.09,85.33,0.31,7885,2025-09,2.037444276507907
2025-10-29,Office Supplies,North,312.92,56.03,0.35,3283,2025-10,17.9055349610124
2024-12-16,Home,South,1204.62,97.7,0.06,4734,2024-12,8.110441467018646
2024-03-07,Home,East,617.93,67.12,0.02,6986,2024-03,10.862071755700486
2024-04-25,Office Supplies,South,2005.27,354.52,0.27,4677,2024-04,17.679414742154425
2024-08-20,Home,West,3101.59,537.93,0.3,4073,2024-08,17.343685013170663
2025-06-16,Electronics,South,2142.13,435.7,0.26,8346,2025-06,20.33956856026478
2024-06-03,Electronics,North,3688.86,444.85,0.14,7780,2024-06,12.059281187141828
2024-03-02,Home,East,2769.58,455.92,0.03,2187,2024-03,16.461701774276243
2025-04-13,Office Supplies,West,4736.54,1013.13,0.17,1319,2025-04,21.38966418524915
2025-12-17,Furniture,East,3463.91,807.22,0.12,1899,2025-12,23.303723249160633
2025-01-08,Furniture,South,2225.84,199.16,0.35,3800,2025-01,8.94763325306401
2024-09-23,Office Supplies,West,2569.13,183.76,0.34,1855,2024-09,7.152615866071393
2024-09-22,Office Supplies,East,3810.66,275.13,0.34,2969,2024-09,7.220009132276299
2024-11-06,Electronics,North,1895.55,38.52,0.26,6688,2024-11,2.0321278784521644
2025-08-31,Home,South,3861.27,500.53,0.13,5211,2025-08,12.962833471888782
2024-09-13,Electronics,South,4247.71,696.05,0.25,5936,2024-09,16.38647647791398
2025-12-03,Home,West,4649.73,782.1,0.38,5236,2025-12,16.820331503119537
2025-01-13,Electronics,South,3839.07,776.34,0.28,2314,2025-01,20.22208503621971
2024-11-28,Office Supplies,North,4142.68,997.71,0.09,2635,2024-11,24.083684957563705
2025-05-13,Office Supplies,South,1438.54,52.93,0.26,3926,2025-05,3.6794249725416046
2025-02-28,Office Supplies,East,3707.26,1022.09,0.0,4025,2025-02,27.569957326974638
2024-02-18,Furniture,South,4019.2,392.62,0.24,8950,2024-02,9.76861066878981
2024-01-03,Office Supplies,South,4484.81,668.57,0.15,8678,2024-01,14.90743197593655
2025-04-12,Office Supplies,West,4576.93,211.12,0.4,7234,2025-04,4.61269890516132
2025-03-29,Office Supplies,West,1466.03,182.34,0.19,8526,2025-03,12.437671807534635
2025-06-05,Electronics,West,4769.26,540.15,0.24,8595,2025-06,11.325656391138248
2025-01-10,Home,West,2307.48,186.04,0.38,3416,2025-01,8.06247508104079
2024-05-29,Furniture,East,2811.52,243.6,0.28,8639,2024-05,8.664352378784429
2025-03-19,Home,South,1136.35,205.25,0.26,1007,2025-03,18.062216746600964
2025-08-31,Clothing,North,3942.61,694.01,0.24,2488,2025-08,17.60280626285633
2024-03-02,Office Supplies,North,4474.25,222.02,0.17,6802,2024-03,4.96217243113371
2024-09-15,Home,South,3387.07,153.93,0.31,4010,2024-09,4.5446359242649255
2025-03-21,Electronics,South,1371.45,179.49,0.36,3906,2025-03,13.087608006124904
2024-10-11,Office Supplies,East,3444.24,270.0,0.06,6170,2024-10,7.839174970385339
2024-05-18,Office Supplies,North,229.25,16.12,0.13,6313,2024-05,7.031624863685932
2024-09-14,Electronics,North,932.63,72.11,0.24,5095,2024-09,7.73189796596721
2024-08-14,Home,West,2276.57,467.94,0.14,3323,2024-08,20.55460627171578
2024-02-04,Electronics,East,4032.65,369.61,0.0,6526,2024-02,9.165437119511983
2024-08-26,Clothing,South,2630.11,497.12,0.08,4678,2024-08,18.901110599936885
2024-09-13,Home,South,940.14,155.49,0.12,3796,2024-09,16.539026102495374
2024-04-12,Clothing,East,4739.01,1032.83,0.27,3580,2024-04,21.79421440343025
2024-10-12,Clothing,West,1466.96,148.14,0.04,6026,2024-10,10.098434858482848
2024-11-30,Furniture,East,1409.44,192.11,0.29,1378,2024-11,13.630236122147805
2025-06-07,Clothing,West,4834.4,1050.85,0.22,4385,2025-06,21.73692702300182
2024-02-19,Electronics,West,3269.67,480.49,0.05,6343,2024-02,14.695366810717903
2025-04-13,Electronics,East,2248.34,235.8,0.35,6456,2025-04,10.48773761975502
2025-04-26,Furniture,North,4790.85,1206.51,0.04,4028,2025-04,25.183631297160208
2024-03-17,Furniture,West,3443.1,839.79,0.16,8460,2024-03,24.390520170776334
2025-04-01,Home,North,4130.22,507.42,0.33,5513,2025-04,12.285544111451689
2024-10-15,Electronics,East,1032.79,209.55,0.13,2435,2024-10,20.289700713601025
2024-06-12,Clothing,South,2428.84,339.72,0.02,5300,2024-06,13.98692379901517
2024-04-21,Home,South,4944.15,691.45,0.26,2836,2024-04,13.985214849873085
2025-05-16,Clothing,East,3704.87,630.21,0.09,6510,2025-05,17.010313452293875
2024-12-31,Furniture,North,4070.82,285.2,0.03,1588,2024-12,7.005959487277746
2024-03-24,Furniture,South,2725.91,426.3,0.19,2560,2024-03,15.638814194159014
2024-02-07,Clothing,East,4407.86,290.71,0.22,7515,2024-02,6.595263914915628
2025-08-23,Office Supplies,East,1091.35,26.88,0.24,5742,2025-08,2.4630045356668346
2024-01-15,Home,South,2013.06,306.41,0.31,5118,2024-01,15.221106176666371
2024-07-27,Electronics,East,2265.72,97.66,0.21,5613,2024-07,4.310329608248151
2025-06-12,Clothing,West,1678.15,362.47,0.04,1209,2025-06,21.599380269940113
2024-12-10,Home,South,1492.5,274.12,0.08,3198,2024-12,18.366499162479062
2025-12-14,Electronics,South,3791.44,449.05,0.37,8888,2025-12,11.843784947144092
2025-07-02,Electronics,North,2113.03,385.76,0.32,4741,2025-07,18.256248136562185
2025-03-26,Furniture,South,721.44,138.86,0.22,5468,2025-03,19.247615879352406
2024-06-28,Electronics,South,2649.84,402.64,0.18,7754,2024-06,15.194879690849259
2024-10-09,Furniture,South,3007.32,221.67,0.23,2290,2024-10,7.371014724073261
2024-03-08,Clothing,East,4121.29,827.91,0.17,4474,2024-03,20.088613031356687
2024-04-12,Clothing,East,4555.27,505.42,0.36,7595,2024-04,11.095280850531362
2025-01-10,Clothing,East,3476.74,381.93,0.14,6930,2025-01,10.98529081841035
2024-06-09,Furniture,West,3296.27,585.42,0.34,1200,2024-06,17.760074265760995
2024-10-10,Clothing,West,4560.26,1036.14,0.02,1572,2024-10,22.721072921280804
2024-03-14,Furniture,West,1046.09,62.86,0.13,1585,2024-03,6.009043198959937
2024-10-08,Office Supplies,West,4730.58,817.64,0.37,1531,2024-10,17.284138520012345
2024-02-08,Furniture,North,4616.54,718.8,0.24,7153,2024-02,15.570102284394805
2024-04-18,Home,South,3844.83,774.84,0.35,3996,2024-04,20.1527765857008
2025-10-23,Office Supplies,North,3835.65,193.5,0.4,8341,2025-10,5.044777286770169
2024-02-03,Electronics,South,4287.61,260.57,0.37,2952,2024-02,6.077278483817325
2024-04-30,Clothing,East,3023.59,392.14,0.11,1627,2024-04,12.96935100327756
2024-11-05,Electronics,East,2868.62,491.87,0.13,4637,2024-11,17.14657221939469
2024-04-19,Clothing,South,257.0,47.93,0.21,6508,2024-04,18.649805447470815
2024-07-09,Furniture,North,559.65,45.09,0.29,3020,2024-07,8.056821227552936
2024-12-27,Electronics,South,2054.7,277.55,0.33,2029,2024-12,13.508054703849712
2025-04-27,Electronics,South,3265.55,259.65,0.06,5374,2025-04,7.951187395691384
2025-08-29,Clothing,South,1113.95,183.31,0.05,7594,2025-08,16.45585528973473
2024-12-22,Electronics,West,4464.32,24.45,0.35,2339,2024-12,0.5476757938499033
2024-04-14,Electronics,South,3388.09,612.28,0.23,4893,2024-04,18.07153883161309
2025-11-10,Furniture,South,2663.4,548.55,0.19,8292,2025-11,20.59585492227979
2025-07-21,Home,East,4105.77,945.15,0.03,4358,2025-07,23.02004252551896
2025-11-26,Home,West,1082.56,59.67,0.09,2534,2025-11,5.511934673366834
2024-04-18,Furniture,East,3665.15,428.29,0.25,7798,2024-04,11.685469898912732
2024-02-02,Furniture,West,2360.29,279.45,0.29,4521,2024-02,11.839646823059878
2024-07-02,Home,North,383.76,-1.2,0.4,6949,2024-07,-0.31269543464665417
2024-01-02,Electronics,East,3388.47,549.08,0.16,1930,2024-01,16.204363621339425
2025-02-15,Home,East,1248.59,98.55,0.12,5166,2025-02,7.89290319480374
2024-11-06,Office Supplies,North,2312.23,323.17,0.22,2755,2024-11,13.976550775658131
2024-03-10,Office Supplies,North,3337.13,308.6,0.29,2848,2024-03,9.247467134933311
2025-06-17,Office Supplies,West,4612.6,718.52,0.16,6866,2025-06,15.577331656766248
2024-05-27,Home,East,3310.9,651.69,0.3,7682,2024-05,19.683167718747168
2024-10-11,Furniture,South,4724.14,373.56,0.36,7630,2024-10,7.907470989428764
2024-03-09,Furniture,West,3333.15,552.34,0.1,6406,2024-03,16.57111141112761
2024-11-24,Clothing,South,2783.67,352.19,0.08,2889,2024-11,12.652002572143967
2025-03-21,Clothing,West,3059.15,292.73,0.09,8136,2025-03,9.568997924260007
2025-06-22,Home,South,281.44,54.44,0.0,6368,2025-06,19.343376918703807
2024-10-29,Home,South,2498.9,435.61,0.11,8735,2024-10,17.432070110848773
2024-02-26,Furniture,North,488.16,24.67,0.36,5116,2024-02,5.053670927564733
2025-09-19,Electronics,East,2981.86,114.54,0.33,4645,2025-09,3.8412266169437865
2024-08-22,Electronics,West,3993.75,459.38,0.3,7459,2024-08,11.50247261345853
2025-04-05,Electronics,East,805.33,52.39,0.08,4995,2025-04,6.5054077210584484
2024-09-27,Electronics,North,1020.7,214.6,0.06,8182,2024-09,21.02478691094347
2025-05-16,Office Supplies,East,1721.79,365.42,0.06,5205,2025-05,21.22326183797095
2025-05-24,Electronics,South,1650.45,258.0,0.1,3776,2025-05,15.632100336271925
2024-08-22,Office Supplies,South,2801.06,440.91,0.39,5688,2024-08,15.740826687039908
2025-06-26,Clothing,North,3082.87,733.84,0.1,1152,2025-06,23.803793218656644
2025-06-08,Home,West,2539.17,629.06,0.11,2561,2025-06,24.774237250755167
2024-10-15,Home,West,3256.0,569.79,0.13,8605,2024-10,17.499692874692872
2025-03-04,Furniture,West,3998.86,131.46,0.27,8435,2025-03,3.287436919522064
2024-06-15,Electronics,East,199.47,36.35,0.06,8580,2024-06,18.223291723066126
2024-07-04,Electronics,East,1692.71,322.05,0.07,5806,2024-07,19.025704343921877
2025-04-12,Clothing,South,3262.51,610.44,0.23,3087,2025-04,18.710747246751737
2025-06-08,Furniture,South,1976.22,248.25,0.22,4791,2025-06,12.561860521601846
2024-12-02,Furniture,West,4651.91,415.5,0.01,7639,2024-12,8.931815103903558
2024-10-14,Office Supplies,East,3213.42,450.54,0.06,2882,2024-10,14.020576208525496
2025-12-21,Electronics,North,3764.1,364.8,0.27,3720,2025-12,9.691559735394915
2025-12-04,Furniture,South,808.37,35.77,0.21,7932,2025-12,4.4249539196160175
2024-07-17,Home,North,1462.68,286.38,0.13,6071,2024-07,19.57912872261875
2024-06-28,Electronics,East,4725.25,664.09,0.01,4008,2024-06,14.054071213163324
2025-04-27,Clothing,North,4502.62,813.14,0.38,1148,2025-04,18.059263273383053
2025-08-28,Office Supplies,East,2766.75,123.95,0.13,5629,2025-08,4.479985542604139
2024-01-31,Clothing,East,3447.43,761.64,0.19,8785,2024-01,22.092979407848745
2024-08-01,Office Supplies,West,1526.23,411.48,0.01,2879,2024-08,26.960549851595104
2025-05-11,Furniture,South,2982.61,218.67,0.25,6503,2025-05,7.331498251531377
2024-01-08,Office Supplies,South,4311.82,954.57,0.19,1045,2024-01,22.13844733778312
2024-03-21,Home,East,4754.7,846.17,0.02,8746,2024-03,17.796496098597178
2025-06-08,Home,West,1766.85,339.6,0.37,4698,2025-06,19.22064691399949
2025-08-06,Home,West,736.71,163.54,0.01,4663,2025-08,22.198694194459147
2024-06-24,Office Supplies,West,3403.0,242.06,0.23,4064,2024-06,7.113135468704085
2025-04-07,Clothing,West,1691.67,404.63,0.16,5620,2025-04,23.91896764735439
2024-01-23,Furniture,South,721.67,75.93,0.36,1130,2024-01,10.521429462219576
2024-11-22,Furniture,West,1838.08,402.8,0.18,4160,2024-11,21.914171309192202
2024-12-12,Furniture,South,3189.16,109.47,0.21,8964,2024-12,3.432565315004578
2024-01-10,Furniture,South,1910.46,406.41,0.29,3090,2024-01,21.272887158066645
2024-03-04,Electronics,West,3861.46,133.6,0.27,2848,2024-03,3.4598312555354704
2024-05-27,Home,East,252.2,34.71,0.07,4832,2024-05,13.762886597938145
2024-05-13,Electronics,North,1478.91,131.42,0.28,5838,2024-05,8.886274350704234
2025-06-13,Electronics,North,4605.48,885.12,0.21,7955,2025-06,19.21884363844811
2025-01-26,Furniture,South,2910.56,517.02,0.08,3823,2025-01,17.763591886097522
2024-01-20,Furniture,East,1925.95,110.21,0.35,8713,2024-01,5.722370778057582
2025-10-30,Clothing,East,4760.63,884.4,0.03,5394,2025-10,18.57737316279568
2024-07-05,Clothing,North,4092.54,649.3,0.09,5309,2024-07,15.865452750614532
2024-04-30,Office Supplies,North,1085.01,217.7,0.32,3735,2024-04,20.064331204320695
2025-10-08,Electronics,North,3014.93,655.69,0.18,5419,2025-10,21.74810028756887
2025-07-16,Office Supplies,North,3787.46,580.15,0.01,4018,2025-07,15.317653519773145
2024-09-08,Electronics,East,4448.68,368.49,0.26,1447,2024-09,8.283131175989283
2025-11-18,Home,West,1171.45,266.82,0.2,6936,2025-11,22.776900422553243
2024-05-18,Electronics,South,2595.1,402.73,0.26,1504,2024-05,15.518862471581057
2024-10-30,Electronics,East,3501.15,483.81,0.09,8262,2024-10,13.818602459191979
2024-03-04,Office Supplies,South,3364.84,188.45,0.2,6270,2024-03,5.600563474043342
2025-01-15,Furniture,South,3623.61,142.66,0.22,4467,2025-01,3.9369578955792703
2024-10-05,Clothing,West,740.64,171.27,0.08,5120,2024-10,23.12459494491251
2025-01-02,Office Supplies,East,3634.58,547.88,0.07,8184,2025-01,15.074093843030006
2025-05-26,Office Supplies,North,4254.67,767.88,0.28,2575,2025-05,18.04793321221152
2025-09-12,Office Supplies,East,3946.72,393.7,0.17,4688,2025-09,9.975371954433049
2024-02-20,Furniture,North,4545.08,720.16,0.22,1925,2024-02,15.844825613630562
2025-08-01,Office Supplies,South,4874.18,576.8,0.06,6798,2025-08,11.833785375181055
2025-03-23,Office Supplies,South,782.61,42.42,0.2,5482,2025-03,5.420324299459501
2024-04-06,Clothing,East,4103.56,938.95,0.16,5098,2024-04,22.8813518018501
2024-08-23,Home,West,1393.64,-1.17,0.4,6347,2024-08,-0.08395281421313967
2024-01-21,Furniture,West,1960.58,158.44,0.03,5587,2024-01,8.081282069591651
2024-12-21,Home,East,4906.81,385.11,0.05,2287,2024-12,7.848479969674798
2024-03-01,Electronics,West,3890.95,421.87,0.18,6311,2024-03,10.842339274470246
2025-06-03,Home,East,2863.91,95.59,0.35,3217,2025-06,3.337744552028521
2025-05-30,Home,South,676.01,31.11,0.31,1651,2025-05,4.602002928950755
2025-08-24,Electronics,North,478.63,128.5,0.02,6681,2025-08,26.8474604600631
2024-03-13,Clothing,West,2057.81,386.02,0.26,5982,2024-03,18.758777535340972
2025-10-29,Furniture,East,333.93,45.28,0.23,5375,2025-10,13.559728086724762
2025-09-12,Electronics,East,2011.88,209.05,0.13,4893,2025-09,10.390778774081953
2025-10-19,Home,West,789.67,83.4,0.21,4870,2025-10,10.561373738397053
2025-10-13,Office Supplies,West,1914.48,105.12,0.23,6319,2025-10,5.490786009778112
2024-05-19,Home,South,4684.99,792.64,0.13,7674,2024-05,16.918712740048537
2024-04-18,Clothing,South,2138.44,429.48,0.01,7058,2024-04,20.083799405173867
2025-12-15,Clothing,East,1938.3,178.87,0.14,6909,2025-12,9.228189650724863
2025-08-16,Electronics,East,3307.63,481.96,0.37,2317,2025-08,14.571158200887039
2024-06-06,Furniture,West,1664.9,338.49,0.29,4769,2024-06,20.330950807856325
2025-12-15,Furniture,West,480.85,7.74,0.28,1658,2025-12,1.6096495788707497
2025-05-22,Home,East,2313.36,167.86,0.31,7407,2025-05,7.256112321471798
2025-03-31,Office Supplies,East,2854.95,683.55,0.06,3666,2025-03,23.942625965428466
2024-01-21,Clothing,South,3464.06,635.16,0.2,3582,2024-01,18.335710120494447
2025-02-25,Clothing,South,1533.78,301.36,0.11,7830,2025-02,19.64818944046734
2024-01-27,Office Supplies,South,537.39,85.73,0.24,4543,2024-01,15.95303224846015
2025-03-30,Clothing,South,2173.18,237.84,0.31,6364,2025-03,10.944330428220397
2024-12-22,Clothing,North,508.29,112.67,0.03,2933,2024-12,22.166479765488205
2025-07-25,Electronics,South,4973.38,742.09,0.19,4324,2025-07,14.921240685409117
2025-01-10,Home,West,1854.4,245.54,0.36,5198,2025-01,13.240940465918893
2025-12-10,Furniture,North,894.06,68.28,0.21,6410,2025-12,7.6370713374941275
2024-07-12,Furniture,East,4557.67,122.48,0.4,1091,2024-07,2.6873380477305293
2024-01-22,Home,South,3428.16,363.47,0.13,2036,2024-01,10.602480631009056
2024-11-03,Office Supplies,South,3760.62,485.93,0.1,7089,2024-11,12.921539533374816
2024-02-11,Home,East,2120.26,387.69,0.1,2520,2024-02,18.285021648288417
2024-11-08,Furniture,East,1659.14,170.14,0.0,6051,2024-11,10.254710271586482
2024-01-02,Electronics,South,4223.39,686.48,0.01,8563,2024-01,16.254241261166978
2025-05-03,Furniture,South,4832.47,415.4,0.37,6060,2025-05,8.59601818531724
2025-05-09,Office Supplies,East,1324.87,70.26,0.16,4385,2025-05,5.303161819650231
2025-03-29,Clothing,East,428.87,71.24,0.35,3405,2025-03,16.61109427099121
2025-09-06,Home,West,589.34,49.44,0.02,5534,2025-09,8.3890453727899
2024-02-12,Home,South,455.83,12.31,0.34,2008,2024-02,2.7005681942829565
2024-12-25,Office Supplies,East,2465.17,243.03,0.07,6746,2024-12,9.858549308972606
2024-08-14,Home,South,2025.4,201.72,0.32,4683,2024-08,9.959514170040485
2025-06-12,Electronics,West,3732.77,941.03,0.01,3794,2025-06,25.209964717890465
2024-08-14,Clothing,East,1073.67,194.76,0.36,6200,2024-08,18.139651848333287
2025-02-03,Office Supplies,North,1373.61,180.39,0.23,7823,2025-02,13.132548539978597
2024-05-03,Home,South,2302.83,329.32,0.13,1424,2024-05,14.300664834138866
2025-08-19,Furniture,South,1465.53,186.43,0.29,1942,2025-08,12.720995134865888
2024-01-16,Furniture,North,2603.71,706.81,0.02,1736,2024-01,27.14626436891973
2025-04-14,Electronics,East,4683.69,894.36,0.25,6944,2025-04,19.09520057903064
2025-08-23,Furniture,North,3439.04,363.7,0.13,5223,2025-08,10.575625756024937
2025-03-09,Electronics,North,1883.45,118.08,0.32,2508,2025-03,6.269346146698878
2024-03-25,Home,North,2009.78,352.61,0.29,4117,2024-03,17.544706385773566
2025-07-09,Furniture,West,2377.82,421.96,0.1,6798,2025-07,17.745666198450678
2025-08-20,Electronics,West,4187.96,543.34,0.17,8946,2025-08,12.973858394062981
2024-08-30,Clothing,North,3197.7,797.74,0.03,7203,2024-08,24.947305876098447
2025-05-07,Furniture,North,844.06,66.41,0.13,1401,2025-05,7.8679240812264535
2024-07-31,Home,West,4963.83,809.01,0.19,8593,2024-07,16.298100458718366
2025-03-06,Home,South,4184.64,448.84,0.2,6722,2025-03,10.725892788865947
2025-07-15,Office Supplies,North,986.35,185.96,0.24,2720,2025-07,18.853348202970547
2024-06-16,Home,West,549.6,95.27,0.03,5169,2024-06,17.3344250363901
2024-02-22,Clothing,East,3486.71,149.4,0.28,3465,2024-02,4.284841584186813
2024-07-12,Office Supplies,West,805.91,73.33,0.02,6191,2024-07,9.099030909158591
2025-09-20,Electronics,South,4603.34,1108.39,0.09,5306,2025-09,24.07795209565229
2025-08-17,Office Supplies,South,947.91,171.25,0.07,1560,2025-08,18.066061123946366
2025-05-04,Office Supplies,South,3273.04,261.62,0.35,4521,2025-05,7.9931806516266235
2024-09-02,Home,East,884.56,158.8,0.13,1548,2024-09,17.952428325947366
2025-12-30,Office Supplies,North,3095.66,447.06,0.23,8898,2025-12,14.441508434388789
2024-12-02,Office Supplies,South,910.14,71.39,0.4,3129,2024-12,7.843848199178148
2025-12-16,Clothing,North,2118.35,405.43,0.11,3372,2025-12,19.13895248660514
2024-08-04,Office Supplies,West,3797.96,653.45,0.19,4303,2024-08,17.205289155230705
2025-10-08,Clothing,West,1177.22,167.33,0.12,8312,2025-10,14.213995684748815
2024-01-09,Home,North,2192.11,335.47,0.09,5263,2024-01,15.303520352537053
2024-01-22,Office Supplies,South,289.12,18.81,0.14,4483,2024-01,6.505949086884338
2025-01-03,Furniture,South,2406.06,73.93,0.34,2567,2025-01,3.0726582046998003
2025-05-09,Furniture,East,3814.37,856.25,0.22,1521,2025-05,22.44800583058277
2025-07-31,Home,North,4566.72,305.69,0.36,4115,2025-07,6.693863429332211
2025-03-10,Furniture,East,2080.28,384.2,0.04,1535,2025-03,18.468667679350855
2024-07-31,Electronics,South,787.35,158.16,0.01,6648,2024-07,20.08763574014098
2025-12-22,Office Supplies,West,2298.38,447.97,0.02,1425,2025-12,19.490684743166927
2025-03-02,Home,North,201.36,13.7,0.19,5598,2025-03,6.80373460468812
2025-07-29,Office Supplies,North,4800.79,673.55,0.34,6609,2025-07,14.029982565369448
2024-09-30,Furniture,West,2869.49,235.7,0.34,6956,2024-09,8.214003185235006
2025-10-26,Home,North,4557.48,400.43,0.23,2076,2025-10,8.78621518909573
2025-02-03,Office Supplies,West,3406.16,389.83,0.08,1436,2025-02,11.444852854827724
2024-10-08,Clothing,North,3507.08,604.32,0.16,8941,2024-10,17.23142899506142
2025-11-18,Home,South,4595.85,486.5,0.28,2961,2025-11,10.585637042114081
2024-10-26,Clothing,East,735.58,76.37,0.12,3860,2024-10,10.382283368226433
2024-07-17,Clothing,East,3841.35,48.47,0.37,1262,2024-07,1.2617959831829955
2024-03-15,Electronics,West,2585.19,121.13,0.13,3569,2024-03,4.685535685965054
2025-03-07,Office Supplies,South,3971.42,58.04,0.38,8244,2025-03,1.4614420031122368
2025-03-30,Electronics,East,2342.22,497.38,0.12,5179,2025-03,21.235409141754406
2024-05-01,Electronics,South,3294.7,472.09,0.26,3479,2024-05,14.32877044950982
2024-05-27,Home,South,4521.37,411.69,0.08,2756,2024-05,9.105426010257952
2024-01-29,Office Supplies,East,1233.71,250.02,0.11,1331,2024-01,20.26570263676229
2024-12-24,Home,East,1578.5,248.37,0.36,4993,2024-12,15.734558124802028
2025-03-10,Electronics,West,346.33,23.34,0.36,2683,2025-03,6.739237143764617
2025-05-02,Clothing,North,2560.78,455.22,0.23,4055,2025-05,17.77661493763619
2025-07-22,Electronics,West,1545.14,120.87,0.02,5272,2025-07,7.8225921275742
2024-03-06,Clothing,South,3163.03,700.63,0.24,2983,2024-03,22.15059610563289
2024-08-02,Furniture,West,4760.2,146.29,0.27,6735,2024-08,3.073190202092349
2025-01-26,Office Supplies,North,1226.35,209.71,0.27,5576,2025-01,17.100338402576753
2025-06-04,Furniture,East,1040.5,56.84,0.31,8115,2025-06,5.4627582892839985
2024-11-05,Office Supplies,South,3772.72,318.45,0.28,8338,2024-11,8.44085964503064
2024-05-16,Clothing,East,1750.86,325.24,0.15,1359,2024-05,18.576014073084085
2024-04-07,Office Supplies,West,2020.11,390.15,0.06,1798,2024-04,19.313304721030043
2025-02-02,Office Supplies,North,2110.78,369.58,0.28,7535,2025-02,17.50916722728091
2025-08-14,Furniture,West,4379.13,346.49,0.37,7929,2025-08,7.912302215280204
2025-07-14,Office Supplies,South,710.99,28.45,0.2,6276,2025-07,4.00146274912446
2024-08-04,Office Supplies,West,2611.53,663.09,0.07,7581,2024-08,25.39086282753788
2025-03-29,Home,North,1402.95,100.68,0.01,1513,2025-03,7.17630706725115
2024-01-09,Furniture,West,815.64,161.7,0.33,7108,2024-01,19.824922760041193
2025-08-20,Clothing,West,2844.04,468.32,0.32,3122,2025-08,16.466716361232614
2025-10-18,Clothing,West,819.53,162.68,0.1,2632,2025-10,19.850402059717158
2024-01-14,Clothing,South,1141.65,167.05,0.19,8202,2024-01,14.632330398983925
2024-12-29,Furniture,West,3253.81,143.71,0.23,7214,2024-12,4.416668459436783
2025-05-15,Clothing,South,551.16,52.03,0.16,8963,2025-05,9.440089992016839
2025-08-28,Electronics,North,1396.56,17.85,0.33,1057,2025-08,1.278140573981784
2024-12-05,Office Supplies,East,4508.85,545.2,0.32,2717,2024-12,12.091775064595184
2025-06-28,Furniture,North,3377.3,904.88,0.05,5311,2025-06,26.793000325703964
2025-06-16,Home,West,3054.08,405.49,0.37,5314,2025-06,13.276993398994133
2024-08-15,Office Supplies,West,3957.01,181.13,0.28,2619,2024-08,4.577446101981041
2024-08-11,Clothing,East,4246.71,889.75,0.05,2942,2024-08,20.95151305363446
2024-05-20,Electronics,North,4752.38,1277.7,0.02,4391,2024-05,26.885476329754777
2024-10-24,Clothing,West,2088.59,325.15,0.04,2967,2024-10,15.567919026711799
2024-01-25,Office Supplies,North,1906.7,69.79,0.36,1061,2024-01,3.6602506949179214
2024-09-11,Office Supplies,North,4793.12,374.65,0.25,5644,2024-09,7.816411856995026
2025-11-21,Electronics,South,3548.97,478.17,0.38,8440,2025-11,13.473486673598256
2025-04-13,Furniture,North,2393.33,516.86,0.04,4245,2025-04,21.595851804807527
2024-06-25,Furniture,East,3458.64,525.95,0.11,7321,2024-06,15.206844308745637
2025-11-06,Home,East,2873.4,338.4,0.14,1286,2025-11,11.776988932971392
2025-12-03,Home,South,4879.73,903.61,0.21,6976,2025-12,18.51762290126708
2025-10-10,Home,East,2397.97,509.02,0.03,3042,2025-10,21.227121273410425
2024-06-13,Electronics,East,4710.66,1062.36,0.07,1096,2024-06,22.552253824304874
2024-05-23,Electronics,West,1425.63,97.15,0.11,4231,2024-05,6.814531119575205
2025-12-14,Office Supplies,West,2490.81,212.78,0.36,2474,2025-12,8.542602607184008
2024-11-21,Home,South,1155.06,275.07,0.03,1869,2024-11,23.814347306633422
2024-03-14,Furniture,East,2148.07,512.87,0.08,7854,2024-03,23.875851345626536
2024-05-29,Clothing,West,2791.75,324.01,0.16,6882,2024-05,11.605981910987731
2024-07-06,Electronics,West,4994.5,786.07,0.21,4197,2024-07,15.738712583842226
2025-09-03,Clothing,East,1275.41,171.53,0.24,6727,2025-09,13.44900855411201
2025-02-08,Furniture,East,228.73,30.37,0.05,8840,2025-02,13.277663620863029
2025-10-31,Home,West,4109.99,665.62,0.34,3386,2025-10,16.195173224265755
2025-06-27,Furniture,North,2807.76,329.88,0.17,5352,2025-06,11.7488674245662
2025-06-27,Clothing,South,4202.84,394.74,0.16,5991,2025-06,9.392220498520048
2024-01-09,Home,West,3037.65,618.43,0.18,3122,2024-01,20.35883001662469
2024-08-06,Clothing,West,3467.39,678.41,0.19,3330,2024-08,19.565436827123573
2025-01-19,Office Supplies,North,1105.17,26.72,0.31,6258,2025-01,2.4177275894206316
2024-11-26,Clothing,South,2044.13,488.74,0.08,1875,2024-11,23.909438245121393
2025-05-12,Office Supplies,South,4252.36,637.22,0.02,3897,2025-05,14.985090632025514
2024-09-18,Furniture,East,4719.21,860.14,0.25,7712,2024-09,18.226355682412944
2025-03-06,Home,South,4260.92,386.25,0.19,6076,2025-03,9.064943721074322
2025-06-01,Home,East,4721.09,212.29,0.28,7361,2025-06,4.496631074603534
2024-12-05,Home,East,2429.51,523.17,0.03,3619,2024-12,21.533971870871078
2025-01-22,Clothing,South,3199.49,671.39,0.22,5309,2025-01,20.98428186992302
2025-01-27,Home,West,1775.98,259.7,0.24,8039,2025-01,14.62291242018491
2024-06-28,Electronics,South,3848.19,640.03,0.18,6455,2024-06,16.631975032417838
2024-05-18,Electronics,South,3204.81,246.72,0.32,7825,2024-05,7.69842829996162
2025-03-06,Furniture,North,192.05,16.36,0.26,3434,2025-03,8.518614944024993
2024-07-21,Clothing,West,4768.74,373.57,0.22,6668,2024-07,7.833725470459703
2025-04-14,Electronics,East,2043.26,432.88,0.03,4549,2025-04,21.18575218033926
2024-09-11,Electronics,North,2765.13,453.14,0.3,6499,2024-09,16.387656276558424
2025-04-13,Clothing,East,3988.91,933.84,0.21,3561,2025-04,23.410906738933697
2024-01-09,Home,East,2300.44,376.13,0.31,8482,2024-01,16.350350367755734
2025-03-27,Electronics,North,2820.02,413.27,0.38,8689,2025-03,14.654860603825504
2025-08-04,Clothing,West,3964.24,1008.78,0.11,3444,2025-08,25.44699614554114
2025-09-20,Clothing,North,2065.22,90.79,0.22,8231,2025-09,4.396141815399813
2025-05-05,Office Supplies,South,1411.85,183.21,0.19,8055,2025-05,12.976590997627227
2025-11-30,Furniture,West,1428.98,93.83,0.07,7548,2025-11,6.566222060490699
2024-11-11,Furniture,West,260.29,66.66,0.11,5341,2024-11,25.609896653732374
2025-12-04,Home,West,2817.11,5.08,0.37,2295,2025-12,0.18032664681180358
2025-04-11,Home,South,1618.2,138.02,0.2,7830,2025-04,8.529230008651588
2025-09-14,Office Supplies,West,580.55,111.55,0.08,8623,2025-09,19.21453793816209
2025-06-25,Office Supplies,West,238.52,6.98,0.22,1194,2025-06,2.9263793392587627
2024-04-28,Electronics,East,2186.08,336.99,0.29,2396,2024-04,15.415263851277173
2024-05-18,Clothing,North,4975.6,71.37,0.33,2725,2024-05,1.4343998713722967
2025-11-13,Office Supplies,North,2370.07,21.74,0.32,8682,2025-11,0.9172724856227874
2024-04-12,Clothing,South,4037.38,1034.01,0.1,8290,2024-04,25.61091599007277
2025-02-17,Office Supplies,North,3044.36,428.8,0.08,3109,2025-02,14.08506221340446
2025-03-08,Furniture,North,1153.56,174.62,0.05,5303,2025-03,15.137487430216028
2025-11-10,Office Supplies,East,2908.36,484.13,0.04,5892,2025-11,16.646151095462734
2024-08-06,Clothing,North,2831.19,440.93,0.29,2354,2024-08,15.574016579600805
2025-05-17,Office Supplies,East,4244.58,564.72,0.12,7142,2025-05,13.304496557963333
2025-05-17,Office Supplies,West,3704.05,561.24,0.39,5165,2025-05,15.152063282083125
2025-05-10,Furniture,North,4217.86,285.53,0.18,6814,2025-05,6.76954664213606
2024-09-26,Clothing,East,1648.48,129.44,0.09,4707,2024-09,7.852081917887993
2025-03-06,Home,East,3850.83,676.43,0.18,4235,2025-03,17.565823471822956
2025-12-26,Clothing,North,3123.32,430.05,0.11,3109,2025-12,13.769002215591101
2024-02-20,Home,West,4124.46,179.09,0.35,7087,2024-02,4.342144183723446
2024-01-05,Home,South,3021.47,675.54,0.11,7349,2024-01,22.357991308866215
2025-12-05,Clothing,West,488.9,80.74,0.18,1523,2025-12,16.514624667621188
2024-04-06,Furniture,North,4801.75,959.79,0.14,2292,2024-04,19.988337585255376
2024-03-27,Furniture,West,3390.03,310.82,0.01,5551,2024-03,9.168650424922491
2025-09-10,Office Supplies,East,986.05,214.43,0.08,2280,2025-09,21.746361746361746
2025-03-23,Home,North,4371.8,173.87,0.25,3522,2025-03,3.9770803787913445
2024-08-26,Office Supplies,North,1513.74,182.74,0.34,4520,2024-08,12.072086355648922
2024-12-24,Home,West,4181.72,959.75,0.06,6044,2024-12,22.951082329759046
2024-05-06,Clothing,South,4843.09,654.96,0.12,8812,2024-05,13.523597537935492
2024-11-26,Clothing,North,725.69,150.76,0.11,7188,2024-11,20.774710964737007
2024-09-22,Office Supplies,West,943.57,83.45,0.07,6532,2024-09,8.844070922136142
2024-11-22,Clothing,West,3447.68,134.88,0.38,8433,2024-11,3.9121960274735477
2025-08-30,Clothing,West,1287.79,48.84,0.24,5321,2025-08,3.7925438153736253
2024-01-20,Office Supplies,South,1037.29,158.96,0.01,4682,2024-01,15.324547619277157
2025-11-20,Electronics,North,1411.42,192.81,0.12,2557,2025-11,13.660710490144675
2025-10-18,Clothing,East,894.75,11.98,0.38,2194,2025-10,1.3389214864487287
2025-07-09,Clothing,North,661.14,172.14,0.06,3485,2025-07,26.0368454487703
2024-04-21,Office Supplies,East,1705.52,258.57,0.31,7355,2024-04,15.160772081242085
2025-05-28,Home,East,1429.01,111.17,0.34,5854,2025-05,7.779511689911198
2024-04-29,Office Supplies,South,2931.12,222.04,0.34,5971,2024-04,7.575261333551681
2025-10-04,Furniture,North,3791.65,783.73,0.01,6799,2025-10,20.669893054474965
2025-03-12,Electronics,West,3051.9,220.41,0.0,6153,2025-03,7.2220583898554995
2024-03-12,Furniture,West,4580.85,442.47,0.14,1223,2024-03,9.659124398310356
2024-06-08,Home,West,3185.53,599.74,0.11,4522,2024-06,18.827008378511582
2025-05-29,Home,East,1785.72,38.73,0.36,8266,2025-05,2.1688730596062094
2024-11-26,Home,East,4253.33,451.53,0.08,5435,2024-11,10.615917410593582
2024-10-22,Electronics,South,4897.94,677.32,0.22,7914,2024-10,13.828670828960748
2025-03-29,Furniture,North,1561.79,184.62,0.16,1624,2025-03,11.821051485795147
2025-05-11,Office Supplies,East,2755.21,571.76,0.18,7865,2025-05,20.75195720108449
2024-08-21,Office Supplies,East,2082.87,120.29,0.12,1319,2024-08,5.775204405459775
2024-04-13,Furniture,North,3640.75,277.28,0.15,1474,2024-04,7.616013184096683
2025-12-19,Home,North,1678.3,268.62,0.01,5457,2025-12,16.005481737472444
2024-08-02,Office Supplies,East,910.36,221.15,0.04,3505,2024-08,24.292587547783295
2025-05-07,Electronics,North,200.26,34.07,0.37,7990,2025-05,17.012883251772696
2025-04-14,Office Supplies,East,1258.08,94.26,0.01,5376,2025-04,7.492369324685236
2024-05-23,Home,West,4390.24,471.22,0.29,6451,2024-05,10.733353985203543
2025-06-29,Office Supplies,South,4219.79,1002.85,0.04,4275,2025-06,23.76540064789954
2025-09-26,Home,North,3720.35,176.02,0.22,5758,2025-09,4.731275283239481
2025-07-09,Home,South,521.1,43.73,0.09,1272,2025-07,8.39186336595663
2025-12-13,Home,East,2508.76,51.58,0.38,1711,2025-12,2.0559957907492143
2024-04-07,Furniture,East,2065.04,225.75,0.32,4696,2024-04,10.93199163212335
2025-07-06,Clothing,North,521.49,75.03,0.31,5791,2025-07,14.387620088592303
2024-06-19,Furniture,North,2993.99,100.98,0.2,3681,2024-06,3.3727567560345895
2025-03-29,Electronics,West,1556.28,182.65,0.14,5614,2025-03,11.736319942426814
2025-11-08,Office Supplies,North,1211.73,90.7,0.24,4014,2025-11,7.48516583727398
2024-06-27,Clothing,South,3383.11,113.94,0.26,6434,2024-06,3.3679070441103005
2025-11-14,Office Supplies,South,3146.65,443.24,0.03,5274,2025-11,14.086091557688334
2024-04-02,Office Supplies,South,1051.7,256.53,0.13,8691,2024-04,24.391936864124748
2025-01-04,Furniture,South,3403.93,539.79,0.19,8433,2025-01,15.85784666547197
2024-06-19,Home,East,2550.36,371.6,0.06,6747,2024-06,14.570492008971284
2025-03-17,Electronics,East,243.54,32.28,0.34,2446,2025-03,13.25449618132545
2025-07-10,Electronics,North,2918.24,125.15,0.35,7224,2025-07,4.288543779812491
2025-09-19,Clothing,South,3359.15,696.76,0.07,4804,2025-09,20.742152032508223
2025-06-29,Clothing,North,1823.16,331.0,0.31,3735,2025-06,18.155290813751947
2025-04-11,Home,East,1317.62,25.87,0.34,4848,2025-04,1.963388533871678
2024-01-29,Home,West,3354.72,766.51,0.2,5766,2024-01,22.848702723327136
2024-06-17,Clothing,East,1978.25,213.04,0.06,7370,2024-06,10.769114116011625
2025-09-16,Office Supplies,West,4768.5,261.19,0.12,7785,2025-09,5.477403795742896
2025-02-18,Electronics,North,557.9,130.99,0.21,2945,2025-02,23.479118121527158
2025-07-10,Clothing,West,3323.31,232.14,0.26,5372,2025-07,6.985204509961454
2025-02-08,Office Supplies,North,4334.34,570.49,0.08,7758,2025-02,13.162096189962025
2024-11-03,Furniture,North,1859.31,32.2,0.35,3193,2024-11,1.7318252470002313
2025-09-15,Office Supplies,South,277.28,42.92,0.26,5140,2025-09,15.478938257357186
2024-12-07,Electronics,South,4941.17,972.84,0.12,7569,2024-12,19.68845435392832
2024-11-26,Electronics,East,1905.19,114.94,0.24,7785,2024-11,6.0329940845794905
2024-03-10,Office Supplies,East,1422.48,354.13,0.08,6780,2024-03,24.89525336032844
2024-12-30,Home,South,3109.6,489.45,0.23,6430,2024-12,15.739966555183946
2025-08-31,Office Supplies,East,3618.85,282.8,0.28,8189,2025-08,7.814637246639126
2024-03-18,Furniture,West,1860.91,267.32,0.15,6160,2024-03,14.365014965796302
2025-06-01,Electronics,South,2767.62,307.48,0.38,5690,2025-06,11.109906706845594
2025-03-29,Clothing,West,939.97,205.42,0.08,6395,2025-03,21.853888953902782
2025-08-11,Office Supplies,East,2442.65,494.96,0.05,5748,2025-08,20.263238695678872
2024-06-11,Home,South,3304.48,380.16,0.24,5454,2024-06,11.504381929985959
2024-03-11,Furniture,North,2945.8,44.87,0.28,1775,2024-03,1.5231855523117657
2024-07-20,Office Supplies,West,768.5,22.97,0.23,5665,2024-07,2.988939492517892
2024-11-13,Home,North,4241.24,1051.89,0.04,1743,2024-11,24.801473154077584
2025-02-11,Furniture,East,3622.92,340.9,0.1,5743,2025-02,9.409537058505293
2024-01-26,Electronics,East,811.03,137.01,0.05,5823,2024-01,16.89333316893333
2025-07-30,Clothing,West,2619.06,273.19,0.27,1569,2025-07,10.430841599657894
2025-08-03,Electronics,East,699.99,84.5,0.09,2492,2025-08,12.071601022871755
2025-07-18,Home,East,941.6,63.31,0.21,7040,2025-07,6.723661852166525
2025-04-10,Clothing,East,2242.31,113.04,0.14,3999,2025-04,5.041229803194028
2024-06-28,Clothing,South,2368.11,14.77,0.33,4114,2024-06,0.6237041353653334
2024-07-14,Electronics,East,496.43,49.87,0.23,6427,2024-07,10.04572648711802
2025-08-14,Office Supplies,West,4516.72,102.37,0.38,1186,2025-08,2.2664677022263944
2024-08-12,Electronics,West,4151.4,832.92,0.04,2845,2024-08,20.063593004769476
2025-07-11,Electronics,South,4832.5,362.05,0.17,5406,2025-07,7.491981376099327
2024-01-26,Furniture,East,3134.83,357.14,0.15,6019,2024-01,11.392643301231645
2025-04-17,Electronics,West,4596.28,830.98,0.16,1042,2025-04,18.0794033435735
2024-03-22,Clothing,West,688.09,125.71,0.03,8247,2024-03,18.269412431513317
2025-07-09,Furniture,West,1695.86,417.58,0.05,8517,2025-07,24.62349486396283
2024-10-27,Electronics,West,710.23,143.48,0.28,7112,2024-10,20.20190642467933
2025-12-17,Clothing,South,340.33,20.56,0.22,6370,2025-12,6.041195310433991
2024-02-27,Electronics,East,3444.75,759.43,0.1,6875,2024-02,22.04601204731838
2025-05-04,Home,North,2560.39,573.96,0.25,8508,2025-05,22.416897425782796
2025-05-25,Office Supplies,East,3814.02,292.64,0.11,3477,2025-05,7.672744243606483
2024-12-26,Clothing,West,1155.76,223.64,0.18,7890,2024-12,19.35003807018758
2025-10-22,Furniture,East,3061.27,465.92,0.2,1535,2025-10,15.21982706523763
2024-06-18,Electronics,West,4057.39,761.99,0.3,2600,2024-06,18.78029965076071
2024-10-07,Clothing,East,538.02,129.89,0.15,5823,2024-10,24.142225196089363
2025-07-25,Clothing,West,3120.78,483.17,0.26,4978,2025-07,15.48234736187748
2024-05-28,Clothing,East,2675.1,180.42,0.05,2413,2024-05,6.744420769317035
2024-01-17,Clothing,North,3906.15,500.54,0.12,7262,2024-01,12.814152042292282
2025-08-31,Home,West,4729.46,417.38,0.09,8689,2025-08,8.825108997644552
2024-01-29,Office Supplies,South,4414.61,616.21,0.02,2141,2024-01,13.958424413481602
2024-03-09,Clothing,East,755.89,92.9,0.08,7044,2024-03,12.290148037412854
2024-09-12,Clothing,East,1234.01,26.39,0.37,8146,2024-09,2.1385564136433257
2024-06-27,Office Supplies,East,2255.84,178.45,0.04,4255,2024-06,7.910578764451379
2024-12-18,Electronics,North,746.56,58.31,0.0,8898,2024-12,7.810490784397772
2024-08-03,Home,North,322.3,71.52,0.11,2637,2024-08,22.190505739993792
2025-02-13,Furniture,North,3171.84,436.95,0.14,5860,2025-02,13.775915556900726
2025-07-05,Home,South,1860.38,296.81,0.34,3957,2025-07,15.954267407733902
2024-12-14,Furniture,East,777.68,83.64,0.05,1324,2024-12,10.755066351198437
2024-01-02,Home,North,3082.85,435.26,0.09,8478,2024-01,14.118753750587931
2025-12-17,Furniture,South,521.19,95.08,0.16,3527,2025-12,18.242867284483584
2024-09-26,Home,East,484.84,46.98,0.3,4579,2024-09,9.689794571405
2025-06-23,Clothing,South,1138.25,228.45,0.36,4885,2025-06,20.07028332967274
2025-07-23,Clothing,East,3792.36,646.83,0.04,6679,2025-07,17.056133911337533
2024-12-25,Electronics,South,1572.51,338.31,0.0,2172,2024-12,21.514012629490434
2025-07-04,Electronics,South,2537.94,86.46,0.29,8846,2025-07,3.406699921983971
2025-07-16,Home,West,1449.86,201.55,0.38,1217,2025-07,13.901342198557105
2024-01-10,Furniture,North,536.87,67.0,0.26,1133,2024-01,12.47974369959208
2024-10-04,Home,East,3330.34,256.35,0.38,7421,2024-10,7.69741227622405
2025-06-06,Clothing,East,1579.27,240.78,0.08,2860,2025-06,15.24628467583124
2025-04-02,Electronics,South,3933.14,746.5,0.03,3587,2025-04,18.979746462114242
2025-12-11,Clothing,North,1581.52,349.94,0.2,8697,2025-12,22.126814709899335
2024-08-20,Furniture,West,3601.79,760.58,0.09,3118,2024-08,21.116722518525513
2025-01-25,Office Supplies,East,2208.1,299.21,0.35,4024,2025-01,13.550563833159728
2024-03-23,Clothing,South,2760.87,651.49,0.22,1013,2024-03,23.597271874445376
2025-12-17,Home,West,2916.41,747.56,0.04,6645,2025-12,25.63288426524391
2025-10-17,Home,North,826.69,-4.31,0.38,5193,2025-10,-0.5213562520412729
2024-02-07,Home,South,2678.31,131.23,0.13,4439,2024-02,4.899731547132333
2025-06-13,Electronics,West,597.49,15.94,0.34,4140,2025-06,2.6678270766037926
2024-09-28,Office Supplies,North,1548.84,154.67,0.19,6273,2024-09,9.986183208078304
2024-08-31,Office Supplies,South,3279.39,669.72,0.13,3119,2024-08,20.422090693696084
2024-02-06,Furniture,North,2047.86,463.55,0.16,2932,2024-02,22.6358247145801
2024-06-16,Electronics,North,1878.28,209.16,0.28,3802,2024-06,11.13571991396384
2025-04-23,Electronics,East,2606.02,270.68,0.24,7237,2025-04,10.386719979125257
2024-11-09,Home,East,3646.52,307.47,0.05,2881,2024-11,8.431874773756897
2024-01-04,Furniture,East,465.82,50.43,0.29,3949,2024-01,10.826070155854191
2025-08-11,Office Supplies,North,4925.69,1111.48,0.21,8811,2025-08,22.56496044209035
2025-09-24,Furniture,North,1738.01,289.31,0.05,2676,2025-09,16.646049217208187
2025-10-30,Furniture,West,2470.52,609.89,0.04,7311,2025-10,24.68670563282224
2025-11-15,Furniture,South,1241.11,203.38,0.28,7325,2025-11,16.38694394533925
2025-11-26,Home,South,2127.59,133.71,0.35,4245,2025-11,6.284575505619033
2025-12-02,Office Supplies,East,994.02,149.6,0.2,8116,2025-12,15.049998993984023
2025-08-10,Furniture,West,2563.85,467.02,0.14,6083,2025-08,18.215574234062053
2024-09-07,Home,South,4084.45,771.13,0.28,8681,2024-09,18.879653319296356
2025-08-20,Clothing,West,4359.24,864.25,0.1,7428,2025-08,19.825703563006396
2024-02-20,Electronics,West,3877.59,517.66,0.09,2174,2024-02,13.350044744287043
2024-09-09,Furniture,North,4529.67,826.1,0.22,2538,2024-09,18.23753165241618
2025-12-30,Clothing,West,4992.58,373.85,0.39,1430,2025-12,7.488112358740372
2024-07-05,Electronics,West,3303.11,8.98,0.4,8562,2024-07,0.27186499995458824
2024-10-10,Office Supplies,North,1037.5,201.26,0.0,8752,2024-10,19.39855421686747
2025-06-22,Electronics,North,855.53,189.72,0.11,5627,2025-06,22.175727326920157
2025-11-28,Clothing,East,3187.41,515.83,0.16,2335,2025-11,16.183358902682745
2025-02-04,Electronics,West,3913.52,788.71,0.24,6792,2025-02,20.153467977677387
2025-07-24,Clothing,West,3331.87,521.54,0.38,3235,2025-07,15.653071698475628
2024-01-11,Clothing,East,235.69,35.0,0.22,1049,2024-01,14.850014850014851
2025-11-06,Home,South,329.55,42.27,0.14,8014,2025-11,12.826581702321349
2025-01-30,Clothing,West,4911.48,423.32,0.32,7960,2025-01,8.618990609755105
2025-06-13,Home,North,1305.3,247.7,0.09,8963,2025-06,18.97648050256646
2025-06-28,Furniture,South,4049.42,721.75,0.38,1028,2025-06,17.82354016130705
2025-12-16,Office Supplies,North,4533.79,1046.48,0.15,2146,2025-12,23.081792495902988
2024-02-28,Office Supplies,North,2810.88,361.6,0.11,2820,2024-02,12.864298724954462
2025-10-02,Furniture,West,3958.07,192.41,0.39,1778,2025-10,4.861207608758814
2024-06-05,Home,West,4287.37,223.95,0.15,6392,2024-06,5.223481994789346
2024-10-12,Office Supplies,North,1902.03,148.81,0.14,7697,2024-10,7.823746207998823
2024-04-28,Home,East,1375.24,192.52,0.33,4070,2024-04,13.999011081702104
2024-08-27,Office Supplies,North,233.68,38.95,0.26,6666,2024-08,16.668093118794932
2025-02-02,Office Supplies,North,447.83,8.61,0.32,2403,2025-02,1.9226045597659824
2024-05-19,Home,North,2032.28,334.16,0.23,7929,2024-05,16.442616174936525
2025-12-22,Electronics,South,2680.2,220.28,0.3,3319,2025-12,8.218789642563989
2024-04-30,Office Supplies,South,2110.66,19.76,0.35,1727,2024-04,0.9362000511688288
2024-07-14,Clothing,West,4457.63,597.69,0.14,6255,2024-07,13.408246085924583
2024-11-18,Office Supplies,South,3891.55,309.93,0.33,6663,2024-11,7.9641787976513205
2024-10-20,Clothing,South,3131.31,398.52,0.22,2743,2024-10,12.726941759199823
2025-12-12,Furniture,East,4490.93,405.49,0.38,7263,2025-12,9.029087516394155
2024-10-31,Electronics,North,2539.18,453.85,0.34,1706,2024-10,17.87388054411267
2024-07-07,Furniture,East,3438.71,320.55,0.06,1526,2024-07,9.32180963210041
2025-12-10,Office Supplies,East,2469.48,430.75,0.22,2090,2025-12,17.44294345368256
2025-04-30,Home,West,1815.81,275.61,0.19,6032,2025-04,15.178350157780827
2025-12-11,Office Supplies,East,2611.98,347.53,0.29,5722,2025-12,13.305232046187182
2024-06-03,Office Supplies,West,264.29,49.75,0.3,8119,2024-06,18.824019069961025
2024-11-10,Home,North,872.33,112.05,0.3,1455,2024-11,12.844909609895335
2025-03-23,Furniture,East,2467.23,510.7,0.36,7810,2025-03,20.69932677537157
2025-09-25,Home,North,1808.67,191.2,0.03,2765,2025-09,10.571303775702587
2024-05-08,Clothing,North,4012.85,679.02,0.03,7729,2024-05,16.921140835067348
2025-02-19,Home,East,1817.21,441.41,0.04,6023,2025-02,24.290533290043527
2025-07-27,Furniture,North,804.19,136.08,0.35,4439,2025-07,16.92137430209279
2024-01-13,Office Supplies,West,3142.04,404.69,0.15,2170,2024-01,12.879848760677776
2025-06-22,Electronics,South,3920.17,618.69,0.18,5797,2025-06,15.782223730093339
2025-05-22,Electronics,North,2702.48,228.07,0.22,5848,2025-05,8.439285397116722
2024-11-18,Office Supplies,West,1358.4,82.78,0.19,4567,2024-11,6.093934040047114
2024-08-02,Electronics,North,3261.71,533.24,0.12,3123,2024-08,16.348479785143375
2024-03-18,Office Supplies,North,2732.53,440.59,0.14,2080,2024-03,16.123885190647496
2025-08-15,Clothing,East,1529.56,263.04,0.25,4532,2025-08,17.1971024346871
2025-10-20,Electronics,West,3078.6,757.34,0.1,7787,2025-10,24.600142922107455
2024-05-06,Electronics,South,4840.34,749.22,0.02,8662,2024-05,15.478664721899701
2024-06-06,Office Supplies,West,4604.27,670.39,0.24,8907,2024-06,14.560180006819753
2025-01-08,Furniture,North,1767.87,292.72,0.35,2714,2025-01,16.557778569691212
2024-11-03,Furniture,North,441.24,49.57,0.08,7723,2024-11,11.234248934820053
2024-04-26,Office Supplies,North,1784.83,143.9,0.14,8524,2024-04,8.062392496764398
2025-05-11,Electronics,North,2328.5,501.18,0.01,1204,2025-05,21.523727721709253
2025-12-13,Home,East,833.24,220.06,0.05,1577,2025-12,26.41015793768902
2025-12-30,Furniture,West,3811.2,449.75,0.3,6805,2025-12,11.800745172124266
2025-11-11,Furniture,South,1396.67,241.12,0.09,8869,2025-11,17.26392061116799
2025-09-14,Office Supplies,North,4860.68,1181.58,0.05,4102,2025-09,24.308944427528655
2025-08-19,Home,East,2383.62,81.6,0.34,5814,2025-08,3.423364462456264
2024-08-22,Electronics,South,2141.2,192.03,0.04,2124,2024-08,8.968335512796562
2024-10-13,Office Supplies,West,1419.26,219.19,0.14,8542,2024-10,15.443963755760043
2024-12-11,Office Supplies,West,881.22,63.66,0.35,2762,2024-12,7.224075713215769
2024-08-31,Electronics,South,1097.71,8.08,0.35,7544,2024-08,0.7360778347651018
2025-07-27,Office Supplies,West,3997.82,639.7,0.03,4520,2025-07,16.00122066526257
2024-01-01,Home,West,2525.9,350.03,0.05,7545,2024-01,13.85763490241102
2024-05-17,Furniture,West,2609.94,706.52,0.04,4407,2024-05,27.070354107757268
2024-04-10,Home,South,1303.98,129.9,0.35,5416,2024-04,9.961809230202917
2024-10-29,Home,East,224.28,14.11,0.04,6689,2024-10,6.2912430889958975
2024-05-25,Electronics,North,4109.25,694.94,0.27,7334,2024-05,16.911601873821258
2025-11-19,Furniture,West,196.79,47.36,0.1,8430,2025-11,24.066263529650897
2024-10-10,Home,South,1750.16,318.05,0.09,2338,2024-10,18.172624217214427
2025-01-18,Electronics,East,2648.93,421.34,0.33,4844,2025-01,15.906045082354007
2025-04-08,Office Supplies,South,3382.17,692.57,0.25,1407,2025-04,20.477090152180406
2024-08-19,Clothing,South,4378.09,332.34,0.32,5315,2024-08,7.590981455383511
2025-10-15,Home,North,4995.04,394.52,0.15,8192,2025-10,7.898235049168775
2024-10-03,Furniture,South,810.83,138.72,0.33,7444,2024-10,17.108395101315935
2024-08-22,Clothing,West,372.18,42.58,0.33,7306,2024-08,11.440700736202912
2025-02-08,Furniture,North,729.71,66.82,0.08,5778,2025-02,9.157062394649929
2025-10-01,Home,South,2112.57,68.71,0.32,4602,2025-10,3.2524366056509364
2025-10-25,Clothing,South,3842.86,639.8,0.38,4721,2025-10,16.649058253488285
2025-02-12,Furniture,East,2993.26,465.93,0.02,7821,2025-02,15.565971549414352
2025-12-23,Clothing,West,921.83,92.48,0.16,1479,2025-12,10.03221852185327
2024-04-30,Home,South,578.83,122.18,0.09,8104,2024-04,21.108097368830226
2025-03-31,Furniture,East,1529.35,314.71,0.2,1151,2025-03,20.5780233432504
2024-03-19,Office Supplies,North,4606.22,311.45,0.09,6413,2024-03,6.76150943723921
2024-07-10,Office Supplies,South,2977.71,631.13,0.31,2071,2024-07,21.195146605948867
2024-10-08,Office Supplies,South,4010.21,974.64,0.15,1780,2024-10,24.303964131554206
2024-08-24,Clothing,North,4724.31,731.71,0.4,6661,2024-08,15.488187693017604
2025-07-05,Clothing,South,444.7,54.11,0.31,8873,2025-07,12.167753541713514
2024-03-23,Office Supplies,South,1604.64,208.27,0.02,4740,2024-03,12.979235217868181
2025-09-29,Clothing,West,2241.3,229.0,0.11,7276,2025-09,10.217284611609333
2025-11-13,Electronics,South,3008.74,780.05,0.07,3962,2025-11,25.92613519280496
2024-12-05,Home,North,1618.48,-0.61,0.36,1905,2024-12,-0.03768968414808956
2024-04-19,Electronics,North,3082.75,369.96,0.1,3381,2024-04,12.000973157083772
2024-04-18,Electronics,North,4414.35,639.84,0.36,6304,2024-04,14.494546195929184
2025-02-09,Home,South,2818.49,447.42,0.07,2659,2025-02,15.874457599636688
2024-06-22,Clothing,North,945.95,91.03,0.01,6066,2024-06,9.623130186584914
2025-11-30,Office Supplies,East,929.57,150.07,0.22,1803,2025-11,16.14402358079542
2025-07-16,Home,North,2375.18,223.27,0.3,2353,2025-07,9.400129674382573
2025-09-21,Office Supplies,East,1681.82,51.62,0.21,5165,2025-09,3.0692939791416443
2025-04-01,Electronics,East,3471.61,59.85,0.29,1300,2025-04,1.7239839728540935
2024-07-25,Electronics,East,4635.79,835.27,0.23,5540,2024-07,18.01785671913525
2025-05-08,Electronics,North,3096.1,546.76,0.23,6250,2025-05,17.65963631665644
2025-02-19,Furniture,West,1673.53,41.03,0.3,5094,2025-02,2.4517038834081255
2024-10-13,Office Supplies,West,866.59,148.24,0.25,1608,2024-10,17.106128619070148
2024-08-31,Clothing,West,212.03,38.07,0.01,7797,2024-08,17.955006367023536
2024-09-26,Office Supplies,South,3768.92,614.51,0.01,6740,2024-09,16.304670834085094
2025-05-23,Clothing,West,1434.57,289.27,0.13,5007,2025-05,20.164230396564825
2024-04-26,Electronics,South,4094.16,423.75,0.0,2793,2024-04,10.350108447153996
2025-09-23,Office Supplies,East,2353.29,218.18,0.27,3938,2025-09,9.271275533402173
2025-01-02,Home,South,2163.88,91.4,0.31,5996,2025-01,4.22389411612474
2025-07-17,Home,North,4610.23,238.23,0.15,4261,2025-07,5.167421148185666
2025-12-09,Furniture,West,3575.6,409.85,0.12,4455,2025-12,11.462411902897417
2025-12-18,Office Supplies,East,3810.99,161.73,0.2,8803,2025-12,4.243779175489833
2025-03-13,Office Supplies,East,2785.23,678.4,0.04,5428,2025-03,24.357054893132702
2025-04-21,Electronics,West,4189.88,379.12,0.14,2561,2025-04,9.048469168568074
2025-07-13,Clothing,West,3939.73,920.67,0.04,2724,2025-07,23.36886030260957
2024-05-13,Electronics,East,2074.51,96.02,0.28,4536,2024-05,4.628562889549821
2024-09-26,Office Supplies,East,1500.86,58.16,0.19,3545,2024-09,3.87511160268113
2024-02-10,Office Supplies,West,1772.87,346.11,0.16,4597,2024-02,19.52258202801108
2025-02-24,Electronics,East,821.2,125.56,0.11,2180,2025-02,15.289819775937652
2025-10-07,Home,South,485.6,99.93,0.19,5784,2025-10,20.57866556836903
2025-09-19,Home,East,3264.63,563.27,0.25,5938,2025-09,17.25371634764123
2025-08-29,Office Supplies,East,909.86,111.68,0.07,6290,2025-08,12.274415844195811
2024-06-25,Clothing,South,2367.1,418.07,0.15,8611,2024-06,17.66169574584935
2025-11-16,Home,West,2103.61,28.98,0.3,7636,2025-11,1.3776317853594535
2025-12-04,Home,East,2066.75,100.26,0.18,2744,2025-12,4.8510947139228255
2025-01-14,Office Supplies,East,4645.37,1048.87,0.2,8253,2025-01,22.578825798590856
2025-06-05,Home,West,3884.47,687.79,0.18,4159,2025-06,17.70614781424493
2025-12-27,Clothing,East,2028.6,542.41,0.06,8140,2025-12,26.73814453317559
2024-12-09,Furniture,South,4268.81,868.95,0.08,1220,2024-12,20.355790021106586
2025-11-26,Clothing,West,256.02,9.92,0.17,6473,2025-11,3.874697289274276
2025-10-26,Office Supplies,West,2982.95,140.65,0.17,1987,2025-10,4.7151309944853255
2024-04-26,Office Supplies,East,4973.78,1129.46,0.2,4798,2024-04,22.70828223202474
2025-10-11,Clothing,North,2362.25,296.78,0.2,4554,2025-10,12.563445867287543
2024-05-10,Furniture,East,3490.01,295.31,0.3,7891,2024-05,8.461580339311347
2024-01-31,Furniture,West,4282.44,702.77,0.38,6468,2024-01,16.410504291945717
2024-03-30,Home,East,4107.91,244.89,0.18,4733,2024-03,5.9614256398022345
2025-09-30,Office Supplies,South,1452.33,180.12,0.09,1489,2025-09,12.402140009501974
2024-12-09,Electronics,East,3839.57,231.76,0.3,1956,2024-12,6.0360925832840655
2024-05-21,Electronics,North,2933.33,523.47,0.34,6028,2024-05,17.845588460895982
2024-02-03,Furniture,North,2151.15,426.51,0.19,3457,2024-02,19.82706924203333
2024-02-28,Furniture,East,3258.7,141.48,0.4,5653,2024-02,4.341608616933133
2025-07-22,Clothing,South,1514.89,33.68,0.33,6763,2025-07,2.223263735320716
2025-06-09,Clothing,West,1720.71,60.71,0.21,1249,2025-06,3.5281947568155
2024-04-26,Electronics,North,2473.86,475.15,0.15,7494,2024-04,19.20682657870696
2025-11-15,Office Supplies,East,1218.24,296.17,0.02,6442,2025-11,24.31130154977673
2025-04-14,Clothing,East,3724.37,772.82,0.21,3554,2025-04,20.75035509361315
2024-04-25,Furniture,West,2424.14,367.75,0.19,8035,2024-04,15.17032844637686
2024-12-08,Office Supplies,East,165.05,25.25,0.03,3239,2024-12,15.298394425931535
2024-06-16,Electronics,West,4409.77,1106.36,0.05,3457,2024-06,25.08883683275998
2025-08-06,Home,West,1195.55,118.1,0.11,2650,2025-08,9.878298690979047
2025-02-09,Furniture,North,3573.52,844.82,0.1,1866,2025-02,23.64111576260942
2025-11-26,Electronics,East,504.3,52.76,0.02,1204,2025-11,10.462026571485227
2024-10-01,Furniture,North,3045.18,514.4,0.38,1679,2024-10,16.89226909410938
2025-01-08,Electronics,South,4651.27,363.09,0.07,3854,2025-01,7.806255065820731
2025-05-12,Clothing,North,2290.86,555.37,0.13,4441,2025-05,24.24286075971469
2024-06-11,Clothing,North,189.97,18.6,0.06,5630,2024-06,9.79101963467916
2024-10-15,Office Supplies,West,4650.91,155.15,0.35,2030,2024-10,3.335906306507759
2024-10-18,Furniture,East,3219.31,816.88,0.04,8827,2024-10,25.37438146683606
2024-12-24,Office Supplies,West,3265.17,62.91,0.29,5696,2024-12,1.92669906926745
2025-04-22,Office Supplies,North,4239.11,375.79,0.07,4396,2025-04,8.864832476628349
2024-11-04,Home,West,4658.92,373.76,0.06,7023,2024-11,8.022460140976879
2024-11-20,Office Supplies,West,4981.86,886.38,0.32,8314,2024-11,17.792149919909434
2024-05-01,Clothing,East,3064.25,415.32,0.23,2889,2024-05,13.553724402382311
2024-03-26,Home,East,2910.3,195.8,0.26,6331,2024-03,6.727828746177369
2024-08-10,Office Supplies,North,2887.48,657.9,0.02,4488,2024-08,22.784573399642593
2024-06-04,Furniture,East,3988.2,626.64,0.14,5605,2024-06,15.712351436738379
2025-06-29,Clothing,South,1857.9,261.48,0.0,4842,2025-06,14.07395446471823
2024-11-02,Office Supplies,South,3099.88,554.09,0.37,4433,2024-11,17.874562886305277
2025-08-26,Electronics,South,3101.2,667.1,0.27,5990,2025-08,21.511027989165488
2024-03-24,Office Supplies,West,1812.83,102.72,0.09,1611,2024-03,5.666278691327924
2025-04-01,Furniture,East,4994.89,1038.98,0.26,5062,2025-04,20.800858477363864
2024-02-11,Clothing,East,2228.96,506.79,0.03,1275,2024-02,22.736612590625224
2024-11-23,Furniture,North,2287.71,93.59,0.3,6276,2024-11,4.09099055387265
2025-01-25,Clothing,North,4952.21,551.51,0.16,5721,2025-01,11.136644043770357
2024-10-06,Furniture,West,3233.62,403.13,0.0,8081,2024-10,12.466832837501006
2024-09-01,Electronics,East,2703.9,177.68,0.19,7961,2024-09,6.571248936721033
2024-06-19,Clothing,East,4044.95,-5.46,0.36,2495,2024-06,-0.13498312710911137
2024-11-14,Clothing,North,2460.69,322.32,0.36,4527,2024-11,13.098764980554234
2025-03-01,Furniture,West,1734.2,301.65,0.03,1971,2025-03,17.394187521623802
2025-12-30,Office Supplies,West,2087.49,181.88,0.26,4166,2025-12,8.712856109490346
2024-01-17,Office Supplies,North,4178.82,342.33,0.29,2878,2024-01,8.192025500021536
2024-05-05,Clothing,West,2294.03,211.51,0.1,2296,2024-05,9.220018918671508
2025-03-01,Clothing,East,3789.17,902.82,0.07,7705,2025-03,23.82632608196518
2025-06-26,Office Supplies,North,4028.15,950.71,0.16,4567,2025-06,23.6016533644477
2025-09-13,Office Supplies,South,1592.23,155.75,0.38,7330,2025-09,9.781878246233271
2025-05-03,Office Supplies,West,3797.27,263.91,0.4,3400,2025-05,6.949993021302146
2025-06-08,Office Supplies,West,4647.96,937.98,0.3,5399,2025-06,20.180466269072884
2025-02-01,Furniture,North,3064.99,500.41,0.35,2531,2025-02,16.32664380634195
2025-08-20,Clothing,East,257.3,3.91,0.38,4588,2025-08,1.519626894675476
2024-07-28,Clothing,North,978.71,204.99,0.06,2700,2024-07,20.94491728908461
2025-12-04,Home,West,4983.63,320.27,0.08,3261,2025-12,6.426440165100539
2024-06-21,Office Supplies,South,625.53,118.91,0.38,1157,2024-06,19.00947996099308
2024-07-28,Home,North,2881.49,184.19,0.31,4446,2024-07,6.3921790462573185
2024-03-27,Home,North,1580.84,241.07,0.04,7471,2024-03,15.249487614179804
2024-01-14,Electronics,West,3207.84,380.16,0.2,4763,2024-01,11.850965135418226
2025-06-01,Clothing,North,3547.96,100.3,0.28,4360,2025-06,2.826976628823324
2025-12-22,Furniture,North,3797.84,161.27,0.22,4542,2025-12,4.246361089461378
2025-03-14,Office Supplies,South,3330.31,312.59,0.17,5406,2025-03,9.386213295458981
2024-03-11,Office Supplies,East,2816.16,201.2,0.12,3762,2024-03,7.144480427248452
2024-04-21,Clothing,South,219.84,32.95,0.08,1572,2024-04,14.98817321688501
2025-05-23,Electronics,South,690.19,79.61,0.03,1024,2025-05,11.534504991379183
2024-07-05,Furniture,North,1803.79,324.23,0.37,5531,2024-07,17.9749305628704
2024-01-13,Electronics,East,3842.16,874.17,0.19,2752,2024-01,22.752045724280094
2025-07-26,Home,South,2654.13,584.99,0.16,5806,2025-07,22.04074404795545
2024-10-25,Clothing,North,3892.03,665.28,0.3,8616,2024-10,17.093393421941762
2024-02-18,Office Supplies,East,3914.33,824.8,0.21,1098,2024-02,21.071294448858424
2025-12-22,Office Supplies,North,3390.83,210.14,0.19,8691,2025-12,6.197302725291447
2025-08-27,Office Supplies,West,286.53,17.54,0.26,3241,2025-08,6.121523051687432
2024-02-18,Clothing,West,3026.95,232.38,0.16,3436,2024-02,7.677034638827863
2025-11-09,Clothing,North,3440.71,471.79,0.1,6902,2025-11,13.71199548930308
2024-01-22,Furniture,South,4322.59,55.6,0.39,5820,2024-01,1.2862658730066927
2025-06-15,Home,East,676.12,43.51,0.08,2233,2025-06,6.435248180796307
2024-06-29,Clothing,North,3292.61,329.82,0.22,7825,2024-06,10.016977413055296
2024-07-02,Furniture,East,479.88,49.57,0.33,4748,2024-07,10.329665749770776
2025-04-18,Furniture,West,620.71,43.0,0.07,5423,2025-04,6.927550708060124
2025-01-25,Clothing,North,1239.87,110.16,0.07,8360,2025-01,8.884802438965377
2025-03-10,Furniture,South,3287.85,440.29,0.38,4210,2025-03,13.391426007877488
2024-04-20,Home,South,2396.3,574.66,0.16,5046,2024-04,23.981137587113462
2024-01-28,Home,West,421.04,90.85,0.29,3663,2024-01,21.57752232566977
2024-02-16,Home,West,1949.49,229.5,0.33,7024,2024-02,11.77230968099349
2025-04-09,Clothing,North,3922.58,799.16,0.14,7856,2025-04,20.373325719296993
2024-01-05,Electronics,North,1389.44,69.97,0.26,1978,2024-01,5.035841777982497
2025-05-17,Clothing,North,359.6,46.08,0.1,6824,2025-05,12.814238042269185
2025-01-23,Furniture,East,2943.74,401.07,0.28,3642,2025-01,13.624504881545246
2024-11-19,Office Supplies,West,2623.84,367.97,0.06,2492,2024-11,14.024102079395085
2024-09-01,Clothing,East,3021.35,473.25,0.27,8874,2024-09,15.663527893160342
2025-08-15,Electronics,South,1405.84,245.59,0.12,7321,2025-08,17.469271040801228
2025-07-16,Electronics,West,4160.2,348.26,0.19,4028,2025-07,8.37123215230037
2025-05-29,Home,North,411.92,61.76,0.17,6474,2025-05,14.993202563604582
2024-05-30,Furniture,North,1507.73,224.32,0.18,1338,2024-05,14.877995397053848
2024-06-10,Electronics,South,4208.49,1073.25,0.09,8415,2024-06,25.502020914864953
2025-11-12,Electronics,West,3433.13,677.59,0.39,6858,2025-11,19.73679994640459
2025-02-01,Furniture,West,2594.94,620.46,0.19,7488,2025-02,23.910379430738285
2024-10-26,Furniture,South,4147.73,124.41,0.3,8706,2024-10,2.999472000347178
2025-02-09,Clothing,South,4225.05,569.56,0.39,7298,2025-02,13.480550526029274
2025-08-03,Home,East,1635.28,209.76,0.26,3489,2025-08,12.827161097793649
2024-12-12,Clothing,East,2412.42,298.41,0.07,3505,2024-12,12.369736613027584
2025-05-22,Electronics,East,4731.06,216.97,0.18,6919,2025-05,4.586075847695865
2025-07-02,Clothing,North,1079.11,81.51,0.2,1947,2025-07,7.5534468219180635
2024-03-23,Office Supplies,South,386.0,59.68,0.35,6421,2024-03,15.461139896373059
2024-05-13,Office Supplies,East,3526.41,592.93,0.08,2266,2024-05,16.81398362640759
2025-04-06,Office Supplies,East,2309.18,281.6,0.34,1064,2025-04,12.194805082323597
2025-01-11,Clothing,East,170.39,32.08,0.09,8695,2025-01,18.82739597394213
2024-09-30,Furniture,East,3192.25,159.57,0.22,8513,2024-09,4.9986686506382645
2024-11-01,Clothing,North,2714.76,297.73,0.12,5532,2024-11,10.967083646436517
2025-10-18,Furniture,East,1361.82,263.41,0.02,2795,2025-10,19.34249754005669
2025-07-03,Home,South,4868.11,1120.48,0.06,1146,2025-07,23.016735447637792
2024-11-11,Furniture,East,736.67,55.44,0.19,2055,2024-11,7.5257578020008955
2025-10-18,Home,North,1714.77,406.0,0.21,4775,2025-10,23.67664468121089
2025-08-07,Home,North,2882.36,603.05,0.03,8335,2025-08,20.92209161936746
2025-03-01,Furniture,West,4197.09,815.5,0.03,5957,2025-03,19.43012897031038
2024-09-17,Furniture,West,2409.7,417.83,0.16,2339,2024-09,17.33950284267751
2024-02-04,Electronics,East,3185.6,640.69,0.03,6847,2024-02,20.112066800602715
2025-09-13,Furniture,East,2725.41,333.02,0.07,7668,2025-09,12.219078964265927
2024-10-03,Clothing,North,4619.37,457.43,0.01,1150,2024-10,9.902432582798088
2024-07-12,Home,North,1034.35,239.03,0.23,4727,2024-07,23.10919901387345
2024-05-04,Electronics,West,984.94,40.5,0.17,1146,2024-05,4.111925599528905
2025-03-29,Office Supplies,East,599.02,68.59,0.05,3101,2025-03,11.450368935928685
2024-09-05,Office Supplies,East,3069.68,431.87,0.14,8254,2024-09,14.068893174532851
2025-05-26,Furniture,North,3003.32,820.37,0.03,1441,2025-05,27.315437582408798
2025-01-15,Electronics,West,3256.28,640.45,0.15,5208,2025-01,19.668148930681635
2025-04-06,Home,East,3368.49,219.97,0.15,4141,2025-04,6.530225709442511
2025-04-03,Home,North,3426.07,636.62,0.26,4338,2025-04,18.581640188320726
2025-06-24,Office Supplies,South,3408.32,492.67,0.31,5743,2025-06,14.454922073044784
2024-06-24,Home,East,2301.38,469.08,0.19,8752,2024-06,20.38255307684954
2024-10-05,Clothing,East,1390.26,199.87,0.27,1403,2024-10,14.37644757095795
2025-01-29,Home,South,4832.54,800.67,0.2,1026,2025-01,16.568305694313963
2024-10-06,Office Supplies,West,4161.76,166.49,0.3,1698,2024-10,4.000470954596133
2025-10-07,Home,East,238.68,49.06,0.34,7071,2025-10,20.554717613541143
2024-03-31,Furniture,South,3918.83,1028.41,0.08,5771,2024-03,26.24278164656288
2024-12-20,Clothing,North,3758.94,736.94,0.33,1092,2024-12,19.604995025193272
2024-12-10,Furniture,East,4635.38,708.5,0.16,8357,2024-12,15.28461528504675
2024-09-02,Home,South,618.75,20.31,0.33,4946,2024-09,3.2824242424242422
2025-08-09,Office Supplies,East,1266.77,161.22,0.14,8926,2025-08,12.726856493286073
2025-12-16,Electronics,North,3332.54,267.65,0.29,4685,2025-12,8.031411475931272
2024-10-08,Home,East,2728.55,540.65,0.08,2806,2024-10,19.814553517436
2025-09-12,Furniture,North,3745.74,85.43,0.33,4932,2025-09,2.280724236065504
2024-11-08,Office Supplies,East,539.59,64.89,0.23,8964,2024-11,12.025797364665765
2025-06-16,Clothing,South,2050.51,268.59,0.02,2605,2025-06,13.098692520397362
2025-10-30,Office Supplies,West,678.75,65.85,0.05,7420,2025-10,9.701657458563535
2025-10-21,Home,North,3900.94,466.0,0.22,3345,2025-10,11.945838695288828
2024-11-02,Office Supplies,South,1860.12,272.94,0.2,7194,2024-11,14.673246887297594
2024-12-27,Home,North,3454.04,337.99,0.37,2847,2024-12,9.785352804252412
2025-11-11,Furniture,East,1404.94,290.45,0.07,8786,2025-11,20.67348071803778
2024-01-29,Electronics,South,2655.46,272.99,0.25,5653,2024-01,10.280328078750951
2025-07-19,Electronics,South,1851.09,134.09,0.02,5321,2025-07,7.243840115823651
2025-02-10,Electronics,West,2397.0,254.8,0.19,8169,2025-02,10.629954109303297
2024-04-19,Home,South,3797.61,574.37,0.35,1343,2024-04,15.124512522349582
2024-12-20,Clothing,West,4348.14,756.07,0.02,3093,2024-12,17.38835456080071
2025-11-07,Clothing,North,4658.2,541.57,0.39,1498,2025-11,11.626164612940622
2025-11-16,Home,South,294.41,45.88,0.1,4738,2025-11,15.583709792466289
2025-05-06,Office Supplies,South,380.95,87.02,0.03,8300,2025-05,22.8428927680798
2024-10-10,Clothing,North,268.37,16.22,0.35,8989,2024-10,6.04389462309498
2024-09-17,Office Supplies,North,3629.03,535.41,0.22,2301,2024-09,14.75352917997371
2025-12-22,Clothing,North,1951.98,322.8,0.23,6447,2025-12,16.537054682937324
2024-07-16,Electronics,South,4462.19,722.92,0.21,2730,2024-07,16.201013403732247
2025-06-10,Office Supplies,South,3378.67,544.5,0.11,7351,2025-06,16.115808883377188
2024-12-30,Furniture,West,3302.59,674.65,0.28,5563,2024-12,20.427906582409562
2025-06-09,Clothing,South,2832.26,438.76,0.32,3299,2025-06,15.491515609442635
2024-12-08,Clothing,North,637.75,109.21,0.09,6785,2024-12,17.124264994119955
2024-03-04,Furniture,West,1314.95,249.72,0.15,1723,2024-03,18.99083615346591
2024-08-10,Clothing,West,1313.98,86.31,0.12,6122,2024-08,6.568593129271375
2025-01-03,Home,West,504.35,59.8,0.0,2593,2025-01,11.856845444631702
2025-09-04,Office Supplies,East,2664.27,512.13,0.37,4825,2025-09,19.22215090812868
2025-05-09,Furniture,East,1824.27,240.11,0.28,6923,2025-05,13.16197711961497
2025-03-11,Home,North,2396.73,329.16,0.1,7177,2025-03,13.733712182849134
2024-05-01,Home,East,2643.31,149.66,0.12,2335,2024-05,5.661840646764851
2025-05-24,Clothing,East,2081.15,366.73,0.15,7592,2025-05,17.621507339692
2025-09-03,Office Supplies,East,816.15,84.85,0.36,6978,2025-09,10.396373215707897
2024-02-13,Clothing,North,4098.07,441.58,0.06,4804,2024-02,10.77531618542387
2024-03-31,Home,South,4653.18,561.1,0.01,3674,2024-03,12.058420263131879
2024-11-30,Home,South,3978.94,895.08,0.02,7171,2024-11,22.49543848361624
2025-06-22,Electronics,West,366.16,27.5,0.16,1835,2025-06,7.510377976840725
2024-12-25,Furniture,South,2167.9,264.11,0.21,7447,2024-12,12.182757507265094
2024-06-11,Office Supplies,East,3488.85,718.38,0.21,3627,2024-06,20.59073906874758
2025-04-29,Office Supplies,North,4546.38,542.02,0.17,5953,2025-04,11.922012678218714
2025-11-18,Electronics,North,3090.34,328.98,0.26,8581,2025-11,10.64543059986927
2025-11-12,Furniture,West,4212.76,562.44,0.26,6095,2025-11,13.350867364862939
2024-07-03,Furniture,South,2548.22,81.25,0.26,8627,2024-07,3.1885002079883216
2024-10-06,Clothing,South,2158.44,149.81,0.2,8991,2024-10,6.940660847649228
2025-11-21,Home,South,586.61,111.37,0.24,6349,2025-11,18.985356540120353
2025-10-11,Clothing,South,4162.95,487.06,0.07,5371,2025-10,11.69987628965037
2025-04-02,Office Supplies,East,2481.64,113.45,0.2,7220,2025-04,4.5715736367885755
2025-05-27,Home,East,4385.12,503.29,0.08,5788,2025-05,11.477222972233372
2025-03-23,Electronics,West,1417.92,182.2,0.33,1366,2025-03,12.84980816971338
2024-12-24,Furniture,North,2110.33,247.63,0.18,8670,2024-12,11.734183753251862
2024-07-30,Furniture,East,1572.08,86.66,0.27,6968,2024-07,5.5124421149050935
2024-10-12,Home,North,2899.71,329.44,0.09,8979,2024-10,11.361136113611362
2025-01-05,Clothing,South,3017.35,562.37,0.32,4482,2025-01,18.637877607834692
2024-03-17,Furniture,North,672.52,25.17,0.18,8518,2024-03,3.742639624100399
2024-11-22,Office Supplies,West,3671.86,774.85,0.06,7599,2024-11,21.10238407782432
2024-07-30,Clothing,South,2328.24,331.8,0.32,7137,2024-07,14.251108133182147
2025-08-01,Electronics,West,2177.88,181.38,0.24,4188,2025-08,8.328282550002754
2025-02-15,Clothing,West,692.1,106.47,0.39,3485,2025-02,15.383615084525356
2024-02-13,Furniture,North,347.09,62.87,0.37,8220,2024-02,18.113457604655853
2024-01-09,Electronics,South,2848.02,536.04,0.05,5917,2024-01,18.821497040048875
2025-11-28,Home,North,872.3,58.62,0.13,5832,2025-11,6.720165080820818
2025-06-16,Home,West,1026.08,249.6,0.09,3746,2025-06,24.325588648058634
2024-08-17,Electronics,South,1026.45,219.74,0.1,7359,2024-08,21.407764625651517
2024-08-18,Electronics,West,866.75,158.83,0.34,6251,2024-08,18.32477646380156
2024-05-16,Furniture,South,3901.04,361.1,0.22,7401,2024-05,9.256505957385723
2024-09-16,Clothing,East,2816.8,395.97,0.32,8451,2024-09,14.057441067878443
2025-10-19,Clothing,East,1670.3,431.19,0.06,7796,2025-10,25.815123031790698
2024-08-05,Office Supplies,South,2931.5,485.35,0.1,5001,2024-08,16.556370458809482
2024-09-12,Office Supplies,South,4104.88,500.92,0.29,8127,2024-09,12.203036385960125
2024-10-19,Home,East,468.3,68.93,0.38,8660,2024-10,14.71919709587871
2025-07-06,Electronics,West,1990.15,424.46,0.03,2899,2025-07,21.328040599954775
2024-11-13,Furniture,East,2510.11,244.32,0.05,8856,2024-11,9.733437976821731
2025-08-25,Office Supplies,South,1694.79,235.0,0.16,7531,2025-08,13.866024699225274
2025-02-22,Office Supplies,South,4917.16,1018.08,0.16,8165,2025-02,20.704634382448404
2025-01-21,Home,South,2069.89,251.67,0.39,1677,2025-01,12.1586171245815
2025-01-18,Office Supplies,South,2809.9,599.88,0.33,3999,2025-01,21.34880244848571
2024-08-27,Home,North,3498.55,389.11,0.3,8846,2024-08,11.122036272169899
2024-03-24,Clothing,South,3411.89,529.86,0.06,4038,2024-03,15.529808991497381
2025-06-22,Furniture,East,3473.19,346.52,0.28,5661,2025-06,9.97699521189454
2024-01-13,Office Supplies,West,934.14,124.7,0.17,2367,2024-01,13.34917678292333
2024-03-05,Office Supplies,West,2367.86,113.72,0.19,7139,2024-03,4.80264880525031
2025-11-24,Clothing,West,1083.63,94.61,0.24,6926,2025-11,8.730839862314626
2024-10-29,Home,South,4381.52,88.1,0.29,3797,2024-10,2.0107177417882376
2025-10-17,Office Supplies,North,3253.87,170.57,0.17,3702,2025-10,5.242065601883296
2024-08-16,Furniture,South,1178.46,275.73,0.03,6894,2024-08,23.397484853113387
2025-10-19,Office Supplies,East,1844.09,469.64,0.09,7079,2025-10,25.467303656546047
2024-04-22,Electronics,North,829.45,103.45,0.38,8214,2024-04,12.472120079570798
2025-02-15,Clothing,South,3157.64,330.87,0.37,6294,2025-02,10.478395257217416
2024-10-15,Electronics,West,3048.12,201.01,0.08,5948,2024-10,6.594556644751519
2024-12-10,Clothing,South,4647.0,451.22,0.22,8289,2024-12,9.709920378738971
2024-11-20,Furniture,South,4730.78,71.32,0.35,7893,2024-11,1.5075738038970317
2025-01-30,Furniture,West,822.43,135.66,0.12,4743,2025-01,16.49502085283854
2025-12-18,Furniture,South,1847.17,145.73,0.19,4029,2025-12,7.889365894855373
2025-04-15,Office Supplies,East,2469.23,625.62,0.06,2604,2025-04,25.336643407054023
2024-09-25,Electronics,North,2213.22,290.88,0.38,4607,2024-09,13.142841651530352
2025-06-29,Furniture,West,4850.57,509.63,0.24,8627,2025-06,10.506600255227736
2024-11-26,Electronics,West,761.18,165.5,0.25,8938,2024-11,21.74255760792454
2025-06-15,Furniture,South,1314.82,120.63,0.33,8464,2025-06,9.17463987465965
2025-08-10,Home,South,3057.1,456.65,0.34,4122,2025-08,14.937358934938342
2024-01-01,Furniture,East,3035.53,400.84,0.12,6571,2024-01,13.204942794174327
2024-12-27,Electronics,North,1782.88,95.27,0.37,7167,2024-12,5.3436013640850755
2024-06-22,Furniture,West,4762.16,681.42,0.23,4079,2024-06,14.309053034757335
2024-02-16,Electronics,West,3113.45,56.61,0.36,3422,2024-02,1.8182402158377364
2025-12-29,Furniture,North,216.06,45.38,0.24,2906,2025-12,21.00342497454411
2024-02-12,Clothing,South,787.21,161.38,0.03,3302,2024-02,20.500247710267907
2025-04-08,Clothing,South,652.51,50.84,0.01,3340,2025-04,7.791451472008093
2024-01-22,Clothing,North,1023.15,22.69,0.31,5105,2024-01,2.2176611445047163
2024-05-30,Home,West,649.47,56.78,0.13,1899,2024-05,8.742513126087426
2024-07-28,Furniture,East,3369.1,693.13,0.23,7872,2024-07,20.573150099433082
2025-05-19,Electronics,South,1881.08,250.64,0.23,2029,2025-05,13.324260531184212
2024-03-31,Home,North,1333.75,47.62,0.2,8906,2024-03,3.570384254920337
2024-11-18,Electronics,West,527.02,49.48,0.05,3415,2024-11,9.388638002352852
2025-07-03,Electronics,South,882.08,234.55,0.07,5298,2025-07,26.590558679484854
2025-09-16,Furniture,West,308.77,33.6,0.36,4313,2025-09,10.881886193606894
2024-05-21,Home,North,2942.37,68.82,0.25,5161,2024-05,2.3389308618562588
2025-06-07,Electronics,East,1407.1,147.14,0.32,8709,2025-06,10.456968232535
2025-09-03,Furniture,East,477.21,36.7,0.25,8375,2025-09,7.690534565495276
2024-12-04,Clothing,East,3483.92,393.15,0.17,3881,2024-12,11.284702289375186
2024-05-29,Office Supplies,East,538.78,97.13,0.05,3222,2024-05,18.02776643527971
2025-09-16,Clothing,South,3933.7,403.43,0.31,3295,2025-09,10.255738871800087
2025-06-19,Clothing,West,3347.32,169.93,0.15,5463,2025-06,5.076598592306681
2024-02-16,Furniture,East,3959.11,140.67,0.32,2628,2024-02,3.5530712710684975
2025-01-07,Clothing,South,530.27,50.68,0.19,2616,2025-01,9.557395289192298
2024-01-18,Electronics,East,3412.67,588.51,0.31,1091,2024-01,17.244855201352603
2024-07-08,Electronics,West,2322.49,110.79,0.16,6420,2024-07,4.770311174644456
2025-09-27,Clothing,South,4334.15,203.7,0.32,4130,2025-09,4.6998834834973415
2025-01-16,Office Supplies,East,3508.5,678.64,0.12,8939,2025-01,19.342739062277325
2024-02-27,Electronics,West,4282.8,368.75,0.24,8002,2024-02,8.610021481273932
2025-08-22,Furniture,North,233.06,36.57,0.08,8757,2025-08,15.691238307731915
2024-03-17,Home,South,4619.13,384.88,0.4,6734,2024-03,8.332305001158225
2024-11-01,Office Supplies,North,508.56,66.68,0.07,3366,2024-11,13.111530596193175
2024-03-06,Clothing,South,668.92,74.47,0.36,3151,2024-03,11.13287089637027
2024-04-15,Clothing,South,3620.31,163.2,0.34,6546,2024-04,4.50790125707467
2025-08-29,Clothing,North,151.58,4.8,0.3,1781,2025-08,3.1666446760786378
2024-11-13,Home,South,2653.92,503.49,0.02,8280,2024-11,18.97155905226985
2025-08-08,Clothing,South,2358.87,425.08,0.02,6460,2025-08,18.020492863108185
2025-11-09,Office Supplies,North,499.63,101.7,0.12,6192,2025-11,20.355062746432363
2025-05-29,Clothing,West,4608.34,44.76,0.37,5901,2025-05,0.9712825008571415
2024-11-07,Home,East,1341.92,283.24,0.04,6006,2024-11,21.107070466197687
2025-10-04,Electronics,West,4531.74,321.33,0.31,6344,2025-10,7.090653921010473
2024-03-08,Home,North,3053.84,496.7,0.26,5382,2024-03,16.264768291724515
2025-10-01,Electronics,East,1468.29,13.93,0.31,1061,2025-10,0.9487226637789538
2025-02-12,Home,East,3262.1,336.24,0.15,5190,2025-02,10.307470647742251
2025-09-04,Home,West,1839.7,453.77,0.09,2156,2025-09,24.66543458172528
2025-01-21,Furniture,East,4579.27,567.39,0.29,3968,2025-01,12.390402837133427
2024-01-03,Electronics,East,356.73,23.32,0.31,8666,2024-01,6.537156953438174
2025-07-21,Electronics,West,2926.46,161.56,0.25,1375,2025-07,5.520663190339182
2025-09-01,Office Supplies,West,2563.81,-12.59,0.38,2027,2025-09,-0.4910660306340953
2024-04-25,Furniture,South,2448.67,461.3,0.16,7055,2024-04,18.838798204739714
2024-09-10,Office Supplies,North,764.73,153.56,0.06,1814,2024-09,20.080289775476313
2025-08-09,Office Supplies,South,1160.89,91.17,0.23,3397,2025-08,7.853457261239222
2024-09-15,Clothing,West,4570.23,221.16,0.25,1706,2024-09,4.839143763005364
2024-07-13,Home,North,1541.35,125.93,0.07,7888,2024-07,8.17011061731599
2025-05-08,Office Supplies,East,1953.08,278.52,0.37,4428,2025-05,14.260552563131053
2024-07-22,Clothing,East,1319.24,178.89,0.02,5272,2024-07,13.560080046087139
2024-06-03,Office Supplies,North,3945.97,659.7,0.23,3583,2024-06,16.718322744470942
2024-07-06,Home,North,2839.46,690.89,0.18,1725,2024-07,24.331739133497212
2025-05-29,Office Supplies,West,672.7,41.04,0.18,6924,2025-05,6.100787869778504
2024-02-25,Electronics,North,3709.91,766.57,0.04,2106,2024-02,20.662765404012497
2024-12-30,Home,North,2491.04,144.6,0.36,3521,2024-12,5.804804419037832
2025-03-11,Electronics,South,4863.61,353.0,0.37,3824,2025-03,7.257983267572852
2025-08-01,Office Supplies,North,1146.06,44.34,0.25,6582,2025-08,3.8689073870477992
2024-10-26,Electronics,North,2158.99,439.58,0.29,1480,2024-10,20.36044631980695
2025-04-21,Home,South,3951.82,206.45,0.23,5619,2025-04,5.2241751901655435
2024-09-05,Furniture,North,4682.37,873.26,0.01,3998,2024-09,18.649957179804243
2025-05-31,Furniture,North,4004.73,949.85,0.21,3713,2025-05,23.71820322468681
2024-04-08,Clothing,North,3979.91,67.76,0.34,5411,2024-04,1.7025510627124736
2024-10-18,Home,North,381.75,27.12,0.16,1818,2024-10,7.104125736738704
2024-01-14,Office Supplies,North,3027.1,493.0,0.1,8842,2024-01,16.286214528756897
2025-08-16,Electronics,South,2888.21,471.31,0.05,2478,2025-08,16.318411749838134
2024-11-28,Electronics,West,3479.49,413.29,0.12,3850,2024-11,11.877890150568044
2025-03-28,Furniture,West,1381.2,319.28,0.2,5184,2025-03,23.116130900666086
2024-12-12,Electronics,East,1555.92,93.85,0.3,7496,2024-12,6.0318011208802504
2024-05-14,Furniture,West,304.39,55.74,0.18,6380,2024-05,18.312033903873324
2025-08-20,Electronics,West,1429.34,370.87,0.07,1977,2025-08,25.946940545986262
2025-06-15,Office Supplies,North,834.45,102.48,0.39,7190,2025-06,12.281143268020852
2025-08-06,Office Supplies,West,589.94,23.6,0.28,7638,2025-08,4.000406821032647
2024-11-02,Clothing,North,889.5,61.49,0.14,7313,2024-11,6.912872400224845
2024-12-31,Furniture,West,3959.72,409.26,0.04,4292,2024-12,10.335579283383673
2025-07-02,Furniture,South,4113.45,590.96,0.28,6297,2025-07,14.36652931237769
2025-10-08,Furniture,East,2364.55,199.22,0.3,3788,2025-10,8.42528176608657
2025-09-11,Office Supplies,West,3327.04,263.94,0.38,1849,2025-09,7.93317783976147
2024-03-22,Clothing,East,3050.01,628.86,0.06,4355,2024-03,20.618293054776867
2024-10-24,Electronics,South,4027.83,393.8,0.3,4220,2024-10,9.776976684716088
2024-04-02,Electronics,East,1112.25,116.79,0.27,4237,2024-04,10.500337154416723
2024-09-02,Electronics,North,2963.37,625.5,0.26,8180,2024-09,21.10772532623331
2025-10-29,Office Supplies,East,1806.11,213.28,0.27,1710,2025-10,11.808804557861926
2025-06-26,Clothing,East,2484.66,144.03,0.3,4394,2025-06,5.796768974427085
2025-01-22,Office Supplies,North,4819.3,280.0,0.39,2410,2025-01,5.809972402631088
2024-01-24,Home,North,2407.66,275.81,0.33,4121,2024-01,11.455521128398528
2025-02-12,Furniture,South,4322.85,1086.79,0.08,4325,2025-02,25.14059011994402
2024-07-15,Home,West,2996.21,179.66,0.1,2117,2024-07,5.996241918957616
2024-10-03,Furniture,North,2159.01,363.78,0.27,4808,2024-10,16.849389303430737
2025-05-05,Furniture,South,3595.76,360.82,0.33,7462,2025-05,10.034596302311611
2025-11-12,Electronics,West,2208.59,526.44,0.11,2704,2025-11,23.83602207743402
2024-03-27,Electronics,East,158.24,40.28,0.11,1791,2024-03,25.45500505561173
2024-08-15,Clothing,North,3096.62,347.94,0.05,3636,2024-08,11.23612196523952
2025-11-16,Office Supplies,South,2509.44,390.27,0.31,7994,2025-11,15.552075363427695
2024-01-25,Furniture,North,2612.46,365.63,0.21,8629,2024-01,13.995620985584466
2024-01-06,Furniture,West,3850.34,361.24,0.05,6700,2024-01,9.382028600071681
2024-08-02,Furniture,East,350.6,51.8,0.24,5947,2024-08,14.774671990872786
2025-10-15,Furniture,North,626.49,62.47,0.27,2648,2025-10,9.97142811537295
2025-02-01,Office Supplies,West,3732.74,568.45,0.26,8588,2025-02,15.22875957071749
2025-04-20,Home,West,4499.47,122.52,0.37,1317,2025-04,2.7229873740685013
2025-08-17,Clothing,South,3540.95,111.84,0.25,3268,2025-08,3.158474420706308
2025-07-25,Furniture,East,1625.61,255.05,0.11,5475,2025-07,15.689495020330831
2024-08-22,Office Supplies,South,3879.92,770.45,0.14,5563,2024-08,19.857368193158624
2024-08-20,Clothing,West,3160.64,172.27,0.38,8076,2024-08,5.450478384124735
2024-09-18,Home,East,195.24,24.33,0.31,7293,2024-09,12.46158574062692
2025-05-02,Home,East,3011.09,547.92,0.13,3176,2025-05,18.196732744620718
2025-10-15,Clothing,West,1156.11,284.07,0.15,6595,2025-10,24.571191322625012
2024-06-08,Electronics,East,528.92,101.38,0.39,2594,2024-06,19.16735990319897
2025-10-10,Office Supplies,North,3985.8,225.27,0.18,5615,2025-10,5.651813939485172
2025-01-24,Electronics,North,3303.44,37.19,0.31,3071,2025-01,1.1257961397815608
2024-03-30,Clothing,North,4479.64,417.71,0.37,1678,2024-03,9.324633229455937
2024-08-17,Electronics,South,478.44,6.86,0.31,8472,2024-08,1.433826603126829
2025-02-07,Home,East,4912.73,803.32,0.39,6473,2025-02,16.351804393890976
2025-01-14,Home,East,1540.86,320.61,0.26,6919,2025-01,20.807211557182356
2025-04-26,Office Supplies,North,4628.21,635.66,0.29,1470,2025-04,13.734467537125584
2025-07-18,Clothing,South,1731.2,249.62,0.19,5653,2025-07,14.418900184842883
2024-06-23,Office Supplies,South,365.05,49.98,0.37,7768,2024-06,13.691275167785232
2024-02-17,Clothing,West,4302.45,644.35,0.3,7415,2024-02,14.976350683912656
2024-05-20,Office Supplies,South,1503.37,247.86,0.05,8231,2024-05,16.48695929811025
2024-07-29,Home,West,2396.07,176.37,0.34,5047,2024-07,7.360803315429015
2024-08-12,Clothing,North,4962.94,793.98,0.13,1292,2024-08,15.998178499034848
2024-04-30,Furniture,West,1024.34,76.71,0.06,8706,2024-04,7.488724446960971
2024-05-19,Office Supplies,West,4461.86,307.83,0.32,7713,2024-05,6.899140717100044
2024-08-28,Home,North,3747.62,604.99,0.39,4977,2024-08,16.143312288866003
2025-01-19,Office Supplies,South,255.53,26.22,0.33,7004,2025-01,10.26102610261026
2025-12-31,Furniture,South,2116.5,291.04,0.19,2121,2025-12,13.751004016064257
2024-03-10,Office Supplies,North,1442.02,87.2,0.31,8492,2024-03,6.04707285613237
2024-06-10,Office Supplies,West,3015.65,263.7,0.3,4654,2024-06,8.744383466251056
2024-02-10,Office Supplies,South,899.92,40.82,0.19,3168,2024-02,4.535958751889057
2025-07-15,Clothing,East,2814.92,251.0,0.24,1735,2025-07,8.91677205746522
2024-04-30,Electronics,West,1508.47,241.89,0.07,1399,2024-04,16.035453141262337
2025-05-12,Office Supplies,East,1949.44,243.43,0.3,5631,2025-05,12.487175804333551
2025-02-24,Home,West,757.84,34.65,0.14,2039,2025-02,4.57220521482107
2024-03-12,Home,South,1752.51,174.39,0.27,8173,2024-03,9.950870465789068
2024-09-13,Home,East,2514.29,443.18,0.28,6146,2024-09,17.62644722764677
2024-10-14,Electronics,South,2299.94,62.99,0.38,5509,2024-10,2.738767098272129
2025-01-20,Electronics,East,4430.36,825.31,0.13,8939,2025-01,18.628508744210404
2025-09-12,Electronics,North,2369.4,196.36,0.08,6569,2025-09,8.287330125770238
2024-11-29,Electronics,North,167.28,18.25,0.4,4628,2024-11,10.90985174557628
2025-01-14,Office Supplies,North,760.78,75.71,0.15,5455,2025-01,9.95162859170851
2024-04-22,Furniture,West,3178.84,213.03,0.4,3954,2024-04,6.701501176529804
2024-01-02,Office Supplies,West,4087.97,866.9,0.28,8760,2024-01,21.206124311088388
2024-06-15,Electronics,East,2136.84,317.9,0.2,8580,2024-06,14.877108253308622
2024-02-25,Home,North,2864.65,365.39,0.13,4907,2024-02,12.755135880474052
2024-06-16,Electronics,South,336.54,62.43,0.14,2436,2024-06,18.55054376894277
2024-06-06,Home,East,1419.88,260.81,0.17,6922,2024-06,18.368453672141307
2024-11-18,Electronics,West,4243.58,731.16,0.22,8279,2024-11,17.22979182671235
2025-07-19,Home,South,4816.12,957.17,0.31,3715,2025-07,19.874297152064315
2025-03-21,Office Supplies,West,4789.88,991.91,0.24,8602,2025-03,20.708451986271054
2024-05-05,Clothing,West,1520.81,266.08,0.12,8580,2024-05,17.49593966373183
2024-04-23,Furniture,South,2414.91,365.79,0.01,4341,2024-04,15.147148340931963
2024-09-04,Office Supplies,South,392.6,64.88,0.07,2604,2024-09,16.525725929699437
2024-11-29,Home,East,4306.3,273.32,0.29,7695,2024-11,6.346980006037666
2025-12-05,Clothing,West,1168.45,322.49,0.01,2446,2025-12,27.599811716376394
2025-10-26,Clothing,South,3310.5,424.62,0.23,1906,2025-10,12.826461259628456
2024-12-28,Home,West,2827.35,493.51,0.06,6200,2024-12,17.45486055847348
2024-08-21,Office Supplies,North,4523.43,1068.94,0.13,8432,2024-08,23.631182531839777
2024-07-09,Home,West,2666.97,544.88,0.13,5378,2024-07,20.430676010603797
2025-12-01,Electronics,West,1586.27,213.48,0.38,4545,2025-12,13.457986345325827
2024-07-18,Clothing,South,2436.53,168.57,0.04,4726,2024-07,6.9184454942069245
2024-11-12,Furniture,West,1742.24,194.68,0.27,7272,2024-11,11.174120672238038
2024-01-19,Electronics,North,2670.12,511.82,0.34,6753,2024-01,19.1684268871811
2025-05-26,Electronics,East,312.74,55.41,0.37,4147,2025-05,17.717592888661507
2024-12-14,Electronics,South,1939.75,356.2,0.15,6212,2024-12,18.363191132877947
2024-04-05,Electronics,North,2309.89,123.22,0.3,6347,2024-04,5.334453155777981
2024-07-07,Office Supplies,North,2786.18,277.7,0.39,6536,2024-07,9.967051662132382
2024-08-07,Electronics,East,3499.17,774.85,0.06,4852,2024-08,22.143822677949345
2024-03-23,Electronics,East,1736.54,294.86,0.21,4252,2024-03,16.979741324703145
2024-01-01,Home,West,4152.42,368.13,0.25,6489,2024-01,8.865432687444912
2025-12-13,Home,South,1093.65,216.75,0.29,2986,2025-12,19.818954875874365
2025-09-28,Furniture,South,247.31,10.28,0.29,2440,2025-09,4.156726375803647
2024-11-13,Electronics,East,2615.25,248.95,0.36,4583,2024-11,9.519166427683777
2024-05-09,Electronics,North,3099.58,447.66,0.25,4386,2024-05,14.442601900902705
2025-04-13,Clothing,North,4417.85,955.01,0.11,2404,2025-04,21.617076179589617
2025-02-17,Home,East,3931.34,1029.88,0.06,6187,2025-02,26.196665767906108
2025-02-01,Furniture,East,4635.36,958.72,0.36,2519,2025-02,20.682751717234478
2024-04-29,Electronics,South,4984.39,869.68,0.14,2308,2024-04,17.448072883542416
2024-09-16,Clothing,North,2036.25,301.6,0.01,5070,2024-09,14.811540822590546
2025-01-02,Electronics,North,4933.65,393.17,0.14,6777,2025-01,7.969150628844771
2024-02-03,Home,East,4584.56,99.42,0.26,7897,2024-02,2.168583244629801
2025-06-18,Office Supplies,North,2673.94,352.17,0.39,5157,2025-06,13.17045259055925
2025-06-08,Clothing,West,3782.29,495.18,0.3,7569,2025-06,13.092068561638584
2024-02-05,Office Supplies,North,678.57,67.96,0.32,2952,2024-02,10.015178979324165
2024-05-02,Clothing,East,812.64,116.75,0.37,4919,2024-05,14.3667552667848
2024-04-10,Electronics,East,740.44,141.03,0.15,5419,2024-04,19.04678299389552
2024-04-19,Office Supplies,West,1437.23,317.4,0.04,8913,2024-04,22.08414797909868
2024-12-13,Office Supplies,South,3794.41,439.67,0.02,7818,2024-12,11.587308698849096
2025-06-03,Office Supplies,South,330.3,6.51,0.29,5766,2025-06,1.9709355131698456
2024-02-09,Furniture,North,406.27,17.31,0.19,5962,2024-02,4.260713318728924
2024-09-24,Clothing,West,965.44,98.7,0.38,6183,2024-09,10.223317865429234
2025-11-25,Furniture,South,3737.06,648.18,0.13,7429,2025-11,17.34465060769696
2024-05-30,Office Supplies,East,2068.99,164.24,0.06,2046,2024-05,7.938172731622677
2025-02-19,Furniture,North,3480.68,446.17,0.22,6290,2025-02,12.818472252548355
2025-03-17,Furniture,East,2499.37,271.33,0.34,8796,2025-03,10.85593569579534
2025-06-23,Furniture,North,2978.51,378.7,0.32,3332,2025-06,12.714410896723527
2024-12-14,Home,East,4147.6,920.07,0.25,1716,2024-12,22.1831902787154
2025-12-18,Home,East,2422.98,433.04,0.15,8737,2025-12,17.872206951770135
2024-10-21,Office Supplies,South,568.93,141.98,0.15,2990,2024-10,24.955618441636055
2025-08-26,Clothing,West,1750.66,77.23,0.36,4386,2025-08,4.4114790993111175
2024-01-05,Furniture,North,4096.86,25.55,0.38,7226,2024-01,0.6236483550816968
2024-01-19,Electronics,West,1597.84,365.58,0.14,4463,2024-01,22.879637510639363
2024-05-01,Clothing,North,2156.21,441.17,0.03,3570,2024-05,20.460437526957023
2024-04-30,Electronics,South,4063.43,404.41,0.15,2009,2024-04,9.952429351557674
2025-10-02,Electronics,South,4348.99,373.69,0.01,5645,2025-10,8.592569769072819
2025-12-14,Clothing,East,3566.5,693.8,0.21,7867,2025-12,19.45324547876069
2025-12-08,Home,West,2131.72,419.27,0.31,5411,2025-12,19.66815529243991
2025-10-19,Furniture,West,4354.34,275.28,0.22,5147,2025-10,6.321968426902814
2024-09-20,Clothing,East,4059.47,693.8,0.28,1320,2024-09,17.090901028952054
2025-03-17,Office Supplies,East,4144.69,315.11,0.06,3234,2025-03,7.6027398912825825
2024-01-26,Office Supplies,North,1160.36,80.25,0.01,4640,2024-01,6.91595711675687
2024-06-07,Clothing,North,154.73,25.05,0.17,1641,2024-06,16.189491372067476
2025-11-08,Office Supplies,North,3221.7,638.34,0.16,8069,2025-11,19.813762920197416
2024-03-28,Office Supplies,North,4895.42,851.02,0.08,7258,2024-03,17.384003823982415
2024-06-30,Clothing,West,4384.87,449.47,0.35,5241,2024-06,10.250474928561166
2024-10-08,Office Supplies,North,1164.48,253.05,0.29,1277,2024-10,21.73072959604287
2024-08-22,Clothing,North,3265.22,434.29,0.05,8468,2024-08,13.300482050214077
2025-11-02,Home,West,4914.13,1109.27,0.18,3813,2025-11,22.57306990250563
2025-10-23,Office Supplies,South,3463.54,798.38,0.19,6088,2025-10,23.050982520773545
2025-05-07,Clothing,North,2044.68,484.76,0.06,1402,2025-05,23.708355341667154
2024-11-27,Home,South,4864.44,1037.46,0.03,6793,2024-11,21.327429262155565
2024-10-04,Furniture,South,3154.36,660.15,0.14,3046,2024-10,20.928175604560035
2024-09-07,Electronics,East,3336.61,628.76,0.35,2158,2024-09,18.844276076616683
2024-02-10,Office Supplies,North,2055.03,364.52,0.25,5219,2024-02,17.73794056534454
2024-03-06,Office Supplies,West,249.77,20.88,0.17,7429,2024-03,8.359690915642389
2024-03-23,Home,East,178.41,4.37,0.34,8329,2024-03,2.4494142705005326
2025-08-15,Electronics,North,1561.29,293.52,0.22,2175,2025-08,18.799838595007973
2025-08-22,Electronics,South,533.49,11.51,0.33,2538,2025-08,2.157491236949146
2025-06-28,Office Supplies,East,673.74,93.44,0.18,1099,2025-06,13.868851485736336
2025-11-01,Furniture,South,4537.99,715.74,0.14,3107,2025-11,15.772181075762617
2025-04-05,Furniture,South,1597.36,138.75,0.19,1633,2025-04,8.686207241949216
2025-02-15,Electronics,South,1895.55,282.73,0.18,6079,2025-02,14.915459892907073
2025-12-21,Electronics,East,2177.61,312.37,0.27,3057,2025-12,14.34462552982398
2025-02-27,Furniture,South,4306.33,451.59,0.05,3926,2025-02,10.48665569057643
2025-04-15,Office Supplies,North,1593.26,339.01,0.1,5732,2025-04,21.27775755369494
2025-09-11,Furniture,West,1081.81,91.27,0.32,6735,2025-09,8.436786496704597
2024-08-18,Home,South,2953.2,282.09,0.37,8102,2024-08,9.552011377488826
2025-05-22,Home,East,1639.71,300.98,0.25,5054,2025-05,18.355684846710698
2025-06-30,Electronics,East,2518.75,503.43,0.06,3157,2025-06,19.987295285359803
2024-05-02,Electronics,South,3963.36,608.88,0.25,8278,2024-05,15.362722538452223
2024-06-01,Furniture,South,1199.62,209.99,0.08,2143,2024-06,17.504709824777848
2025-03-24,Home,North,3494.59,831.59,0.07,4942,2025-03,23.796496870877558
2025-08-29,Office Supplies,South,4471.56,241.92,0.12,7199,2025-08,5.41019241606956
2024-06-18,Home,North,3871.16,461.39,0.15,8750,2024-06,11.91864970706455
2024-01-30,Office Supplies,North,1739.17,393.75,0.19,7197,2024-01,22.64010993749892
2025-04-16,Furniture,West,4984.06,843.95,0.13,3678,2025-04,16.932982347724547
2025-12-19,Clothing,West,2174.6,217.41,0.14,7340,2025-12,9.997700726570404
2024-12-06,Office Supplies,West,2496.89,2.35,0.4,1343,2024-12,0.09411708164957207
2025-03-09,Electronics,East,4771.48,314.93,0.13,5960,2025-03,6.6002582008098125
2024-08-24,Home,West,1498.54,321.42,0.13,6408,2024-08,21.448876906856007
2024-02-13,Home,North,771.06,37.38,0.35,8808,2024-02,4.847871760952456
2025-10-11,Electronics,West,683.33,155.62,0.12,7745,2025-10,22.773769628144528
2024-06-17,Clothing,East,4870.42,445.22,0.23,2524,2024-06,9.14130608859195
2025-07-17,Clothing,West,2865.47,487.61,0.26,5855,2025-07,17.016754668518605
2025-08-30,Furniture,North,983.37,202.12,0.18,7735,2025-08,20.5538098579375
2024-11-16,Furniture,West,4284.74,887.42,0.28,5641,2024-11,20.711175007118285
2024-06-08,Clothing,East,1188.42,92.26,0.29,7771,2024-06,7.763248683125494
2024-06-14,Office Supplies,East,4027.23,865.49,0.09,5804,2024-06,21.490950355455237
2025-03-18,Furniture,North,2250.7,373.95,0.38,8192,2025-03,16.614830941484872
2024-06-29,Home,East,1654.76,140.47,0.09,2174,2024-06,8.488844303705672
2025-12-20,Electronics,North,1103.9,89.1,0.33,4728,2025-12,8.071383277470783
2024-05-05,Clothing,East,2805.31,421.3,0.33,8003,2024-05,15.017948105556963
2025-09-21,Electronics,East,693.14,81.13,0.27,2772,2025-09,11.704706119975762
2024-12-30,Furniture,West,179.56,25.61,0.37,2233,2024-12,14.262642013811538
2024-05-29,Furniture,North,1283.17,236.85,0.3,7558,2024-05,18.458193380456212
2025-05-19,Home,South,2113.57,437.8,0.05,8639,2025-05,20.71376864735968
2024-10-08,Office Supplies,North,4201.92,487.16,0.14,3349,2024-10,11.593747620135558
2024-03-04,Office Supplies,East,305.61,27.32,0.09,3124,2024-03,8.93949805307418
2024-02-11,Office Supplies,East,2431.18,209.58,0.28,3868,2024-02,8.620505269046308
2025-01-12,Furniture,South,2439.3,92.37,0.31,3451,2025-01,3.7867420981429096
2025-06-27,Electronics,North,2843.0,458.0,0.15,8030,2025-06,16.10974322898347
2024-11-21,Electronics,East,3873.69,825.22,0.03,6049,2024-11,21.30320185662766
2025-01-04,Office Supplies,North,507.23,38.79,0.24,6884,2025-01,7.647418330934684
2024-10-30,Furniture,North,692.27,25.72,0.21,5337,2024-10,3.7153133892845274
2024-10-13,Clothing,East,4306.47,969.04,0.19,6539,2024-10,22.501956358688204
2025-05-03,Clothing,West,1674.46,140.88,0.34,3933,2025-05,8.413458667271836
2024-07-09,Furniture,South,3980.53,705.02,0.01,1956,2024-07,17.711711756977085
2024-01-29,Furniture,West,2897.05,321.44,0.13,1224,2024-01,11.095424656115703
2025-07-14,Office Supplies,West,3710.81,226.8,0.29,7127,2025-07,6.111873148989035
2024-11-13,Home,South,4115.23,407.52,0.09,5268,2024-11,9.902727186572804
2024-03-26,Clothing,East,4124.71,196.38,0.37,5933,2024-03,4.761061989812617
2025-07-31,Electronics,East,3190.21,539.0,0.22,8437,2025-07,16.895439485174958
2024-02-07,Clothing,West,1464.46,269.22,0.16,1085,2024-02,18.383568004588724
2025-10-05,Home,West,1105.83,83.04,0.12,4822,2025-10,7.509291663275549
2024-11-26,Furniture,South,3176.59,635.75,0.14,7471,2024-11,20.013599488759958
2024-04-11,Clothing,South,881.58,74.6,0.4,3910,2024-04,8.462079448263344
2024-09-08,Office Supplies,South,1299.38,243.69,0.39,5703,2024-09,18.75432898767104
2024-12-16,Office Supplies,West,3647.23,359.34,0.22,8476,2024-12,9.852408540179807
2025-07-04,Furniture,East,685.55,54.34,0.14,3989,2025-07,7.926482386405078
2025-06-22,Furniture,East,4627.52,512.7,0.07,7218,2025-06,11.07936864670493
2025-01-09,Office Supplies,South,2353.76,331.46,0.38,8808,2025-01,14.082149412004622
2025-01-05,Office Supplies,North,793.45,142.59,0.05,6658,2025-01,17.970886634318482
2025-06-04,Home,East,984.83,87.25,0.08,7558,2025-06,8.859397053298538
2025-02-22,Home,South,1040.38,102.04,0.35,5050,2025-02,9.80795478575136
2025-11-22,Furniture,West,3265.56,72.52,0.36,8547,2025-11,2.2207523365058366
2024-01-04,Furniture,North,1033.69,85.4,0.22,6091,2024-01,8.261664522245548
2024-10-29,Electronics,North,3433.63,758.35,0.14,8933,2024-10,22.085955679557788
2024-05-12,Electronics,East,3501.42,217.09,0.08,8718,2024-05,6.200055977289214
2025-12-10,Clothing,North,618.07,45.65,0.34,5013,2025-12,7.385894801559694
2024-09-28,Home,South,1854.58,417.37,0.24,3409,2024-09,22.50482589049812
2025-05-15,Electronics,North,548.4,46.34,0.21,3044,2025-05,8.450036469730126
2024-10-08,Home,East,1931.68,329.28,0.0,4950,2024-10,17.046301664872026
2025-03-10,Home,East,1373.76,270.15,0.21,7794,2025-03,19.665006988120194
2025-01-07,Electronics,North,4801.02,356.41,0.21,4822,2025-01,7.423630811785829
2025-02-16,Electronics,East,2553.0,502.56,0.27,4302,2025-02,19.685076380728557
2024-05-16,Home,East,3469.45,580.69,0.38,1239,2024-05,16.737235008430734
2024-12-03,Clothing,North,4057.72,380.68,0.22,3276,2024-12,9.381623177547983
2025-01-10,Office Supplies,West,3652.8,829.82,0.12,8116,2025-01,22.71736749890495
2025-02-13,Clothing,West,4456.27,511.51,0.39,5394,2025-02,11.47843375738005
2025-02-19,Home,West,1199.12,195.92,0.39,5326,2025-02,16.338648342117555
2024-04-27,Office Supplies,East,4531.12,704.64,0.32,2377,2024-04,15.551122018397217
2024-10-10,Furniture,North,2441.99,395.75,0.13,2125,2024-10,16.206045069799632
2025-11-20,Clothing,West,1655.64,222.49,0.2,2965,2025-11,13.438307844700539
2024-04-12,Furniture,East,4449.29,342.05,0.24,6634,2024-04,7.687743437717029
2024-08-05,Furniture,South,2463.86,583.91,0.18,8361,2024-08,23.69899263756869
2025-08-06,Home,South,1700.05,167.51,0.06,3510,2025-08,9.853239610599688
2024-06-29,Electronics,East,1188.92,264.9,0.2,4727,2024-06,22.280725364196073
2025-10-21,Electronics,North,4027.6,859.67,0.2,3874,2025-10,21.344473135365973
2024-07-30,Clothing,East,3577.62,235.17,0.23,4554,2024-07,6.573364415449377
2025-02-02,Furniture,South,4870.86,380.51,0.12,5249,2025-02,7.811967496499592
2025-02-13,Home,North,1089.39,99.47,0.03,4975,2025-02,9.130797969505869
2024-11-25,Furniture,West,2663.59,547.25,0.14,8252,2024-11,20.545579462304634
2025-10-05,Home,West,1565.27,135.23,0.26,7114,2025-10,8.639404064474498
2025-06-19,Clothing,South,361.4,71.32,0.05,4021,2025-06,19.73436635307139
2025-02-16,Electronics,North,1667.76,145.29,0.14,8005,2025-02,8.711685134551733
2024-09-20,Home,West,2361.17,116.51,0.32,6077,2024-09,4.93441810627782
2024-11-03,Clothing,South,274.85,40.47,0.38,6244,2024-11,14.724395124613423
2024-08-07,Office Supplies,South,3088.28,376.35,0.11,8928,2024-08,12.18639501599596
2025-04-29,Electronics,West,4995.51,714.95,0.32,6039,2025-04,14.311852043134735
2024-01-28,Clothing,East,1229.17,183.65,0.03,5375,2024-01,14.940976431250355
2024-01-31,Office Supplies,East,1325.07,99.29,0.08,8808,2024-01,7.493189039069635
2024-01-30,Clothing,East,3748.76,352.78,0.2,8919,2024-01,9.410578431267938
2025-10-20,Home,East,1377.11,354.18,0.06,1336,2025-10,25.7190783597534
2025-03-01,Clothing,West,4428.38,374.59,0.37,2031,2025-03,8.458849511559531
2025-08-01,Home,South,4692.73,722.29,0.01,1600,2025-08,15.391680322541465
2025-04-05,Home,East,2395.59,277.86,0.0,4062,2025-04,11.598812818554093
2024-04-01,Electronics,West,3061.61,257.31,0.04,8496,2024-04,8.404401605691122
2025-06-10,Office Supplies,West,4168.84,667.57,0.37,5180,2025-06,16.013327448402915
2024-12-09,Furniture,East,2524.66,576.05,0.13,2938,2024-12,22.8169337653387
2024-04-04,Furniture,West,1675.1,141.21,0.21,6293,2024-04,8.429944480926514
2024-06-03,Office Supplies,East,4095.7,529.6,0.26,7443,2024-06,12.93063456796152
2025-01-17,Home,West,4456.01,445.76,0.21,8347,2025-01,10.003568214613521
2024-05-31,Electronics,West,1725.82,193.07,0.37,2858,2024-05,11.187145820537484
2024-09-14,Clothing,South,3369.84,667.91,0.27,3108,2024-09,19.82022885359542
2024-06-05,Office Supplies,North,2269.84,197.33,0.09,5452,2024-06,8.693564304091918
2024-08-20,Home,East,3704.32,171.96,0.29,3212,2024-08,4.642147546648237
2025-11-03,Clothing,North,460.48,64.13,0.13,5761,2025-11,13.926772063933285
2025-11-30,Furniture,East,2446.22,572.88,0.15,4884,2025-11,23.41898929777371
2024-08-07,Clothing,West,3987.71,567.17,0.31,8538,2024-08,14.222950013917762
2025-09-15,Electronics,East,4567.32,405.49,0.21,5702,2025-09,8.878072918035084
2025-07-13,Furniture,South,4240.12,852.35,0.32,1691,2025-07,20.102025414375067
2024-03-20,Clothing,East,265.48,42.73,0.14,5352,2024-03,16.095374416151873
2025-06-17,Home,West,1518.22,106.05,0.22,1065,2025-06,6.985153666794009
2025-03-03,Office Supplies,South,1495.57,240.4,0.23,2212,2025-03,16.074138957053165
2025-03-16,Clothing,South,4920.57,229.13,0.29,5760,2025-03,4.656574339964679
2025-03-27,Home,East,2192.32,33.99,0.35,2415,2025-03,1.5504123485622536
2024-09-22,Office Supplies,West,394.01,29.48,0.39,7501,2024-09,7.48204360295424
2024-06-08,Furniture,South,4900.07,259.4,0.2,3000,2024-06,5.293801925278618
2024-02-09,Electronics,South,3343.66,532.21,0.18,3122,2024-02,15.916989167558903
2025-01-10,Clothing,West,394.87,9.83,0.23,3630,2025-01,2.4894268999924027
2025-02-18,Electronics,West,2225.97,123.15,0.21,5163,2025-02,5.532419574387796
2024-12-05,Furniture,West,4559.05,991.18,0.14,7825,2024-12,21.740932869786466
2024-07-03,Office Supplies,North,3718.8,552.79,0.26,7201,2024-07,14.864741314402494
2024-11-05,Electronics,West,1359.5,284.9,0.31,4131,2024-11,20.956233909525558
2025-01-13,Home,North,4480.07,549.62,0.07,1250,2025-01,12.268111882180413
2025-08-12,Home,South,4460.78,694.7,0.04,8172,2025-08,15.57350956559167
2024-08-12,Clothing,East,3799.72,668.58,0.34,3700,2024-08,17.59550703736065
2024-05-05,Furniture,South,1272.75,270.08,0.22,1453,2024-05,21.22019249656256
2025-04-29,Home,East,705.79,134.24,0.06,8484,2025-04,19.019821760013603
2024-04-20,Office Supplies,West,2720.48,344.84,0.16,7490,2024-04,12.675704287478679
2025-08-05,Office Supplies,East,4763.18,883.3,0.05,7705,2025-08,18.54433382740102
2024-07-24,Clothing,East,1853.07,161.1,0.33,4121,2024-07,8.693681296443199
2025-02-22,Electronics,North,4355.7,359.82,0.26,3648,2025-02,8.260899510985606
2025-05-14,Home,South,1387.92,123.68,0.13,6086,2025-05,8.91117643668223
2025-02-21,Electronics,West,3776.49,531.18,0.25,2655,2025-02,14.065441719692096
2024-07-24,Electronics,West,3538.73,582.24,0.0,5730,2024-07,16.453360386353296
2024-09-24,Home,North,4004.83,59.7,0.29,5197,2024-09,1.4906999797744225
2024-09-07,Furniture,South,1519.84,194.78,0.04,5390,2024-09,12.815822718180861
2024-11-21,Electronics,West,2767.59,63.09,0.31,2893,2024-11,2.2796006633930603
2024-09-24,Furniture,West,3918.15,866.52,0.01,8660,2024-09,22.115539221316183
2025-11-28,Electronics,East,3417.53,614.5,0.15,3389,2025-11,17.98082240682598
2025-07-22,Electronics,North,569.52,98.94,0.34,7435,2025-07,17.37252423093131
2025-03-15,Clothing,West,2376.75,537.97,0.11,1979,2025-03,22.634690228252868
2024-01-02,Clothing,West,1809.54,440.83,0.1,8542,2024-01,24.361439923958574
2025-10-14,Home,East,3976.97,515.18,0.13,3983,2025-10,12.95408313364194
2024-07-06,Clothing,South,812.89,43.93,0.13,3747,2024-07,5.404175226660434
2024-10-13,Home,South,4606.82,1010.34,0.18,7351,2024-10,21.931397363040016
2024-05-17,Office Supplies,South,877.01,198.99,0.08,6326,2024-05,22.689593049110044
2025-11-26,Furniture,West,968.17,152.36,0.05,2851,2025-11,15.736905708708186
2024-10-17,Furniture,East,1695.07,313.8,0.32,5039,2024-10,18.512509807854542
2024-04-02,Home,West,3516.58,388.26,0.02,6991,2024-04,11.040840816930086
2024-11-17,Electronics,East,3882.01,726.32,0.03,5533,2024-11,18.70989513164572
2025-10-18,Clothing,North,1421.6,189.95,0.19,5982,2025-10,13.361705120990433
2025-11-10,Office Supplies,South,3271.65,829.4,0.09,3013,2025-11,25.351122522274693
2025-10-20,Office Supplies,East,4171.18,450.32,0.18,1951,2025-10,10.795985788194228
2024-05-15,Clothing,East,1042.76,215.91,0.22,5268,2024-05,20.705627373508765
2025-03-05,Clothing,East,3837.16,711.76,0.12,8010,2025-03,18.549135297980797
2025-04-03,Office Supplies,North,2271.11,325.1,0.31,2361,2025-04,14.314586259582319
2025-02-09,Furniture,North,3105.74,495.9,0.18,1296,2025-02,15.9672091031445
2025-12-27,Clothing,North,956.13,170.98,0.28,2998,2025-12,17.8825055170322
2025-08-01,Clothing,South,768.11,61.78,0.11,3031,2025-08,8.043118824126752
2025-12-31,Office Supplies,East,3785.64,743.59,0.19,3042,2025-12,19.642385435487792
2024-05-26,Home,East,1091.1,187.67,0.27,1130,2024-05,17.200073320502245
2024-02-12,Electronics,East,2410.55,344.8,0.02,6822,2024-02,14.303789591586982
2024-12-03,Electronics,South,1343.58,241.64,0.3,2075,2024-12,17.984786912576848
2025-08-19,Home,South,3052.45,529.62,0.02,4130,2025-08,17.35065275434487
2025-11-28,Electronics,West,2500.08,384.68,0.02,3271,2025-11,15.386707625355989
2024-02-02,Electronics,North,516.9,31.39,0.25,4319,2024-02,6.072741342619462
2024-10-15,Office Supplies,South,2019.09,270.21,0.37,3974,2024-10,13.382761541090293
2025-04-26,Furniture,West,3906.24,679.89,0.2,2296,2025-04,17.405228557385108
2024-05-09,Clothing,North,2104.43,296.88,0.35,2835,2024-05,14.107382996820995
2025-04-24,Office Supplies,South,3115.9,527.36,0.07,4959,2025-04,16.92480503225392
2025-09-11,Clothing,South,1897.9,355.68,0.07,5597,2025-09,18.740713420095894
2024-10-24,Clothing,West,2331.72,458.7,0.11,6338,2024-10,19.672173331274767
2024-10-18,Office Supplies,North,1110.25,122.17,0.21,8067,2024-10,11.003827966674171
2024-10-04,Electronics,South,2304.18,354.55,0.24,6430,2024-10,15.387252731991428
2024-02-04,Clothing,West,2323.16,140.27,0.21,8575,2024-02,6.037896658000311
2024-09-09,Furniture,East,3501.5,845.73,0.09,6940,2024-09,24.153362844495216
2025-12-04,Clothing,East,1670.88,437.8,0.03,7033,2025-12,26.201761945801017
2024-12-04,Home,North,1330.54,234.23,0.22,2101,2024-12,17.60413065371954
2025-07-11,Clothing,East,427.39,51.1,0.19,2560,2025-07,11.956292847282342
2024-06-11,Furniture,West,3647.56,304.38,0.04,2838,2024-06,8.344756494752655
2025-02-01,Clothing,West,552.02,102.44,0.33,5391,2025-02,18.557298648599687
2025-11-18,Furniture,North,3945.79,570.43,0.3,8505,2025-11,14.456674075406953
2024-12-24,Office Supplies,West,2455.85,342.59,0.38,4339,2024-12,13.94995622696826
2025-08-01,Furniture,South,1790.93,89.93,0.1,4332,2025-08,5.021413455578945
2024-12-03,Electronics,North,1295.89,266.0,0.17,5271,2024-12,20.5264335707506
2024-10-01,Office Supplies,South,4319.38,144.46,0.32,5748,2024-10,3.3444614736374203
2024-12-31,Clothing,South,2395.21,77.0,0.3,3542,2024-12,3.2147494374188486
2024-03-25,Furniture,East,4535.4,989.34,0.14,5586,2024-03,21.813731975128988
2025-05-11,Home,East,3493.36,898.33,0.04,2407,2025-05,25.715357134678364
2024-12-09,Electronics,North,2802.69,228.34,0.25,5151,2024-12,8.147172894611963
2024-09-30,Home,North,4963.85,697.52,0.11,4329,2024-09,14.051995930578078
2024-11-14,Electronics,West,4704.46,923.61,0.33,1271,2024-11,19.63264646739477
2024-12-01,Clothing,East,4031.33,183.43,0.3,6710,2024-12,4.55011125360613
2024-10-11,Clothing,East,1831.75,237.32,0.07,6036,2024-10,12.955916473317867
2024-08-22,Office Supplies,South,3048.25,376.22,0.37,8978,2024-08,12.342163536455345
2024-03-31,Clothing,North,4165.89,632.88,0.13,8884,2024-03,15.191951779811754
2024-08-20,Clothing,East,2903.81,273.05,0.32,1004,2024-08,9.40316343011423
2024-05-02,Furniture,West,2046.87,82.13,0.32,5167,2024-05,4.012467816715278
2024-10-18,Clothing,West,2633.96,510.78,0.18,7166,2024-10,19.392094033318653
2024-07-23,Clothing,North,1369.87,118.81,0.4,4352,2024-07,8.673085767262588
2025-01-08,Office Supplies,West,3959.04,814.91,0.09,8772,2025-01,20.5835252990624
2024-12-07,Furniture,West,4531.36,624.07,0.31,1439,2024-12,13.772244977225382
2025-10-30,Office Supplies,North,2435.94,208.3,0.11,5156,2025-10,8.551113738433623
2024-02-15,Clothing,West,423.98,31.69,0.22,5852,2024-02,7.47440917024388
2024-07-29,Home,South,2392.32,372.36,0.23,1316,2024-07,15.564807383627608
2024-12-23,Furniture,West,2536.39,186.97,0.37,2989,2024-12,7.371500439601165
2024-04-03,Office Supplies,North,4075.87,216.17,0.18,3000,2024-04,5.303652962435014
2025-01-06,Office Supplies,East,2770.97,216.18,0.27,8513,2025-01,7.8016001616762365
2025-08-21,Clothing,North,2340.18,236.43,0.02,7881,2025-08,10.103068994692716
2024-10-24,Office Supplies,South,4227.07,764.45,0.38,7681,2024-10,18.08463072530145
2025-07-21,Furniture,South,4156.49,905.06,0.18,1243,2025-07,21.774622337597346
2024-11-25,Clothing,South,931.56,40.76,0.19,4573,2024-11,4.375456223968397
2024-06-16,Home,East,3572.77,857.03,0.17,5516,2024-06,23.987830170987774
2024-09-14,Office Supplies,South,3644.42,559.07,0.27,5300,2024-09,15.340438259037104
2024-01-02,Electronics,South,4067.25,191.43,0.39,1667,2024-01,4.706619952056058
2025-06-14,Office Supplies,East,4690.68,769.24,0.39,1609,2025-06,16.399328029198323
2024-07-22,Home,West,495.89,107.46,0.17,4781,2024-07,21.67012845590756
2024-08-29,Home,East,1164.94,246.08,0.29,7721,2024-08,21.12383470393325
2025-04-16,Electronics,West,3808.82,379.0,0.2,5607,2025-04,9.95058837120158
2025-08-28,Electronics,East,4839.19,503.55,0.18,4757,2025-08,10.405667064116104
2025-09-20,Office Supplies,North,1632.3,89.12,0.22,7625,2025-09,5.459780677571525
2025-05-03,Clothing,West,3088.49,56.86,0.38,7377,2025-05,1.8410291113132957
2025-03-10,Office Supplies,West,2342.83,114.56,0.31,2352,2025-03,4.889812747830615
2024-07-23,Clothing,West,350.54,20.3,0.24,8736,2024-07,5.791065213670337
2024-03-12,Electronics,South,2191.81,523.75,0.0,6052,2024-03,23.895775637486828
2024-07-08,Home,East,2950.22,648.51,0.3,1336,2024-07,21.981750513521025
2025-05-29,Electronics,South,526.3,80.48,0.39,3557,2025-05,15.291658749762496
2025-06-08,Office Supplies,South,492.66,68.49,0.1,8068,2025-06,13.902082572159296
2025-11-04,Office Supplies,East,4484.35,841.36,0.35,1737,2025-11,18.762139440498622
2024-01-16,Furniture,South,1228.18,59.18,0.31,3176,2024-01,4.818511944503248
2025-01-29,Furniture,North,280.56,76.47,0.03,3261,2025-01,27.256201881950386
2025-09-06,Office Supplies,North,609.18,69.03,0.15,8952,2025-09,11.331626120358516
2025-02-27,Clothing,South,1685.38,213.35,0.29,3041,2025-02,12.65886624974783
2025-12-31,Home,North,1303.37,323.22,0.03,2830,2025-12,24.798790826856536
2024-02-07,Office Supplies,West,4955.27,927.94,0.34,3903,2024-02,18.72632570979987
2025-03-15,Furniture,East,2792.47,322.34,0.29,6337,2025-03,11.5431857817631
2024-05-09,Electronics,North,2000.79,147.9,0.04,1101,2024-05,7.392080128349303
2024-02-26,Furniture,West,4045.78,223.03,0.18,8404,2024-02,5.512657633385897
2025-12-15,Furniture,East,1235.36,46.66,0.21,8176,2025-12,3.7770366532832536
2024-08-13,Office Supplies,South,1106.33,33.41,0.31,6293,2024-08,3.019894606491734
2024-07-24,Electronics,West,258.29,27.03,0.36,1922,2024-07,10.464981222656704
2024-04-18,Furniture,West,3342.0,867.0,0.03,7234,2024-04,25.94254937163375
2024-10-30,Clothing,West,1385.2,275.46,0.23,2958,2024-10,19.885937048801615
2025-08-17,Clothing,North,2507.45,287.38,0.21,3402,2025-08,11.461046082673633
2025-02-09,Home,South,394.79,52.43,0.1,2523,2025-02,13.280478228931836
2024-10-14,Office Supplies,West,3566.38,159.75,0.35,3898,2024-10,4.479331983692147
2025-12-31,Furniture,West,396.88,31.06,0.05,3396,2025-12,7.826043136464422
2025-03-08,Clothing,West,2012.31,484.71,0.17,7911,2025-03,24.08724301921672
2024-03-19,Electronics,South,1775.92,184.57,0.37,8910,2024-03,10.392923104644353
2024-04-30,Furniture,North,2358.81,530.27,0.25,6624,2024-04,22.480403254183255
2025-02-11,Home,West,4373.29,729.24,0.2,4577,2025-02,16.674860345415006
2025-05-21,Clothing,East,1294.25,210.99,0.1,5317,2025-05,16.30210546648638
2025-01-27,Home,South,4794.19,561.35,0.3,6622,2025-01,11.708964392316535
2024-12-11,Electronics,North,318.06,16.24,0.31,2388,2024-12,5.1059548512859205
2024-08-04,Office Supplies,West,162.19,12.95,0.19,4935,2024-08,7.9844626672421235
2024-09-19,Electronics,East,1074.36,189.62,0.16,7984,2024-09,17.649577422837783
2024-01-15,Clothing,South,362.33,58.88,0.18,4049,2024-01,16.25037948831176
2024-01-14,Office Supplies,South,4379.98,360.67,0.32,7147,2024-01,8.234512486358387
2025-10-24,Furniture,West,3652.09,644.64,0.11,5990,2025-10,17.651262701631122
2025-06-04,Office Supplies,South,1821.66,20.86,0.35,5716,2025-06,1.1451094057068827
2025-08-01,Office Supplies,South,1501.58,169.09,0.21,3656,2025-08,11.260805285099696
2024-04-17,Office Supplies,East,1374.77,144.13,0.18,1748,2024-04,10.483935494664562
2024-09-25,Electronics,South,3469.76,565.44,0.01,5786,2024-09,16.29622798118602
2024-02-13,Office Supplies,South,181.86,27.34,0.02,6625,2024-02,15.033542285274384
2025-05-27,Furniture,North,1563.78,54.85,0.26,7776,2025-05,3.5075266341812785
2025-06-24,Home,West,2163.27,244.13,0.32,3056,2025-06,11.28523023016082
2024-08-06,Clothing,North,1301.04,126.79,0.36,3267,2024-08,9.745280698518108
2024-04-18,Office Supplies,South,4294.39,633.9,0.04,7526,2024-04,14.761118575630064
2025-06-25,Clothing,East,1550.93,127.06,0.36,3107,2025-06,8.192503852527192
2024-12-13,Electronics,North,408.48,25.37,0.31,5354,2024-12,6.210830395613004
2024-08-14,Office Supplies,East,3429.22,116.21,0.21,1530,2024-08,3.388817282064143
2025-03-30,Home,North,1586.48,255.89,0.29,1176,2025-03,16.129418587060663
2024-02-02,Office Supplies,East,2358.99,121.28,0.37,1194,2024-02,5.141183303023753
2024-03-06,Furniture,North,2140.15,301.69,0.06,2932,2024-03,14.096675466672895
2025-06-11,Furniture,South,2974.46,428.5,0.24,3433,2025-06,14.40597621080801
2025-10-29,Office Supplies,East,2095.8,122.95,0.07,5963,2025-10,5.866494894551006
2024-05-09,Clothing,South,1258.23,78.66,0.16,7679,2024-05,6.251639207458096
2025-01-16,Home,East,4021.87,185.55,0.13,5230,2025-01,4.613525549060512
2025-11-23,Office Supplies,South,1597.64,272.75,0.13,8734,2025-11,17.07205628301745
2024-08-29,Home,South,3928.02,913.73,0.05,3315,2024-08,23.261846935606233
2025-07-19,Furniture,South,4193.56,375.4,0.02,2783,2025-07,8.95182136418699
2024-06-07,Office Supplies,North,881.76,33.93,0.16,4898,2024-06,3.8479858464888403
2024-04-30,Electronics,East,1311.15,69.25,0.4,4635,2024-04,5.281623002707547
2024-08-10,Home,West,3909.73,895.89,0.19,3375,2024-08,22.914370046013406
2025-05-17,Office Supplies,North,2814.03,211.19,0.14,4344,2025-05,7.504895114835307
2025-06-24,Home,East,3242.12,793.24,0.04,2744,2025-06,24.466706969513776
2024-02-11,Home,North,652.22,30.51,0.12,7344,2024-02,4.677869430560241
2025-06-23,Home,West,1122.33,74.26,0.18,3388,2025-06,6.6165922678713045
2025-02-10,Furniture,East,1685.73,423.62,0.05,3801,2025-02,25.12976573947192
2024-12-30,Furniture,North,1887.84,384.26,0.25,2827,2024-12,20.35447919315196
2025-10-25,Home,South,907.29,94.43,0.38,1850,2025-10,10.407918085727829
2025-09-30,Electronics,East,3730.43,655.78,0.34,3454,2025-09,17.57920668662862
2025-07-31,Furniture,North,1944.54,402.96,0.31,8459,2025-07,20.72263877318029
2024-08-27,Electronics,South,388.42,62.07,0.26,7450,2024-08,15.980124607383758
2025-12-14,Furniture,North,3998.2,565.93,0.27,6582,2025-12,14.154619578810465
2025-10-17,Home,West,4626.8,1128.75,0.14,3145,2025-10,24.395910780669144
2025-10-02,Clothing,South,4283.48,687.59,0.21,5645,2025-10,16.052135179807074
2025-07-11,Office Supplies,North,2428.98,273.92,0.09,8495,2025-07,11.277161606929658
2024-07-26,Furniture,East,601.35,31.75,0.29,8364,2024-07,5.279787145589091
2024-08-13,Furniture,West,1959.72,265.79,0.11,3713,2024-08,13.562651807401057
2024-04-13,Home,South,326.7,14.21,0.22,6893,2024-04,4.349556167737986
2024-01-20,Furniture,South,1150.15,139.75,0.09,3956,2024-01,12.150589053601703
2025-03-08,Electronics,North,1412.64,77.0,0.08,5725,2025-03,5.450787178615924
2025-04-19,Electronics,West,4375.77,1056.61,0.12,8231,2025-04,24.146835871172385
2024-08-06,Home,North,4903.11,590.3,0.37,8152,2024-08,12.039297507092437
2025-09-23,Home,South,4328.83,970.05,0.1,6721,2025-09,22.409057412742012
2024-08-23,Clothing,North,1274.79,109.35,0.32,1216,2024-08,8.577883416092062
2025-05-12,Clothing,North,2935.51,601.83,0.09,8855,2025-05,20.5017186110761
2025-02-02,Clothing,West,4851.05,530.12,0.38,5698,2025-02,10.927943434926458
2024-03-04,Clothing,East,1800.56,162.23,0.37,5247,2024-03,9.009974674545697
2024-01-15,Furniture,East,1374.7,115.05,0.11,7655,2024-01,8.369098712446352
2024-02-24,Home,West,4965.01,585.38,0.04,2398,2024-02,11.790107169975487
2025-09-10,Office Supplies,North,1728.96,200.8,0.15,4821,2025-09,11.61391819359615
2025-05-11,Electronics,North,1824.47,434.97,0.19,3888,2025-05,23.84089626028381
2025-03-06,Clothing,East,715.34,5.4,0.36,2881,2025-03,0.7548857885760618
2025-08-17,Clothing,West,3164.15,527.91,0.08,4096,2025-08,16.684101575462602
2025-03-13,Clothing,East,4459.91,788.42,0.16,6216,2025-03,17.677935204970506
2025-12-24,Home,North,2587.27,399.59,0.12,8444,2025-12,15.444464628739945
2025-12-06,Home,South,652.11,157.81,0.15,3044,2025-12,24.199904924015886
2024-07-16,Furniture,East,4764.0,315.95,0.21,6180,2024-07,6.632031905961376
2024-12-09,Home,West,2816.74,299.75,0.22,3375,2024-12,10.641734771402401
2025-03-13,Furniture,West,4385.2,512.23,0.02,4384,2025-03,11.680881145671806
2024-07-09,Furniture,North,1536.3,306.59,0.0,2925,2024-07,19.956388726160252
2025-09-25,Electronics,South,3425.15,825.2,0.15,6809,2025-09,24.092375516400743
2025-05-04,Electronics,East,1043.67,164.26,0.33,7854,2025-05,15.738691348797989
2024-03-22,Electronics,West,1078.78,237.6,0.09,6254,2024-03,22.02487995698845
2025-08-27,Clothing,South,4775.05,417.84,0.14,3402,2025-08,8.750484288122637
2024-04-05,Electronics,South,4548.5,544.05,0.38,3067,2024-04,11.961086072331536
2024-10-16,Office Supplies,West,4288.39,952.3,0.25,1204,2024-10,22.206469094462022
2024-03-02,Furniture,West,2266.01,418.48,0.19,3798,2024-03,18.467703143410663
2024-02-05,Office Supplies,North,3277.52,208.84,0.04,3897,2024-02,6.371890941931705
2025-06-17,Home,North,3562.19,206.41,0.36,8206,2025-06,5.794469132752604
2025-06-05,Office Supplies,West,3831.31,339.14,0.24,3236,2025-06,8.851802647136358
2024-07-25,Furniture,North,3307.97,310.33,0.17,5700,2024-07,9.381282176077777
2024-01-05,Office Supplies,East,1664.62,21.08,0.32,6767,2024-01,1.2663550840432052
2025-11-02,Office Supplies,East,252.21,29.34,0.23,2099,2025-11,11.633162840490067
2025-06-07,Electronics,North,4777.86,596.76,0.27,4954,2025-06,12.490110635305346
2025-03-22,Furniture,East,3281.67,681.03,0.12,6865,2025-03,20.752543674409672
2025-09-25,Furniture,East,3299.97,248.14,0.18,3896,2025-09,7.519462298142105
2025-03-13,Clothing,East,951.34,101.93,0.23,5079,2025-03,10.71436079635041
2025-02-06,Furniture,South,4027.84,864.56,0.16,6633,2025-02,21.46460633987447
2025-10-23,Furniture,East,2447.59,519.89,0.15,1785,2025-10,21.240894103996176
2025-04-13,Home,South,2698.44,208.01,0.16,1908,2025-04,7.708527890188405
2025-05-07,Electronics,North,2190.97,286.69,0.29,2187,2025-05,13.085071908789258
2024-01-05,Clothing,North,4688.03,1076.36,0.1,7280,2024-01,22.959750684189306
2025-05-19,Home,North,601.46,66.3,0.19,6928,2025-05,11.023176936122102
2025-10-18,Clothing,South,3593.75,336.47,0.3,4817,2025-10,9.362643478260871
2025-08-06,Furniture,East,390.88,54.51,0.36,1007,2025-08,13.945456406058124
2025-03-02,Clothing,West,3925.8,83.09,0.36,8326,2025-03,2.1165112843242144
2024-06-23,Clothing,North,4891.69,510.71,0.3,5100,2024-06,10.440359057912502
2024-09-01,Office Supplies,North,849.57,192.63,0.13,6159,2024-09,22.673823228221334
2025-05-20,Home,West,1970.01,91.82,0.36,7751,2025-05,4.66089004624342
2025-10-03,Furniture,North,1361.4,228.56,0.07,3868,2025-10,16.78859997061848
2024-11-16,Home,North,909.65,152.56,0.36,2273,2024-11,16.771285659319517
2025-10-11,Furniture,South,4265.87,506.89,0.25,8714,2025-10,11.882453051780763
2025-01-05,Office Supplies,East,2224.58,27.75,0.39,5528,2025-01,1.2474264805041853
2025-06-21,Furniture,North,3412.73,265.55,0.12,8513,2025-06,7.781160537165261
2024-09-16,Office Supplies,South,1010.38,137.26,0.36,5809,2024-09,13.584987826362358
2024-10-29,Furniture,North,1413.12,337.43,0.18,8769,2024-10,23.878368432971016
2024-07-26,Home,South,1123.51,132.6,0.39,4885,2024-07,11.802298154889588
2024-02-09,Office Supplies,West,4477.85,937.13,0.26,4105,2024-02,20.92812398807463
2025-08-09,Electronics,East,406.7,39.78,0.38,7742,2025-08,9.78116547823949
2024-10-31,Office Supplies,East,1048.4,280.24,0.04,5460,2024-10,26.730255627623045
2024-01-29,Home,North,4253.44,526.09,0.22,7451,2024-01,12.368576963587122
2025-07-19,Office Supplies,South,2446.93,343.39,0.1,7023,2025-07,14.033503206058203
2024-10-30,Electronics,East,1588.82,31.41,0.28,5357,2024-10,1.97693886028625
2024-08-20,Clothing,North,2701.56,673.21,0.15,2310,2024-08,24.919305882527134
2024-01-24,Office Supplies,East,4227.15,553.37,0.23,7855,2024-01,13.09085317530724
2025-09-07,Office Supplies,South,1526.64,293.69,0.21,7657,2025-09,19.237672273751507
2024-07-17,Electronics,East,1211.79,267.96,0.21,6461,2024-07,22.112742306835344
2024-09-07,Office Supplies,West,4409.1,745.9,0.22,6853,2024-09,16.917284706629466
2024-02-07,Office Supplies,North,3749.92,261.95,0.09,1796,2024-02,6.985482356956949
2024-01-09,Home,North,975.45,93.55,0.27,1256,2024-01,9.590445435440053
2025-04-03,Furniture,East,569.96,91.47,0.23,8087,2025-04,16.04849463120219
2025-08-22,Home,South,2631.98,405.7,0.2,4025,2025-08,15.414250868167692
2025-08-29,Electronics,East,1941.26,215.13,0.34,6601,2025-08,11.081977684596602
2024-03-28,Office Supplies,South,3841.85,566.25,0.09,4183,2024-03,14.73899293309213
2025-04-26,Home,North,2596.45,41.55,0.36,5991,2025-04,1.6002618960503767
2025-05-28,Office Supplies,North,449.78,70.75,0.27,6412,2025-05,15.72991240161857
2025-02-07,Home,North,4041.97,346.86,0.37,1631,2025-02,8.581459041012181
2024-07-21,Electronics,North,3212.97,684.43,0.08,8261,2024-07,21.30209743632838
2024-12-11,Clothing,South,3094.55,454.36,0.18,4973,2024-12,14.682587128984828
2025-08-02,Home,East,3142.16,461.16,0.19,5116,2025-08,14.676528248084123
2024-02-12,Electronics,North,1642.82,29.95,0.3,7660,2024-02,1.8230846958279059
2024-12-25,Electronics,East,3674.06,316.74,0.02,2186,2024-12,8.6209806045628
2025-12-06,Office Supplies,South,4987.4,561.46,0.06,6369,2025-12,11.25756907406665
2024-05-12,Office Supplies,West,1811.65,53.02,0.29,8668,2024-05,2.9266138602931027
2025-08-19,Clothing,West,4641.11,1216.76,0.04,6939,2025-08,26.217004121858782
2025-09-28,Clothing,South,2590.44,516.22,0.37,8646,2025-09,19.927888698445052
2024-11-12,Clothing,South,2634.55,81.47,0.33,2452,2024-11,3.0923687157199518
2025-08-18,Clothing,East,2999.15,393.9,0.33,7922,2025-08,13.133721221012621
2024-03-21,Furniture,West,1103.31,205.86,0.37,5753,2024-03,18.658400630829053
2024-05-14,Home,East,3894.84,279.57,0.07,1750,2024-05,7.17795852974705
2025-03-15,Electronics,West,1102.76,128.02,0.29,1222,2025-03,11.60905364721245
2025-03-20,Furniture,South,4824.64,504.25,0.33,5972,2025-03,10.451557007362206
2024-01-31,Clothing,North,4534.82,359.87,0.33,8595,2024-01,7.9357063786434745
2024-07-01,Clothing,North,1891.92,176.48,0.08,4957,2024-07,9.328089982663114
2024-11-06,Clothing,North,4233.32,366.96,0.18,5538,2024-11,8.668373758657507
2025-08-22,Furniture,East,682.07,110.2,0.24,2315,2025-08,16.15669945899981
2025-08-01,Office Supplies,West,4191.6,1063.14,0.05,1465,2025-08,25.363584311480103
2024-11-18,Electronics,West,4066.76,305.6,0.28,5577,2024-11,7.514581632552695
2025-01-26,Office Supplies,North,3927.59,340.06,0.11,7266,2025-01,8.658235711976046
2025-09-14,Clothing,West,901.1,80.6,0.2,1961,2025-09,8.944623238264343
2025-03-24,Electronics,South,2171.95,190.73,0.36,4705,2025-03,8.781509703262046
2024-04-19,Office Supplies,North,2381.9,323.49,0.18,4103,2024-04,13.581174692472395
2025-04-09,Clothing,East,1172.85,114.19,0.2,4780,2025-04,9.736112887411007
2024-02-28,Electronics,South,2663.85,651.13,0.04,5122,2024-02,24.44319312273589
2025-02-17,Clothing,South,3587.31,118.7,0.19,1804,2025-02,3.3088860455327254
2025-05-01,Electronics,South,2655.9,-2.22,0.37,6010,2025-05,-0.08358748446854175
2024-04-30,Electronics,North,2357.52,384.97,0.08,1569,2024-04,16.329447894397504
2025-10-04,Clothing,North,1083.28,93.67,0.29,4747,2025-10,8.646887231371391
2025-03-18,Electronics,East,2468.46,126.25,0.3,5229,2025-03,5.1145248454502
2024-06-02,Office Supplies,South,4942.13,492.52,0.19,7999,2024-06,9.965743515447793
2025-05-19,Home,West,3803.9,745.62,0.15,8209,2025-05,19.601461657772287
2025-09-15,Clothing,North,4473.25,674.85,0.3,2263,2025-09,15.086346615995083
2024-02-28,Clothing,East,3603.67,768.04,0.08,8579,2024-02,21.3127173131835
2025-10-24,Office Supplies,North,2489.0,429.77,0.06,5471,2025-10,17.266773804740858
2025-09-22,Clothing,North,1342.04,128.48,0.2,5038,2025-09,9.573485142022593
2025-01-29,Electronics,West,3332.06,49.45,0.32,8834,2025-01,1.4840669135609803
2025-06-23,Home,East,3527.24,373.7,0.1,6513,2025-06,10.59468593007564
2025-01-29,Electronics,North,4201.96,834.45,0.31,4974,2025-01,19.858589800950032
2025-09-16,Furniture,East,1122.42,212.6,0.38,8232,2025-09,18.941216300493576
2025-02-21,Office Supplies,North,2507.76,491.69,0.09,5785,2025-02,19.60674067693878
2025-05-29,Clothing,East,318.92,27.66,0.33,2950,2025-05,8.673021447384924
2024-01-10,Clothing,East,2743.48,166.79,0.2,6672,2024-01,6.079504862437488
2025-08-20,Electronics,North,4690.7,812.73,0.33,6643,2025-08,17.326411836186498
2024-07-06,Furniture,North,2392.71,262.47,0.36,4985,2024-07,10.969570069084845
2025-07-29,Electronics,South,753.56,172.61,0.1,1449,2025-07,22.905939805722177
2024-12-08,Clothing,South,1812.69,236.15,0.02,2583,2024-12,13.027599865393421
2024-04-14,Home,East,1397.18,74.91,0.22,1903,2024-04,5.36151390658326
2025-06-16,Electronics,West,4048.14,306.46,0.19,8506,2025-06,7.5703903521123275
2024-06-12,Electronics,West,2690.17,439.74,0.34,5383,2024-06,16.34617886601962
2024-04-25,Home,West,1195.35,58.34,0.39,2881,2024-04,4.880578909942695
2024-01-31,Clothing,South,269.35,19.88,0.4,5189,2024-01,7.380731390384257
2025-01-13,Clothing,North,2886.03,688.07,0.13,7401,2025-01,23.841401510032814
2025-03-31,Electronics,East,3384.98,211.89,0.14,8528,2025-03,6.259712021932182
2024-12-12,Home,North,4148.61,487.66,0.27,8635,2024-12,11.754780516847813
2024-03-26,Electronics,East,180.22,32.26,0.27,8929,2024-03,17.900344023970703
2025-12-19,Home,East,355.89,55.38,0.08,8432,2025-12,15.560987945713563
2025-09-14,Clothing,East,4473.5,1052.48,0.04,2260,2025-09,23.52699228791774
2024-09-05,Home,West,2976.09,623.74,0.1,1018,2024-09,20.958371554623685
2025-04-03,Clothing,East,4270.47,974.86,0.13,1136,2025-04,22.827932288483467
2025-08-20,Electronics,North,633.98,123.21,0.19,5671,2025-08,19.434367014732324
2025-02-13,Office Supplies,East,1533.55,64.03,0.29,5285,2025-02,4.17527958005934
2024-01-11,Clothing,West,2049.4,347.09,0.16,3699,2024-01,16.93617644188543
2024-09-12,Electronics,West,4004.07,916.87,0.07,6558,2024-09,22.898450826284254
2025-06-02,Office Supplies,West,4262.82,394.29,0.19,5873,2025-06,9.249510887159206
2025-10-04,Home,North,1962.88,232.83,0.22,8992,2025-10,11.861652266058037
2024-03-24,Electronics,West,934.58,93.16,0.27,8260,2024-03,9.968114019131589
2025-09-07,Clothing,North,2472.65,485.05,0.13,3437,2025-09,19.616605665985883
2024-11-27,Electronics,East,3488.1,409.7,0.08,1052,2024-11,11.745649493993865
2025-03-04,Electronics,North,2151.81,312.85,0.17,8032,2025-03,14.53892304617973
2024-07-15,Electronics,South,2539.76,292.25,0.24,1738,2024-07,11.506992786720003
2025-11-17,Home,South,1895.23,226.15,0.07,4650,2025-11,11.93258865678572
2025-11-14,Furniture,East,798.7,65.73,0.24,1570,2025-11,8.229623137598598
2025-07-14,Furniture,North,4226.62,435.3,0.35,2364,2025-07,10.299009610516205
2025-09-01,Home,West,4486.18,712.29,0.2,5542,2025-09,15.877428012250954
2025-04-08,Furniture,East,847.63,213.6,0.09,8576,2025-04,25.19967438622984
2024-02-04,Home,North,2395.07,458.14,0.36,4790,2024-02,19.128459710989656
2025-08-26,Electronics,North,2666.5,411.93,0.23,8653,2025-08,15.44834052128258
2025-05-12,Clothing,East,3980.48,388.81,0.38,1559,2025-05,9.767917437093015
2025-11-30,Electronics,East,4453.86,960.94,0.02,4969,2025-11,21.575442425222167
2025-12-04,Furniture,North,858.83,50.83,0.12,8417,2025-12,5.9185170522687836
2024-04-29,Clothing,South,3259.99,337.15,0.18,6110,2024-04,10.34205626397627
2025-05-29,Electronics,South,3164.35,609.3,0.01,5841,2025-05,19.25513928610931
2025-12-26,Office Supplies,South,2391.43,321.49,0.23,6026,2025-12,13.443420882066379
2024-02-27,Clothing,East,1178.74,78.84,0.1,3918,2024-02,6.688497887574868
2025-11-19,Furniture,East,468.78,65.41,0.37,8875,2025-11,13.953240325952473
2025-08-01,Home,South,729.41,126.05,0.1,7232,2025-08,17.281090196185957
2025-07-08,Office Supplies,North,3209.08,405.98,0.22,5391,2025-07,12.650977850349635
2025-04-01,Furniture,West,1706.86,140.21,0.1,1912,2025-04,8.214499138769437
2025-07-18,Office Supplies,East,1345.12,124.89,0.01,8601,2025-07,9.284673486380399
2024-05-25,Office Supplies,South,488.34,74.62,0.09,5592,2024-05,15.280337469795635
2024-03-04,Electronics,West,2246.72,480.86,0.14,1009,2024-03,21.402756017661304
2024-06-05,Electronics,North,3530.76,607.44,0.05,6812,2024-06,17.204227984909764
2024-01-09,Electronics,East,3903.32,521.87,0.15,8633,2024-01,13.369900494963261
2024-08-30,Office Supplies,North,2082.18,308.34,0.33,4697,2024-08,14.808517995562342
2024-10-22,Furniture,West,3113.81,668.4,0.24,7939,2024-10,21.465664250548365
2024-04-15,Electronics,West,547.72,54.76,0.26,2472,2024-04,9.99780909953991
2024-02-24,Furniture,West,3073.55,214.65,0.39,6602,2024-02,6.983780969888239
2024-12-26,Electronics,North,2626.06,298.52,0.19,7570,2024-12,11.367600130994722
2024-03-29,Home,North,1142.78,287.71,0.05,6337,2024-03,25.176324401897126
2024-08-19,Clothing,West,4365.95,299.36,0.19,8485,2024-08,6.856697854991468
2025-08-16,Electronics,North,369.28,41.72,0.06,5709,2025-08,11.297660311958406
2025-10-16,Electronics,West,3685.08,874.1,0.16,6765,2025-10,23.71997351482193
2024-08-11,Furniture,South,3746.93,757.47,0.14,8262,2024-08,20.21574996063444
2025-07-06,Home,South,1033.18,167.51,0.25,4725,2025-07,16.21305096885344
2024-05-11,Clothing,North,4403.3,894.7,0.02,6487,2024-05,20.318851770263212
2025-04-22,Electronics,South,2374.49,429.91,0.33,2995,2025-04,18.105361572379756
2025-04-13,Furniture,South,1385.55,272.28,0.35,3143,2025-04,19.65140197033669
2024-01-18,Home,North,1009.16,80.17,0.32,2332,2024-01,7.944230845455627
2025-02-22,Clothing,North,2063.45,202.27,0.04,6499,2025-02,9.802515205117643
2024-08-20,Electronics,South,592.55,49.68,0.08,3848,2024-08,8.384102607374906
2025-10-13,Electronics,East,1160.2,196.42,0.4,5000,2025-10,16.929839682813306
2024-05-09,Electronics,East,496.54,88.87,0.09,7746,2024-05,17.897853143754784
2025-07-14,Furniture,South,502.01,127.42,0.06,7675,2025-07,25.38196450269915
2024-09-01,Office Supplies,West,1697.88,141.05,0.34,1178,2024-09,8.3074186632742
2025-02-21,Office Supplies,South,760.6,133.56,0.2,4271,2025-02,17.559821193794374
2025-07-12,Home,West,372.61,89.26,0.2,3217,2025-07,23.955342046643946
2025-01-31,Clothing,East,3005.78,701.09,0.05,6193,2025-01,23.324727691314735
2024-12-14,Furniture,South,1473.4,245.97,0.02,3169,2024-12,16.694040993620195
2024-07-10,Electronics,South,4055.7,818.52,0.1,7981,2024-07,20.18196612175457
2024-07-15,Office Supplies,West,3203.13,697.12,0.08,8953,2024-07,21.76371236883923
2024-12-24,Office Supplies,North,695.47,169.48,0.05,6397,2024-12,24.369131666355123
2025-07-17,Office Supplies,East,4678.81,348.45,0.25,8033,2025-07,7.447406498660983
2024-10-11,Furniture,South,323.87,21.06,0.19,1827,2024-10,6.50260907154105
2024-11-10,Clothing,West,3375.75,618.84,0.13,7280,2024-11,18.33192623861364
2025-02-02,Furniture,North,4792.88,840.13,0.02,2984,2025-02,17.52870925205722
2024-05-18,Furniture,North,192.71,41.26,0.11,2753,2024-05,21.410409423486065
2025-08-02,Electronics,South,3564.54,285.71,0.16,1489,2025-08,8.015339987768408
2024-05-11,Clothing,East,390.44,45.0,0.37,4461,2024-05,11.525458457125294
2024-03-14,Home,West,1283.49,304.88,0.17,3812,2024-03,23.753983279963226
2024-07-28,Home,North,4502.97,695.53,0.4,3759,2024-07,15.446027843845284
2024-02-27,Furniture,South,3561.12,713.47,0.08,2896,2024-02,20.034988992227166
2025-06-18,Clothing,North,4435.25,1007.81,0.04,4733,2025-06,22.722732653176255
2024-06-16,Furniture,South,198.49,32.09,0.12,6121,2024-06,16.16706131291249
2025-02-18,Electronics,East,3336.8,387.71,0.21,2607,2025-02,11.619216015344042
2024-11-26,Clothing,North,1417.03,211.49,0.15,8918,2024-11,14.924878090089836
2025-11-19,Home,East,3835.75,448.8,0.38,5416,2025-11,11.700449716483087
2025-11-08,Home,South,4338.97,704.51,0.26,6969,2025-11,16.23680274350825
2024-07-31,Electronics,West,3269.32,790.07,0.1,5110,2024-07,24.166187464059803
2024-08-16,Electronics,East,1635.07,81.21,0.22,4694,2024-08,4.966759832912352
2025-02-16,Home,East,1965.55,319.17,0.13,2636,2025-02,16.23820304749307
2024-01-15,Electronics,West,904.49,211.47,0.14,3463,2024-01,23.38002631317096
2025-04-26,Clothing,East,1090.88,98.48,0.14,8108,2025-04,9.02757406864183
2024-09-14,Electronics,West,1975.61,494.59,0.04,4461,2024-09,25.03479937841983
2025-07-05,Clothing,South,4365.43,831.12,0.36,1353,2025-07,19.038674311579843
2024-10-05,Office Supplies,North,3819.95,79.06,0.36,7786,2024-10,2.069660597651802
2024-02-15,Office Supplies,South,2770.22,420.49,0.17,3834,2024-02,15.178938856841695
2025-12-18,Furniture,East,3572.72,542.91,0.31,6202,2025-12,15.195985131776348
2025-02-05,Electronics,North,715.7,101.0,0.01,4176,2025-02,14.112058124912672
2025-01-09,Furniture,North,1723.65,110.26,0.15,6098,2025-01,6.39689031996055
2024-12-22,Clothing,West,1496.38,92.66,0.39,8334,2024-12,6.1922773627019865
2025-10-19,Office Supplies,South,2042.32,280.13,0.25,5295,2025-10,13.716263856790317
2025-10-08,Home,South,890.37,176.74,0.22,6151,2025-10,19.850174646495276
2024-05-21,Home,South,179.38,19.47,0.32,7972,2024-05,10.854052848701082
2024-04-02,Clothing,West,3800.27,289.11,0.05,2549,2024-04,7.60761735350383
2024-07-16,Furniture,North,3612.28,297.66,0.32,4256,2024-07,8.240225010242838
2025-12-06,Home,East,4735.65,502.86,0.33,1444,2025-12,10.61860568243008
2025-12-20,Office Supplies,West,4634.11,675.35,0.16,5196,2025-12,14.573456391842232
2024-05-22,Clothing,East,4147.42,415.46,0.27,5983,2024-05,10.017311967439998
2024-11-20,Electronics,East,4934.53,568.25,0.35,1361,2024-11,11.515787724464134
2024-04-17,Furniture,South,2813.36,268.11,0.07,3766,2024-04,9.52988597264481
2024-03-19,Furniture,East,2607.92,473.77,0.35,3252,2024-03,18.166584864566396
2025-02-05,Electronics,South,474.86,72.9,0.18,1335,2025-02,15.351893189571664
2025-12-29,Clothing,North,1840.38,205.58,0.37,3929,2025-12,11.170519131918407
2025-01-08,Home,East,729.92,127.61,0.19,4065,2025-01,17.48273783428321
2025-02-25,Electronics,East,296.93,63.1,0.17,3113,2025-02,21.250799851816925
2025-11-21,Clothing,East,1670.77,337.35,0.1,7699,2025-11,20.191289046367842
2025-02-03,Home,North,2463.34,222.17,0.14,1812,2025-02,9.01905542880804
2025-01-19,Furniture,North,3393.04,743.27,0.12,7312,2025-01,21.905724659892016
2025-08-24,Clothing,East,4247.86,934.49,0.28,8547,2025-08,21.999077182393016
2024-09-10,Electronics,East,4778.5,760.21,0.01,2257,2024-09,15.90896724913676
2024-09-06,Electronics,East,972.19,88.88,0.16,3953,2024-09,9.142245857291268
2024-05-24,Clothing,North,505.71,103.52,0.21,1044,2024-05,20.470229973700345
2024-10-23,Clothing,South,1221.02,162.33,0.28,8008,2024-10,13.29462252870551
2025-12-10,Electronics,South,632.68,122.96,0.15,3507,2025-12,19.434785357526714
2024-05-21,Furniture,North,3767.37,356.54,0.24,3740,2024-05,9.463896564446816
2024-11-16,Home,East,1445.01,100.99,0.03,4627,2024-11,6.988878969695711
2025-12-16,Clothing,North,382.35,29.13,0.34,6566,2025-12,7.6186739897999205
2024-04-01,Office Supplies,North,3699.29,456.35,0.28,7182,2024-04,12.336150991136138
2024-03-07,Office Supplies,West,3317.46,451.89,0.01,4610,2024-03,13.621565896800563
2025-01-14,Home,North,4915.87,232.89,0.23,5805,2025-01,4.737513400476416
2024-08-10,Office Supplies,West,352.92,31.09,0.08,6471,2024-08,8.809361895047035
2024-02-03,Office Supplies,West,785.39,117.85,0.31,2956,2024-02,15.005283999032326
2025-06-27,Office Supplies,West,3475.43,292.39,0.11,8820,2025-06,8.413059678946203
2025-01-30,Home,East,4036.39,966.42,0.08,5677,2025-01,23.94268145545896
2024-09-22,Clothing,West,3398.42,895.37,0.04,8970,2024-09,26.346655210362464
2025-12-30,Office Supplies,East,4091.72,351.31,0.1,6217,2025-12,8.58587586638382
2024-06-04,Electronics,South,1546.74,226.9,0.32,1227,2024-06,14.669563081060813
2025-08-19,Clothing,West,3315.8,408.66,0.05,4161,2025-08,12.324627540864949
2024-09-28,Electronics,West,4660.96,1045.87,0.14,1993,2024-09,22.438939617589508
2024-08-13,Furniture,West,3621.9,904.28,0.09,2919,2024-08,24.967006267428697
2025-07-17,Office Supplies,West,3834.1,287.42,0.19,4674,2025-07,7.496413760726115
2025-01-01,Furniture,South,533.97,37.98,0.16,4099,2025-01,7.112759143772121
2024-05-30,Clothing,North,1537.71,192.54,0.12,5365,2024-05,12.521216614316092
2025-10-23,Home,East,1938.24,466.9,0.03,3506,2025-10,24.08886412415387
2024-01-07,Clothing,South,2724.03,588.93,0.28,3141,2024-01,21.619805949273683
2025-09-02,Clothing,North,1796.77,438.97,0.0,8669,2025-09,24.431062406429316
2024-07-13,Clothing,North,2887.62,116.95,0.36,7436,2024-07,4.05004813652766
2025-05-08,Home,South,3003.55,590.27,0.01,8653,2025-05,19.652411313279284
2024-09-03,Clothing,West,1183.6,171.17,0.16,8519,2024-09,14.461811422777965
2025-05-23,Furniture,South,4760.6,184.92,0.34,8696,2025-05,3.8843843213040365
2025-08-17,Furniture,North,503.83,82.99,0.03,2596,2025-08,16.471825814262747
2024-01-05,Office Supplies,East,2927.83,138.32,0.22,1892,2024-01,4.724318010266989
2025-06-06,Electronics,South,223.61,13.84,0.33,5300,2025-06,6.189347524708197
2024-09-27,Furniture,West,1256.84,222.24,0.14,8194,2024-09,17.682441679131795
2025-02-20,Electronics,North,2973.19,528.6,0.05,8907,2025-02,17.778883959652763
2024-04-23,Electronics,East,1383.4,157.09,0.07,8624,2024-04,11.355356368367788
2024-03-26,Furniture,West,3333.38,147.48,0.13,5464,2024-03,4.4243380592671695
2024-01-27,Furniture,North,935.84,40.83,0.23,4154,2024-01,4.362925286373739
2024-10-17,Home,West,1867.45,304.12,0.03,2308,2024-10,16.28530884361027
2024-05-01,Home,West,4723.99,576.41,0.17,2570,2024-05,12.201761646404838
2024-07-17,Home,North,1930.09,119.53,0.19,1767,2024-07,6.192975457103037
2025-07-14,Furniture,North,960.56,179.87,0.02,3878,2025-07,18.725535104522365
2025-11-03,Furniture,East,182.03,29.87,0.32,4913,2025-11,16.409383068724935
2025-01-13,Clothing,East,1952.88,377.01,0.13,4405,2025-01,19.30533366105444
2025-08-19,Office Supplies,East,671.91,154.07,0.18,5850,2025-08,22.93015433614621
2024-06-07,Furniture,South,685.27,156.72,0.14,6284,2024-06,22.869817736074832
2024-05-04,Electronics,South,2032.36,499.29,0.03,3588,2024-05,24.56700584542109
2024-09-02,Office Supplies,East,1621.09,122.21,0.23,2875,2024-09,7.5387547884448125
2024-09-24,Electronics,North,1386.79,195.5,0.05,2977,2024-09,14.097303845571426
2025-02-22,Furniture,West,4483.6,758.08,0.35,8237,2025-02,16.907841912748683
2025-02-11,Electronics,West,2582.99,351.81,0.18,5574,2025-02,13.620261789631396
2024-10-03,Electronics,West,3944.53,64.25,0.38,6811,2024-10,1.6288379097129442
2025-07-04,Home,North,2850.76,430.92,0.3,6683,2025-07,15.115969074913355
2024-04-18,Home,North,3309.04,196.14,0.17,2573,2024-04,5.927398883059739
2024-10-31,Home,West,2898.41,714.25,0.0,2094,2024-10,24.642821408979408
2024-06-23,Clothing,North,1351.78,48.8,0.18,7347,2024-06,3.610054890588705
2024-04-28,Home,South,3419.33,470.79,0.35,4811,2024-04,13.768486808819272
2025-11-17,Office Supplies,East,2778.09,499.62,0.28,8794,2025-11,17.98429856484131
2024-02-05,Home,South,4530.85,412.14,0.03,2968,2024-02,9.09630643256784
2025-12-17,Electronics,West,1302.15,112.16,0.4,2893,2025-12,8.613446991514033
2025-11-26,Office Supplies,South,333.98,10.13,0.26,6494,2025-11,3.033115755434457
2024-12-14,Home,North,3792.62,778.94,0.2,5585,2024-12,20.538308609879188
2024-07-23,Home,South,2457.58,513.04,0.26,7057,2024-07,20.875820929532303
2024-09-02,Clothing,East,4960.29,199.71,0.25,6867,2024-09,4.026175888909721
2025-06-30,Electronics,West,2578.44,265.71,0.13,7365,2025-06,10.30506818076046
2025-08-04,Electronics,South,812.2,20.37,0.38,4741,2025-08,2.5080029549372074
2024-02-18,Furniture,East,4768.8,677.06,0.08,7870,2024-02,14.197701727898002
2025-10-27,Electronics,West,1160.53,39.99,0.26,8306,2025-10,3.4458394009633535
2025-03-25,Clothing,South,3207.27,500.58,0.35,5096,2025-03,15.607666333049602
2024-08-28,Clothing,East,900.67,125.93,0.04,1813,2024-08,13.981813538809998
2024-07-31,Clothing,North,1972.29,295.87,0.17,3430,2024-07,15.001343615796866
2024-01-21,Electronics,East,1904.38,320.7,0.11,8551,2024-01,16.84012644535229
2025-03-13,Clothing,North,1676.73,286.46,0.1,4440,2025-03,17.084444126365007
2024-11-14,Furniture,East,328.88,26.47,0.16,2787,2024-11,8.048528338603745
2025-10-22,Office Supplies,South,4617.66,1181.39,0.07,1564,2025-10,25.58417033735702
2025-02-25,Furniture,East,1514.8,288.34,0.08,8430,2025-02,19.03485608661209
2024-10-29,Clothing,South,1753.14,323.44,0.32,2165,2024-10,18.44918260948926
2024-05-01,Office Supplies,East,807.97,103.36,0.32,4286,2024-05,12.792554178991795
2024-09-01,Electronics,North,4264.14,195.0,0.35,5641,2024-09,4.5730205856280515
2025-09-21,Home,North,4646.11,667.2,0.15,2068,2025-09,14.360400420997351
2024-06-16,Office Supplies,East,4417.67,193.51,0.3,4904,2024-06,4.38036340423798
2024-11-09,Clothing,North,1354.7,197.48,0.03,3197,2024-11,14.577397209714327
2024-03-15,Electronics,South,749.4,54.99,0.11,4434,2024-03,7.337870296236989
2024-08-26,Home,South,2262.88,582.91,0.1,7331,2024-08,25.759651417662443
2025-02-16,Home,West,3974.16,938.33,0.09,4580,2025-02,23.610775610443465
2024-12-25,Electronics,South,4066.21,80.66,0.3,6099,2024-12,1.9836653788171295
2024-05-22,Office Supplies,West,2947.21,371.04,0.27,6653,2024-05,12.589533830300523
2025-09-18,Furniture,North,3214.08,501.74,0.33,1881,2025-09,15.610687972919157
2025-11-09,Clothing,East,3311.67,688.69,0.0,5586,2025-11,20.795852243732014
2025-09-21,Electronics,North,1299.96,45.41,0.31,4680,2025-09,3.4931844056740204
2024-10-20,Clothing,South,4407.47,742.87,0.37,4415,2024-10,16.854794247039685
2025-02-19,Electronics,North,1241.19,80.5,0.05,4724,2025-02,6.485711293194433
2025-02-27,Office Supplies,East,761.75,88.32,0.15,2135,2025-02,11.594355103380373
2025-03-19,Clothing,West,4702.52,410.37,0.0,2108,2025-03,8.726597654023799
2025-11-23,Furniture,North,4534.59,619.23,0.06,7708,2025-11,13.655699853790528
2025-10-24,Electronics,North,2118.84,131.72,0.17,7150,2025-10,6.216609087991542
2025-04-17,Furniture,West,2828.96,254.66,0.36,5206,2025-04,9.001894689214412
2024-02-12,Home,West,1509.68,265.98,0.17,6240,2024-02,17.618303216575697
2024-10-02,Electronics,East,1603.45,23.43,0.39,3970,2024-10,1.4612242352427578
2024-04-21,Office Supplies,East,4942.19,679.87,0.39,2421,2024-04,13.756452099170613
2025-03-16,Clothing,South,4267.0,788.7,0.0,5381,2025-03,18.483712209983597
2024-06-16,Furniture,South,3937.98,716.57,0.35,3127,2024-06,18.196384948628484
2024-10-04,Office Supplies,East,2687.31,277.36,0.27,5350,2024-10,10.321101770915899
2025-10-31,Home,North,4630.11,533.9,0.01,2528,2025-10,11.531043538922402
2024-04-24,Furniture,South,3733.9,854.93,0.04,2592,2024-04,22.89643536248962
2025-04-16,Electronics,West,2111.9,142.89,0.17,2756,2025-04,6.7659453572612325
2025-09-16,Office Supplies,South,4613.59,510.91,0.27,7869,2025-09,11.074022615793774
2025-07-01,Office Supplies,South,971.59,65.08,0.12,6354,2025-07,6.698298665074774
2025-07-14,Clothing,North,2874.37,214.5,0.08,2932,2025-07,7.4625048271447305
2024-09-03,Home,West,1375.65,275.74,0.03,6868,2024-09,20.044342674372114
2024-03-28,Home,East,500.51,42.47,0.19,1156,2024-03,8.485344948152884
2024-09-29,Office Supplies,North,1345.98,183.41,0.4,4740,2024-09,13.626502622624406
2024-06-05,Furniture,North,1527.01,45.48,0.3,4904,2024-06,2.978369493323554
2025-12-17,Clothing,East,1775.28,253.89,0.19,6163,2025-12,14.30140597539543
2024-12-16,Electronics,East,1638.74,323.98,0.2,7287,2024-12,19.770067246787168
2024-01-27,Electronics,East,673.44,115.14,0.15,1021,2024-01,17.097291518175336
2025-03-28,Clothing,East,1475.0,109.19,0.34,2714,2025-03,7.40271186440678
2025-08-20,Clothing,West,2926.13,688.1,0.21,3098,2025-08,23.515701626380235
2024-05-14,Electronics,South,467.27,105.4,0.04,1353,2024-05,22.55655188648961
2024-06-13,Electronics,North,1911.51,178.12,0.37,2665,2024-06,9.318287636475874
2024-02-26,Office Supplies,West,758.36,40.04,0.15,1703,2024-02,5.279814336199166
2024-06-12,Home,North,3840.74,244.01,0.28,7028,2024-06,6.3532027682165415
2024-02-29,Home,East,3391.72,353.73,0.33,8916,2024-02,10.42922175179555
2024-08-24,Office Supplies,North,4649.46,358.6,0.09,1635,2024-08,7.712723628120255
2024-06-01,Clothing,South,545.42,77.53,0.04,2592,2024-06,14.214733599794654
2024-02-08,Home,North,1721.2,200.86,0.18,3889,2024-02,11.669765280037184
2024-06-27,Office Supplies,South,1123.97,160.15,0.17,3131,2024-06,14.248600941306263
2025-02-06,Furniture,East,3677.36,175.81,0.31,7721,2025-02,4.780875410620663
2025-12-22,Clothing,North,3105.97,257.2,0.37,5003,2025-12,8.280826923634162
2024-11-16,Furniture,South,4415.92,1015.65,0.13,8691,2024-11,22.999737314081774
2025-12-10,Home,West,1240.1,282.49,0.03,3957,2025-12,22.779614547213935
2024-08-10,Clothing,South,3946.74,438.49,0.0,4320,2024-08,11.110182074319566
2024-05-29,Office Supplies,West,2689.4,88.06,0.32,1735,2024-05,3.2743362831858405
2024-02-27,Electronics,West,3826.8,392.48,0.13,5447,2024-02,10.256088638026549
2025-08-09,Home,East,3327.69,200.79,0.19,5156,2025-08,6.0339154188040345
2025-01-01,Home,West,2090.49,322.79,0.25,8428,2025-01,15.440877497620178
2024-03-21,Clothing,North,2348.95,61.95,0.33,5344,2024-03,2.6373486025671045
2025-11-12,Home,East,2061.45,93.23,0.39,5549,2025-11,4.522544810691504
2024-12-26,Electronics,East,3834.17,448.04,0.35,8939,2024-12,11.685449523625714
2025-01-16,Office Supplies,South,2653.78,443.36,0.0,2687,2025-01,16.706735298329175
2024-01-21,Office Supplies,North,3982.96,393.97,0.4,7364,2024-01,9.891387309940347
2024-10-13,Home,West,4574.7,255.83,0.26,3365,2024-10,5.592279275143726
2025-07-30,Furniture,East,2758.5,183.58,0.07,4779,2025-07,6.655066159144463
2025-07-29,Home,South,4431.53,540.7,0.3,8227,2025-07,12.20120364749872
2024-02-12,Clothing,West,539.48,115.38,0.27,1935,2024-02,21.38726180766664
2024-05-25,Furniture,South,4319.11,318.39,0.03,1885,2024-05,7.371657586863961
2025-10-19,Furniture,West,3343.51,420.56,0.32,6497,2025-10,12.578398150446684
2025-11-13,Electronics,East,613.01,89.32,0.08,1319,2025-11,14.57072478426127
2024-11-08,Clothing,East,2696.28,237.31,0.38,5080,2024-11,8.801385612770186
2025-07-07,Electronics,East,2537.01,457.88,0.29,4505,2025-07,18.048017154051422
2025-01-12,Furniture,South,1146.8,197.17,0.16,8970,2025-01,17.193058946634114
2025-06-30,Furniture,North,2285.06,336.64,0.03,2669,2025-06,14.732217097144057
2024-05-28,Furniture,North,2980.81,508.28,0.34,4721,2024-05,17.05174096973641
2024-03-16,Home,East,218.04,32.77,0.4,4000,2024-03,15.029352412401394
2025-01-08,Electronics,North,3503.54,233.48,0.35,6411,2025-01,6.66411686465689
2024-02-10,Electronics,East,860.49,160.38,0.29,4970,2024-02,18.63821775964857
2025-12-19,Home,West,2993.71,154.76,0.25,4652,2025-12,5.169505396314271
2024-01-07,Furniture,West,4105.8,896.94,0.14,1630,2024-01,21.845681718544498
2024-03-16,Home,East,2217.67,560.27,0.06,2878,2024-03,25.263903105511638
2024-01-26,Clothing,North,1995.8,260.14,0.05,3178,2024-01,13.034372181581318
2024-11-28,Home,West,3517.34,550.87,0.1,5703,2024-11,15.661551058470321
2024-07-10,Electronics,North,4234.54,230.25,0.12,8587,2024-07,5.437426497329108
2024-12-24,Home,North,1335.07,274.01,0.0,2239,2024-12,20.52401746724891
2025-09-11,Electronics,South,3726.59,947.25,0.11,3454,2025-09,25.418680348522376
2025-07-28,Furniture,South,4351.05,849.95,0.23,3341,2025-07,19.534365268153664
2024-11-30,Furniture,West,645.74,28.5,0.31,7394,2024-11,4.413541053674853
2025-08-15,Home,West,435.11,52.72,0.08,6404,2025-08,12.116476293351106
2024-08-28,Clothing,East,1689.11,301.29,0.22,5450,2024-08,17.83720420813328
2025-04-27,Clothing,South,888.97,59.39,0.03,7722,2025-04,6.680765380159061
2025-07-10,Furniture,North,427.91,24.86,0.09,2869,2025-07,5.809632866724311
2024-12-09,Home,West,252.55,19.49,0.36,6060,2024-12,7.717283706196791
2025-09-18,Clothing,East,2144.23,358.13,0.16,7298,2025-09,16.70203289759028
2025-10-28,Office Supplies,South,1377.34,113.22,0.3,7361,2025-10,8.220192545050606
2025-08-18,Furniture,North,3604.4,258.36,0.2,7034,2025-08,7.167905892797692
2025-10-18,Clothing,East,742.25,154.62,0.01,5008,2025-10,20.83125631525766
2025-07-17,Office Supplies,West,2803.5,169.91,0.1,2744,2025-07,6.06063848760478
2025-09-24,Furniture,West,3299.93,666.71,0.38,2279,2025-09,20.203761897979653
2025-03-29,Electronics,West,570.5,75.38,0.36,4553,2025-03,13.212971078001754
2024-05-22,Clothing,North,638.38,44.77,0.11,6462,2024-05,7.013064319057614
2025-01-03,Electronics,East,2975.07,333.6,0.2,8286,2025-01,11.213181538585646
2024-07-23,Clothing,West,3871.32,266.48,0.37,3079,2024-07,6.883440273601769
2024-03-18,Office Supplies,West,1337.22,265.15,0.32,8346,2024-03,19.82845006805163
2024-05-02,Electronics,North,4356.21,672.43,0.12,8874,2024-05,15.43612452108599
2025-10-15,Home,South,3877.47,790.19,0.11,1457,2025-10,20.379010024577884
2025-03-09,Office Supplies,West,1759.37,370.56,0.18,4782,2025-03,21.062084723508985
2025-09-08,Electronics,North,3768.89,506.5,0.34,1612,2025-09,13.43897009464325
2024-12-02,Electronics,North,1483.75,234.96,0.06,1808,2024-12,15.835551811288964
2024-01-02,Clothing,South,3262.17,163.54,0.35,6094,2024-01,5.013227391582903
2025-03-09,Home,West,360.06,79.24,0.23,1782,2025-03,22.007443203910455
2025-03-30,Electronics,North,4584.63,742.29,0.17,3081,2025-03,16.190837646658508
2025-04-25,Clothing,North,3473.12,215.05,0.13,7368,2025-04,6.191839038098309
2024-03-20,Electronics,South,3792.29,752.32,0.09,3315,2024-03,19.838145289521634
2025-08-12,Electronics,East,3680.29,332.09,0.14,7716,2025-08,9.02347369364914
2024-06-14,Electronics,West,4361.46,619.66,0.21,2510,2024-06,14.20762772099251
2025-11-02,Clothing,South,662.25,149.6,0.26,3502,2025-11,22.589656474141183
2024-03-31,Clothing,East,819.39,96.51,0.4,1752,2024-03,11.778274081939005
2025-12-23,Home,North,1038.69,19.71,0.28,5051,2025-12,1.8975825318429944
2025-09-03,Home,South,3985.37,173.56,0.26,7618,2025-09,4.354928149707556
2025-11-08,Clothing,East,398.36,46.44,0.03,1692,2025-11,11.657796967567023
2024-05-26,Home,South,447.41,91.99,0.09,5530,2024-05,20.560559665631075
2025-06-15,Furniture,West,1102.84,61.84,0.37,8821,2025-06,5.607341046752023
2025-11-24,Furniture,South,2264.43,102.79,0.24,7917,2025-11,4.53933219397376
2025-06-30,Clothing,West,4986.33,822.7,0.26,7225,2025-06,16.499108562810726
2025-02-28,Electronics,West,4892.99,1008.11,0.21,1555,2025-02,20.603148586038394
2025-04-03,Electronics,West,3304.61,819.82,0.04,4715,2025-04,24.80837375666115
2024-12-05,Home,East,1443.91,177.6,0.23,7988,2024-12,12.299935591553488
2025-02-14,Office Supplies,North,888.16,223.95,0.1,3047,2025-02,25.21505134210052
2024-07-07,Electronics,South,916.34,151.56,0.07,7314,2024-07,16.53971233384988
2024-11-02,Office Supplies,South,3501.35,375.16,0.38,1546,2024-11,10.714724320619192
2025-05-24,Electronics,East,2984.23,527.82,0.36,4940,2025-05,17.68697452944311
2025-09-02,Furniture,West,188.35,21.61,0.1,5306,2025-09,11.47332094504911
2024-12-20,Electronics,North,1434.48,191.41,0.17,7003,2024-12,13.34351123752161
2024-08-24,Furniture,North,4609.93,83.24,0.35,2040,2024-08,1.805667331174226
2025-11-28,Electronics,North,4619.33,1006.63,0.21,2651,2025-11,21.791688405028435
2024-01-08,Electronics,South,2824.91,451.95,0.29,1555,2024-01,15.998739782860339
2025-02-24,Electronics,South,2947.63,724.38,0.17,6240,2025-02,24.574997540396858
2025-04-20,Home,North,4953.01,502.78,0.16,3989,2025-04,10.15099908944258
2024-07-27,Furniture,West,3310.38,342.28,0.32,6790,2024-07,10.339598475099535
2024-03-22,Home,South,2166.76,111.26,0.2,4580,2024-03,5.134855729291661
2024-09-20,Electronics,South,1741.42,127.8,0.13,7611,2024-09,7.338838419221096
2025-11-20,Electronics,South,4197.35,153.58,0.3,2746,2025-11,3.6589753058477372
2024-03-16,Furniture,West,1328.56,140.42,0.2,6872,2024-03,10.569338230866501
2025-05-09,Furniture,South,1778.77,216.87,0.36,7968,2025-05,12.192132765900032
2025-01-15,Electronics,East,4958.12,375.27,0.13,2326,2025-01,7.568796237283486
2025-11-05,Electronics,East,3817.74,591.75,0.31,6360,2025-11,15.500007858052149
2025-06-20,Furniture,North,3726.07,849.28,0.26,5091,2025-06,22.792915860410563
2024-06-14,Home,North,1076.85,146.02,0.4,5544,2024-06,13.559920137437901
2024-07-03,Electronics,South,2802.1,243.98,0.05,6431,2024-07,8.707041147710646
2025-12-21,Furniture,East,4643.95,379.34,0.17,2365,2025-12,8.168477266120435
2025-01-19,Electronics,West,1246.89,133.23,0.01,1169,2025-01,10.684984240791087
2025-07-21,Home,West,203.76,39.65,0.37,7293,2025-07,19.459167648213587
2025-11-07,Electronics,North,3881.34,689.84,0.27,8565,2025-11,17.773243261347886
2024-03-27,Office Supplies,East,3729.64,312.94,0.02,5696,2024-03,8.39062215119958
2024-08-17,Home,East,4683.75,561.96,0.03,3810,2024-08,11.998078462770218
2025-08-26,Furniture,West,1726.41,161.26,0.09,7292,2025-08,9.340770732328936
2024-02-27,Electronics,East,4053.69,541.27,0.1,5258,2024-02,13.352525723476635
2025-10-20,Electronics,West,3028.11,170.98,0.38,2143,2025-10,5.646426318726862
2025-02-28,Furniture,South,4501.75,1031.83,0.15,5542,2025-02,22.920641972566223
2025-03-24,Furniture,West,410.03,11.88,0.32,6890,2025-03,2.8973489744652836
2025-03-24,Electronics,West,1775.16,153.38,0.13,1696,2025-03,8.640347912300863
2024-12-09,Home,East,4545.52,948.75,0.07,7111,2024-12,20.872199440328057
2025-06-03,Home,South,3295.54,766.04,0.22,4766,2025-06,23.244748963751007
2024-12-22,Furniture,South,3502.46,142.17,0.2,2417,2024-12,4.059146999537468
2024-05-16,Home,North,3503.85,112.97,0.36,3892,2024-05,3.2241677012429184
2025-09-28,Clothing,North,2580.05,425.78,0.07,8904,2025-09,16.50278095385748
2024-03-17,Clothing,East,4493.35,142.6,0.29,2041,2024-03,3.173578733016569
2024-05-01,Clothing,East,715.52,56.94,0.3,3729,2024-05,7.957848837209303
2025-12-26,Clothing,West,262.62,25.86,0.37,8359,2025-12,9.8469271190313
2024-04-14,Home,West,260.92,30.22,0.33,7959,2024-04,11.582094128468496
2025-10-07,Office Supplies,East,352.37,54.95,0.3,3132,2025-10,15.594403609841928
2025-05-19,Furniture,North,2991.94,178.41,0.07,8797,2025-05,5.963020648809802
2024-04-13,Home,West,4354.58,308.71,0.25,2674,2024-04,7.089317454266542
2025-06-12,Office Supplies,East,3826.2,300.79,0.2,1394,2025-06,7.861324551774608
2025-07-24,Home,West,1982.34,373.19,0.24,1480,2025-07,18.825731206553872
2024-12-20,Home,East,2797.96,425.8,0.3,5346,2024-12,15.218230425023945
2024-04-08,Furniture,North,544.7,25.66,0.12,7177,2024-04,4.710850009179365
2024-11-09,Clothing,South,940.69,112.36,0.04,6520,2024-11,11.944423774038206
2025-07-19,Furniture,North,499.68,78.98,0.2,1048,2025-07,15.806115914185078
2025-10-23,Furniture,West,3059.59,341.19,0.16,2666,2025-10,11.15149415444553
2025-01-17,Furniture,East,4107.93,977.18,0.12,1476,2025-01,23.78764974086705
2024-03-14,Electronics,South,227.6,18.68,0.19,8244,2024-03,8.207381370826011
2024-09-05,Clothing,South,4433.63,266.16,0.34,8082,2024-09,6.0032073041728795
2024-09-28,Electronics,North,3914.18,380.52,0.08,2773,2024-09,9.721576422136948
2024-08-23,Furniture,East,2657.74,486.84,0.24,8190,2024-08,18.317818898763612
2025-06-11,Electronics,South,3004.01,438.76,0.22,1233,2025-06,14.60581023365435
2024-07-22,Clothing,South,1431.69,116.66,0.31,6308,2024-07,8.148412016567832
2024-10-23,Clothing,East,1339.68,293.72,0.23,6906,2024-10,21.924638719694258
2025-03-08,Home,East,4621.41,380.45,0.28,1395,2025-03,8.232336018660972
2025-05-15,Home,North,1633.45,188.05,0.35,6088,2025-05,11.512442988766109
2025-09-19,Furniture,East,3060.29,315.88,0.26,7594,2025-09,10.321897597940065
2024-12-25,Home,South,2911.71,653.46,0.18,8351,2024-12,22.44248225269687
2025-11-11,Home,West,913.84,152.0,0.09,6504,2025-11,16.633108640462225
2025-02-03,Home,West,496.31,26.16,0.16,8193,2025-02,5.270899236364369
2025-01-12,Furniture,North,572.97,94.22,0.39,6804,2025-01,16.444141927151506
2025-02-12,Clothing,East,4991.07,1242.77,0.08,8177,2025-02,24.89987116990946
2024-12-25,Office Supplies,West,4854.9,411.23,0.21,4017,2024-12,8.470411336999733
2024-11-27,Office Supplies,East,3705.23,637.34,0.11,7655,2024-11,17.201091430221606
2025-05-10,Home,South,4818.83,239.73,0.17,4324,2025-05,4.974859042547672
2025-05-27,Furniture,North,2621.15,259.85,0.34,4707,2025-05,9.913587547450547
2024-06-14,Home,East,2876.87,488.5,0.03,4599,2024-06,16.980259796236883
2025-05-17,Furniture,North,1824.68,268.47,0.23,6075,2025-05,14.713264791634698
2025-12-31,Furniture,North,3056.52,437.88,0.31,5305,2025-12,14.326096344862785
2025-01-29,Clothing,North,3156.43,814.58,0.09,2077,2025-01,25.80700348178164
2025-07-26,Office Supplies,South,4191.94,820.29,0.15,8203,2025-07,19.56826672137483
2025-06-19,Furniture,East,3241.33,376.11,0.19,2818,2025-06,11.603570139418078
2024-12-12,Furniture,South,175.41,16.1,0.39,6929,2024-12,9.178496094863464
2025-06-17,Electronics,East,3031.6,36.81,0.37,3840,2025-06,1.214210317983903
2025-07-18,Home,South,269.41,1.4,0.38,7018,2025-07,0.5196540588693812
2024-11-16,Clothing,East,3261.85,525.95,0.01,3645,2024-11,16.124285298220336
2024-12-21,Furniture,East,4348.06,735.45,0.24,2866,2024-12,16.914440003127833
2025-04-16,Office Supplies,East,4065.53,177.15,0.31,3565,2025-04,4.357365460345884
2025-09-30,Clothing,North,3094.59,310.71,0.31,4013,2025-09,10.040425387531142
2024-08-18,Electronics,South,2726.25,315.85,0.3,8557,2024-08,11.585511233379185
2024-10-02,Office Supplies,North,4007.84,574.9,0.18,6883,2024-10,14.344385005389434
2025-08-22,Furniture,East,4611.56,733.6,0.32,8878,2025-08,15.907848970847175
2024-02-23,Electronics,West,805.3,163.31,0.05,1063,2024-02,20.279398981745935
2024-09-23,Home,North,1298.72,139.08,0.22,4412,2024-09,10.70900579031662
2024-12-14,Office Supplies,South,3617.31,544.59,0.21,2195,2024-12,15.055110012688989
2024-12-29,Home,East,1001.01,125.58,0.31,5291,2024-12,12.545329217490334
2024-12-27,Furniture,South,3654.53,228.16,0.38,8277,2024-12,6.243210481238353
2025-05-19,Office Supplies,South,3095.93,225.57,0.11,6011,2025-05,7.286017448714927
2024-09-22,Office Supplies,East,2303.55,511.49,0.28,2213,2024-09,22.204423607041303
2024-02-16,Clothing,West,1994.18,136.7,0.32,1487,2024-02,6.854947898384298
2025-05-13,Clothing,West,1813.74,414.1,0.24,6116,2025-05,22.831276809244986
2025-03-09,Furniture,West,501.1,39.03,0.06,8235,2025-03,7.7888644981041715
2024-04-12,Furniture,East,408.71,20.32,0.39,3723,2024-04,4.971740353796091
2024-01-26,Home,West,1644.04,194.68,0.22,5753,2024-01,11.841561032578284
2024-09-10,Office Supplies,South,3627.26,745.9,0.09,5019,2024-09,20.563731301312835
2025-05-20,Office Supplies,North,3379.91,425.99,0.3,1179,2025-05,12.603590036421089
